id,isi_berita,label,url
SP001,"Profil Desak Made Peraih Emas Keempat RI: Kenal Panjat Tebing karena Bibi Mercy Raya - detikSport Rabu, 30 Sep 2026 20:15 WIB Jakarta - Desak Made Rita Kusuma Dewi kembali bikin bangga Indonesia. Ia menjadi atlet tercepat se-Asia setelah mempertahankan medali emasnya di Asian Games 2026 Aichi-Nagoya. Desak bergerak 'secepat kilat' menekan bel waktu, untuk merengkuh kemenangannya pada nomor speed putri, Rabu (30/9/2026). Kemenangan yang semakin istimewa karena atlet asal Bali ini juga mencetak rekor Asian Games dan Asia, pada pesta olahraga empat tahunan edisi ke-20 ini. ""Selamat untuk Desak Made Rita Kusuma Dewi atas rekor Asian Games dan Asia 6,06 detik dan berhasil mengunci emas ke-4 untuk Indonesia,"" tulis akun sosial media federasi. ADVERTISEMENT SCROLL TO CONTINUE WITH CONTENT Baca juga: Asian Games 2026: Desak Made Raih Emas Keempat untuk Indonesia Keberhasilan Desak mewujudkan emas keempat bagi Indonesia tentunya buah dari proses yang tak mudah. Atlet berusia 25 tahun ini melakukan persiapan panjang. ""Dari awal memang mimpi-mimpi kita adalah Asian Games dan Olimpiade. Kami sudah berlatih,"" kata Desak kala itu. Kini, Desak Made menuai usaha dan kerja kerasnya. Ia mengukir tinta emas atas namanya di Asian Games 2026, sekaligus mempertahankan medali emas pada Asian Games edisi sebelumnya. Berkaca dari rentetan prestasi yang dia torehkan. Juara dunia 2023 ini memang membangun mimpinya pelan-pelan. Mengutip detikBali, Desak mengenal cabang olahraga panjat tebing sejak masih usia belia. Baca juga: Panjat Tebing Buru Medali, Yenni Wahid: Aditya atau Veddriq yang Penting Emas Kerap mengikuti sang Bibi yang juga atlet panjat tebing ke Taman Kota Singaraja, Desak yang saat itu masih kelas 2 SD, tertarik mencobanya. Sampai akhirnya, dia betul-betul jatuh cinta dengan olahraga memanjat tersebut. ""Dari awal saya ikut olahraga panjat tebing, tidak pernah mencoba olahraga lain dan terus terjun menjadi atlet panjat tebing,"" kata Desak. Adrenalinenya meningkat ketika harus berpacu dengan waktu di papan panjat. ""Yang paling saya sukai dalam olahraga panjat tebing adalah sangat menantang. Karena saya terus dipacu untuk memperkecil waktu pemanjatan,"" ujarnya. Baca juga: Medali Emas Leo/Daniel Jadi Start Bagus Menuju Olimpiade 2028 Hasilnya pun terbukti. Desak tak hanya menjadi atlet putri tercepat di Tanah Air, tapi juga level Asia. Sebelum berjaya di Asian Games, ia bahkan sudah mencetak berbagai prestasi. Emas di pesta olahraga pantai Asia di Sanya 2026, juara Asia di Meishan 2026, tiga emas di tiga seri Piala Dunia Krakow 2025 dan 2026, serta Chamonix 2026. Selain itu, dia juga tercatat sebagai juara dunia di Bern pada tahun 2023, dan juara di pesta olahraga dunia yang bergulir di Chengdu, pada tahun lalu. (mcy/raw) Anda menyukai artikel ini Artikel disimpan asian games 2026 desak made desak made rita kusuma dewi panjat tebing Komentar",sport,https://sport.detik.com/sport-lain/d-8686722/profil-desak-made-peraih-emas-keempat-ri-kenal-panjat-tebing-karena-bibi
SP002,"Gacor di Asian Games, Leo/Daniel Kini Bidik Tur Eropa Mercy Raya - detikSport Rabu, 30 Sep 2026 19:50 WIB Jakarta - Emas Asian Games 2026 bukan titik akhir bagi Leo Rolly Carnando / Daniel Marthin . Mereka membidik target selanjutnya di tur Eropa. Leo/Daniel menjadi salah satu pebulutangkis yang sukses mengawinkan medali emas nomor beregu putra dan individu di cabang olahraga bulutangkis Asian Games 2026. Performa impresif itu menjadi kebanggaan tidak hanya bagi kontingen Indonesia, tapi mereka pribadi. Namun, Leo/Daniel sadar tak bisa terus terlena dengan pesta emas di Auchi-Nagoya. Mereka harus kembali menjaga kondisi dan berlatih guna persiapan mengikuti turnamen-turnamen selanjutnya. ADVERTISEMENT SCROLL TO CONTINUE WITH CONTENT ""Kami rencana istirahat satu-dua hari, dan kemudian harus latihan lagi,"" ujar Leo. Baca juga: Medali Emas Leo/Daniel Jadi Start Bagus Menuju Olimpiade 2028 Menilik kalender BWF, Leo / Daniel tercatat terdaftar dalam tiga tur Eropa. Antara lain, Denmark Open mulai 13-18 Oktober, French Open (20-25 Oktober), dan Hylo Open (27 Oktober-1 November). ""Pertandingan ke depan untuk badminton masih banyak, jadi tur BWF-nya. Untuk menuju yang lebih baik lagi, pastinya kita harus latihan lebih giat lagi, harus menjaga konsisten,"" katanya. Sementara itu, Kabid Binpres PP PBSI, Eng Hian, mengatakan keberhasilan Leo/Daniel menjadi bagian dari proses regenerasi yang tengah dijalankan PBSI. Ia mengatakan program regenerasi merupakan salah satu program utama kepengurusan PBSI saat ini. Dalam waktu sekitar satu tahun sembilan bulan, menurutnya sudah mulai terlihat perkembangan dari program tersebut. Baca juga: Bulutangkis Lampaui Target, Menpora Tagih Cabor Lain yang Janjikan Emas ""Seperti yang disampaikan oleh ketua umum, program utama di kepengurusan ini kan proses regenerasi. Sehingga paling tidak dari waktu satu tahun sembilan bulan ini, kita sudah melihat ada progres,"" kata Eng Hian. Ia mengakui proses tersebut belum tentu langsung memenuhi seluruh ekspektasi masyarakat. Namun, hasil yang diraih di Asian Games menjadi salah satu indikator perkembangan yang sedang berjalan. ""Tentu tidak bisa memuaskan ekspektasi semua masyarakat. Tapi dari hasil pencapaian hari ini, kita sudah bisa melihat apa yang dilakukan oleh PBSI sudah cukup melakukan program regenerasi,"" ujarnya. Baca juga: Leo/Daniel Ikuti Jejak Tjun Tjun/Johan, The Daddies, hingga Minions (mcy/cas) Anda menyukai artikel ini Artikel disimpan leo rolly carnando asian games 2026 daniel marthin leo/daniel Komentar",sport,https://sport.detik.com/raket/d-8686185/gacor-di-asian-games-leo-daniel-kini-bidik-tur-eropa
SP003,"Asian Games 2026: Desak Made Raih Emas Keempat untuk Indonesia Mercy Raya - detikSport Rabu, 30 Sep 2026 19:23 WIB Jakarta - Atlet panjat tebing Desak Made Rita Kusuma Dewi mempersembahkan emas keempat bagi Indonesia . Desak juga mengukir rekor Asian Games dan Asia! Desak Made Rita Kusuma Dewi bertanding di nomor speed putri Asian Games 2026 , dalam perlombaan di Portmesse Nagoya Exhibition Hall 1, Rabu (30/9/2026) malam WIB. Di final, atlet asal Bali itu mengalahkan Deng Lijuan dari China Deng Lijuan dan Jeong Jimin dari Korea Selatan. Baca juga: Panjat Tebing Buru Medali, Yenni Wahid: Aditya atau Veddriq yang Penting Emas ADVERTISEMENT SCROLL TO CONTINUE WITH CONTENT ""Desak Made Rita raih emas keempat untuk Indonesia,"" tulis akun sosial media Tim Indonesia. Desak mengukir waktu 6,062 detik, yang menjadi rekor Asian Games dan Asia. Adapun Deng mencatatkan 6,064 detik dan Jimin 6,18 detik. Hasil ini sekaligus menandai keberhasilan atlet 25 tahun itu mempertahankan medali emas. Sebelumnya ia juga memenagi emas pada Asian Games 2022 di Hangzhou. Baca juga: Medali Emas Leo/Daniel Jadi Start Bagus Menuju Olimpiade 2028 Dengan demikian, Indonesia saat ini sudah memenuhi target empat emas yang dicanangkan pemerintah. Tiga emas sebelumnya dipersembahkan bukutangkis melalui beregu putra dan ganda putra Leo Rolly Carnando/Daniel Marthin. Kemudian satu emas juga didapat dari angkat besi melalui Rahmat Erwin Abdullah di kelas 75kg. (mcy/raw) Anda menyukai artikel ini Artikel disimpan desak made asian games 2026 panjat tebing desak made rita kusuma dewi Komentar",sport,https://sport.detik.com/sport-lain/d-8686648/asian-games-2026-desak-made-raih-emas-keempat-untuk-indonesia
SP004,"Panjat Tebing Buru Medali, Yenni Wahid: Aditya atau Veddriq yang Penting Emas Mercy Raya - detikSport Rabu, 30 Sep 2026 18:10 WIB Jakarta - Panjat tebing Indonesia membidik medali emas di Asian Games 2026, termasuk dari dua wakil di sektor putra. Ketua Umum PP Federasi Panjat Tebing Indonesia (FPTI) Yenni Wahid tak mempermasalahkan siapa yang nantinya menjadi juara, Aditya Tri Syahria atau Veddriq Leonardo. Yang terpenting, menurut Yenni, Merah Putih membawa pulang emas. Empat atlet Indonesia telah lolos ke putaran final nomor speed empat jalur, yakni Aditya, Veddriq, Desak Made Rita Kusuma Dewi, dan Berthdigna Devi Surya Kusuma. Aditya bahkan mencetak rekor Asian Games dengan waktu 4,62 detik pada babak kualifikasi, Rabu (30/9). Veddriq juga melaju setelah mencatat waktu 4,78 detik. Sementara Desak dan Berthdigna lebih dulu mengamankan tiket putaran final sehari sebelumnya. Yenni bersyukur melihat performa para atlet Indonesia dan berharap hasil tersebut berlanjut menjadi medali emas. ADVERTISEMENT SCROLL TO CONTINUE WITH CONTENT Baca juga: Aditya Cetak Rekor Asian Games, 4 Atlet Panjat Tebing RI ke Putaran Final ""Sangat bersyukur bahwa atlet kita baik putra maupun putri tetap menunjukkan kekuatan yang luar biasa dengan catatan waktu yang luar biasa. Dan tentunya kami berharap untuk final speed putri, kita bisa mendapat medali. Kami berharap meraih medali emas,"" kata Yenny dikutip dalam video yang diunggah federasi. Pencapaian Aditya juga menjadi bukti regenerasi panjat tebing Indonesia. Atlet junior itu mampu memecahkan rekor Asian Games yang sebelumnya dipegang Veddriq. ""Salah satu kelebihan dari para atlet panjat tebing Indonesia adalah banyak sekali bibit-bibit yang kita punya. Jadi selain atlet senior bahkan salah satunya atlet sudah berlaga di Olimpiade dan raih emas, tapi atlet junior juga menunjukkan kemampuan yang tak kalah, bahkan catatan waktunya melebihi senior-seniornya,"" ujarnya. Karena itu, Yenni tak ingin terlalu mempersoalkan siapa yang nantinya berdiri di podium tertinggi dari sektor putra. Ia hanya ingin ada atlet Indonesia yang membawa pulang emas. Baca juga: Desak Made Minta Doa Masyarakat Indonesia di Asian Games 2026 ""Tentu ini menjadi sebuah hal yang kami syukuri dan pertahankan prestasinya. Semoga atlet Indonesia bisa mendapat medali, apakah Veddriq atau Aditya tidak masalah, yang penting Indonesia pulang bawa medali emas."" ""Syukur-syukur setiap nomor kita mendapat medali apapun itu. Jadi podiumnya ada Indonesia ada di sana,"" kata Yenny. Yenni pun meminta masyarakat Indonesia memberikan dukungan dan doa kepada para atlet yang masih berjuang di Asian Games 2026. ""Ya, kami memohon doa dari seluruh masyarakat, semoga kita bisa menang pertandingan hari ini,"" ucap Yenny. (mcy/krs) Anda menyukai artikel ini Artikel disimpan panjat tebing asian games 2026 medali emas aditya tri syahria veddriq leonardo fpti atlet indonesia rekor asian games dukungan masyarakat olahraga indonesia Komentar",sport,https://sport.detik.com/sport-lain/d-8686152/panjat-tebing-buru-medali-yenni-wahid-aditya-atau-veddriq-yang-penting-emas
SP005,"Mau Nonton FIA Rallycross World Cup Indonesia? Ini Cara Pilih Spotnya Tim detikEvent - Sport Rabu, 30 Sep 2026 17:45 WIB ... Tautan telah disalin Jakarta - Bingung pilih tiket FIA Rallycross World Cup Indonesia 2026 karena belum tahu enaknya nonton dari mana? Buat yang baru pertama kali datang, pilihan spot bisa disesuaikan dengan pengalaman yang dicari, mulai dari dekat dengan aksi sampai area yang lebih nyaman dan eksklusif. Mau Dekat Lintasan atau Lihat dari Jauh? Buat yang ingin merasakan suasana balapan dari dekat, General Admission serta Grandstand C dan D bisa jadi pilihan. Ketiganya berada di Red Zone, area dalam sirkuit yang cukup dekat dengan aksi balapan. Sementara itu, Grandstand A dan B cocok buat yang lebih nyaman duduk sambil menikmati jalannya balapan. Area ini punya pandangan yang bagus ke jump zone, jadi momen menikmati aksi mobil melompat bisa terlihat lebih jelas. SCROLL TO CONTINUE WITH CONTENT Ada juga Grandstand E, F, dan G yang mengarah ke Turn 1. Dari sini, penonton bisa melihat jalannya balapan di tikungan sekaligus momen ketika para pembalap mencoba saling menyalip. Jumlah kursinya terbatas dan tiketnya sudah termasuk akses ke Sarga Festival. Ingin Nonton dengan Fasilitas Lebih Lengkap? Kalau ingin pengalaman yang lebih eksklusif, tersedia tiga pilihan VIP Hospitality, yaitu Deluxe, Lifestyle, dan Sarga RX. Masing-masing punya area dan pemandangan yang berbeda. ADVERTISEMENT VIP Deluxe berada di lounge dua lantai atau double-deck yang kapasitasnya dibatasi hingga 250 orang. Area ini punya pemandangan eksklusif ke joker lap. Sementara itu, VIP Lifestyle punya teras outdoor dengan pemandangan ke jump zone dan Turn 2. Untuk yang ingin merasakan suasana balapan lebih dekat dengan aktivitas tim, ada Sarga RX yang berada di area paddock. Ketiga pilihan VIP ini dilengkapi fasilitas seperti akses masuk VIP, makanan dan minuman, makan siang prasmanan, akses paddock, hingga akses ke Sarga Festival. Toilet privat juga tersedia untuk pemegang tiket VIP. Jangan Sampai Salah Catat Jadwalnya FIA Rallycross World Cup Indonesia 2026 akan digelar selama dua hari di Ancol Rallycross Circuit Jakarta. Berikut detail acaranya: Hari: Sabtu dan Minggu Tanggal: 5 dan 6 Desember 2026 Waktu: 10.00-22.00 WIB Lokasi: Ancol Rallycross Circuit Jakarta, Jakarta Utara Buat yang baru pertama kali nonton rallycross, Grandstand A dan B bisa dipertimbangkan kalau ingin duduk dengan pandangan yang cukup luas ke area jump zone. Sementara itu, pilihan lain bisa disesuaikan dengan pengalaman yang ingin didapat. Menariknya, tiket berlaku untuk dua hari sekaligus dan sudah termasuk tiket masuk Ancol. Jadi, tinggal pilih area yang paling sesuai. Amankan kursi kamu untuk menonton keseruannya melalui detikevent ! (deve/dspo) ... Tautan telah disalin fia rallycross world cup tiket fia rallycross spot nonton rallycross ancol rallycross circuit pengalaman nonton balapan vip hospitality grandstand a dan b jadwal fia rallycross nonton rallycross 2026 akses sarga festival detikevent Anda menyukai artikel ini Artikel disimpan",sport,https://sport.detik.com/sportstyle/d-8686158/mau-nonton-fia-rallycross-world-cup-indonesia-ini-cara-pilih-spotnya
SP006,"Olahraga yang Digandrungi Gen Z, dari Lari hingga Workout Chayyara Zulghifary - Sport Rabu, 30 Sep 2026 17:10 WIB ... Tautan telah disalin Jakarta - Olahraga kini tak hanya menjadi aktivitas untuk menjaga kebugaran. Bagi Generasi Z (Gen Z), olahraga juga menjadi bagian dari gaya hidup, seiring meningkatnya kesadaran terhadap kesehatan fisik dan mental. Berdasarkan data Badan Pusat Statistik (BPS) tahun 2023, jumlah Gen Z di Indonesia mencapai 74,93 juta jiwa atau 27,94% dari total populasi. Gen Z sendiri adalah mereka yang lahir pada 1997 hingga awal 2012, generasi yang tumbuh di era digital sehingga pola hidup dan pilihan gaya hidupnya banyak dipengaruhi perkembangan teknologi. Lantas, olahraga apa saja yang banyak digemari Gen Z saat ini? Berikut lima di antaranya. SCROLL TO CONTINUE WITH CONTENT 1. Lari Lari menjadi salah satu olahraga yang banyak dilakukan Gen Z. Selain mudah dilakukan dan tidak membutuhkan banyak peralatan, lari kerap dipilih sebagai aktivitas untuk menjaga kebugaran sekaligus melepas penat. ADVERTISEMENT Berdasarkan laporan tren olahraga GoodStats sepanjang 2023, lari menjadi aktivitas olahraga yang paling banyak dibagikan Gen Z di media sosial. Sebanyak 69% konten olahraga yang dibagikan Gen Z berkaitan dengan aktivitas lari. Fenomena lari juga berkembang menjadi bagian dari gaya hidup. Berbagai komunitas lari bermunculan dan kegiatan lari bersama menjadi salah satu cara anak muda berolahraga sekaligus bersosialisasi. 2. Bersepeda Bersepeda tetap menjadi pilihan olahraga favorit meski tidak sepopuler lari. Aktivitas ini digemari karena bisa dilakukan secara santai, cocok untuk rekreasi, sekaligus menyehatkan jantung dan paru-paru. 3. Gym dan Strength Training Olahraga angkat beban semakin diminati Gen Z karena manfaatnya yang besar bagi peningkatan massa otot. Latihan ini juga dinilai baik untuk postur tubuh dan kesehatan metabolik. 4. Padel Padel merupakan olahraga raket yang memadukan tenis dan squash, kini menjadi tren baru di kota-kota besar. Olahraga ini populer karena mudah dimainkan, menyenangkan, dan cocok untuk aktivitas sosial bersama teman. 5. Badminton Badminton masih menjadi olahraga favorit lintas generasi. Gen Z memilih badminton karena akses lapangan yang mudah, permainan yang cepat membakar kalori, dan sifatnya yang kompetitif namun tetap ramah bagi pemula. Itulah lima olahraga yang banyak digemari Gen Z, mulai dari lari, bersepeda, gym, padel hingga badminton. Pilihan olahraga tentu dapat disesuaikan dengan minat, kondisi fisik, serta aktivitas masing-masing. Video: Tips Lari Malam buat Pekerja Kantoran Video: Tips Lari Malam buat Pekerja Kantoran (akn/ega) ... Tautan telah disalin olahraga gen z lari bersepeda gym strength training padel badminton gaya hidup sehat Anda menyukai artikel ini Artikel disimpan",sport,https://sport.detik.com/sport-lain/d-8686395/olahraga-yang-digandrungi-gen-z-dari-lari-hingga-workout
SP007,"Bintang/Sofyan Tantang Tuan Rumah Jepang di Semifinal Asian Games 2026 Mercy Raya - detikSport Rabu, 30 Sep 2026 16:15 WIB Jakarta - Bintang Akbar/Sofyan Rachman Efendi menjaga asa Indonesia meraih medali voli pantai Asian Games 2026. Setelah menaklukkan pasangan China, mereka kini ditunggu wakil tuan rumah Jepang di semifinal. Bintang/Sofyan mengalahkan Song Jinyang/Wang Yanwei pada babak perempatfinal, Rabu (30/9/2026). Mereka menang dua set langsung dengan skor 21-19 dan 21-18. Pelatih tim voli pantai putra Indonesia Andi Ardiansyah memuji penampilan Bintang/Sofyan yang mampu tampil maksimal menghadapi pasangan China. Meski sempat mendapat tekanan dari servis tajam lawan, keduanya mampu menjaga permainan hingga mengamankan kemenangan. ""Anak-anak bisa main dengan maksimal, sekalipun tadi sesekali sempat kelabakan kena servis lawan yang tajam,"" kata Andi dalam keterangannya melalui federasi. Baca juga: Timnas Voli Putri Gagal Capai Target Asian Games, PBVSI Bakal Evaluasi Di semifinal, tantangan Bintang/Sofyan semakin berat. Mereka akan menghadapi pasangan Jepang Taito Mizumachi/Kota Kurosawa. Mizumachi/Kurosawa melaju ke semifinal setelah mengalahkan pasangan China Wu Jiaxin/Zhou Chaowei dalam pertandingan tiga set, 19-21, 21-13, dan 15-12. Menghadapi wakil tuan rumah, Andi berharap Bintang/Sofyan kembali mampu menjaga fokus dan tampil lepas. Ia juga berharap pertandingan semifinal berjalan lancar bagi anak asuhnya. ""Bismillah, semoga anak-anak besok lawan Jepang diberi kelancaran,"" ujarnya. (mcy/krs) Anda menyukai artikel ini Artikel disimpan voli pantai asian games 2026 bintang akbar sofyan rachman semifinal jepang olahraga indonesia medali pelatih andi ardiansyah pertandingan internasional Komentar",sport,https://sport.detik.com/sport-lain/d-8686257/bintang-sofyan-tantang-tuan-rumah-jepang-di-semifinal-asian-games-2026
SP008,"Aksi Veddriq dan Aditya Lolos ke Perempat Final Panjat Tebing Asian Games 2026 Tsaltsabillah Khairunissa - detikSport Rabu, 30 Sep 2026 15:35 WIB / Atlet panjat tebing Indonesia Veddriq Leonardo berlaga pada kualifikasi nomor speed putra Asian Games 2026 di Portmesse Nagoya Exhibition Hall, Nagoya, Jepang, Rabu (30/9/2026). ANTARA FOTO/Fauzan Atlet panjat tebing Indonesia Aditya Tri Syahria beraksi pada babak kualifikasi speed putra Asian Games 2026 di Portmesse Nagoya Exhibition Hall, Nagoya, Jepang, Rabu (30/9/2026).Â ANTARA FOTO/FauzanÂ Aditya Tri Syahria mencatat waktu 4,62 detik pada kualifikasi speed putra Asian Games 2026. Catatan tersebut memecahkan rekor sebelumnya milik Veddriq Leonardo, 4,95 detik, pada Asian Games 2022.Â ANTARA FOTO/FauzanÂ Veddriq Leonardo turun setelah menyelesaikan penampilannya pada babak kualifikasi nomor speed putra Asian Games 2026 di Portmesse Nagoya Exhibition Hall, Jepang.Â ANTARA FOTO/FauzanÂ Aditya Tri Syahria memecahkan rekor kualifikasi speed putra Asian Games setelah mencatat waktu 4,62 detik dari empat kesempatan percobaan yang dijalaninya di Nagoya.Â ANTARA FOTO/FauzanÂ Jepang - Dua atlet panjat tebing Indonesia, Aditya Tri Syahria dan Veddriq Leonardo, melaju ke perempat final speed putra Asian Games 2026 di Nagoya. Begini aksinya. Anda menyukai artikel ini Artikel disimpan panjat tebing asian games 2026 fotodetiksport fotodetikcom Komentar",sport,https://sport.detik.com/fotosport/d-8686141/aksi-veddriq-dan-aditya-lolos-ke-perempat-final-panjat-tebing-asian-games-2026
SP009,"Fajar Alfian Akhiri Kiprah di Asian Games, Kini Fokus Olimpiade 2028 Mercy Raya - detikSport Rabu, 30 Sep 2026 13:43 WIB Jakarta - Fajar Alfian memastikan Asian Games 2026 menjadi penampilan terakhirnya di ajang olahraga se-Asia itu. Setelah tiga kali tampil di Asian Games, Fajar kini mengalihkan fokus ke Olimpiade Los Angeles 2028. Pebulutangkis ganda putra Indonesia menutup kiprahnya di Asian Games 2026 dengan medali perunggu bersama Muhammad Shohibul Fikri. Langkah mereka terhenti di semifinal setelah kalah dari pasangan China, Liang Wengkeng/Wang Chang, dengan skor 17-21, 21-13, 9-21, Senin (28/9). Setelah pengalungan medali, Fajar mengungkapkan keinginannya untuk tidak lagi tampil di Asian Games pada edisi berikutnya. Juara All England dua kali itu juga mengunggah sejumlah foto dan menuliskan pesan perpisahan melalui akun media sosialnya. ADVERTISEMENT SCROLL TO CONTINUE WITH CONTENT ""Satu lagi medali untuk dikenang. Bukan akhir yang saya bayangkan, tapi tetap sebuah perjalanan yang saya syukuri. Selamat untuk Leo/Daniel atas medali emasnya. Indonesia bangga melihat perjuangan teman seperjuangan berbuah manis,"" tulis Fajar. ""Dan ini adalah Asian Games terakhir saya. Setelah melewati berbagai generasi dari 2018-2022-2026. Saya memilih menutupnya dengan syukur karena setiap langkah, setiap jatuh, dan setiap perjuangan telah menjadi bagian indah dari perjalanan ini."" Baca juga: Medali Emas Leo/Daniel Jadi Start Bagus Menuju Olimpiade 2028 Selama tiga kali mengikuti Asian Games, Fajar telah mengoleksi satu medali emas, dua perak, dan satu perunggu. Emas diraih Fajar pada nomor beregu putra Asian Games 2026. Sementara dua medali perak didapat pada nomor beregu dan individu Asian Games 2018. Adapun medali perunggu diraih bersama Fikri pada nomor ganda putra Asian Games 2026. Pada Asian Games 2022, Fajar hanya melaju hingga babak perempatfinal. Fajar juga menyampaikan apresiasinya kepada Fikri yang telah berjuang bersamanya di lapangan. ""Terima kasih juga buat partner di lapangan saya Shohibul Fikri yang telah berjuang bersama,"" tuturnya. Setelah memutuskan tidak akan tampil lagi di Asian Games, Fajar kini menetapkan Olimpiade Los Angeles 2028 sebagai target jangka panjang. Pada Olimpiade Paris 2024, Fajar yang saat itu masih berpasangan dengan Muhammad Rian Ardianto terhenti di babak perempatfinal. ""Sekarang target panjangnya menatap Olympic Los Angeles 2028,"" tutupnya. Baca juga: Hasil Asian Games 2026: Fajar/Fikri Kandas di Semifinal, Raih Perunggu (mcy/krs) Anda menyukai artikel ini Artikel disimpan fajar alfian asian games 2026 olimpiade 2028 bulutangkis medali perunggu muhammad shohibul fikri juara all england olahraga indonesia karier atlet perpisahan atlet Komentar",sport,https://sport.detik.com/raket/d-8685869/fajar-alfian-akhiri-kiprah-di-asian-games-kini-fokus-olimpiade-2028
SP010,"Aditya Cetak Rekor Asian Games, 4 Atlet Panjat Tebing RI ke Putaran Final Kris FW - detikSport Rabu, 30 Sep 2026 13:25 WIB Jakarta - Empat atlet Indonesia lolos ke putaran final nomor speed empat jalur panjat tebing Asian Games 2026. Aditya Tri Syahria bahkan mencetak rekor Asian Games dalam babak kualifikasi. Aditya menjadi yang tercepat pada kualifikasi speed putra yang berlangsung di Portmesse Nagoya Exhibition Hall, Jepang, Rabu (30/9). Ia membukukan waktu 4,62 detik sekaligus memecahkan rekor Asian Games sebelumnya. Rekor tersebut sebelumnya dipegang rekan senegaranya, Veddriq Leonardo, dengan catatan 4,95 detik yang dibuat pada Asian Games Hangzhou 2022. Aditya sempat mencatat 4,74 detik pada kesempatan pertama dan kembali membukukan 4,70 detik pada kesempatan ketiga. Setelah sempat dinyatakan false start pada kesempatan kedua, Aditya akhirnya mencatat waktu 4,62 detik pada kesempatan keempat. Baca juga: Asian Games: Timnas Panjat Tebing Datang Awal Demi Persiapan Matang Catatan tersebut mengantarkan Aditya sebagai pemuncak kualifikasi. Sementara itu, Veddriq menempati posisi kelima dengan waktu terbaik 4,78 detik. Dengan hasil tersebut, Aditya dan Veddriq melengkapi dua wakil Indonesia yang lebih dulu lolos dari sektor putri, yakni Desak Made Rita Kusuma Dewi dan Berthdigna Devi Surya Kusuma. Desak mengakhiri kualifikasi speed putri di posisi ketiga dengan catatan waktu 6,29 detik. Berthdigna berada di peringkat kelima dengan 6,49 detik. Keduanya lolos ke putaran final setelah kualifikasi yang berlangsung Selasa (29/9). Posisi teratas ditempati atlet China Lijuan Deng dengan waktu 6,23 detik, yang sekaligus menjadi rekor Asian Games. Jimin Jeong dari Korea Selatan berada di posisi kedua dengan 6,25 detik. Ketua Umum PP Federasi Panjat Tebing Indonesia (FPTI) Yenni Wahid mengatakan hasil tersebut masih sesuai dengan harapan. ""Kita berharap, pada final speed putri malam ini (Rabu), kita bisa mendapatkan medali. Mudah-mudahan kita bisa mendapat medali emas,"" ujarnya dalam pernyataan yang diterima detikSport. ""Kita punya banyak stok baik senior yang salah satunya tampil dan dapat medali Olimpiade, dan juga junior yang catatan waktunya melebihi atlet senior,"" imbuhnya. Baca juga: Desak Made Minta Doa Masyarakat Indonesia di Asian Games 2026 Pada putaran final speed putri, Berthdigna akan berada di heat kedua. Ia menghadapi Eilin Tan dari Singapura, Yafei Zhou dari China, dan Adeliya Utesheva dari Kazakhstan. Sementara itu, Desak berada di heat keempat. Dia akan bersaing dengan Tamara Ulzhabayeva dari Kazakhstan, Hanareum Sung dari Korea Selatan, dan Jeanette Frances Koh dari Singapura. Untuk sektor putra, babak final akan berlangsung Kamis (1/10). Aditya berada di heat pertama perempat final dan akan menghadapi Jinyong Jo dari Korea Selatan, Shuto Fujino dari Jepang, serta Chi Fung Au dari Hong Kong. Veddriq menempati heat kedua dan akan bersaing dengan Amir Maimuratov serta Damir Toktarov dari Kazakhstan, dan Ezell Qing Wei Low dari Singapura. Empat atlet Indonesia tersebut kini menjadi tumpuan Merah Putih untuk meraih medali dari nomor speed empat jalur Asian Games 2026. (krs/cas) Anda menyukai artikel ini Artikel disimpan atlet panjat tebing asian games 2026 aditya tri syahria rekor asian games kualifikasi speed tim indonesia desak made rita berthdigna devi medali emas olahraga panjat tebing Komentar",sport,https://sport.detik.com/sport-lain/d-8685852/aditya-cetak-rekor-asian-games-4-atlet-panjat-tebing-ri-ke-putaran-final
SP011,"Ini Hasil Balap Gokar Antarpelajar Avenue Racing Series Mohammad Resha Pratama - Sport Rabu, 30 Sep 2026 11:10 WIB ... Tautan telah disalin Jakarta - Selesai sudah gelaran balap gokar bergengsi antarpelajar, Avenue Racing Series . Berikut daftar para pemenangnya. Avenue Racing Series (ARS) 2026 yang didukung penuh oleh By.U resmi berakhir sukses di Kart.inc, Entertainment District PIK 2, akhir pekan kemarin. Ini jadi sejarah karena merupakan kejuaraan motorsport pertama di Indonesia yang murni digagas, dikelola, dan diikuti oleh pelajar SMA (Built by Students, for Students). Persaingan sengit babak puncak Final A menyajikan aksi adu kecepatan luar biasa selama 14 lap. Mahardiga Zildham P tampil sebagai juara utama (ARS Champion) setelah memimpin balapan secara dominan dengan catatan waktu terbaik (Best Lap) 49,196 detik. SCROLL TO CONTINUE WITH CONTENT ""Jujur senang dan bangga banget bisa juara disini. Apalagi event ini diselenggarakan oleh anak-anak SMA, ya teman-teman seumuran. Hebat kalian. Jadi event ini bisa ikut mengurangi balap liar yang selama ini lebih banyak diikuti anak-anak SMA. Lebih baik balapan disini kan. Terima kasih buat ARS, by.U dan anak-anak SMA yang udah bikin event sekeren ini,"" ujar Mahardiga dalam rilis kepada detikSport. Keberhasilan ARS 2026 membuktikan kalau generasi muda tak hanya lihai di atas sirkuit, tapi juga mampu mengeksekusi ajang motorsport berstandar profesional. Seluruh kepanitiaan yang diisi oleh pelajar SMA sukses menyajikan kompetisi yang aman, teratur, dan sportif. ADVERTISEMENT Ajang ini sekaligus menjadi wadah positif untuk mengalihkan potensi ketertarikan anak muda pada kecepatan dari aksi balap liar ke lintasan resmi yang terarah. Tentu saja ini jadi pelajaran berarti bagi para pelajar SMA, bagaimana memegang sebuah event atau pertandingan langsung. Baca juga: Avenue Racing Series: Ketika Pelajar SMA Beradu Cepat di Lintasan Keterlibatan by.U sebagai mitra utama menjadi elemen kunci di balik suksesnya acara ini. Sebagai brand yang dekat dengan gaya hidup digital anak muda, by.U membuktikan komitmen nyatanya dalam mendampingi dan mewadahi passion Gen Z di bidang motorsport. ""Kami sangat bangga dan terharu melihat antusiasme teman-teman pelajar. ARS 2026 membuktikan bahwa anak SMA bisa membuat wadah balap yang aman dan profesional. Dukungan penuh dari by.U menjadi alasan utama acara ini berjalan sukses dan menjadi pintu masuk nyata bagi kami para pelajar menuju dunia balap profesional,"" ujar Kimi Rae selaku Ketua Panitia Avenue Racing Series 2026. Hasil Resmi Main Final A - Avenue Racing Series 2026 1.â â Juara 1 Mahardiga Zildham P. (14 Lap | Best Lap: 49,196 detik) 2.â â Runner-up Muhammad Rasya Rad (14 Lap | Gap: +10,742s | Best Lap: 49,980 detik) 3.â Posisi 3 Carlen Yaqzan (14 Lap | Gap: +11,890s | Best Lap: 49,875 detik) 4.â â Posisi 4 Muhammad Khalif Br (14 Lap | Gap: +12,976s | Best Lap: 49,403 detik)* 5.â â Posisi 5 Senninha Ghaniy Sem (14 Lap | Gap: +19,574s | Best Lap: 50,222 detik) 6.â â Posisi 6 Michael Alan Sarkiss (14 Lap | Gap: +31,203s | Best Lap: 50,785 detik) 7.â â Posisi 7 Aditya Rizky Taufiqui (14 Lap | Gap: +37,605s | Best Lap: 51,043 detik) 8.â â Posisi 8 Ali Eugene Junianto (14 Lap | Gap: +40,320s | Best Lap: 51,008 detik) Baca juga: Juara KPL Season 2 Akan Dikirim ke Finlandia Video: 'Dosa-dosa' Manchester City yang Dikuliti Komisi Independen Video: 'Dosa-dosa' Manchester City yang Dikuliti Komisi Independen (mrp/adp) ... Tautan telah disalin avenue racing series Anda menyukai artikel ini Artikel disimpan",sport,https://sport.detik.com/sport-lain/d-8685441/ini-hasil-balap-gokar-antarpelajar-avenue-racing-series
SP012,"Medali Emas Leo/Daniel Jadi Start Bagus Menuju Olimpiade 2028 Mercy Raya - detikSport Rabu, 30 Sep 2026 10:10 WIB Jakarta - Leo Rolly Carnando/Daniel Marthin berhasil merebut medali emas Asian Games 2026 . Ketum PBSI M Fadil Imran mengatakan, ini jadi start bagus menuju Olimpiade 2028. Leo/Daniel jadi penguasa nomor ganda putra individual setelah mengalahkan Lang Weikeng/Wang Chang di final. Leo/Daniel comeback dari kekalahan di gim pertama, sebelum juara dengan skor akhir 19-21, 21-13, dan 21-18. Dengan tambahan medali emas dari Leo/Daniel, maka bulutangkis Indonesia sudah menyumbang dua medali emas, satu perak, dan tiga perunggu. Adapun medali emas lainnya didapat dari nomor beregu putra. ADVERTISEMENT SCROLL TO CONTINUE WITH CONTENT Baca juga: Kata-kata Leo/Daniel Setelah Dapat Medali Emas Asian Games 2026 Fadil agaknya cukup puas dengan hasil bulutangkis Indonesia di Asian Games 2026 . Apalagi, Indonesia bertekad akan meraih sukses juga di Olimpiade 2028 di Los Angeles. ""Tentu awal yang baik ya menuju Olimpiade yang akan datang,"" kata Fadil dalam keterangan tertulisnya. ""Regenerasi menjadi salah satu program prioritas dari kepengurusan. Ini pasti akan kita perkuat agar pemain-pemain muda berkarakter akan terus lahir."" Baca juga: Leo/Daniel Bawa Bulutangkis RI Capai 30 Emas di Asian Games Sementara itu, legenda bulutangkis Indonesia Taufik Hidayat merasa bangga dengan perjuangan Leo/Daniel. Taufik berharap sukses ini akan kian melecut Leo/Daniel di turnamen-turnamen penting di depan. ""Selamat dan terima kasih untuk Leo/Daniel yang sudah berjuang luar biasa dan memberikan yang terbaik untuk Merah Putih. Bangga melihat perjuangan dan mental juara sampai akhir,"" kata Taufik, yang menjabat sebagai Wakil Menpora sekaligus Waketum PBSI I. ""Nikmati kemenangan ini dan semoga menjadi langkah untuk terus menorehkan prestasi berikutnya,"" tutur peraih tiga medali emas Asian Games ini. (mcy/rin) Anda menyukai artikel ini Artikel disimpan asian games 2026 daniel marthin leo rolly carnando leo rolly carnando/daniel marthin leo/daniel Komentar",sport,https://sport.detik.com/raket/d-8685433/medali-emas-leo-daniel-jadi-start-bagus-menuju-olimpiade-2028
SP013,"Bulutangkis Lampaui Target, Menpora Tagih Cabor Lain yang Janjikan Emas Mercy Raya - detikSport Rabu, 30 Sep 2026 09:10 WIB Jakarta - Menpora Erick Thohir menyebut perjuangan Leo Rolly Carnando/Daniel Marthin menjadi momentum penting perjuangan kontingen Indonesia dalam mencapai target empat medali emas di Asian Games 2026 . Dia menunggu emas-emas lainnya dari cabor yang sudah berjanji. Medali emas Leo/Daniel memastikan cabang olahraga (cabor) bulutangkis mempersembahkan dua emas. Hasil ini melampaui target awal yang disepakati antara Kemenpora dengan Komite Olimpiade Indonesia (KOI) dan para pengurus cabor, yaitu satu emas. Capaian Leo/Daniel juga memiliki nilai sejarah bagi bulutangkis Indonesia. Sebab, emas ganda putra Asian Games kembali menjadi milik Indonesia setelah terakhir kali diraih pada Asian Games Jakarta 2018, melalui pasangan Kevin Sanjaya Sukamuljo/Marcus Fernaldi Gideon. ADVERTISEMENT SCROLL TO CONTINUE WITH CONTENT Baca juga: Kata-kata Leo/Daniel Setelah Dapat Medali Emas Asian Games 2026 Erick mengapresiasi seluruh jajaran atlet dan pengurus bulutangkis karena mampu melampaui target emas yang telah ditetapkan. ""Saya memberikan apresiasi dan berterima kasih kepada tim bulu tangkis Indonesia. Target kita adalah satu emas, tetapi hari ini cabor bulu tangkis sudah mampu mempersembahkan dua emas,"" kata Erick dalam keterangan tertulisnya, Selasa (29/9/2026). ""Ini semua berkat komitmen, kerja keras atlet, pelatih, ofisial, pengurus federasi, serta seluruh tim yang telah mempersiapkan kontingen secara serius menghadapi Asian Games."" Baca juga: Bulutangkis Indonesia di Asian Games 2026: 2 Emas, 1 Perak, 3 Perunggu Selain bulutangkis, Menpora berusia 56 tahun ini juga memberikan apresiasi kepada cabang olahraga angkat besi yang telah memenuhi target sekeping emas, sesuai kesepakatan awal. ""Kita juga memberikan apresiasi kepada angkat besi yang sudah mendapatkan satu emas sesuai dengan target. Ini menunjukkan bahwa target yang telah ditetapkan dapat menjadi motivasi dan acuan bersama untuk memberikan yang terbaik bagi Indonesia,"" katanya. Namun, Erick menegaskan bahwa perjuangan kontingen Indonesia belum selesai. Kemenpora terus menunggu prestasi cabor-cabor lainnya yang menjanjikan medali emas di Asian Games 2026 Baca juga: Ini Alasan Rizki Juniansyah Absen di Asian Games 2026 ""Kita masih menunggu perjuangan dari cabang-cabang olahraga lain yang juga menjanjikan emas. Karena setiap cabor harus menjaga komitmen untuk memenuhi target yang telah disepakati bersama. Karena itu, saya berharap seluruh atlet yang masih bertanding bisa terus fokus, menjaga semangat, dan memberikan kemampuan terbaiknya,"" tutur Erick. Erick meminta keberhasilan Leo/Daniel dan perjuangan para peraih emas sebelumnya menjadi energi positif bagi seluruh kontingen Indonesia. ""Sekarang kita sudah mendapatkan tiga emas. Tinggal satu emas lagi dari target yang sudah kita tetapkan. Jadikan pencapaian emas ini sebagai pemacu semangat atlet-atlet kita yang masih berjuang untuk mendapatkan emas berikutnya. Kita kawal bersama perjuangan ini sampai pertandingan terakhir. Semoga emas berikutnya segera hadir dan target empat emas dapat kita capai,"" tutup Erick. Baca juga: Menpora Apresiasi Ketum Cabor yang Hadir di Asian Games 2026 (mcy/adp) Anda menyukai artikel ini Artikel disimpan asian games 2026 erick thohir leo rolly carnando/daniel marthin Komentar",sport,https://sport.detik.com/sport-lain/d-8685322/bulutangkis-lampaui-target-menpora-tagih-cabor-lain-yang-janjikan-emas
SP014,"Kejurnas Sprint Rally 2026: Karena Batang Bukan Cuma Kawasan Industri Mohammad Resha Pratama - Sport Rabu, 30 Sep 2026 08:10 WIB ... Tautan telah disalin Batang - Batang baru saja menggelar putaran keempat Kejurnas Sprint Rally 2026 . Ini jadi cara memajukan sport tourism di kawasan Industri tersebut. Sejak beroperasi pada 2022, KEK Industropolis Batang akhirnya diresmikan sebagai KEK oleh presiden Prabowo Subianto pada 2025. Sebagai KEK, Batang memang dituntut untuk jadi pusat ekonomi baru khususnya di Jawa Tengah. Tidak cuma lewat industri manufaktur, tapi juga olahraga. Itulah mengapa Kejurnas Sprint Rally 2026 digelar di lintasan KEK Industropolis Batang, 25-27 November. SCROLL TO CONTINUE WITH CONTENT Ada total 13 kategori perlombaan yang diikuti 111 pembalap dan navigator dari berbagai daerah di Indonesia, mulai dari Sumatera, Jawa, Bali, Kalimantan, Sulawesi hingga Nusa Tenggara. Lintasan sepanjang 5,3 kilometer menjadi arena persaingan para pereli nasional, seperti Ryan Nirwan dari Toyota Gazoo Racing Indonesia, TB Adhi, Emmanuel Amandio, Subhan Aksa, H. Sudirman, dan Rifat Sungkar turut ambil bagian. ADVERTISEMENT Ryan Nirwan bersama navigator Adi Indiarto keluar sebagai juara dan berhak meraih Piala Gubernur Jawa Tengah. Posisi kedua ditempati M. Fahrezi Fadh/Respati Adhi dari MAB HRVR. Selain memperebutkan gelar Juara Umum, kompetisi berskala nasional ini juga menguji ketangguhan para pereli di berbagai kategori bergengsi lainnya. Persaingan sengit tersebar secara merata di kelas Group R (R1-R3), Group F (F1-F4), Group J (J1-J2), Group M (M1-M2), hingga Kategori RC (RC2-RC4). Melengkapi tensi kompetisi, ajang ini turut memberikan penghargaan khusus untuk kategori Supporting Class (Non-Seeded), Best Driver U-23, Best Driver U-55+, Best Driver Wanita, serta penganugerahan Best Team. Kesuksesan putaran keempat Kejurnas Sprint Rally ini membuktikan bahwa KEK Industropolis Batang sebagai kawasan yang dinamis dan multifungsi. Lebih dari sekadar magnet investasi, kawasan ini telah membuktikan kapasitas nyatanya dalam mewadahi ajang prestisius berskala nasional. KEK Industropolis Batang akan terus memperluas kolaborasi strategis untuk memajukan ekosistem sport tourism. Baca juga: IMI Sudah 120 Tahun, Diminta Ikut Kembangkan Sport Tourism ""Kami berharap ke depannya pergelaran ini bisa terus berkembang hingga mencapai skala internasional,"" ujar Ketua IMI Pusat Moreno Soeprapto dalam keterangan kepada media. Apresiasi di tingkat internasional turut disampaikan oleh representatif Federasi Otomotif Internasional (FIA), Tanya Kutsenko, yang memuji kualitas infrastruktur kawasan. Selain itu, Tanya juga menyambut antusias tingginya partisipasi pebalap perempuan yang membuktikan inklusivitas industri motorsport dalam ajang ini. ""Fasilitasnya sangat luar biasa dan ini adalah ruang yang sempurna untuk perhelatan motorsport. KEK Industropolis Batang sangat potensial menjadi destinasi bagi para juara internasional,"" papar Tanya. Direktur Utama KEK Industropolis Batang, Marfan Trihartiko, menegaskan visi strategis perusahaan memang ingin menjadikan KEK Batang bukan cuma kawasan industri, tapi juga bisa dijadikan arena olahraga. ""Apresiasi luar biasa dari komunitas balap menjadi validasi bahwa fasilitas kami siap menjadi panggung utama olahraga bergengsi. Ekosistem sport tourism ini akan terus kami kembangkan secara paralel dengan sektor industri, sebagai wujud komitmen nyata kami dalam menciptakan efek ganda (multiplier effect) bagi akselerasi ekonomi daerah,"" papar Marfan. Baca juga: Cerita Tantangan Rudy SL di Kejurnas Rally 2026, Mobil Tiba-tiba Rusak Video: 'Dosa-dosa' Manchester City yang Dikuliti Komisi Independen Video: 'Dosa-dosa' Manchester City yang Dikuliti Komisi Independen (mrp/adp) ... Tautan telah disalin kejurnas sprint rally 2026 kek industropolis batang imi pusat sprint rally Anda menyukai artikel ini Artikel disimpan",sport,https://sport.detik.com/sport-lain/d-8685313/kejurnas-sprint-rally-2026-karena-batang-bukan-cuma-kawasan-industri
SP015,"Perjalanan Leo/Daniel: dari Bongkar Pasang hingga Emas Asian Games Trypama Randra - detikSport Rabu, 30 Sep 2026 07:58 WIB Jakarta - Leo Rolly Carnando/Daniel Marthin sukses mengukir emas di Asian Games 2026. Leo/Daniel meraih emas setelah mengalahkan wakil China Liang Weikeng/Wang Chang 18-21, 21-13, dan 21-18. Bagi Leo/Daniel catatan ini tentu sangat istimewa sepanjang mereka berkarier sebagai pebulutangkis. Leo/Daniel juga menambah daftar pasangan Indonesia yang pernah meraih emas ganda putra Asian Games. Mereka mengikuti jejak para legenda, dari Tjun Tjun/Johan Wahjudi, Ricky Subagja/Rexy Mainaky, hingga The Daddies dan Minions. Jalannya Pertandingan Di Ichinomiya City Municipal Gymnasium, Selasa (29/9/2026), gim pertama final cabor bulutangkis Asian Games 2026 nomor ganda campuran antara Leo/Daniel vs Liang/Wang berjalan ketat. Sempat ketinggalan, Leo/Daniel bisa menyamakan kedudukan saat skor 18-18. ADVERTISEMENT SCROLL TO CONTINUE WITH CONTENT Leo/Daniel akhirnya harus mengakui keunggulan Liang/Wang dengan skor 18-21. Pukulan Daniel melebar hingga membuahkan poin kemenangan untuk Liang/Wang pada gim pertama. Gim kedua berjalan, Leo/Daniel berjuang keras agar laga berlangsung rubber game. Pada interval gim kedua, Leo/Daniel unggul atas Liang/Wang dengan skor 11-8. Setelah mengelap keringat, Liang/Wang meraih poin. Kini, mereka tertinggal 9-11 dari Leo/Daniel. Hingga gim kedua habis, Leo/Daniel tak terbendung. Pasangan berjuluk The Babies itu menang dengan skor 21-13. Final Asian Games 2026 cabor bulutangkis nomor ganda putra lanjut ke gim ketiga. Pertarungan di gim penentuan juga ketat. Margin poin antara Leo/Daniel dengan Liang/Wang cukup tipis, cuma dua poin. Saat jeda, Leo/Daniel unggul 11-9. Leo/Daniel mendulang poin lagi. Setelah memenangi rally, poin Leo/Daniel bertambah menjadi 12-9. Smash keras Leo/Daniel kembali bertambah dengan sebuah smash keras, kedudukan menjadi 13-9. Di sisa gim ketiga, Leo/Daniel sudah tidak terkejar. Mereka memetik kemenangan dengan skor 21-18. Indonesia meraih emas ketiga. Kata-kata Leo/Daniel Usai Raih Medali Emas Seusai laga, Daniel mengucap syukur atas medali emas yang diraih. ""Terima kasih kepada Tuhan. Bersyukur kami berdua tadi saling mengingatkan di permainan tadi, terus juga kami bilang ke satu sama lain, kalau enggak sekarang kapan lagi (juara), jadi kami mau memaksimalkan kesempatan yang sudah diberikan,"" kata Daniel. Sementara itu, bagi Leo, kemenangan ini tentu sangat berarti. Terlebih, setelah prestasi bulutangkis yang sempat menurun. Tak ayal, ia pun begitu emosional saat menang. ""Ya pastinya inget sama orang tua saya. Dan saya juga terima kasih sekarang untuk punya istri (Indah Cahya Sari Jamil),"" ungkap Leo. ""Jadi istri saya mendoakan dan orang tua saya juga sama kakak saya keluarga seluruh keluarga mendoakan, jadi setiap hari saling mengingatkan dan jangan lupa sholat dan lain-lain beribadah. Itulah yang jadi emosional buat saya,"" tambahnya. Medali emas ini juga sebagai pembuktian bulutangkis Indonesia yang tengah menuai kerja kerasnya. Badminton Indonesia sempat disorot dalam beberapa waktu belakangan karena prestasinya yang menurun. ""Jadi ini buat yang teman-teman yang lain, kita semua juga berusaha keras kok atlet dengan dukung pengurus semuanya. Di Cipayung juga kita berlatih lebih keras dan pastinya banyak arahan yang untuk lebih semangat, harus berusaha lebih keras lagi saja sih."" pungkas Leo. Sempat Dibongkar Pasang Keberhasilan Leo/Daniel di multievent Asia tak lepas dari perjalanan bongkar pasang yang mereka lalui. Leo/Daniel sempat dipisahkan pada pertengahan tahun 2024. Saat itu, pelatih ganda putra Aryono Miranat melakukan bongkar pasang pasangan karena prestasi Leo/Daniel dianggap mulai stagnan usai menjuarai Indonesia Masters 2024. Indonesia Open 2024 menjadi pertandingan terakhir keduanya berpartner. Kemudian Daniel bersama Muhammad Shohibul Fikri, sementara Leo dipasangkan dengan Bagas Maulana. Tapi perjalanan Daniel/Fikri tidak berjalan mulus karena Daniel sempat mengalami cedera yang membuatnya harus menepi cukup lama. Setelah hampir setahun menjalani pemulihan, Daniel dinyatakan siap kembali bertanding. PBSI pun memutuskan memasangkannya lagi dengan Leo, apalagi performa Leo/Bagas dalam beberapa turnamen terakhir juga belum konsisten. Thailand Open 2026 menjadi awal debut mereka kembali berpasangan. Tak sekadar tampil sebagai kontestan, pasangan ini justru sukses menjadi jawara. Gelar itu pun membuat peta persaingan ganda putra baik dalam maupun luar jadi lebih ketat. Setelah mengikuti empat turnamen dengan hasil kurang memuaskan, Leo/Daniel kembali menggebrak dunia perbulutangkisan. Mereka kembali menyegel gelar juara. Kali ini di Taipei Open 2026. Hasil tersebut turut membuat keduanya terpilih sebagai salah satu pasangan yang diberangkatkan ke Aichi-Nagoya. Bulutangkis di Asian Games: 2 Emas, 1 Perak, 3 Perunggu Sebagai informasi, bulutangkis Indonesia sumbang enam medali di Asian Games. Rinciannya adalah dua medali emas, satu medali perak, dan tiga medali perunggu. Target capai emas tercapai! Dua medali emas dipersembahkan oleh tim bulutangkis beregu putra dan ganda putra Leo Rolly Carnando/Daniel Marthin. Tim beregu putra kalahkan China. Leo/Daniel pun mengalahkan wakil China, Liang Weikeng/Wang Chang. Menariknya, dua medali emas itu didapat dari situasi yang sama. Mereka comeback! Medali perak disumbangkan oleh ganda campuran, Amri Syahnawi/Nita Violina Marwah. Tiga perunggu disumbangkan Fajar/Fikri, Alwi Farhan, dan tim beregu putri. Alwi Farhan dan Mohammad Zaki Ubaidillah mencuri panggung. Kedua pebulutangkis muda itu bisa bawa tim beregu putra untuk comeback. Amri/Nita pun torehkan catatan. Mereka jadi ganda campuran pertama Indonesia yang menembus final Asian Games dalam 12 tahun terakhir. Saksikan informasi selengkapnya hanya di program detikPagi edisi Rabu (30/9/2026). Nikmati terus menu sarapan informasi khas detikPagi secara langsung ( live streaming ) pada Senin-Jumat, pukul 08.00-11.00 WIB, di 20.detik.com , YouTube dan TikTok detikcom. Tidak hanya menyimak, detikers juga bisa berbagi ide, cerita, hingga membagikan pertanyaan lewat kolom live chat . ""Detik Pagi, Jangan Tidur Lagi!"" (vrs/vrs) Anda menyukai artikel ini Artikel disimpan detik pagi detikpagi live live streaming asian games asian games 2026 leo/daniel Komentar",sport,https://sport.detik.com/sport-lain/d-8685116/perjalanan-leo-daniel-dari-bongkar-pasang-hingga-emas-asian-games
SP016,"Atlet Sepeda BMX Jasmine Pulihkan Fisik Dulu, Baru Tatap Kejuaraan Asia Mercy Raya - detikSport Rabu, 30 Sep 2026 06:20 WIB Jakarta - Atlet balap sepeda BMX Jasmine Azzahra Setyobudi fokus memulihkan fisik setelah membawa pulang medali perunggu Asian Games 2026 . Jasmine segera menatap Kejuaraan Asia tahun depan. Jasmine finis ketiga di nomor Women BMX Racing yang berlangsung di Nagoya Velodrome BMX Race Course, Jepang. skor 34.932 dalam pertandingan yang dimulai pukul 12.15 waktu setempat. Ini adalah medali perunggu kedua Jasmine setelah meraihnya di Asian Games 2022 Hangzhou. Jasmine mengungkapkan perjuangannya di Asian Games kali ini menghadapi tantangan berat karena mengalami sejumlah cedera. ADVERTISEMENT SCROLL TO CONTINUE WITH CONTENT ""Perjalanannya tak gampang karena saya baru mulai masuk trek lagi itu 1 April 2026. Sebab, baru operasi 31 Desember 2025. Sembilan hari kemudian, saya jatuh lagi dan cedera dengkul. Kemudian lanjut pada akhir Juni juga jatuh, kena cedera pinggang dan pergelangan tangan,"" kata Jasmine setibanya di Jakarta, Selasa (29/9/2026). Baca juga: Desak Made Minta Doa Masyarakat Indonesia di Asian Games 2026 ""Jadi sebelum berangkat ke Asian Games, sebelum balap Asian BMX Racing Championships itu saya terapi tiga pekan dulu di Surabaya, sisanya mengikuti persiapan yang ada,"" tambahnya. Jasmine mengatakan, semula ia menargetkan medali perak, apalagi ini Asian Games keduanya. Namun, karena kondisinya Jas pun harus puas dengan torehan perunggu. ""Ya, alhamdullilah dikasih keselamatan dan medali lagi,"" tuturnya. Setelah Asian Games, Jasmine rencananya akan pulang ke Yogyakarta dulu guna berkumpul dengan keluarga selama sepekan. Kemudian terbang ke Surabaya untuk memulihkan kondisi fisik dan cederanya. Baca juga: Bintang/Sofyan Tembus Perempatfinal Voli Pantai Asian Games ""Saat ini kondisi saya masih 60-70 persen karena kalau sakit pinggang ini tak bisa duduk lama. Jadi harus benar-benar rest, seperti terlentang atau tengkurap,"" kata Jasmine. Ia memang harus bersiap lebih awal karena tahun depan sudah ditunggu Kejuaraan Asia BMX di Bangkok. Sebelumnya, ia sudah meraih medali emas di ajang yang sama namun levelnya di bawah usia 23 tahun putri. ""Tahun depan saya sudah masuk elite. Jadi secara peta persaingan sedikit sudah membaca di Asian Games, tapi belum terlalu dalam,"" tuturnya. Jasmine bertekad untuk memberikan performa terbaiknya di Kejuaraan Asia nanti. Sebab, ajang ini juga menjadi salah satu kualifikasi menuju Olimpiade 2028 Los Angeles. ""Juaranya bisa langsung lolos Olimpiade,"" kata Jasmine. (mcy/rin) Anda menyukai artikel ini Artikel disimpan jasmine azzahra setyobudi atlet sepeda bmx asian games 2026 Komentar",sport,https://sport.detik.com/sport-lain/d-8685219/atlet-sepeda-bmx-jasmine-pulihkan-fisik-dulu-baru-tatap-kejuaraan-asia
SP017,"Cerita Sayu Bella Raih Medali Perunggu Asian Games 2026 Mohammad Resha Pratama - detikSport Rabu, 30 Sep 2026 05:20 WIB Nagoya - Atlet MTB-XCO Indonesia Sayu Bella jadi salah satu peraih medali perunggu Asian Games 2026 . Dia harus berjuang keras sebelum bisa naik podium. Bella jadi atlet pertama yang menyumbang medali dari cabor balap sepeda di Asian Games 2026. Berlaga di Obata Ryokuchi Park, Sayu bersaing dengan 15 pembalap lain dalam perlombaan sepanjang tujuh putaran dengan total jarak 25,9 kilometer. Pebalap asal Bali tersebut sempat memimpin pada putaran pertama dengan catatan waktu 12 menit 57 detik. Ia kemudian menjaga posisinya di urutan ketiga hingga menyelesaikan perlombaan dengan catatan waktu 1 jam 28 menit. ADVERTISEMENT SCROLL TO CONTINUE WITH CONTENT Persaingan ketat telah diperkirakan sejak awal. Dua pebalap yang menjadi lawan Sayu di Asian Games adalah lawannya di Asian Continental Championships Juni 2026. Saat itu, Sayu menempati posisi keempat. Oleh karenanya, Sayu puas dengan pencapaian kali ini karena kerja kerasnya selama tiga bulan terakhir berbuah manis. ""Saya dan tim meningkatkan intensitas latihan secara bertahap, terutama untuk mendorong performanya selama balapan. Level latihan saya benar-benar berubah drastis. Selalu ada target peningkatan power dalam setiap latihan,"" ujar Sayu dalam rilis kepada detikSport. Pencapaian tersebut menjadi bagian penting dalam perjalanan karier Sayu. Sebelum tampil di level Asia dan ASEAN, dia mengaku pernah menganggap Pekan Olahraga Nasional atau PON sebagai level tertinggi yang dapat dicapainya. ""Jujur, saya tidak pernah membayangkan bisa berdiri di Asian Games. Dulu saya berpikir mungkin hanya bisa sampai Porprov atau PON. Saat itu, PON sudah terasa sebagai level tertinggi. Puji Tuhan, ternyata saya bisa sampai SEA Games dan Asian Games untuk terus membawa bendera Merah Putih,"" katanya. Baca juga: Daftar 21 Atlet Balap Sepeda Indonesia di Asian Games 2026 Pencapaian Sayu ini tak lepas dari dukungan tim pelatih dan tentunya sepeda yang digunakan olehnya. Dua minggu sebelum Asian Games, Sayu juga menerima Polygon Syncline DR terbaru dengan desain khusus berwarna Merah Putih. Meski telah menggunakan Syncline DR dan prototipenya selama lebih dari satu tahun, ia tetap harus menyesuaikan diri dengan sepeda dan pengaturan terbaru yang akan digunakannya dalam perlombaan. Ini diakui jadi salah satu alasan Sayu sempat susah tidur sebelum turun di Asian Games 2026. Sayu Bella beraksi sebelum meraih medali perunggu nomor MTB-XCO Asian Games 2026. (Foto: Istimewa) ""Saya bersyukur masih punya kesempatan untuk menyesuaikan diri dengan sepeda yang baru aku terima sebelum Asian Games. Sempat deg-degan juga karena takut waktunya tidak cukup,"" kata Sayu. ""Ini bukan balapan Asia biasa, tetapi Asian Games. Semua negara mempersiapkan pebalapnya dengan matang. Jujur, aku sampai susah tidur dan tidak bisa tidur lelap karena sangat nervous."" Pujian datang dari pihak Polygon Bikes sebagai sponsor pribadi Sayu. Produsen sepeda nasional itu mengatakan pencapaian Sayu bukan hanya ditentukan oleh potensi, tetapi juga kemauannya untuk terus berkembang dan menjalani proses sebagai atlet. ""Sejak pertama bertemu Sayu di Bali sekitar tahun 2021, kami sudah melihat potensinya. Namun, yang membuatnya terus berkembang adalah kerendahan hati, kemauan belajar, dan konsistensinya dalam menjalani latihan. Setelah meraih emas SEA Games 2023 dan mengakhiri penantian Indonesia selama 10 tahun di nomor cross-country putri, kini Sayu kembali membawa pulang medali dari Asian Games. Pencapaian ini menunjukkan perkembangan yang terus ia bangun,"" ujar Veronica Vivin selaku Brand Marketing Polygon Bikes Indonesia. Baca juga: Atlet MTB Asal Bali Raih Medali Emas di Thailand Mountain Bike Cup XCO (mrp/pur) Anda menyukai artikel ini Artikel disimpan sayu bella sayu bella sukma dewi asian games 2026 asian games Komentar",sport,https://sport.detik.com/sport-lain/d-8685214/cerita-sayu-bella-raih-medali-perunggu-asian-games-2026
SP018,"Kejurnas Hapkido 2026: DKI Jakarta Borong 20 Medali Mohammad Resha Pratama - Sport Rabu, 30 Sep 2026 03:30 WIB ... Tautan telah disalin Bandar Lampung - DKI Jakarta tampil dominan pada Kejuaraan Nasional Hapkido 2026 yang baru saja selesai. Mereka memborong 20 medali. Kejurnas Hapkido diselenggarakan di Gor Siger, Kota Bandar Lampung, Provinsi Lampung, 26-27 September KAjang ini menjadi tempat berkumpulnya kontingen Hapkido dari berbagai provinsi di Indonesia untuk berkompetisi meraih prestasi tertinggi. Ketua Pengurus Daerah HAPKIDO DKI Jakarta, Deny Alvianto, hadir langsung di Bandar Lampung untuk mengawal dan memberikan semangat secara penuh kepada kontingen Ibu Kota dengan membawa misi utama """"Bergerak Untuk Jakarta Juara!"". SCROLL TO CONTINUE WITH CONTENT Seluruh atlet bersama tim pelatih dan official telah berjuang keras menampilkan kemampuan terbaik yang dipersiapkan melalui program latihan intensif. Misi tersebut terbukti sukses terwujud dengan raihan prestasi membanggakan dengan memboyong total 20 medali, terdiri dari 4 medali Emas, 4 medali Perak, dan 12 medali Perunggu. ADVERTISEMENT Empat medali Emas berhasil disabet oleh Rifqi Firmanda di kategori Kibon Nakbop, Jason Satria Mudali di kategori Gum Hyung, Calista Grace Xelava di kategori Hyung Putri Junior, serta tim beregu yang diperkuat oleh Nesya Nathalina Mangesti Broto, Calista Grace Xelava, dan Christalyn Altaica Yusaky di kategori Beregu Hyung. Baca juga: Tim Hapkido DKI Matangkan Persiapan Kejuaraan Asia dan PON Beladiri Sementara itu, empat medali Perak berhasil diamankan oleh Surya Lucky Apriansyah dari kategori Daeryun Under 58 kg, Jason Satria Mudali di kategori Toya, pasangan Alquin Raphael dan Vennesa Prisscilya di kategori Hosinsul Mix, serta Muhammad Uwais Al Qarni di kategori Daeryun Cadet. Melengkapi pencapaian itu ada total 12 medali perunggu. Pencapaian luar biasa ini semakin mempertegas posisi HAPKIDO DKI sebagai salah satu kekuatan utama dan barometer pembinaan olahraga Hapkido di Indonesia. Ketua Pengda beserta seluruh jajaran pengurus HAPKIDO DKI menyampaikan rasa terima kasih dan apresiasi yang setinggi-tingginya atas perjuangan seluruh atlet serta dukungan pihak-pihak yang terlibat. Slogan ""Jakarta Datang, Jakarta Menang!"" terbukti menjadi wujud nyata dari kerja keras dan sinergi bersama. Ucapan terima kasih yang sebesar-besarnya juga ditujukan kepada Komite Olahraga Nasional Indonesia (KONI) Provinsi DKI Jakarta atas dukungan moril maupun materil yang sangat penting. Dukungan ini menjadi kunci keberhasilan serta motivasi berkelanjutan bagi para atlet untuk terus berprestasi dan mengibarkan nama harum DKI Jakarta di kancah olahraga nasional. Baca juga: Jakarta Borong 10 Medali di Kejurnas Hapkido Video: 'Dosa-dosa' Manchester City yang Dikuliti Komisi Independen Video: 'Dosa-dosa' Manchester City yang Dikuliti Komisi Independen (mrp/pur) ... Tautan telah disalin kejurnas hapkido 2026 hapkido dki jakarta Anda menyukai artikel ini Artikel disimpan",sport,https://sport.detik.com/sport-lain/d-8685200/kejurnas-hapkido-2026-dki-jakarta-borong-20-medali
SP019,"Taufik Hidayat: Terima Kasih, Leo/Daniel! Mercy Raya - detikSport Selasa, 29 Sep 2026 20:10 WIB Jakarta - Wakil Menpora sekaligus Wakil Ketum PP PBSI I Taufik Hidayat berterima kasih kepada Leo Rolly Carnando/Daniel Marthin . Ia bangga melihat atletnya berjuang sampai akhir. Hal itu disampaikan legenda hidup bulutangkis tersebut usai menyaksikan secara langsung perjuangan Leo/Daniel dalam babak final bulutangkis Asian Games pada Selasa (29/9/2026). Taufik bersama Ketum PBSI M.Fadil Imran menyaksikan langsung dari tribune stadion saat Leo/Daniel memenangi medali emas. Leo/Daniel tampil tenang untuk mengatasi pasangan China Liang Weikeng/Wang Chang di final dengan skor akhir 18-21, 21-13, dan 21-18. ADVERTISEMENT SCROLL TO CONTINUE WITH CONTENT Baca juga: Kata-kata Leo/Daniel Setelah Dapat Medali Emas Asian Games 2026 ""Alhamdulillah, emas kedua dari bulu tangkis sekaligus emas ketiga untuk Indonesia,"" tulis Taufik Hidayat dalam akun sosial medianya. ""Selamat dan terima kasih untuk Leo Rolly Carnando/Daniel Marthin yang sudah berjuang luar biasa dan memberikan yang terbaik untuk Merah Putih."" ""Bangga melihat perjuangan dan mental juara kalian sampai akhir. Nikmati kemenangan ini dan semoga menjadi langkah untuk terus menorehkan prestasi berikutnya,"" ucapnya. Baca juga: Leo/Daniel Dibongkar Pasang Dulu, Raih Emas Asian Games Kemudian PBSI atau pun Taufik patut berbangga sekaligus berterima kasih kepada atlet-atletnya. Bagaimanapun, skuad berisi 20 pemain itu sukses mempersembahkan prestasi bagi Indonesia. Selain medali emas dari Leo/Daniel, bulutangkis Indonesia juga merebut emas lainnya dari nomor beregu putra, medali perak dari ganda campuran, dan tiga medali perunggu dari nomor beregu putri, ganda putra persembahan Fajar Alfian/Muhammad Shohibul Fikri , serta tunggal putra Alwi Farhan . Hasil ini memperbaiki capaian bulutangkis Indonesia pada Asian Games 2022. Saat itu, PBSI gagal total setelah capaian terbaiknya cuma sampai perempatfinal, baik nomor beregu maupun individu. (mcy/rin) Anda menyukai artikel ini Artikel disimpan taufik hidayat leo rolly carnando daniel marthin asian games 2026 leo rolly carnando/daniel marthin Komentar",sport,https://sport.detik.com/raket/d-8684982/taufik-hidayat-terima-kasih-leo-daniel
SP020,"Dramatis 3 Gim, Leo/Daniel Sabet Emas Asian Games 2026 Rengga Sancaya - detikSport Selasa, 29 Sep 2026 19:30 WIB / Pebulu tangkis ganda putra Indonesia Leo Carnando (kanan) dan Daniel Marthin (kiri) mengembalikan kok ke arah pebulu tangkis China Liang Wei Keng dan Wang Chang pada final bulu tangkis ganda putra Asian Games 2026 di Ichinomiya City Municipal Gymnasium, Nagoya, Aichi, Jepang, Selasa (29/9/2026).Â ANTARA FOTO/Fauzan Leo/Daniel langsung mendapat tekanan sejak awal pertandingan. Saling kejar poin terjadi sepanjang gim pertama hingga pasangan Indonesia harus kehilangan gim tersebut dengan skor tipis 19-21. ANTARA FOTO/Fauzan Tak ingin kembali tertinggal, Leo/Daniel mengubah permainan pada gim kedua. Mereka lebih berani menekan dan mampu memanfaatkan momentum untuk meninggalkan pasangan China. Gim kedua pun berhasil diamankan dengan skor 21-13. ANTARA FOTO/Fauzan Pertandingan semakin menegangkan ketika kedua pasangan harus memainkan gim ketiga. Setiap poin menjadi penting, sementara Liang/Wang terus berusaha memberikan perlawanan untuk mempertahankan peluang meraih emas. ANTARA FOTO/Fauzan Leo/Daniel akhirnya mampu keluar dari tekanan pada fase krusial. Mereka menjaga keunggulan hingga pertandingan berakhir dengan skor 21-18, sekaligus memastikan kemenangan 2-1 atas wakil China. ANTARA FOTO/Fauzan Kemenangan tersebut disambut penuh sukacita setelah Leo/Daniel memastikan posisi tertinggi di podium. Keduanya kemudian mengikuti upacara penghormatan dan pengalungan medali sebagai peraih emas ganda putra Asian Games 2026. ANTARA FOTO/Fauzan Nagoya - Leo Carnando/Daniel Marthin menyabet emas Asian Games 2026 usai menaklukkan pasangan China Liang Wei Keng/Wang Chang dalam final ganda putra. Anda menyukai artikel ini Artikel disimpan leo/daniel rebut emas emas ganda putra asian games 2026 asian games 2026 fotodetiksport fotodetikcom Komentar",sport,https://sport.detik.com/fotosport/d-8684871/dramatis-3-gim-leo-daniel-sabet-emas-asian-games-2026
SP021,"Kata-kata Leo/Daniel Setelah Dapat Medali Emas Asian Games 2026 Mercy Raya - detikSport Selasa, 29 Sep 2026 18:50 WIB Jakarta - Leo Rolly Carnando/Daniel Marthin berhasil menjadi juara Asian Games 2026. Di balik suksesnya, ada kesempatan yang mereka manfaatkan. Leo/Daniel menyegel gelar juara usai mengalahkan pasangan China Liang Weng Keng/Wang Chang pada babak final Asian Games 2026. Mereka menang dalam permainan ketat tiga gim 18-21, 21-13, dan 21-18. Seusai laga, Daniel mengucap syukur atas medali emas yang diraih. ADVERTISEMENT SCROLL TO CONTINUE WITH CONTENT ""Terima kasih kepada Tuhan. Bersyukur kami berdua tadi saling mengingatkan di permainan tadi, terus juga kami bilang ke satu sama lain, kalau enggak sekarang kapan lagi (juara), jadi kami mau memaksimalkan kesempatan yang sudah diberikan,"" kata Daniel. Senada dengan Daniel, Leo mengungkapkan kunci kemenangan mereka ialah komunikasi. ""Kami menjaga pola permainan dan kami menjaga komunikasi. Kami juga terima kasih sudah dibantu dengan tim pendukung, suporter dan semuanya alhamdulillah berjalan lancar,"" kata Leo. ""Kan pertemuan terakhir kan alhamdulillah menang di Singapore Open, saya sama dia, jadi kayak lebih buat motivasi saja. Kalau enggak sekarang kapan lagi,"" tuturnya. Baca juga: Leo/Daniel Dibongkar Pasang Dulu, Raih Emas Asian Games Kemudian Emosionalnya Leo Bagi Leo, kemenangan ini tentu sangat berarti. Terlebih, setelah prestasi bulutangkis yang sempat menurun. Tak ayal, ia pun begitu emosional saat menang. ""Ya pastinya inget sama orang tua saya. Dan saya juga terima kasih sekarang untuk punya istri (Indah Cahya Sari Jamil),"" ungkap Leo. ""Jadi istri saya mendoakan dan orang tua saya juga sama kakak saya keluarga seluruh keluarga mendoakan, jadi setiap hari saling mengingatkan dan jangan lupa sholat dan lain-lain beribadah. Itulah yang jadi emosional buat saya."" ""Ini medali yang sangat penting ya buat kita berdua buat keluarga buat seluruh Indonesia. Kita tahu kita disorot karena prestasinya turun,"" tambahnya. Medali emas ini juga sebagai pembuktian bulutangkis Indonesia yang tengah menuai kerja kerasnya. Badminton Indonesia sempat disorot dalam beberapa waktu belakangan karena prestasinya yang menurun. ""Jadi ini buat yang teman-teman yang lain, kita semua juga berusaha keras kok atlet dengan dukung pengurus semuanya. Di Cipayung juga kita berlatih lebih keras dan pastinya banyak arahan yang untuk lebih semangat, harus berusaha lebih keras lagi saja sih,"" kata Leo. Baca juga: Leo/Daniel Bawa Bulutangkis RI Capai 30 Emas di Asian Games (mcy/aff) Anda menyukai artikel ini Artikel disimpan leo rolly carnando/daniel marthin asian games 2026 bulutangkis leo/daniel juara asia 2026 Komentar",sport,https://sport.detik.com/raket/d-8684883/kata-kata-leo-daniel-setelah-dapat-medali-emas-asian-games-2026
SP022,"Leo/Daniel Rebut Emas, Indonesia Berjaya di Ganda Putra Asian Games 2026 Rengga Sancaya - detikSport Selasa, 29 Sep 2026 18:23 WIB / Pebulu tangkis ganda putra Indonesia peraih medali emas Leo Carnando (keempat kiri) dan Daniel Marthin (ketiga kiri) dan peraih medali perunggu Fajar Alfian (kedua kanan) dan M Shohibul Fikri (kanan) melakukan hormat bendera saat upacara medali final bulu tangkis ganda putra Asian Games 2026 di Ichinomiya City Municipal Gymnasium, Nagoya, Aichi, Jepang, Selasa (29/9/2026). ANTARA FOTO/Fauzan Pertandingan final berlangsung sengit hingga harus ditentukan melalui tiga gim. Leo/Daniel mengawali laga dengan perjuangan ketat sebelum kehilangan gim pertama dengan skor 19-21. ANTARA FOTO/Fauzan Pebulu tangkis ganda putra Indonesia Leo Carnando (kanan) dan Daniel Marthin (kiri) berfoto bersama medali emasnya usai mengalahkan pebulu tangkis China Liang Wei Keng dan Wang Chang pada final bulu tangkis ganda putra Asian Games 2026. ANTARA FOTO/Fauzan Pebulu tangkis ganda putra Indonesia peraih medali emas Leo Carnando (tengah atas) dan Daniel Marthin (kedua kiri) dan peraih medali perunggu Fajar Alfian (kedua kanan) dan M Shohibul Fikri (kanan) berfoto bersama peraih medali lainnya usai upacara medali final bulu tangkis ganda putra Asian Games 2026 di Ichinomiya City Municipal Gymnasium, Nagoya, Aichi, Jepang.Â ANTARA FOTO/Fauzan Kemenangan tersebut memastikan Leo/Daniel membawa pulang medali emas ganda putra Asian Games 2026. Seusai pertandingan, keduanya mengikuti upacara penghormatan dan pengalungan medali di podium juara. ANTARA FOTO/Fauzan Prestasi Leo/Daniel menjadi tambahan kebanggaan bagi kontingen Indonesia di ajang Asian Games 2026. Perjuangan mereka dalam tiga gim sekaligus menandai keberhasilan merebut emas dari nomor ganda putra. ANTARA FOTO/Fauzan Nagoya - Leo Carnando/Daniel Marthin meraih emas ganda putra Asian Games 2026 setelah mengalahkan pasangan China Liang Wei Keng/Wang Chang di final. Anda menyukai artikel ini Artikel disimpan leo/daniel rebut emas emas ganda putra asian games 2026 asian games 2026 fotodetiksport fotodetikcom Komentar",sport,https://sport.detik.com/fotosport/d-8684854/leo-daniel-rebut-emas-indonesia-berjaya-di-ganda-putra-asian-games-2026
SP023,"Leo/Daniel Dibongkar Pasang Dulu, Raih Emas Asian Games Kemudian Mercy Raya - detikSport Selasa, 29 Sep 2026 18:05 WIB Jakarta - Leo Rolly Carnando/Daniel Marthin sukses mengukir emas di Asian Games 2026. Keberhasilan mereka di multievent Asia tak lepas dari perjalanan bongkar pasang yang mereka lalui. Leo/Daniel meraih emas setelah mengalahkan wakil China Liang Weikeng/Wang Chang 18-21, 21-13, dan 21-18 di Ichinomiya City Municipal Gymnasium, Selasa (29/9/2026). Bagi Leo/Daniel catatan ini tentu sangat istimewa sepanjang mereka berkarier sebagai pebulutangkis. Mereka tak hanya kali pertama meraih medali emas di Asian Games, tinta emas ini juga diraih lewat perjalanan panjang, mulai dari dipasangkan, kemudian berganti pasangan, dan kembali diduetkan oleh pelatih. ADVERTISEMENT SCROLL TO CONTINUE WITH CONTENT Baca juga: Hasil Asian Games 2026: Leo/Daniel Sumbang Emas untuk Indonesia! Leo/Daniel sempat dipisahkan pada pertengahan tahun 2024. Saat itu, pelatih ganda putra Aryono Miranat melakukan bongkar pasang pasangan karena prestasi Leo/Daniel dianggap mulai stagnan usai menjuarai Indonesia Masters 2024. Indonesia Open 2024 menjadi pertandingan terakhir keduanya berpartner. Kemudian Daniel bersama Muhaad Shohibul Fikri, sementara Leo dipasangkan dengan Bagas Maulana. Tapi perjalanan Daniel/Fikri tidak berjalan mulus karena Daniel sempat mengalami cedera yang membuatnya harus menepi cukup lama. Baca juga: Bulutangkis Indonesia di Asian Games 2026: 2 Emas, 1 Perak, 3 Perunggu Setelah hampir setahun menjalani pemulihan, Daniel dinyatakan siap kembali bertanding. PBSI pun memutuskan memasangkannya lagi dengan Leo, apalagi performa Leo/Bagas dalam beberapa turnamen terakhir juga belum konsisten. Thailand Open 2026 menjadi awal debut mereka kembali berpasangan. Tak sekadar tampil sebagai kontestan, pasangan ini justru sukses menjadi jawara. Gelar itu pun membuat peta persaingan ganda putra baik dalam maupun luar jadi lebih ketat. Setelah mengikuti empat turnamen dengan hasil kurang memuaskan, Leo/Daniel kembali menggebrak dunia perbulutangkisan. Mereka kembali menyegel gelar juara. Kali ini di Taipei Open 2026. Hasil tersebut turut membuat keduanya terpilih sebagai salah satu pasangan yang diberangkatkan ke Aichi-Nagoya. Mereka main di beregu putra dan individu. Lagi-lagi, Leo/Daniel berhasil diandalkan. Di babak beregu, mereka tercatat dua kali menyumbang poin kemenangan. Terutama saat babak semifinal melawan Chaloempon Charoenkitamorn/Worrapol Thongsa-Nga 21-15, 21-13. Mereka juga menjadi salah satu penentu kemenangan Indonesia atas China dalam babak final. Leo/Daniel mengalahkan He Ji Ting/Liu Yi 23-21, 21-10 dan berhasil membuat Indonesia imbang 1-1 dengan China. Indonesia saat itu masih tertinggal 1-2. Sampai akhirnya, tim beregu putra Merah Putih berhasil merebut medali emas. Perjuangan Leo/Daniel tak kalah heroik di perorangan. Setelah mulus hingga semifinal, keduanya dipertemukan oleh pasangan nomor 1 dunia asal Korea Selatan Kim Won Ho/Seo Seung Jae. Melawan pemain top, Leo/Daniel tak minder. Mereka justru membuktikan kemampuannya dengan mengalahkan Kim/Seo dua gim langsung 21-11, 21-14. Sampai di puncaknya, performa Leo/Daniel meningkat. Mereka melawan Liang Weng Keng/Wang Chang dan menang dalam permainan ketat tiga gim 18-21, 21-13, dan 21-18. Leo/Daniel menyegel emas! Baca juga: Leo/Daniel Ikuti Jejak Tjun Tjun/Johan, The Daddies, hingga Minions (mcy/aff) Anda menyukai artikel ini Artikel disimpan leo rolly carnando/daniel marthin asian games 2026 leo/daniel juara asia 2026 Komentar",sport,https://sport.detik.com/raket/d-8684750/leo-daniel-dibongkar-pasang-dulu-raih-emas-asian-games-kemudian
SP024,"Leo/Daniel Bawa Bulutangkis RI Capai 30 Emas di Asian Games Kris FW - detikSport Selasa, 29 Sep 2026 17:35 WIB Jakarta - Leo Rolly Carnando/Daniel Marthin menorehkan catatan penting untuk Indonesia di Asian Games 2026. Emas dari Leo/Daniel membuat bulutangkis kini sudah mempersembahkan 30 keping emas bagi Indonesia sepanjang sejarah Asian Games. Leo/Daniel menjadi juara ganda putra setelah mengalahkan pasangan China Liang Weikeng/Wang Chang di final Asian Games 2026, Selasa (29/9/2026). Hasil tersebut menambah emas Indonesia sekaligus melengkapi catatan emas dari cabang bulutangkis pada edisi kali ini. Sebelumnya, bulutangkis sudah menyumbangkan satu emas melalui beregu putra. Indonesia mengalahkan China 3-2 di final, dengan Leo/Daniel turut menyumbangkan poin lewat kemenangan atas He Ji Ting/Liu Yi. ADVERTISEMENT SCROLL TO CONTINUE WITH CONTENT Baca juga: Hasil Asian Games 2026: Leo/Daniel Sumbang Emas untuk Indonesia! Berdasarkan rekap historis Indonesia di Asian Games, bulutangkis sebelumnya mengoleksi 28 emas. Dengan dua emas pada Asian Games 2026, jumlahnya kini menjadi 30 emas. Rekap sebelum edisi 2026 mencatat bulutangkis berada di posisi teratas dengan 28 emas. Artinya, Leo/Daniel tidak sekadar menambah medali untuk kontingen Merah Putih. Mereka juga membantu bulutangkis memperlebar catatan sebagai cabang olahraga penyumbang emas terbanyak Indonesia di Asian Games. Cabang olahraga penyumbang emas terbanyak Indonesia* No. Cabang olahraga Emas 1 Bulutangkis 30 2 Tenis 15 3 Pencak silat 14 4 Balap sepeda 6 5 Atletik 4 *keterangan: 5 besar, setelah emas dari Leo/Daniel. Baca juga: Leo/Daniel Ikuti Jejak Tjun Tjun/Johan, The Daddies, hingga Minions (krs/rin) Anda menyukai artikel ini Artikel disimpan bulutangkis asian games 2026 leo rolly carnando daniel marthin medali emas olahraga indonesia ganda putra sejarah bulutangkis kontingen merah putih prestasi olahraga juara asean 2026 kusuka Komentar",sport,https://sport.detik.com/raket/d-8684731/leo-daniel-bawa-bulutangkis-ri-capai-30-emas-di-asian-games
SP025,"Leo/Daniel Ikuti Jejak Tjun Tjun/Johan, The Daddies, hingga Minions Kris FW - detikSport Selasa, 29 Sep 2026 17:02 WIB Jakarta - Leo Rolly Carnando/Daniel Marthin menambah daftar pasangan Indonesia yang pernah meraih emas ganda putra Asian Games. Mereka mengikuti jejak para legenda, dari Tjun Tjun/Johan Wahjudi, Ricky Subagja/Rexy Mainaky, hingga The Daddies dan Minions. Leo/Daniel memastikan emas ganda putra Asian Games 2026 setelah mengalahkan pasangan China, Liang Weikeng/Wang Chang, pada final di Ichinomiya City Gymnasium, Selasa (29/9/2026). Kemenangan itu sekaligus mengembalikan emas ganda putra ke Indonesia setelah terakhir kali diraih Marcus Fernaldi Gideon/Kevin Sanjaya Sukamuljo pada 2018. Bagi Indonesia, keberhasilan Leo/Daniel membuat ada delapan pasangan berbeda yang pernah meraih emas ganda putra Asian Games. Jumlah gelarnya sendiri menjadi sembilan karena Ricky Subagja/Rexy Mainaky pernah juara dua kali, pada 1994 dan 1998. ADVERTISEMENT SCROLL TO CONTINUE WITH CONTENT Baca juga: Hasil Asian Games 2026: Leo/Daniel Sumbang Emas untuk Indonesia! Jejak itu dimulai pada Asian Games 1974 di Tehran. Tjun Tjun/Johan Wahjudi menjadi pasangan Indonesia pertama yang merebut emas ganda putra. Empat tahun kemudian, giliran Ade Chandra/Christian Hadinata yang berjaya di Bangkok 1978. Christian Hadinata kembali menjadi juara pada 1982. Kali ini ia berpasangan dengan Icuk Sugiarto di Asian Games New Delhi. Setelah melewati dua edisi tanpa emas pada 1986 dan 1990, Indonesia kembali ke podium tertinggi lewat Ricky Subagja/Rexy Mainaky. Mereka bahkan melakukannya dua kali beruntun pada 1994 dan 1998. Baca juga: Pesan Taufik Hidayat ke Leo/Daniel Era berikutnya menghadirkan Markis Kido/Hendra Setiawan yang menjadi juara di Guangzhou 2010. Empat tahun berselang Hendra kembali merebut emas di Incheon 2014, kali ini bersama Mohammad Ahsan -- melahirkan pasangan berjuluk The Daddies. Kemudian pada Asian Games 2018 di Jakarta-Palembang, giliran Kevin Sanjaya Sukamuljo/Marcus Fernaldi Gideon alias Minions yang menyabet keping emas ganda putra. Indonesia harus menunggu hingga 2026 untuk kembali berjaya di nomor ini. Kini, nama Leo/Daniel masuk ke dalam deretan tersebut. Mereka menjadi pasangan Indonesia kedelapan yang mempersembahkan emas ke-9 dari nomor ganda putra Asian Games -- dengan Ricky/Rexy meraih emas sebanyak dua kali. Daftar pasangan emas ganda putra Indonesia Tahun Pasangan 1974 Tjun Tjun/Johan Wahjudi 1978 Ade Chandra/Christian Hadinata 1982 Christian Hadinata/Icuk Sugiarto 1994 Ricky Subagja/Rexy Mainaky 1998 Ricky Subagja/Rexy Mainaky 2010 Markis Kido/Hendra Setiawan 2014 Mohammad Ahsan/Hendra Setiawan 2018 Marcus Fernaldi Gideon/Kevin Sanjaya Sukamuljo 2026 Leo Rolly Carnando/Daniel Marthin (krs/aff) Anda menyukai artikel ini Artikel disimpan ganda putra asian games 2026 emas badminton indonesia tjun tjun ricky subagja the daddies minions sejarah badminton leo rolly carnando/daniel marthin leo rolly carnando daniel marthin Komentar",sport,https://sport.detik.com/raket/d-8684652/leo-daniel-ikuti-jejak-tjun-tjun-johan-the-daddies-hingga-minions
SP026,"Bulutangkis Indonesia di Asian Games 2026: 2 Emas, 1 Perak, 3 Perunggu Afif Farhan - detikSport Selasa, 29 Sep 2026 16:27 WIB Jakarta - Bulutangkis Indonesia sumbang enam medali di Asian Games 2026. Itu termasuk dua emas, terbaru dari Leo/Daniel! Tuntas sudah perjuangan tim bulutangkis Indonesia di Asian Games 2026 yang berjumlah 20 orang. Mereka bawa pulang enam medali. Baca juga: Taufik Hidayat Kuatkan Amri/Nita ADVERTISEMENT SCROLL TO CONTINUE WITH CONTENT Rinciannya adalah dua medali emas, satu medali perak, dan tiga medali perunggu. Target capai emas tercapai! Dua medali emas dipersembahkan oleh tim bulutangkis beregu putra dan ganda putra Leo Rolly Carnando/Daniel Marthin. Tim beregu putra kalahkan China. Leo/Daniel pun mengalahkan wakil China, Liang Weikeng/Wang Chang. Menariknya, dua medali emas itu didapat dari situasi yang sama. Mereka comeback! Baca juga: Hasil Asian Games 2026: Leo/Daniel Sumbang Emas untuk Indonesia! Baca juga: Ini Alasan Rizki Juniansyah Absen di Asian Games 2026 Medali perak disumbangkan oleh ganda campuran, Amri Syahnawi/Nita Violina Marwah. Tiga perunggu disumbangkan Fjar/Fikri, Alwi Farhan, dan tim beregu putri. Alwi Farhan dan Mohammad Zaki Ubaidillah mencuri panggung. Kedua pebulutangkis muda itu bisa bawa tim beregu putra untuk comeback. Amri/Nita pun torehkan catatan. Mereka jadi ganda campuran pertama Indonesia yang menembus final Asian Games dalam 12 tahun terakhir. Leo/Daniel bikin ganda putra Indonesia unjuk gigi lagi. Meski sempat digonta-ganti pasangan sebelum Asian Games, mereka akhirnya bisa bawa pulang medali emas. Selamat! (aff/krs) Anda menyukai artikel ini Artikel disimpan asian games 2026 leo rolly carnando/daniel marthin bulutangkis medali juara asia 2026 Komentar",sport,https://sport.detik.com/raket/d-8684550/bulutangkis-indonesia-di-asian-games-2026-2-emas-1-perak-3-perunggu
SP027,"Hasil Asian Games 2026: Leo/Daniel Sumbang Emas untuk Indonesia! Lucas Aditya - Sport Selasa, 29 Sep 2026 16:05 WIB ... Tautan telah disalin Jakarta - Leo Rolly Carnando / Daniel Marthin menyumbang emas untuk Indonesia di ajang Asian Games 2026. Mereka mengalahkan pasangan China Liang Weikeng/Wang Chang 18-21, 21-13, dan 21-18. Di Ichinomiya City Municipal Gymnasium, Selasa (29/9/2026), gim pertama final cabor bulutangkis Asian Games 2026 nomor ganda campuran antara Leo/Daniel vs Liang/Wang berjalan ketat. Sempat ketinggalan, Leo/Daniel bisa menyamakan kedudukan saat skor 18-18. Leo/Daniel akhirnya harus mengakui keunggulan Liang/Wang dengan skor 18-21. Pukulan Daniel melebar hingga membuahkan poin kemenangan untuk Liang/Wang pada gim pertama. SCROLL TO CONTINUE WITH CONTENT Baca juga: Pesan Taufik Hidayat ke Leo/Daniel Gim kedua berjalan, Leo/Daniel berjuang keras agar laga berlangsung rubber game. Pada interval gim kedua, Leo/Daniel unggul atas Liang/Wang dengan skor 11-8. Setelah mengelap keringat, Liang/Wang merih poin. Kini, mereka tertinggal 9-11 dari Leo/Daniel. Hingga gim kedua habis, Leo / Daniel tak terbendung. Pasangan berjuluk The Babies itu menang dengan skor 21-13. Final Asian Games 2026 cabor bulutangkis nomor ganda putra lanjut ke gim ketiga. Pertarungan di gim penentuan juga ketat. Margin poin antara Leo/Daniel dengan Liang/Wang cukup tipis, cuma dua poin. Saat jeda, Leo/Daniel unggul 11-9. Baca juga: Hasil Asian Games 2026: Fajar/Fikri Kandas di Semifinal, Raih Perunggu Leo/Daniel mendulang poin lagi. Setelah memenangi rally, poin Leo/Daniel bertambah menjadi 12-9. Smash keras Leo/Daniel kembali bertambah dengan sebuah smash keras, kedudukan menajdi 13-9. Di sisa gim ketiga, Leo / Daniel sudah tidak terkejar. Mereka memetik kemenangan dengan skor 21-18. Indonesia meraih emas ketiga. Dengan hasil ini, bulutangkis menyumbangkan dua emas, satu perak, tiga perunggu. Emas lain diraih oleh nomor tim beregu putra. Baca juga: Ini Wakil-Wakil RI yang Akan Berebut Emas Bulutangkis Asian Games 2026 Perolehan Medali Indonesia Peringkat Asia #15 Juara Olahraga Asia 2026 INDONESIA 3 Emas 7 Perak 20 Perunggu 30 Total Medali Video: Lihat Lagi Momen Prancis Ukir Sejarah di Kejuaraan Dunia Bulutangkis Video: Lihat Lagi Momen Prancis Ukir Sejarah di Kejuaraan Dunia Bulutangkis (cas/rin) ... Tautan telah disalin hasil asian games 2026 bulutangkis leo rolly carnando daniel marthin liang weikeng wang chang leo/daniel update medali indonesia kusuka Anda menyukai artikel ini Artikel disimpan",sport,https://sport.detik.com/raket/d-8684505/hasil-asian-games-2026-leo-daniel-sumbang-emas-untuk-indonesia
SP028,"Desak Made Minta Doa Masyarakat Indonesia di Asian Games 2026 Mercy Raya - detikSport Selasa, 29 Sep 2026 16:01 WIB Jakarta - Atlet panjat tebing Indonesia Desak Made Rita Kusuma Dewi meminta doa dan dukungan masyarakat Indonesia jelang perjuangannya di Asian Games 2026 Aichi-Nagoya. Panjat tebing sudah memulai rangkaian pertandingan pada hari Selasa (29/9/2026) melalui nomor semifinal boulder putra dan kualifikasi speed putri. Desak Made menjadi salah satu wakil Indonesia di nomor speed putri dan bertekad memberikan performa terbaik. ""Kalau dibilang perasaannya sangat sama seperti Asian Games sebelumnya. Makanannya, penonton, terus support. Dari diri sendiri juga, selalu mengusahakan dan di setiap sesi latihan selalu mengusahakan yang terbaik, latihan dengan baik, dan berharap juga Asian Games ini hasilnya juga baik,"" kata Desak dalam keterangan tertulis, Selasa (29/9/2026). ADVERTISEMENT SCROLL TO CONTINUE WITH CONTENT Desak mengakui ada hal yang cukup berbeda di Aichi-Nagoya, yakni suhu udara yang dingin. Kondisi tersebut cukup berpengaruh saat melakukan pemanasan karena atlet perlu memastikan tubuh tetap hangat sebelum memanjat. ""Kalau untuk pemanasan sih lumayan pengaruh. Pertama forehand, muternya cepat, dan mengkondisikan suhu badan biar nggak dingin. Tangan kalau dingin kan agak kaku,"" jelas Desak. Baca juga: Asian Games: Timnas Panjat Tebing Datang Awal Demi Persiapan Matang Desak Tak Kejar Rekor Meski menghadapi kondisi yang berbeda, Desak tetap fokus memberikan performa terbaik. Motivasi utamanya adalah menjadi yang terbaik untuk diri sendiri dan Indonesia. ""Motivasinya kalau dari pribadi pasti ingin selalu menjadi yang terbaik untuk diri sendiri dan untuk Indonesia juga,"" ungkap Desak. Juara Dunia Panjat Tebing 2023 itu juga tidak menjadikan rekor sebagai target utama. Desak hanya ingin tampil maksimal dalam setiap pemanjatan. ""Bukan rekor, tapi bagaimana saya bisa all out memberikan performa terbaik saya. Dan mulus sampai big final,"" tegasnya. Desak kemudian meminta doa dari orang tua, keluarga, serta seluruh masyarakat Indonesia. Dukungan tersebut diharapkannya menjadi energi tambahan bagi dirinya dan rekan-rekan atlet Indonesia yang bertanding. ""Tolong doa yang sangat-sangat banyak untuk Desak dan teman-teman yang akan mengikuti kualifikasi besok, dan final juga Desak besok. Semoga di setiap sesi pemanjatan mulus, lancar, sampai big final,"" ucap Desak. Baca juga: Berapa Target Medali Emas Indonesia di Asian Games 2026? (mcy/krs) Anda menyukai artikel ini Artikel disimpan desak made asian games 2026 panjat tebing dukungan masyarakat atlet indonesia performa terbaik kualifikasi speed putri aichi-nagoya doa untuk atlet motivasi olahraga Komentar",sport,https://sport.detik.com/sport-lain/d-8684497/desak-made-minta-doa-masyarakat-indonesia-di-asian-games-2026
SP029,"Amri/Nita Raih Perak Asian Games, Pelatih Sayangkan Hal Ini Mercy Raya - detikSport Selasa, 29 Sep 2026 15:43 WIB Jakarta - Amri Syahnawi/Nita Violina Marwah dinilai punya peluang untuk menang atas pasangan China di final Asian Games 2026. Tapi sayangnya, celah itu gagalmereka manfaatkan. Demikian disampaikan Pelatih Kepala Ganda Campuran Indonesia Nova Widianto, yang menyebut secara target memang sudah tercapai. TapiAmri/Nita masih belum konsisten di pertandingan. ""Kalau dari target memang masuk ya, targetnya kan Amri/Nita dapat medali dan ini bisa perak walaupun tidak unggulan. Hanya di pertandingkan tadi sangat disayangkan, dari konsisten mereka untuk menerapkan pola sepanjang pertandingan yang belum,"" kata Nova dalam keterangannya melalui federasi, Selasa (29/9/2026). ADVERTISEMENT SCROLL TO CONTINUE WITH CONTENT Baca juga: Amri/Nita Bersyukur walau Gagal Dapat Emas Asian Games 2026 Nova sendiri telah mewanti-wanti peraih medali perunggu Kejuaraan Dunia 2026 ini. Namun, Amri/Nita malah main terburu-buru dan akhirnya kalah. ""Dari awal sudah oke tapi saat unggul 19-16 di gim pertama mereka ada rasa kesempatan untuk menang malah terburu-buru. Jadi dari servis pun mereka sudah berubah dan tadi mereka akui itu,"" tuturnya. ""Saya sendiri juga maklum karena proses untuk jadi juara memang begitu. Secara konsistensi mereka masih harus banyak peningkatan."" Menurut Nova, Amri/Nita memiliki potensi baik dari serangan, defense, dan permainan depan. Hanya saja belum konsisten dalam penerapannya di lapangan. ""Terus terang dari persiapan setelah Kejuaraan Dunia kan tidak panjang tapi mereka maksimal dari kesungguhan dan keyakinan mereka, setelah perunggu di Kejuaraan Dunia ada keyakinan untuk bisa mengulang atau melebihi hasil itu,"" kata eks pelatih Malaysia ini. ""Selain mentalitas yang saya terapkan, lebih ke pola main yang saya yakinkan mereka, karena mereka harus bisa bermain begini sebenarnya. Kalau dari segi permainan, saya rasa mereka sudah bisa diandalkan,"" ujar Nova. Baca juga: Taufik Hidayat Kuatkan Amri/Nita (mcy/aff) Anda menyukai artikel ini Artikel disimpan asian games 2026 amri syahnawi/nita violina marwah bulutangkis juara asean 2026 Komentar",sport,https://sport.detik.com/raket/d-8684450/amri-nita-raih-perak-asian-games-pelatih-sayangkan-hal-ini
SP030,"Ngaku Hafal Sirkuit MotoGP? Tebak Tikungan Motegi dan Raih Hadiah Rp 750 Ribu Rahmat Khairurizqi - Sport Selasa, 29 Sep 2026 14:21 WIB ... Tautan telah disalin Jakarta - Seberapa jauh pengetahuan kamu soal sirkuit-sirkuit yang menjadi arena pertarungan para rider MotoGP? Kali ini, Bold Riders bersama detikcom mengajak kamu menguji ingatan lewat kuis Tebak Jumlah Tikungan Sirkuit Motegi. Sirkuit Motegi atau Mobility Resort Motegi merupakan salah satu lintasan yang rutin menjadi tuan rumah MotoGP Jepang. Trek sepanjang 4,8 kilometer ini punya karakter yang cukup khas karena para rider harus melewati sejumlah zona pengereman keras sepanjang satu putaran. Motegi bahkan dikenal sebagai salah satu sirkuit yang menuntut kerja keras sistem pengereman. Para rider harus berulang kali melakukan deselerasi sebelum memasuki tikungan, sehingga kemampuan mengatur pengereman menjadi salah satu kunci saat melibas lintasan ini. SCROLL TO CONTINUE WITH CONTENT Nah, seberapa hafal kamu dengan layout Sirkuit Motegi? Jangan cuma tahu nama sirkuitnya, sekarang coba tebak berapa jumlah tikungan yang ada di lintasan tersebut. Lewat kuis Tebak Jumlah Tikungan Sirkuit Motegi, kamu cukup menuliskan jawaban di kolom komentar postingan kuis di Instagram. Tiga detikers dengan jawaban yang benar berkesempatan mendapatkan saldo e-wallet masing-masing senilai Rp250 ribu. ADVERTISEMENT Cara Ikutannya Gampang Buat detikers yang mau menguji pengetahuan soal Sirkuit Motegi sekaligus berkesempatan mendapatkan hadiah, berikut mekanisme yang perlu diikuti: 1. Follow akun Instagram resmi @detikcom dan @boldriders. 2. Tulis jawaban jumlah tikungan Sirkuit Motegi di kolom komentar. 3. Mention @detikcom, @boldriders, dan 2 teman terdekatmu. 4. Pastikan mengikuti seluruh ketentuan yang berlaku. Perlu dicatat, kuis ini hanya berlangsung dalam waktu terbatas, yakni 29 September-3 Oktober 2026. Jadi, jangan sampai kelewatan periodenya. [Gambas:Instagram] Siap Uji Ingatan soal Sirkuit MotoGP Motegi bukan sekadar lintasan dengan deretan tikungan. Karakter sirkuit yang banyak menghadirkan pengereman membuat setiap bagian trek punya tantangannya sendiri. Buat kamu yang sering mengikuti MotoGP Jepang, ini bisa menjadi kesempatan untuk menguji seberapa baik kamu mengenali salah satu sirkuit yang sudah lama menjadi bagian dari kalender MotoGP. Jadi, sudah tahu jawabannya? Langsung cek postingan kuisnya di Instagram @detikcom dan @boldriders, tulis jawabanmu di kolom komentar, lalu ajak dua teman terdekatmu untuk ikut bermain. Tiga detikers dengan jawaban yang benar akan mendapatkan saldo e-wallet masing-masing Rp250 ribu. Selamat mencoba dan semoga beruntung! Jangan lupa juga follow Instagram @boldriders untuk mendapatkan berbagai update seputar MotoGP, konten otomotif, hingga informasi event seru lainnya. Video: Daftar Rider yang Belum Dapat Kursi MotoGP 2027 Video: Daftar Rider yang Belum Dapat Kursi MotoGP 2027 (prf/ega) ... Tautan telah disalin sirkuit motegi kuis motogp motogp la bold bold riders bold riders podium picks Anda menyukai artikel ini Artikel disimpan",sport,https://sport.detik.com/moto-gp/d-8684247/ngaku-hafal-sirkuit-motogp-tebak-tikungan-motegi-dan-raih-hadiah-rp-750-ribu
SP031,"Taufik Hidayat Kuatkan Amri/Nita Mercy Raya - detikSport Selasa, 29 Sep 2026 14:05 WIB Jakarta - Amri Syahnawi/Nita Violina Marwah pulang dengan membawa medali perak Asian Games 2026. Wakil Ketua Umum I PBSI Taufik Hidayat ucapkan selamat. Amri/Nita meraih medali perak saat menghadapi unggulan kedua asal China Jiang Zhen Bang/Wei Ya Xin. Mereka kalah dua gim langsung 19-21, 8-21 pada laga final Selasa (29/9/2026). ""Selamat untuk Amri Syahnawi/Nita Violina Marwah atas perjuangan luar biasa hingga membawa pulang medali perak Asian Games Aichi-Nagoya 2026,"" kata Taufik melalui akun sosial medianya. ADVERTISEMENT SCROLL TO CONTINUE WITH CONTENT Baca juga: Hasil Asian Games 2026: Amri/Nita Kalah, Raih Medali Perak Menurut Taufik, sejak awal ganda campuran memang tak dipatok target tinggi. Mereka hanya diminta membawa pulang medali. Tapi Amri/Nita berhasil memberikan lebih dari medali perunggu. Mereka menembus final Asian Games 2026 dan mengalahkan pasangan nomor satu dunia Feng Yan Zhe/Huang Dongping. Semakin istimewa karena Amri/Nita menjadi ganda campuran pertama Indonesia yang menembus final Asian Games dalam 12 tahun terakhir. ""Dari target awal meraih medali, kalian berhasil melangkah sampai final,"" ujar Taufik yang juga Wamenpora. ""Terima kasih sudah berjuang dan memberikan yang terbaik untuk Merah Putih. Jadikan ini bekal untuk terus berkembang. Semangat dan terus berjuang di turnamen berikutnya!"" Baca juga: Amri/Nita Bersyukur walau Gagal Dapat Emas Asian Games 2026 Sementara itu, Amri/Nita menyebut pencapaian mereka sudah baik. Tinggal ke depannya mereka bertekad untuk selalu improve. ""Sebenarnya ini melampaui target dari federasi. Dari pelatih dan federasi targetnya yang penting dapat medali. Kita bisa melaju ke final dan (dapat) silver, saya rasa ini pencapaian yang cukup baik dan kita harus bersyukur, selalu improve, (agar tahu) apa lagi yang harus diperbaiki,"" kata Amri. (mcy/aff) Anda menyukai artikel ini Artikel disimpan amri syahnawi/nita violina marwah asian games 2026 taufik hidayat bulutangkis juara asia 2026 Komentar",sport,https://sport.detik.com/raket/d-8684201/taufik-hidayat-kuatkan-amri-nita
SP032,"Bintang/Sofyan Tembus Perempatfinal Voli Pantai Asian Games Mercy Raya - detikSport Selasa, 29 Sep 2026 13:50 WIB Jakarta - Bintang Akbar/Sofyan Rachman Efendi menembus babak perempatfinal voli pantai putra Asian Games 2026. Mereka masih menunggu lawan antara Qatar atau China. Bertanding di babak 16 besar, pada Selasa (29/9/2026), Bintang/Sofyan harus melewati pertandingan ketat sebelum memastikan tempat di delapan besar. Meski berstatus unggulan ketiga, Bintang/Sofyan sempat kesulitan mengembangkan permainan pada set pertama saat menghadapi Oman Hood Al Jalaboubi/Mazin Al Hashimi. Namun, mereka berhasil menyelesaikan laga set langsung 22-20, 21-18. ADVERTISEMENT SCROLL TO CONTINUE WITH CONTENT Baca juga: Amri/Nita Bersyukur walau Gagal Dapat Emas Asian Games 2026 Pelatih timnas voli pantai Indonesia Andi Ardiansyah mengatakan atletnya sempat tak bisa mengeluarkan pola mainnya. Secara khusus, Bintang, yang dinilainya belum tampil dengan kepercayaan diri penuh, sehingga permainan mereka justru mengikuti pola yang diterapkan lawan. ""Set pertama anak-anak sempat tidak percaya diri, terutama Bintang. Gaya permainan anak-anak sempat mengikuti lawan sehingga lawan dapat mendikte anak-anak sampai skor kejar-kejaran,"" kata Andi dalam keterangan tertulis, seusai laga. Situasi tersebut membuat perolehan angka kedua pasangan berlangsung ketat. Andi kemudian meminta Bintang/Sofyan mengubah pendekatan permainan. Hasilnya, Bintang/Sofyan mampu mengatasi tekanan dan mengamankan set pertama 22-20. ""Setelah time out anak-anak saya suruh jangan ngikut permainan lawan. Alhamdulillah anak-anak bisa memenangkan pertandingan,"" ujar Andi. Baca juga: Ini Alasan Rizki Juniansyah Absen di Asian Games 2026 Memasuki set kedua, Bintang/Sofyan berusaha menjaga momentum. Mereka kembali terlibat dalam persaingan ketat, tetapi mampu mempertahankan keunggulan hingga menang 21-18 sekaligus menutup pertandingan dalam dua set. Kemenangan itu mengantarkan Bintang/Sofyan ke babak delapan besar. Saat ini, mereka masih menunggu lawan yang merupakan pemenang dari laga Musa Alkeer Mou/Mohamed Zainelabedin (Qatar) dan Song Jinyang/Wang Yanwei (China). (mcy/aff) Anda menyukai artikel ini Artikel disimpan asian games 2026 bintang akbar/sofyan rachman juara asia 2026 voli pantai Komentar",sport,https://sport.detik.com/sport-lain/d-8684161/bintang-sofyan-tembus-perempatfinal-voli-pantai-asian-games
SP033,"Amri/Nita Bersyukur walau Gagal Dapat Emas Asian Games 2026 Mercy Raya - detikSport Selasa, 29 Sep 2026 12:50 WIB Jakarta - Amri Syahnawi/Nita Violina Marwah tetap bersyukur meski gagal meraih medali emas Asian Games 2026. Keduanya berharap catatan istimewa itu membawa mereka lebih konsisten ke depannya. Amri/Nita menjadi salah satu wakil Indonesia yang tersisa di cabor bulutangkis nomor perorangan. Mereka diharapkan dapat merebut medali emas pada multievent kali ini. Tapi sayangnya, asa itu gagal diwujudkan. Mereka takluk dari unggulan kedua asal China Jiang Zhen Bang/Wei Ya Xin 19-21, 8-21 pada laga final Selasa (29/9/2026). ADVERTISEMENT SCROLL TO CONTINUE WITH CONTENT Baca juga: Hasil Asian Games 2026: Amri/Nita Kalah, Raih Medali Perak Seusai laga, Amri mengaku bersyukur walau hasilnya tidak seperti yang mereka harapkan. ""Final tadi kami merasa excited, sangat bergairah dari awal. Di gim pertama kami sempat unggul 19-16 tapi kami gagal memanfaatkan momentum,"" kata Amri menyoal jalannya pertandingan. ""Itu jadi titik balik mereka, mereka jadi berani mengembangkan pola permainan mereka sementara kami tidak bisa lepas dari tekanan sampai gim kedua selesai."" Meski pulang dengan medali perak, capaian Amri/Nita bisa disebut membanggakan. Apalagi di tengah ganda campuran Indonesia yang tengah disorot lantaran berbagai persoalan. Sebelum menjadi runner up di Asian Games, mereka sukses membawa pulang medali Kejuaraan Dunia 2026. ""Menurut kami kunci bisa ke final adalah berkomunikasi satu sama lain, mempercayai satu sama lain. Saya dan Nita selalu berkata, kami bisa melakukannya di setiap poin, kami bisa melakukannya di setiap pertandingan, kami fokus di setiap poin untuk mendapatkan poin berikutnya,"" ucap Amri. ""Dengan capaian yang baik di Kejuaraan Dunia dan Asian Games, kami berharap ke depan kami bisa konsisten ke depan dan mencapai hasil yang lebih dari ini,"" tambahnya. Sementara itu, Nita mempersembahkan medali perak ini kepada dirinya sendiri dan tandemnya, Amri. ""Karena saya bisa buktikan dan saya tidak pernah menyerah sampai saya mendapatkan ini. Juga untuk kak Amri, yang selalu percaya bahwa kami bisa melakukannya bersama-sama,"" Nita mengungkapkan. ""Untuk keluarga, untuk PBSI, bapak Ketua Umum, bapak Wakil Ketua Umum dan khususnya tim ganda campuran yang kemarin selama persiapan kami ke sini sangat membantu kami. Tidak hanya 100 persen tapi bahkan 1000 persen,"" sebutnya. (mcy/aff) Anda menyukai artikel ini Artikel disimpan asian games 2026 amri syahnawi/nita violina marwah juara asean 2026 bulutangkis kusuka Komentar",sport,https://sport.detik.com/raket/d-8684059/amri-nita-bersyukur-walau-gagal-dapat-emas-asian-games-2026
SP034,"Indonesia Tambah Medali dari Bulutangkis, Amri/Nita Raih Perak Asian Games 2026 Tripa Ramadhan - detikSport Selasa, 29 Sep 2026 11:37 WIB / Pebulu tangkis ganda campuran Indonesia Amri Syahnawi dan Nita Violina MarwahÂ menghadapi pasangan China Jiang Zheng Bang dan Wei Yaxin pada final bulu tangkis ganda campuran Asian Games 2026 di Ichinomiya City Municipal Gymnasium,Â Nagoya, Jepang, Selasa (29/9/2026). ANTARA FOTO/Fauzan Amri Syahnawi dan Nita Violina Marwah meraih medali perak setelah kalah dua gim dari pasangan China dengan skor 19-21 dan 8-21 pada pertandingan final.Â ANTARA FOTO/FauzanÂ Amri/NitaÂ berfoto dengan medali perak usai final Asian Games 2026.Â ANTARA FOTO/Fauzan Jepang - Amri Syahnawi dan Nita Violina Marwah meraih medali perak Asian Games 2026. Mereka kalah dari Jiang Zheng Bang/Wei Yaxin dalam dua gim di final. Anda menyukai artikel ini Artikel disimpan amri/nita asian games 2026 fotodetiksport fotodetikcom Komentar",sport,https://sport.detik.com/fotosport/d-8683919/indonesia-tambah-medali-dari-bulutangkis-amri-nita-raih-perak-asian-games-2026
SP035,"Maarten Paes Puji Daya Bertahan Indonesia dari Gempuran Malaysia Yanu Arifin - Sport Selasa, 29 Sep 2026 11:10 WIB ... Tautan telah disalin Jakarta - Indonesia menahan gempuran Malaysia meski bermain dengan 10 orang sejak babak pertama laga FIFA ASEAN Cup 2026 . Kiper Maarten Paes memuji daya juang Tim Garuda. Indonesia vs Malaysia berjalan ketat di SUGBK, Senayan, Senin (28/9). Tim Garuda meredam Harimau Malaya tanpa gol meski bermain dengan 10 orang usai Thom Haye dikartu merah pada menit ke-37. Baca juga: Hasil FIFA ASEAN Cup 2026: Indonesia Vs Malaysia 0-0, Garuda Keteteran SCROLL TO CONTINUE WITH CONTENT Tekanan bertubi-tubi bisa dihadirkan Malaysia usai unggul jumlah pemain. Beberapa kali Arif Aiman Cs mengancam gawang Indonesia. Namun pertahanan solid Indonesia bisa meredamnya. Termasuk aksi Justin Hubner yang menghalau bola sepakan Dion Cools di garis gawang pada menit akhir pertandingan. ADVERTISEMENT Maarten Paes bangga usai Indonesia bisa bertahan di laga sulit melawan Malaysia ini. Ia mengakui memang selalu sulit saat harus bermain dengan 10 orang. Baca juga: Klasemen FIFA ASEAN Cup 2026 Usai Indonesia Ditahan Malaysia ""Tentu saat kami harus bermain dengan 10 orang, kami membutuhkan suporter untuk menjadi pemain ke-11 kami, dan saya pikir mereka melakukan itu. Jika Anda harus bermain dengan 10 orang begitu awal, Anda tahu tim akan banyak bertahan sepanjang laga,"" kata Paes. ""Dan saya sangat bangga. Jika Anda melihat sepak pojok terakhir, semua orang memblok bola dan mengamankan clean sheet, ini sangat penting,"" jelasnya. Baca juga: Usai Ditahan Malaysia, Begini Syarat Indonesia ke Final FIFA ASEAN Cup 2026 (yna/raw) ... Tautan telah disalin maarten paes timnas indonesia fifa asean cup fifa asean cup 2026 timnas indonesia vs malaysia hasil fifa asean cup hasil fifa asean cup 2026 Anda menyukai artikel ini Artikel disimpan",sport,https://sport.detik.com/sport-lain/d-8683723/maarten-paes-puji-daya-bertahan-indonesia-dari-gempuran-malaysia
SP036,"Pesan Taufik Hidayat ke Leo/Daniel Mercy Raya - detikSport Selasa, 29 Sep 2026 10:59 WIB Jakarta - Indonesia masih menjaga napas untuk mendapatkan tambahan medali emas dari cabang olahraga bulutangkis Asian Games 2026. Wakil Menpora Taufik Hidayat berpesan agar wakil tersisa di final bisa maksimal. Setelah mengamankan medali emas dari beregu putra dan perunggu beregu putri, dua wakil nomor perorangan ganda putra dan ganda campuran juga menjejak final. Ialah Leo Rolly Carnando/Daniel Marthin dan Amri Syahnawi/Nita Violina Marwah akan memperebutkan medali emas bulutangkis nomor individu pada Selasa (29/9/2026). ADVERTISEMENT SCROLL TO CONTINUE WITH CONTENT ""Masih bernapas lega karena ada ganda putra dan mix double. Semoga bisa mendapat tambahan emas. Tapi kuncinya semua ada pada anak-anak,"" kata Taufik dikutip dari video akun sosial media PBSI. Baca juga: Hasil Asian Games 2026: Amri/Nita Kalah, Raih Medali Perak Sayangnya, Amri/Nita gagal mendapatkan medali emas pada babak final hari ini. Mereka kalah dari Jiang Zhen Bang/Wei Yaxin usai bermain dua gim 19-21, 8-21. Kekalahan itu membuat Amri/Nita harus puas dengan torehan medali perak. Kini, asa bulutangkis Indonesia bertumpu pada pundak Leo/Daniel. Mereka akan menghadapi Liang Wei Keng/Wang Chang. ""Sebenarnya kalau level atas sama saja ya. kalau ranking kayak given saja. Yang penting dia siap, dan bagus kemarin mereka mengalahkan ranking satu,"" kata Taufik yang juga Wakil Ketua Umum I PP PBSI ini. ""Tapi jangan jadi pertanyaan juga, ranking 3 harusnya menang atau gimana. Tapi ini sudah final, enggak ada ranking 1 atau dua, seharusnya sudah maksimal lah semua,"" tegas Taufik. (mcy/aff) Anda menyukai artikel ini Artikel disimpan asian games 2026 leo rolly carnando/daniel marthin taufik hidayat bulutangkis juara asia 2026 Komentar",sport,https://sport.detik.com/raket/d-8683852/pesan-taufik-hidayat-ke-leo-daniel
SP037,"Hasil Asian Games 2026: Amri/Nita Kalah, Raih Medali Perak Novitasari Dewi Salusi - detikSport Selasa, 29 Sep 2026 09:51 WIB Jakarta - Amri Syahnawi / Nita Violina Marwah harus puas dengan medali perak di Asian Games 2026 . Amri/Nita kalah dari wakil China di final ganda campuran. Amri/Nita menghadapi Jiang Zhen Bang/Wei Ya Xin di Ichinomiya City Municipal Gymnasium, Selasa (29/9/2026) pagi WIB. Sempat ketat pada gim pertama, Amri/Nita akhirnya kalah 19-21, 8-21. Pertandingan berjalan ketat pada gim pertama. Kedua pasangan terus kejar-kejaran poin dan Amri/Nita hanya unggul 11-10 saat interval. ADVERTISEMENT SCROLL TO CONTINUE WITH CONTENT Selepas interval, Beberapa kali smes Amri menghasilkan poin untuk pasangan Indonesia. Amri/Nita sempat unggul 18-13 setelah merebut empat poin beruntun. Baca juga: Jadwal Final Bulutangkis Asian Games: Amri/Nita & Leo/Daniel Berburu Emas Namun setelahnya, Amri/Nita kesulitan keluar dari tekanan Jiang/Wei. Sempat unggul 19-17, Amri/Nita kemudian justru ditikung empat poin beruntun oleh Jiang/Wei. Start Amri/Nita pada gim kedua cukup lambat. Sementara lawan langsung merebut empat poin beruntun. Amri/Nita kesulitan mengejar dan tertinggal 5-11 saat interval. Jiang/Wei terus berada di atas angin dan membuat Amri/Nita makin tertinggal 7-16. Amri/Nita akhirnya harus mengakui keunggulan lawan dengan skor 8-21 usai Jiang/Wei merebut lima poin beruntun. Indonesia masih punya satu wakil lagi yang akan berlaga di final bulutangkis Asian Games 2026. Leo Rolly Carnando/Daniel Marthin akan menghadapi Liang Wei Keng/Wang Chang (China). Baca juga: Asian Games 2026: Tenaga Alwi Sudah Terkuras (nds/nds) Anda menyukai artikel ini Artikel disimpan asian games 2026 amri syahnawi nita violina marwah bulutangkis Komentar",sport,https://sport.detik.com/raket/d-8683740/hasil-asian-games-2026-amri-nita-kalah-raih-medali-perak
SP038,"Kata-kata Pelatih Malaysia Usai Diredam 10 Pemain Indonesia Yanu Arifin - Sport Selasa, 29 Sep 2026 09:15 WIB ... Tautan telah disalin Jakarta - Timnas Malaysia diredam 10 pemain Indonesia di FIFA ASEAN Cup 2026 . Begini kata-kata pelatih Tan Cheng Hoe usai Harimau Malaya tak mampu menang. Di SUGBK, Senayan, Senin (28/9/2026), Indonesia bermain dengan 10 orang sejak menit ke-37. Gelandangnya, Thom Haye, diusir wasit usai melanggar keras Arif Aiman. Keunggulan jumlah pemain itu bikin Malaysia langsung memegang kendali permainan. Faisal Halim Cs banyak menekan hingga menit akhir, namun tak ada gol bisa dicetak ke gawang Maarten Paes. SCROLL TO CONTINUE WITH CONTENT Statistik Sofascore menunjukkan, Malaysia mendominasi penguasaan bola mencapai 63 persen, melepaskan 18 shots, dengan 8 yang on target. Sisanya 8 tembakan melenceng dan 2 diblok. Sementara Indonesia cuma membuat 4 tembakan ke gawang, sekali kena tiang dan sisanya meleneng. Penguasaan bolanya juga hanya 37 persen ketimbang Timnas Malaysia . ADVERTISEMENT Baca juga: Hasil FIFA ASEAN Cup 2026: Indonesia Vs Malaysia 0-0, Garuda Keteteran Hasil ini langsung disesalkan pelatih Malaysia. Tan Cheng Hoe mengaku tetap kesulitan bikin gol meski unggul jumlah pemain. ""Kami tidak bisa mengubah setiap peluang menjadi gol, meski sudah mencoba berbagai cara,"" katanya, mengutip Harian Metro. ""Situasinya tidak mudah, meski lawan bermain dengan 10 orang,"" katanya. Baca juga: Usai Ditahan Malaysia, Begini Syarat Indonesia ke Final FIFA ASEAN Cup 2026 Hasil ini bikin Malaysia masih memimpin Grup A FIFA ASEAN Cup 2026 dengan 4 poin, sama dengan Indonesia namun unggul selisih gol. Selanjutnya, Dion Cools Cs akan melawan Singapura, sementara Indonesia menantang Bangladesh. Timnas Malaysia cuma butuh menang dan menjaga keunggulan selisih golnya dari Indonesia untuk bisa ke final FIFA ASEAN Cup 2026 . Sementara bagi Indonesia, Tim Garuda wajib menang dan berharap Malaysia terpeleset melawan Singapura. Baca juga: Kata John Herdman soal Kartu Merah Thom Haye Video: Laga Indonesia Vs Malaysia Selesai Tanpa Pemenang Video: Laga Indonesia Vs Malaysia Selesai Tanpa Pemenang (yna/bay) ... Tautan telah disalin timnas indonesia timnas indonesia vs malaysia tan cheng hoe timnas malaysia fifa asean cup fifa asean cup 2026 hasil fifa asean cup hasil fifa asean cup 2026 Anda menyukai artikel ini Artikel disimpan",sport,https://sport.detik.com/sport-lain/d-8683694/kata-kata-pelatih-malaysia-usai-diredam-10-pemain-indonesia
SP039,"Jadwal Final Bulutangkis Asian Games: Amri/Nita & Leo/Daniel Berburu Emas Novitasari Dewi Salusi - detikSport Selasa, 29 Sep 2026 08:19 WIB Jakarta - Dua wakil Indonesia akan berlaga di final bulutangkis Asian Games 2026 hari ini, Selasa (29/9/2026). Simak jadwal final bulutangkis Asian Games 2026 selengkapnya di sini. Amri Syahnawi / Nita Violina Marwah akan jadi harapan Indonesia untuk mendulang medali emas dari nomor ganda campuran. Amri/Nita akan menghadapi wakil China, Jiang Zhen Bang/Wei Ya Xin. Amri/Nita menjadi ganda campuran pertama Indonesia yang menembus final Asian Games setelah 12 tahun. Terakhir kali wakil Indonesia masuk ke final ganda campuran Asian Games adalah pada 2014 lewat pasangan Tontowi Ahmad/Liliyana Natsir yang kala itu harus puas dengan medali perak. ADVERTISEMENT SCROLL TO CONTINUE WITH CONTENT Dari nomor ganda putra, Leo Rolly Carnando / Daniel Marthin akan menghadapi juara dunia, Liang Wei Keng/Wang Chang, di final. Liang/Wang maju ke partai puncak setelah menyingkirkan Fajar Alfian/Muhammad Shohibul Fikri di semifinal sekaligus menggagalkan all-Indonesian finals. Baca juga: Asian Games 2026: Tangis Haru Iringi Kelolosan Amri/Nita ke Final Ini akan menjadi pertemuan kelima antara Leo/Daniel dan Liang/Wang. Dalam empat duel sebelumnya, Leo/Daniel hanya menang satu kali. Leo/Daniel kalah dari Liang/Wang dalam tiga pertemuan terakhir. Sementara satu-satunya kemenangan Leo/Daniel atas Liang/Wang diraih di Singapore Open 2022. China total menempatkan tiga wakil di final bulutangkis Asian Games 2026. Satu lagi di nomor ganda putri lewat Liu Sheng Shu/Tan Ning yang akan menghadapi Baek Ha Na/Lee So Hee (Korea Selatan). Sementara final tunggal putra mempertemukan dua pebulutangkis Asia Tenggara. Loh Kean Yew (Singapura) akan melawan Kunlavut Vitidsarn (Thailand). Baca juga: Asian Games 2026: Tenaga Alwi Sudah Terkuras Di tunggal putri, duel klasik akan tersaji. Pebulutangkis nomor satu dunia An Se Young (Korea Selatan) akan menghadapi Akane Yamaguchi (Jepang) untuk yang ke-38 kalinya. An unggul 22 kemenangan berbanding 15 milik Yamaguchi. Final bulutangkis Asian Games 2026 akan digelar di Ichinomiya City Municipal Gymnasium, Selasa (29/9/2026), mulai pukul 09.00 WIB. Jadwal Final Bulutangkis Asian Games 2026, Selasa (29/9/2026) XD - Amri Syahnawi/Nita Violina Marwah vs Jiang Zhen Bang/Wei Ya Xin WD - Liu Sheng Shu/Tan Ning vs Baek Ha Na/Lee So Hee WS - An Se Young vs Akane Yamaguchi MD - Leo Rolly Carnando/Daniel Marthin vs Liang Wei Keng/Wang Chang MS - Loh Kean Yew vs Kunlavut Vitidsarn Baca juga: Gagal Dapat Medali Individu Asian Games, Putri KW Kecewa (nds/raw) Anda menyukai artikel ini Artikel disimpan asian games 2026 final bulutangkis amri syahnawi nita violina marwah leo rolly carnando daniel marthin bulutangkis Komentar",sport,https://sport.detik.com/raket/d-8683661/jadwal-final-bulutangkis-asian-games-amri-nita-leo-daniel-berburu-emas
SP040,"Usai Ditahan Malaysia, Begini Syarat Indonesia ke Final FIFA ASEAN Cup 2026 Yanu Arifin - Sport Selasa, 29 Sep 2026 07:16 WIB ... Tautan telah disalin Jakarta - Indonesia ditahan Malaysia dan masih tertahan di peringkat 2 Grup A FIFA ASEAN Cup 2026 . Bagaimana caranya Tim Garuda ke final? Indonesia vs Malaysia berakhir imbang di SUGBK, Senayan, Senin (28/9/2026). Tuan rumah yang sempat kena kartu merah di babak pertama, bisa meredam perlawanan Harimau Malaya hingga menit akhir. Baca juga: Hasil FIFA ASEAN Cup 2026: Indonesia Vs Malaysia 0-0, Garuda Keteteran Berbagi poin bikin belum ada perubahan posisi di Grup A. Malaysia masih memimpin dengan 4 poin, sama dengan Indonesia namun unggul selisih gol. Singapura di posisi 3 dengan 3 poin, dan Bangladesh juru kunci dengan nol poin. SCROLL TO CONTINUE WITH CONTENT Selanjutnya, Indonesia akan melawan Bangladesh, sementara Malaysia melawan Singapura. Masih ada peluang bagi Tim Merah Putih ke final. Di FIFA ASEAN Cup 2026 , hanya juara grup yang berhak melenggang ke final. Artinya, Indonesia wajib menang atas Bangladesh di laga terakhir, sambil berharap Malaysia terpeleset melawan Singapura. ADVERTISEMENT Baca juga: Klasemen FIFA ASEAN Cup 2026 Usai Indonesia Ditahan Malaysia Misal, Indonesia harus menang dan berharap Malaysia vs Singapura imbang. Jika Indonesia imbang atau kalah, maka Indonesia dipastikan harus mengubur mimpi ke final. Situasi itu cuma bikin Indonesia maksimal finis runner rup dan hanya memperebutkan posisi ketiga FIFA ASEAN Cup 2026 . Baca juga: Kata John Herdman soal Kartu Merah Thom Haye Video: Fans Yakin Tim Garuda Bisa Raih Kemenangan Lawan Malaysia Malam Ini Video: Fans Yakin Tim Garuda Bisa Raih Kemenangan Lawan Malaysia Malam Ini (yna/bay) ... Tautan telah disalin timnas indonesia timnas indonesia vs malaysia indonesia vs malaysia fifa asean cup fifa asean cup 2026 klasemen fifa asean cup klasemen fifa asean cup 2026 Anda menyukai artikel ini Artikel disimpan",sport,https://sport.detik.com/sport-lain/d-8683608/usai-ditahan-malaysia-begini-syarat-indonesia-ke-final-fifa-asean-cup-2026
SP041,"Persiapan MotoGP Mandalika 2026 Hampir Rampung 100 Persen Mohammad Resha Pratama - Sport Selasa, 29 Sep 2026 05:15 WIB ... Tautan telah disalin Jakarta - MotoGP Mandalika 2026 kurang dari dua pekan lagi bergulir. Persiapan saat ini sudah hampir rampung sepenuhnya. MotoGP Mandalika kali ini merupakan edisi kelima sejak pertama kali digelar pada 2022. Mengingat rekor jumlah penonton musim lalu sudah pecah, maka panitia lokal tentu ingin melewatinya lagi musim ini. Oleh karena itu persiapan matang sudah dilakukan sejak jauh-jauh hari, termasuk publikasi ke masyarakat. Berdasarkan data Dorna Sports yang dicantumkan dalam Yearbook MGPA, mencatat jumlah penonton MotoGP melalui media penyiaran (broadcasting) di Indonesia mencapai 2.956.333 penonton. SCROLL TO CONTINUE WITH CONTENT Aktivitas terbaru yang dilakukan InJourney Tourism Development Corporation (ITDC) selaku operator MotoGP Mandalika adalah menghadirkan Giant Helmet Pertamina Grand Prix of Indonesia 2026 di Bundaran HI, Jakarta, Minggu (27/9) lewat kegiatan fun walk saat Car Free Day. Giant Helmet Pertamina Grand Prix of Indonesia 2026. (Foto: dok.ITDC) Aktivasi ini juga menjadi momentum untuk mengajak masyarakat bersama-sama meramaikan Mandalika dan memberikan dukungan kepada para pembalap Indonesia yang akan berlaga di kelas dunia. ADVERTISEMENT ""Kami ingin semangat menuju Pertamina Grand Prix of Indonesia 2026 tidak hanya terasa di Mandalika, tetapi juga hadir di tengah masyarakat Indonesia. Giant Helmet di Bundaran HI menjadi salah satu simbol bahwa kita sedang menuju perhelatan besar. Dari Jakarta, kami mengajak masyarakat untuk bersama-sama membangun euforia dan memberikan dukungan kepada para Indonesian heroes, Mario Aji dan Veda Ega Pratama,"" ujar Chairman Pertamina Grand Prix of Indonesia 2026 sekaligus Direktur Operasi ITDC, Troy Warokka , dalam rilis kepada detikSport. Menurut Troy, kesiapan MotoGP Mandalika telah mencapai 95 persen. Tahapan persiapan kini memasuki proses final check untuk memastikan seluruh aspek penyelenggaraan dapat berjalan sesuai target menjelang race week. Baca juga: Menangi MotoGP Austria, Acosta Terbayang Memori Manis di Mandalika ""Kesiapan event sudah mencapai 95 persen dan sekarang kami memasuki fase final check. Di saat yang sama, antusiasme penonton juga terus meningkat. Tiket khusus KTP NTB tahap pertama sudah sold out dan tahap kedua telah dibuka, sementara tiket umum sudah memasuki harga normal. Kami mengajak masyarakat untuk segera mendapatkan tiket dan jangan sampai melewatkan kesempatan menyaksikan langsung Pertamina Grand Prix of Indonesia 2026,"" lanjut Troy. Kesuksesan event yang bernama lengkap Pertamina Grand Prix of Indonesia 2026 ini tak lepas dari dukungan para sponsor seperti Pertamina, Bank Rakyat Indonesia (BRI), Bank Mandiri, Bank Negara Indonesia (BNI), Bank Syariah Indonesia (BSI), Bank Tabungan Negara (BTN), Narmada, Astra Honda Motor (AHM), Extra Joss, Airbnb, MS Glow Men, Red Bull, Hydro Coco, Coca-Cola, Kacang Dua Kelinci, dan Larutan Cap Badak. Sementara itu, Airline Partners yang mendukung penyelenggaraan Pertamina Grand Prix of Indonesia 2026 terdiri atas Pelita Air, Garuda Indonesia, dan Citilink. ""Dari Bundaran HI menuju Mandalika, mari kita bersama-sama membangun energi positif dan memenuhi tribun Pertamina Mandalika International Circuit. Dukungan masyarakat dari tribun akan menjadi energi tersendiri bagi para Indonesian heroes yang membawa nama Indonesia semakin mendunia. Karena itu, kami mengajak seluruh masyarakat untuk hadir di Mandalika, memenuhi tribun, dan bersama-sama memberikan dukungan terbaik kepada para pebalap Indonesia,"" pungkas Troy. Baca juga: Jadwal MotoGP Jepang 2026: Akhir Pekan Ini Race di Motegi Video Balik ke Puncak Klasemen MotoGP, Marc Marquez 'Ngepur'? Video Balik ke Puncak Klasemen MotoGP, Marc Marquez 'Ngepur'? (mrp/raw) ... Tautan telah disalin motogp mandalika 2026 motogp mandalika motogp indonesia 2026 motogp 2026 motogp Anda menyukai artikel ini Artikel disimpan",sport,https://sport.detik.com/moto-gp/d-8683541/persiapan-motogp-mandalika-2026-hampir-rampung-100-persen
SP042,"Menpora Apresiasi Ketum Cabor yang Hadir di Asian Games 2026 Mohammad Resha Pratama - detikSport Selasa, 29 Sep 2026 01:45 WIB Jakarta - Beberapa ketua umum federasi turut hadir menemani perjuangan atlet di Asian Games 2026 . Hal ini dinilai bisa memotivasi atlet untuk tampil lebih baik. Hal ini dikatakan Menteri Pemuda dan Olahraga Erick Thohir. Dia menyebut hal itu merupakan bentuk nyata kepedulian dan perhatian terhadap atlet. Dengan hadir secara langsung, pimpinan federasi dapat melihat dari dekat perjuangan atlet sekaligus memahami situasi dan kebutuhan yang dihadapi selama kompetisi. ADVERTISEMENT SCROLL TO CONTINUE WITH CONTENT ""Saya mengapresiasi para ketua umum cabang olahraga yang hadir langsung di Asian Games untuk mendampingi atletnya berjuang. Ini penting. Ketika ketua umumnya hadir, dia bukan hanya sekedar menonton pertandingan, melainkan bisa melihat langsung perjuangan atlet, memberikan semangat, fokus memperhatikan pertandingan, dan memahami apa yang dibutuhkan atlet,"" tutur Erick. Erick menilai kehadiran ketua umum cabor secara langsung memberikan energi positif dalam perjuangan atlet. Atlet dapat merasakan bahwa perjuangan mereka mendapatkan perhatian dan dikawal bersama oleh seluruh ekosistem olahraga nasional. ""Atlet itu bukan hanya membutuhkan program latihan. Mereka juga membutuhkan rasa bahwa perjuangannya diperhatikan, dikawal, dan dihargai. Ketika para ketua umum cabor hadir langsung di venue, itu menunjukkan bahwa atlet tidak berjuang sendirian,"" tegasnya. Hal itu trbukti dari capaian dua cabang olahraga yang berhasil memenuhi target menyumbangkan medali emas bagi Indonesia di Asian Games 2026, yakni bulu tangkis dan angkat besi. Di cabang bulutangkis, Ketua Umum PP PBSI Muhammad Fadil Imran hadir langsung memberikan motivasi dan mengawal perjuangan para atlet. Bulutangkis jadi cabor pertama menyumbangkan emas untuk Indonesia di nomor beregu putra usai mengalahkan China 3-2. Baca juga: Timnas PUBG Indonesia Bidik Medali di Asian Games 2026 Sementara di cabang angkat besi, Ketua Umum PB PABSI Rosan Perkasa Roeslani juga hadir langsung mendampingi perjuangan atletnya. Hasilnya, Rahmat Erwin Abdullah berhasil meraih emas kelas 75 kg putra pada Sabtu (26/9) serta mencatatkan rekor dunia. ""Saya ingin menyampaikan terima kasih kepada Pak Fadil dan Pak Rosan yang sudah hadir langsung mendampingi dan memberikan perhatian kepada atletnya. Kita bisa melihat, dua cabang olahraga yang ketua umumnya hadir langsung di sini berhasil mencapai target dan mendapatkan medali emas,"" kata Menpora Erick. ""Ini tentu menjadi sesuatu yang positif. Saya senang dua cabang ini berhasil mewujudkan target emas, Indonesia juga bangga. Tetapi sekali lagi, emas ini adalah hasil perjuangan atlet, pelatih, tim pendukung, dan kerja bersama seluruh pihak. Kehadiran ketua umum menjadi bagian dari dukungan dan pengawalan yang menurut saya sangat penting,"" sambungnya. Dia berharap semakin banyak pimpinan cabang olahraga yang dapat hadir langsung ketika atlet Indonesia bertanding di ajang internasional. Menurutnya, kedekatan antara pimpinan federasi olahraga, pelatih, dan atlet akan memperkuat komunikasi serta membantu memastikan kebutuhan atlet mendapatkan perhatian secara langsung. ""Kita ingin semua pihak hadir dan mengambil tanggung jawabnya. Pemerintah mendukung, federasi mengawal, pelatih mempersiapkan, dan atlet berjuang. Kalau semua bergerak bersama, kita punya kekuatan yang lebih besar,"" ujar Erick. Erick mengajak seluruh pihak untuk terus menjaga semangat kebersamaan hingga perjuangan kontingen Indonesia di Asian Games berakhir. ""Terima kasih kepada para ketua umum dan pimpinan cabang olahraga yang hadir langsung mendampingi atlet. Terus berikan dukungan, terus kawal perjuangan mereka. Karena ketika atlet kita berjuang di arena, yang mereka bawa bukan hanya nama cabang olahraganya. Mereka membawa nama Indonesia. Maka kita semua harus hadir untuk mereka,"" pungkas Erick. Baca juga: Ini Wakil-Wakil RI yang Akan Berebut Emas Bulutangkis Asian Games 2026 (mrp/bay) Anda menyukai artikel ini Artikel disimpan menpora erick thohir asian games 2026 Komentar",sport,https://sport.detik.com/sport-lain/d-8683524/menpora-apresiasi-ketum-cabor-yang-hadir-di-asian-games-2026
SP043,"Kart Inc Pro League Season 2 Dimulai, 6 Tim Bersaing Lucas Aditya - Sport Selasa, 29 Sep 2026 00:45 WIB ... Tautan telah disalin Jakarta - Kart inc Pro League (KPL) Season 2 akan segera bergulir. Sebanyak enam tim ambil bagian untuk menjadi yang terbaik. Di Kart inc, Entertainment District PIK 2 pada Oktober hingga Desember 2026, Kart Inc Pro League Season 2. Speed Adrenaline akan berusaha untuk mempertahankan gelar juara. Di season kali ini, Speed Adrenaline akan bersaing dengan Saker Racing Team, Formula IDN Academy, Dewa United Motorsports, DART Elite Karting, AAA Clan, dan Andy Opagaul. ART Elite Karting, AAA Clan, dan Saker Racing Team merupakan tiga tim baru. SCROLL TO CONTINUE WITH CONTENT Baca juga: Juara KPL Season 2 Akan Dikirim ke Finlandia Dalam usaha untuk mempertahankan gelar juara, Speed Adrenaline diperkuat oleh Raphael Anggoman, Demas Agil dan Atthaya Kenzie di kelas Pro kemudian Temmy Senric, Raphael Edmund pada kelas Pro Am dan Raira Bhaskara kelas Pro Am Reserve, Anggia pada kelas Woman, Wiwik di kelas Woman Reserve serta Rayden Anggoman dan Jose Janto pada kelas Junior. ADVERTISEMENT Rayden Anggoman, adik dari Raphael yang akan bertarung di kelas Junior bersama Jose Janto memiliki tekad untuk mendominasi kelas tersebut. ""Persiapan antara lain fisik dan strategi. KPL season 2 musim ini akan lebih seru dan kompetitif karena semakin banyak yang ikutan,"" kata Rayden dalam rilis yang diterima detikSport. Liga gokart listrik profesional ini menawarkan total hadiah Rp 500 juta sekaligus membuka jalur bagi tim juara untuk tampil di SWS E-Sprint International Final 2027 di Finlandia. Baca juga: Avenue Racing Series: Ketika Pelajar SMA Beradu Cepat di Lintasan Juara KPL Season 2 juga akan mendapat dukungan penuh untuk berlaga di Finlandia, termasuk biaya perjalanan dan akomodasi. Kesempatan tersebut menjadi jalur bagi pembalap Indonesia untuk bersaing di panggung internasional. KPL season 2 juga menghadirkan sejumlah perubahan format dan regulasi. Dua dari enam putaran akan menggunakan format Endurance Race yang menguji ketahanan fisik pembalap sekaligus strategi pergantian pembalap setiap tim. Pada kategori Junior, kuota pembalap juga bertambah. Setiap tim dapat menurunkan dua pembalap utama dan satu pembalap cadangan. Baca juga: Tentang Pegokar Abraham Benedict, Wakil RI di Kejuaraan Dunia Video: Saat Max Verstappen Balapan Gokart Lawan 100 Orang Video: Saat Max Verstappen Balapan Gokart Lawan 100 Orang (cas/nds) ... Tautan telah disalin kart inc pro league gokart kpl season 2 Anda menyukai artikel ini Artikel disimpan",sport,https://sport.detik.com/sport-lain/d-8683298/kart-inc-pro-league-season-2-dimulai-6-tim-bersaing
SP044,"Kata John Herdman soal Kartu Merah Thom Haye Muhammad Robbani - Sport Selasa, 29 Sep 2026 00:02 WIB ... Tautan telah disalin Jakarta - Indonesia dipaksa menyesuaikan diri melawan Malaysia usai kartu merah Thom Haye . Pelatih timnas Indonesia John Herdman angkat bicara soal kartu merah itu. Garuda bermain dengan 10 pemain setelah Thom Haye diusir wasit pada menit ke-37 dalam laga kedua FIFA ASEAN Cup 2026. Timnas Indonesia pun dipaksa bermain bertahan melawan Malaysia yang diuntungkan jumlah pemain dalam laga di Stadion Utama Gelora Bung Karno (SUGBK), Jakarta, Senin (28/9/2026). Kartu merah Thom Haye praktis mengubah strategi Indonesia. John Herdman menganggap situasi ini sebagai blessing in disguise alias berkah dalam kesulitan. SCROLL TO CONTINUE WITH CONTENT Baca juga: Hasil Indonesia Vs Malaysia: 10 Pemain Garuda Tahan Harimau Malaya ""Kami mendapatkan kartu merah, menurut saya kartu merah tersebut justru memberikan kesempatan bagi para pemain ini untuk membangun persaudaraan, serta belajar bagaimana berjuang bersama di momen krusial demi negara mereka. Untuk terus melangkah dan terus berjuang,"" kata John Herdman seusai laga. ADVERTISEMENT ""Anda mungkin melihat kartu merah tersebut sebagai sebuah kutukan, tetapi dalam beberapa hal itu adalah sebuah hadiah, karena sebagai bagian dari perjalanan tim ini, kami membutuhkan momen-momen seperti itu,"" ujarnya menambahkan. Pria asal Inggris itu pun memuji habis perjuangan Kevin Diks Cs yang sukses menahan gempuran Malaysia. Tim tamu gagal memanfaatkan keunggulan pemain untuk merebut kemenangan di Jakarta. Baca juga: Syarat Indonesia Lolos ke Final FIFA ASEAN Cup 2026 Malaysia sebenarnya hampir mencuri gol pada akhir laga. Kemelut terjadi di depan kotak penalti, namun barisan pertahanan Indonesia sukses menjaga keperawanan gawang. ""Mereka datang ke sini dan berjuang karena mereka peduli, dan mereka ingin menang. Mereka ingin mengangkat trofi seperti yang belum pernah dicapai oleh siapa pun sebelumnya-tidak oleh tim lain, maupun pelatih lain,"" ucap John Herdman. ""Mereka bersedia berjuang habis-habisan untuk mencapai hal itu. Dan Anda telah melihatnya sendiri malam ini, saya selalu bangga pada mereka. Jadi, kartu merah itu adalah sebuah hadiah sekaligus kutukan,"" tuturnya. Baca juga: Momen Dramatis Justin Hubner Selamatkan Gawang Indonesia di Menit Akhir Video Komentar Penonton Usai 10 Pemain Timnas Indonesia Imbangi Malaysia Video Komentar Penonton Usai 10 Pemain Timnas Indonesia Imbangi Malaysia (mro/raw) ... Tautan telah disalin thom haye john herdman timnas indonesia fifa asean cup 2026 malaysia indonesia vs malaysia Anda menyukai artikel ini Artikel disimpan",sport,https://sport.detik.com/sport-lain/d-8683529/kata-john-herdman-soal-kartu-merah-thom-haye
SP045,"Piala Panglima TNI Selesai, PB Orado Catat Rekor MURI Mohammad Resha Pratama - Sport Senin, 28 Sep 2026 23:45 WIB ... Tautan telah disalin Jakarta - Open Tournament Domino ORADO Piala Panglima TNI 2026 selesai digelar. Rekor MURI pun dicatatkan oleh PB ORADO . Turnamen itu dihelat di GOR Ahmad Yani, Mabes TNI, Cilangkap, Jakarta Timur, Minggu (27/9/2026). Ada ribuan peserta dari wilayah Jakarta, Bogor, Depok, Tangerang, dan Bekasi (Jabodetabek) yang jadi peserta. Para peserta menjalani pertandingan secara bertahap sejak babak awal hingga menyisakan tim-tim terbaik. Ketua Umum PB ORADO Yooky Tjahrial mengatakan Piala Panglima TNI merupakan bagian dari proses pembinaan olahraga domino yang dilakukan secara berjenjang. SCROLL TO CONTINUE WITH CONTENT ""Piala Panglima TNI menjadi momentum penting bagi ORADO untuk menunjukkan bahwa olahraga domino dapat tumbuh melalui kompetisi yang tertib, terukur, dan menjunjung tinggi sportivitas. Kami ingin turnamen ini sekaligus menjadi ruang pembinaan atlet dan memperkuat ekosistem olahraga domino di seluruh Indonesia,"" kata Yooky. Menurut Yooky, kompetisi juga menjadi ruang untuk menemukan atlet-atlet potensial yang nantinya dapat terus dikembangkan melalui sistem pembinaan ORADO. ADVERTISEMENT ""Kami berharap dari kompetisi seperti ini lahir atlet-atlet berprestasi dari berbagai daerah. ORADO akan terus membangun pembinaan secara berjenjang, dari daerah hingga tingkat nasional, agar olahraga domino memiliki fondasi yang semakin kuat,"" ujarnya. Piala Panglima TNI ORADO 2026 digelar dalam rangka memperingati HUT ke-81 TNI. Penyelenggaraan turnamen berlangsung serentak di 101 kota di Indonesia dan melibatkan peserta dari berbagai lapisan masyarakat. Baca juga: Piala Panglima TNI ORADO Resmi Dibuka, Diikuti 512 Tim Kegiatan tersebut melibatkan lebih dari 20.000 peserta dari berbagai daerah. Besarnya jumlah peserta menunjukkan tingginya antusiasme masyarakat terhadap olahraga domino yang terus berkembang di berbagai wilayah. Penyelenggaraan serentak di ratusan daerah itu juga telah memecahkan rekor di Museum Rekor Dunia Indonesia (MURI) dengan ""Kompetisi Domino secara Serentak oleh Peserta Terbanyak"". Sementara itu Ketua Harian PB ORADO Giri Bayu Kusumah mengatakan perkembangan organisasi ORADO saat ini telah menjangkau seluruh provinsi serta ratusan kabupaten dan kota di Indonesia. ""ORADO adalah satu olahraga prestasi yang Insya Allah dipertandingkan di PON. Alhamdulillah kami sudah ada di 38 provinsi dan 309 pengurus cabang kota dan kabupaten. Kami juga telah menyelenggarakan kewajiban-kewajiban kami sebagai anggota KONI,"" jelas Giri. Diketahui PB ORADO saat ini tengah menyiapkan proses pembinaan menuju target keikutsertaan domino sebagai cabang eksibisi pada Pekan Olahraga Nasional (PON) 2028. Baca juga: Usai Dilantik KONI, PB ORADO Siap Hadirkan Kompetisi Berjenjang Video: Klarifikasi Raja Juli Soal Foto Main Domino Bareng Pembalak Liar Video: Klarifikasi Raja Juli Soal Foto Main Domino Bareng Pembalak Liar (mrp/raw) ... Tautan telah disalin pb orado orado piala panglima tni 2026 domino Anda menyukai artikel ini Artikel disimpan",sport,https://sport.detik.com/sport-lain/d-8683517/piala-panglima-tni-selesai-pb-orado-catat-rekor-muri
SP046,"Olimpiade Catur 2026: Indonesia Punya Grand Master Wanita Baru! Lucas Aditya - Sport Senin, 28 Sep 2026 22:45 WIB ... Tautan telah disalin Jakarta - Tim catur Indonesia menolehkan prestasi bagus di Olimpiade Catur 2026 di Samarkand, Uzbekistan. Ada banyak prestasi yang dicatatkan. Olimpiade Catur 2026 berlangsung pada 15-27 September 2026. Tim putra Indonesia menempati posisi ke-35 dari 206 negara. Indonesia mengantongi 27,5 poin hasil dari 11 kali bertanding (44 papan). Tim putri Indonesia juga cukup bagus dengan finis ke-19 dengan total poin 30 angka hasil dari 11 kali pertandingan. Pencapaian pada Olimpiade Catur 2026 ini menunjukkan peningkatan performa yang sangat signifikan jika dibandingkan dengan edisi Olimpiade Catur 2024 di Budapest, Hungaria. SCROLL TO CONTINUE WITH CONTENT Pada Olimpiade Catur 2024, tim Putra Indonesia ada di posisi ke-75. Sedangkan tim Putri ada di peringkat ke-68. Atlet yang juga menjabat Bidang Pembinaan dan Prestasi (Binpres) PB Percasi, GM Susanto Megaranto, mengapresiasi penampilan seluruh wakil Merah Putih. ADVERTISEMENT ""Tim putri tampil luar biasa dengan meraih peringkat ke-19 dunia dari seeded awal 35 dengan jumlah peserta 189 negara. Setelah babak 9, tim tim putri sempat meraih peringkat 10 besar dunia. Namun sayang di babak di dua babak terakhir tim putri harus kalah melawan Vietnam dan di babak terakhir menahan imbang tim kuat dari Eropa, Spanyol,"" kata Susanto dalam rilis yang diterima detikSport. Capaian manis kontingen Merah Putih mendapat apresiasi tinggi dari Ketua Umum PB Percasi Agustiar Sabran. Meski tidak dapat hadir langsung di Uzbekistan, ia terus memantau dan memberikan suntikan motivasi kepada para atlet dari tanah air. ""Kita patut bersyukur, ini adalah sejarah baru buat catur kita. Ini juga jadi target di pengurusan kami untuk terus melahirkan GM baru,"" tegas Agustiar Sabran. Melengkapi torehan manis tersebut, kabar bahagia datang dari pecatur putri Indonesia, WIM Laysa Latifah (2213), yang resmi meraih gelar Women Grandmaster (WGM) dan mengukir sejarah sebagai WGM ke-4 dalam sejarah catur Indonesia. Laysa, yang baru berusia 20 tahun, menyusul jejak seniornya yakni WGM Irene Kharisma Sukandar, WGM Medina Warda Aulia, dan WGM Dewi Ardhiani Anastasia Citra. Laysa mengunci gelar gelar Grand Master Wanita setelah menundukkan WIM Ngoc Thuy Duong Bach dari Vietnam pada babak ke-10, serta ditunjang penampilannya yang gemilang saat menahan imbang GM Nino Batsiashvili dan mengalahkan GM top Jerman Elisabeth Paehtz. Dengan Performance Rating (Rp) mencapai 2404 serta tambahan 7 poin, Laysa resmi memenuhi syarat norma WGM melengkapi dua norma sebelumnya yang didapat di Budapest (Agustus 2024) dan Tarakan (Oktober 2024). ""Yang pastinya saya senang sekali karena saya dan tim putri Indonesia sudah sukses meraih peringkat 19 yang mana awalnya itu starting rank kami hanya berada pada urutan 35. Jadi memang sudah sesuai dengan target awal yang sudah didiskusikan sebelumnya yaitu memperbaiki peringkat,"" kata Laysa. Baca juga: Olimpiade Catur 2026: Indonesia Berjuang Masuk 20 Besar GM-GM INDONESIA 1.â â GM Herman Suradiradja (Alm) - Meraih GM Tahun 1978 2.â â GM Utut Adianto - Meraih GM Tahun 1986 3.â â GM H. Ardiansyah (Alm) - Meraih GM Tahun 1986 4. â GM Edhi Handoko (Alm) - Meraih GM Tahun 1994 5.â â GM Ruben Gunawan (Alm) - Meraih GM Tahunv1997 6.â â GM Cerdas Barus - Meraih GM Tahun: 2002 7.â â GM Susanto Megaranto - Meraih GM Tahun: 2004 8.â â GM Novendra Priasmoro - Meraih GM Tahun: 2020 9.â â GM Sean Winshand Cuhendi - Meraih GM Tahun: 2025 WGM-WGM INDONESIA 1.â â IM WGM Irene Kharisma Sukandar Meraih WGM Tahun 2009 Meraih IM 2014 2.â â IM WGM Medina Warda Aulia Meraih WGM Tahun: 2013 Meraih IM Tahun: 2020 3.â â WGM Dewi Ardhiani Anastasia Citra Meraih WGM Tahun: 2022 4.â â WGM Laysa Latifah Meraih WGM Tahun: 2026 Baca juga: Bali Bakal Gelar Turnamen Catur Internasional Akhir Oktober Video: 'Dosa-dosa' Manchester City yang Dikuliti Komisi Independen Video: 'Dosa-dosa' Manchester City yang Dikuliti Komisi Independen (cas/nds) ... Tautan telah disalin laysa latifah olimpiade catur 2026 olimpiade catur Anda menyukai artikel ini Artikel disimpan",sport,https://sport.detik.com/sport-lain/d-8683295/olimpiade-catur-2026-indonesia-punya-grand-master-wanita-baru
SP047,"Klasemen FIFA ASEAN Cup 2026 Usai Indonesia Ditahan Malaysia Yanu Arifin - Sport Senin, 28 Sep 2026 22:13 WIB ... Tautan telah disalin Jakarta - Posisi Timnas Indonesia belum aman di Grup A FIFA ASEAN Cup 2026 . Situasi itu datang usai Garuda ditahan Malaysia 0-0 di laga kedua. Indonesia melawan Malaysia di laga kedua Grup A. Bermain di Stadion Utama Gelora Bung Karno, Senayan, Senin (28/9/2026), Ole Romeny Cs diredam 0-0. Di laga itu, Indonesia kesulitan sejak awal. Kartu merah Thom Haye di babak pertama bikin Malaysia bisa mengontrol permainan. SCROLL TO CONTINUE WITH CONTENT Beberapa peluang emas didapat Malaysia, namun pertahanan Indonesia masih bisa menahannya. Laga akhirnya tuntas 0-0. Hasil ini bikin Timnas Indonesia mengemas 4 poin, sementara berada di posisi dua Grup A di bawah Malaysia. Harimau Malaya punya raihan poin sama, namun unggul selisih gol. ADVERTISEMENT Baca juga: Hasil FIFA ASEAN Cup 2026: Indonesia Vs Malaysia 0-0, Garuda Keteteran Sementara Singapura di posisi tiga dengan 3 poin. Dan Bangladesh di posisi juru kunci dengan nirpoin. Di FIFA ASEAN Cup 2026, hanya juara grup yang berhak maju ke final. Artinya, Indonesia wajib menang di laga terakhir melawan Bangladesh, sambil berharap Malaysia dan Singapura imbang atau saling gagal meraih kemenangan. Jika terpeleset alias kalah atau imbang, sementara di saat bersamaan Malaysia imbang atau Singapura yang menang, maka Indonesia bisa tersalip dan gagal ke final. Klasemen Grup A FIFA ASEAN Cup 2026 Posisi Tim Main Menang Seri Kalah GF GA GD Poin 1. Malaysia 2 1 1 0 3 0 +3 4 2. Indonesia 2 1 1 0 2 0 +2 4 3. Singapura 2 1 0 1 1 2 -1 3 4. Bangladesh 2 0 0 2 0 4 -4 0 Video: Fans Yakin Tim Garuda Bisa Raih Kemenangan Lawan Malaysia Malam Ini Video: Fans Yakin Tim Garuda Bisa Raih Kemenangan Lawan Malaysia Malam Ini (yna/bay) ... Tautan telah disalin fifa asean cup fifa asean cup 2026 timnas indonesia indonesia vs malaysia timnas indonesia vs malaysia klasemen fifa asean cup klasemen fifa asean cup 2026 Anda menyukai artikel ini Artikel disimpan",sport,https://sport.detik.com/sport-lain/d-8683439/klasemen-fifa-asean-cup-2026-usai-indonesia-ditahan-malaysia
SP048,"Hasil FIFA ASEAN Cup 2026: Indonesia Vs Malaysia 0-0, Garuda Keteteran Yanu Arifin - Sport Senin, 28 Sep 2026 21:43 WIB ... Tautan telah disalin Jakarta - Indonesia vs Malaysia tuntas tanpa pemenang dalam laga Grup A FIFA ASEAN Cup 2026. Kedua tim bermain imbang tanpa gol. Bertanding di Stadion Utama Gelora Bung Karno, Senayan, Senin (28/9/2026), Indonesia dan Malaysia berduel ketat selama 90 menit. Harimau Malaya justru bisa mengontrol pertandingan di kandang Garuda. Faisal Halim Cs tampil merepotkan sejak awal. Indonesia juga kepayahan, sebab harus bermain dengan 10 orang sejak babak pertama. Thom Haye dikartu merah wasit lantaran melanggar Aiman, usai pelanggarannya ditinjau VAR. SCROLL TO CONTINUE WITH CONTENT Keunggulan jumlah pemain tak mampu dimanfaatkan Malaysia. Hingga babak pertama selesai, skor 0-0 tetap bertahan. Di babak kedua, Malaysia banyak menekan Indonesia. Keunggulan jumlah pemain kali bisa dimanfaatkan pasukan Tan Cheng Hoe untuk menekan tuan rumah. ADVERTISEMENT Beberapa peluang sempat didapat Malaysia. Paulo Josue, yang baru masuk di babak kedua, sempat mengancam gawang Maarten Paes pada menit ke-74. Indonesia praktis kesulitan mengembangkan permainan. Di menit-menit akhir, gawang Indonesia nyaris bobol andai Justin Hubner tak bikin penyelamatan gemilang di garis gawang. Hingga laga tuntas, skor 0-0 tetap bertahan. Hasil ini bikin Indonesia mengemas 4 poin dari dua laga di Grup A FIFA ASEAN Cup 2026. Selanjutnya pasukan John Herdman akan melawan Bangladesh, Kamis (1/10/2026). Susunan Pemain Indonesia vs Malaysia Indonesia: Paes, Diks, Baggott, Hubner, James (Tjoe-A-On 82'), Verdonk, Pelupessy, Haye, Oratmangoen (Jenner 42'), Vickery (Baker 68'), Romeny (Ridho 82') Malaysia: Hazmi, Cheng, Cools, Tapp, Corbin-Ong, Laine, Hidalgo (Tierney 73'), Wilkin, Aiman, Bergson (Syahmi Safari 88'), Halim (Josue 54') Video: Fans Yakin Tim Garuda Bisa Raih Kemenangan Lawan Malaysia Malam Ini Video: Fans Yakin Tim Garuda Bisa Raih Kemenangan Lawan Malaysia Malam Ini (yna/raw) ... Tautan telah disalin timnas indonesia fifa asean cup fifa asean cup 2026 indonesia vs malaysia timnas malaysia Anda menyukai artikel ini Artikel disimpan",sport,https://sport.detik.com/sport-lain/d-8683414/hasil-fifa-asean-cup-2026-indonesia-vs-malaysia-0-0-garuda-keteteran
SP049,"Susunan Pemain Indonesia Vs Malaysia di FIFA ASEAN Cup 2026 Novitasari Dewi Salusi - Sport Senin, 28 Sep 2026 19:06 WIB ... Tautan telah disalin Jakarta - Timnas Indonesia melakukan perubahan pada susunan pemainnya untuk menghadapi Malaysia. Meski demikian, Ole Romeny masih jadi andalan di lini depan. Laga Indonesia vs Malaysia di FIFA ASEAN Cup 2026 akan kick-off pada pukul 19.30 WIB di Stadion Utama Gelora Bung Karno, Senin (28/9/2026). Indonesia dan Malaysia sama-sama sudah mengantongi satu kemenangan. Menghadapi Malaysia, Romeny yang mencetak gol ke gawang Singapura kembali dipercaya untuk menjadi ujung tombak. Sementara Mitchell Baker diparkir. SCROLL TO CONTINUE WITH CONTENT Di lini tengah, Thom Haye kembali ke starting XI setelah hanya jadi cadangan di laga melawan Singapura. Sementara Ragnar Oratmangoen, Luke Vickery, dan Joey Pelupessy dipertahankan untuk main lagi sejak awal. Tak ada perubahan di lini pertahanan Indonesia. Maarten Paes masih dipercaya mengawal gawang Indonesia. Begitu pula dengan barisan belakang yang dikawal oleh Justin Hubner, Elkan Baggott, Kevin Diks, Calvin Verdonk, dan Dean James. ADVERTISEMENT Susunan Pemain Indonesia vs Malaysia Indonesia: Paes, Diks, Baggott, Hubner, James, Verdonk, Pelupessy, Haye, Oratmangoen, Vickery, Romeny Malaysia: Hazmi, Cheng, Cools, Tapp, Corbin-Ong, Laine, Hidalgo, Wilkin, Aiman, Bergson, Halim Video: Fans Yakin Tim Garuda Bisa Raih Kemenangan Lawan Malaysia Malam Ini Video: Fans Yakin Tim Garuda Bisa Raih Kemenangan Lawan Malaysia Malam Ini (nds/nds) ... Tautan telah disalin timnas indonesia fifa asean cup 2026 indonesia vs malaysia fifa asean cup Anda menyukai artikel ini Artikel disimpan",sport,https://sport.detik.com/sport-lain/d-8683244/susunan-pemain-indonesia-vs-malaysia-di-fifa-asean-cup-2026
SP050,"Asian Games 2026: Tenaga Alwi Sudah Terkuras Novitasari Dewi Salusi - detikSport Senin, 28 Sep 2026 18:50 WIB Jakarta - Alwi Farhan kecewa gagal ke final Asian Games 2026 . Alwi sudah berusaha habis-habisan, tapi kondisi fisiknya yang sudah menurun tidak mendukung. Alwi terhenti di semifinal setelah kalah dari Kunlavut Vitidsarn. Ia harus mengakui keunggulan wakil Thailand itu dengan skor 13-21, 15-21 dalam pertandingan di Ichinomiya City Municipal Gymnasium, Senin (28/9/2026) siang WIB. Alwi mengakui tenaganya sudah terkuras. Ia sudah mencoba untuk memaksakan diri, tapi tubuhnya sudah tidak sanggup. ADVERTISEMENT SCROLL TO CONTINUE WITH CONTENT Baca juga: Hasil Asian Games 2026: Kalah dari Kunlavut, Alwi Gagal ke Final ""Alhamdulillah masih bersyukur bisa mencapai babak semifinal. Tentu tidak mudah, tentu capek juga pastinya karena dari main di beregu sampai hari ini bertemu lawan-lawan sangat ketat, ada main dua kali sehari juga,"" ujar Alwi dalam rilis yang diterima detikSport. ""Tapi saya tidak mau mengeluh dengan apa yang sudah ada. Saya cukup berterima kasih apapun hasilnya harus saya terima. Walaupun jujur, saya kecewa dengan penampilan hari ini. Saya sudah mencoba dan saya sudah memaksa tubuh saya tapi saya rasa tubuh saya benar-benar kelelahan hari ini sehingga tidak bisa berjuang."" ""Saya rasa saya perlu menunjukkan fighting spirit tapi tadi beberapa kali ada gerakan-gerakan yang rasanya otot memang sudah tidak bisa dipaksa."" Baca juga: Asian Games 2026: Tangis Haru Iringi Kelolosan Amri/Nita ke Final Dengan demikian, Alwi pulang dari Asian Games 2026 dengan raihan satu medali emas dan satu medali perunggu. Pebulutangkis berusia 21 tahun itu berharap bisa memperbaikinya di Asian Games berikutnya. ""Ini menjadi bagian evaluasi bagi saya. Dengan apapun kondisinya, apapun tantangannya saya harus bisa mengatasi. Saya harus mencoba lebih kuat, lebih belajar dan ke depannya masih banyak hal yang perlu saya kejar,"" ucap Alwi. ""Sebenarnya targetnya dua emas tapi belum tercapai. Masih ada kesempatan lagi untuk empat tahun ke depan, semoga Tuhan memberikan saya kesempatan,"" katanya. Baca juga: Ini Wakil-Wakil RI yang Akan Berebut Emas Bulutangkis Asian Games 2026 (nds/cas) Anda menyukai artikel ini Artikel disimpan asian games 2026 alwi farhan bulutangkis Komentar",sport,https://sport.detik.com/raket/d-8683086/asian-games-2026-tenaga-alwi-sudah-terkuras
SP051,"Jadwal MotoGP Jepang 2026: Akhir Pekan Ini Race di Motegi Kris FW - Sport Senin, 28 Sep 2026 15:45 WIB ... Tautan telah disalin Jakarta - MotoGP 2026 kembali bergulir akhir pekan ini. Setelah jeda selama dua pekan, para pebalap akan bertarung pada MotoGP Jepang 2026 di Mobility Resort Motegi, 2-4 Oktober. MotoGP Jepang menjadi seri ke-16 dalam kalender MotoGP 2026. Setelah dari Motegi, rombongan MotoGP akan langsung menuju Indonesia untuk menjalani MotoGP Mandalika pada 9-11 Oktober. Persaingan tidak hanya berlangsung di kelas utama. Moto2 dan Moto3 juga akan menjalani rangkaian latihan, kualifikasi, dan balapan pada akhir pekan ini. SCROLL TO CONTINUE WITH CONTENT Baca juga: Martin Enggan Coret Acosta dari Perburuan Gelar MotoGP 2026 MotoGP tetap menggelar Sprint Race pada Sabtu. Sementara balapan utama tiga kelas akan berlangsung pada Minggu. ADVERTISEMENT Rangkaian MotoGP Jepang dimulai pada Jumat dengan sesi latihan. Moto3 membuka aktivitas di lintasan, disusul Moto2 dan MotoGP. Sabtu menjadi hari yang padat. Selain kualifikasi MotoGP, Moto3 dan Moto2 juga menjalani kualifikasi sebelum Sprint Race MotoGP digelar pada siang hari waktu Indonesia. Pada hari Minggu, balapan dimulai dari kelas Moto3, dilanjutkan Moto2, kemudian MotoGP sebagai sajian utama. Baca juga: Klasemen MotoGP 2026: Jorge Martin Jauhi Marc Marquez Jadwal MotoGP Jepang 2026 Jumat, 2 Oktober 2026 Moto3 FP1: 07.00-07.35 WIB Moto2 FP1: 07.50-08.30 WIB MotoGP FP1: 08.45-09.30 WIB Moto3 Practice: 11.15-11.50 WIB Moto2 Practice: 12.05-12.45 WIB MotoGP Practice: 13.00-14.00 WIB Sabtu, 3 Oktober 2026 Moto3 FP2: 06.40-07.10 WIB Moto2 FP2: 07.25-07.55 WIB MotoGP FP2: 08.10-08.40 WIB MotoGP Q1: 08.50-09.05 WIB MotoGP Q2: 09.15-09.30 WIB Moto3 Q1: 10.45-11.00 WIB Moto3 Q2: 11.10-11.25 WIB Moto2 Q1: 11.40-11.55 WIB Moto2 Q2: 12.05-12.20 WIB MotoGP Sprint Race: 13.00 WIB Minggu, 4 Oktober 2026 MotoGP Warm Up: 07.40-07.50 WIB Moto3 Race: 09.00 WIB Moto2 Race: 10.15 WIB MotoGP Race: 12.00 WIB (krs/rin) ... Tautan telah disalin motogp jepang 2026 jadwal motogp mobility resort motegi balapan motogp moto2 moto3 sprint race kalender motogp 2026 balapan internasional olahraga motor Anda menyukai artikel ini Artikel disimpan",sport,https://sport.detik.com/moto-gp/d-8682576/jadwal-motogp-jepang-2026-akhir-pekan-ini-race-di-motegi
SP052,"Asian Games 2026: Tangis Haru Iringi Kelolosan Amri/Nita ke Final Putra Rusdi K - detikSport Senin, 28 Sep 2026 15:15 WIB Nagoya - Tangis haru mengiringi keberhasilan Amri Syahnawi/Nita Violina Marwah menembus final Asian Games 2026 . Nita terharu bisa menorehkan prestasi ini usai bersama Amri sempat dalam kondisi sulit. Amri Syahnawi/Nita Violina Marwah melaju ke final bulutangkis Asian Games 2026 nomor ganda campuran. Hal tersebut ditorehkan Amri/Nita usai secara luar bisa mengalahkan unggulan utama dari China, Feng Yan Zhe/Huang Dongping. Bermain di Court 1 Ichinomiya City Municipal Gymnasium, Senin (28/9), Amri/Nita mampu mengalahkan Feng/Huang dua gim langsung. Amri/Nita menang 21-12, 21-14. ADVERTISEMENT SCROLL TO CONTINUE WITH CONTENT Kemenangan ini terbilang mengejutkan karena Amri/Nita yang saat ini berada di peringkat ke-15 BWF bisa mengalahkan ganda campuran nomor satu dunia. Amri/Nita membalas kekalahan dari Feng/Huang di final Kejuaran Dunia BWF 2026. Baca juga: Hasil Asian Games 2026: Amri/Nita Tembus Semifinal Amri/Nita jadi ganda campuran pertama Indonesia yang menembus final Asian Games dalam 12 tahun terakhir. Ganda campuran Indonesia sebelumnya mampu menembus final Asian Games adalah Tontowi Ahmad/Liliyana Natsir pada tahun 2014. Amri bersyukur bisa menembus final Asian Games usai mengatasi perlawanan sengit dari Feng/Huang. Kekalahan di final Kejuaraan Dunia BWF 2026 jadi pelajaran berharga untuk Amri/Nita bisa mengalahkan pasangan andalan China tersebut. ""Dari Kejuaraan Dunia kami belajar satu hal, kami masih bisa asal mau dari segala kekurangan ini kami mau perbaiki, kami asah lagi kemampuan kami. Alhamdulillah pulang dari Kejuaraan Dunia sudah dipegang penuh Coach Nova (Widianto) dan sangat membantu buat kami karena cukup kompleks dari latihannya,"" ujar pebulutangkis 27 tahun tersebut di rilis yang diterima detikSport. Sementara, Nita menyambut keberhasilan lolos ke final Asian Games 2026 dengan tangis haru. Ia terharu bisa menorehkan prestasi ini usai bersama dengan Amri sempat berada di situasi sulit. Amri Syahnawi/Nita Violina Marwah usai lolos ke final Asian Games 2026 Foto: dok.PBSI ""Sudah lama banget tidak masuk final dan juga ya sampai berada di titik ini tidak mudah buat kami berdua. Dengan naik turunnya, sempat awal tahun hasilnya jauh banget dari apa yang kami harapkan. Hari ini di Asian Games, kami bisa main ke final. Rasanya bikin saya lega dan sangat-sangat bersyukur,"" jelas Nita. Pada laga final, Amri/Nita berusaha mengalahkan Jiang ZhenBang/Wei Yaxin yang juga dari China demi raih emas. Baca juga: Asian Games 2026: Amri/Nita Tak Terbebani Jadi Tumpuan Ganda Campuran (pur/krs) Anda menyukai artikel ini Artikel disimpan asian games 2026 amri syahnawi nita violina marwah bulutangkis final asian games amri syahnawi/nita violina marwah Komentar",sport,https://sport.detik.com/raket/d-8682574/asian-games-2026-tangis-haru-iringi-kelolosan-amri-nita-ke-final
SP053,"Karena Leo/Daniel Sudah Pelajari Permainan Kim/Seo Novitasari Dewi Salusi - detikSport Senin, 28 Sep 2026 14:45 WIB Jakarta - Leo Rolly Carnando / Daniel Marthin sukses menembus final Asian Games 2026 usai mengalahkan Kim Won Ho / Seo Seung Jae . Leo/Daniel sudah tahu bagaimana meredam pasangan nomor satu dunia itu. Leo/Daniel menghadapi Kim/Seo di semifinal Asian Games 2026 yang digelar di Ichinomiya City Municipal Gymnasium, Senin (28/9/2026). Leo/Daniel menang dua gim langsung 21-11, 21-14. Kemenangan ini sekaligus membuat Leo/Daniel kini unggul head to head 2-0 atas ganda putra Korea Selatan itu. Pada pertemuan terakhir di China Masters 2026, Leo/Daniel menang 21-19, 21-19. ADVERTISEMENT SCROLL TO CONTINUE WITH CONTENT Leo mengaku sudah mencermati permainan Kim/Seo, termasuk di Asian Games 2026. Di babak perempatfinal kemarin, Kim/Seo sempat kesulitan sebelum akhirnya menang rubber game atas wakil tuan rumah. Baca juga: Hasil Asian Games 2026: Leo/Daniel Lolos ke Final! ""Alhamdulillah hari ini bisa berjalan lancar. Di China Masters hasilnya sudah bagus lawan mereka, jadi coba diulangi lagi bagaimana caranya,"" ujar Leo dalam rilis yang diterima detikSport. ""Kemarin mereka lawan Jepang dan cukup kerepotan jadi dari situ kami bisa melihat lagi permainan mereka."" Leo/Daniel akan memperebutkan medali emas di final Asian Games 2026 melawan juara dunia, Liang Wei Keng/Wang Chang, pada Selasa (29/9/2026). Pasangan China itu lolos partai puncak usai menghentikan Fajar Alfian/Muhammad Shohibul Fikri. ""Di final harapannya bisa bermain lebih bagus lagi dan harus menjaga ekspektasinya,"" kata Leo. Menilik catatan head to head, Leo/Daniel tertinggal 1-3 dari Liang/Wang. Mereka selalu kalah dalam tiga duel terakhir melawan Liang/Wang. Baca juga: Hasil Asian Games 2026: Kalah dari Kunlavut, Alwi Gagal ke Final (nds/krs) Anda menyukai artikel ini Artikel disimpan asian games 2026 leo rolly carnando daniel marthin bulutangkis Komentar",sport,https://sport.detik.com/raket/d-8682563/karena-leo-daniel-sudah-pelajari-permainan-kim-seo
SP054,"Jasmine Azzahra Sumbang Perunggu dari BMX di Asian Games 2026 Tsaltsabillah Khairunissa - detikSport Senin, 28 Sep 2026 14:31 WIB / Jasmine Azzahra berhasil menduduki posisi ketiga dengan catatan waktu 34,932 detik. ANTARA FOTO/Fauzan Tak hanya Jasmine Azzahra (kedua dari kanan), Indonesia juga membawa atlet lainnya dalam cabang olahraga Balap Sepeda BMX Putri, yaitu Amellya Nur Sifa (kedua dari kiri). ANTARA FOTO/Fauzan Amellya Nur Sifa harus puas berada pada peringkat kelima dengan catatan waktu 35,764 detik. ANTARA FOTO/Fauzan Jasmine Azzahra (kanan) berusaha membalap lawannya pada lintasan balap. ANTARA FOTO/Fauzan Tambahan medali perunggu dari Jasmine Azzahra membuat Indonesia bertengger di peringkat ke-14 Asian Games 2026. ANTARA FOTO/Fauzan Jasmine Azzahra Setyobudi (kanan) berfoto bersama pesepeda Jepang Sae Hatakeyama (tengah) pada peringkat pertama dan pesepeda China Liao Wanyi (kiri) pada peringkat kedua. ANTARA FOTO/Fauzan Jasmine Azzahra menggigit medali perunggu yang telah diraihnya. ANTARA FOTO/Fauzan Aichi - Jasmine Azzahra Setyobudi meraih medali perunggu BMX putri Asian Games 2026 setelah finis ketiga dengan catatan waktu 34,932 detik. Anda menyukai artikel ini Artikel disimpan bmx asian games asian games 2026 fotodetikcom fotodetiksport Komentar",sport,https://sport.detik.com/fotosport/d-8682615/jasmine-azzahra-sumbang-perunggu-dari-bmx-di-asian-games-2026
SP055,"Ini Wakil-Wakil RI yang Akan Berebut Emas Bulutangkis Asian Games 2026 Kris FW - detikSport Senin, 28 Sep 2026 14:15 WIB Jakarta - Indonesia memiliki dua wakil yang akan berebut medali emas bulutangkis nomor individu Asian Games 2026. Mereka akan tampil di final ganda campuran dan ganda putra. Berdasarkan jadwal pertandingan final, Amri Syahnawi/Nita Violina Marwah akan tampil lebih dulu di ganda campuran. Mereka menghadapi pasangan China, Jiang ZB/Wu YX. Setelah itu, giliran Leo Rolly Carnando/Daniel Marthin yang berjuang merebut emas ganda putra. Mereka akan menghadapi pasangan China, Liang WK/Wang C. ADVERTISEMENT SCROLL TO CONTINUE WITH CONTENT Dengan demikian, Indonesia memiliki empat pebulutangkis yang akan bertarung di dua partai final nomor individu. Baca juga: Klasemen Medali Asian Games 2026: Indonesia Tambah 3 Medali Amri/Nita Berebut Emas Ganda Campuran Amri Syahnawi/Nita Violina Marwah dijadwalkan tampil pada partai pertama final di Court 1. Mereka akan menghadapi Jiang ZB/Wu YX dari China. Pertandingan tersebut dijadwalkan berlangsung hari Selasa (29/9/2026) pagi WIB. Amri/Nita menjadi salah satu dari dua wakil Indonesia yang akan berjuang membawa pulang medali emas dari nomor individu bulutangkis. Leo/Daniel Tantang Wakil China Setelah final ganda campuran, perjuangan wakil Indonesia berlanjut melalui ganda putra. Leo Rolly Carnando/Daniel Marthin akan menghadapi Liang WK/Wang C dari China pada partai keempat di Court 1. Pertandingan tersebut dijadwalkan mulai pukul 12.30 waktu setempat. Leo/Daniel, bersama Amri/Nita, akan berjuang untuk mengamankan emas bagi Indonesia. Baca juga: Ini Alasan Rizki Juniansyah Absen di Asian Games 2026 Lima Partai Final Bulutangkis Selain dua pertandingan yang melibatkan wakil Indonesia, terdapat tiga partai final lainnya pada nomor individu. Tunggal putri mempertemukan An Se Young dengan Akane Yamaguchi. Kemudian ganda putri mempertemukan Liu SS/Tan N dengan Baek HN/Lee SH. Sementara itu, tunggal putra mempertemukan Loh KY dengan Kunlavut Vitidsarn. Berikut daftar partai final bulutangkis nomor individu Asian Games 2026: Nomor Final Ganda campuran Amri Syahnawi/Nita Violina Marwah vs Jiang ZB/Wu YX Ganda putri Liu SS/Tan N vs Baek HN/Lee SH Tunggal putri An Se Young vs A Yamaguchi Ganda putra Leo Rolly Carnando/Daniel Marthin vs Liang WK/Wang C Tunggal putra Loh KY vs K Vitidsarn (krs/pur) Anda menyukai artikel ini Artikel disimpan asian games 2026 bulutangkis medali emas ganda campuran ganda putra wakil indonesia amri syahnawi nita violina marwah leo rolly carnando daniel marthin kusuka Komentar",sport,https://sport.detik.com/raket/d-8682562/ini-wakil-wakil-ri-yang-akan-berebut-emas-bulutangkis-asian-games-2026
SP056,"Klasemen Medali Asian Games 2026: Indonesia Tambah 3 Medali Kris FW - detikSport Senin, 28 Sep 2026 13:15 WIB Jakarta - Kontingen Indonesia menambah tiga medali perunggu pada Asian Games 2026 sampai dengan hari Senin (28/9/2026) siang WIB. Dua di antaranya berasal dari bulutangkis melalui Alwi Farhan serta Fajar Alfian/Muhammad Shohibul Fikri, sementara satu perunggu lainnya datang dari BMX Racing. Alwi Farhan memastikan perunggu setelah melaju ke semifinal Asian Games 2026. Perunggu lainnya berasal dari ganda putra Fajar Alfian/Muhammad Shohibul Fikri. Satu keping lainnya pada hari ini datang dari BMX Racing. Jasmine Azzahra Setyobudi menjadi wakil Indonesia yang meraih medali perunggu. ADVERTISEMENT SCROLL TO CONTINUE WITH CONTENT Baca juga: Hasil Asian Games 2026: Kalah dari Kunlavut, Alwi Gagal ke Final Tambahan tersebut membuat koleksi medali Indonesia kini menjadi 2 emas, 5 perak, dan 20 perunggu atau total 27 medali. Indonesia masih berada di posisi ke-14 klasemen medali Asian Games 2026. Perolehan Medali Indonesia Peringkat Asia #14 Juara Olahraga Asia 2026 INDONESIA 2 Emas 5 Perak 20 Perunggu 27 Total Medali Berikut klasemen medali per pukul 13.15 WIB. Klasemen Medali Asian Games 2026 Pos Negara Emas Perak Perunggu Total 1 China 125 51 43 219 2 Jepang 39 64 61 164 3 Korea Selatan 21 25 43 89 4 Uzbekistan 10 17 12 39 5 Kazakhstan 9 10 23 42 6 Thailand 9 7 11 27 7 Bahrain 8 2 3 13 8 Iran 7 14 9 30 9 Korea Utara 6 5 5 16 10 Malaysia 6 2 9 17 11 Hong Kong 5 12 17 34 12 India 4 17 18 39 13 Chinese Taipei 3 7 21 31 14 Indonesia 2 5 20 27 (krs/cas) Anda menyukai artikel ini Artikel disimpan asian games 2026 klasemen medali medali perunggu indonesia bulutangkis bmx racing olahraga prestasi indonesia medali emas medali perak update medali indonesia kusuka Komentar",sport,https://sport.detik.com/sport-lain/d-8682461/klasemen-medali-asian-games-2026-indonesia-tambah-3-medali
SP057,"Acosta Balas Kegagalan di Sprint, 2 Detikers Ini Bawa Hadiah Saldo E-Wallet Rahmat Khairurizqi - Sport Senin, 28 Sep 2026 12:22 WIB ... Tautan telah disalin Jakarta - Pedro Acosta akhirnya merasakan kemenangan perdananya di MotoGP. Rider KTM itu menjadi yang tercepat dalam MotoGP Austria 2026 di Red Bull Ring, Minggu (20/9/2026), setelah sebelumnya gagal menyelesaikan Sprint Race. Acosta harus bekerja keras untuk mendapatkan posisi terdepan. Jorge Martin yang start dari pole sempat memimpin, sementara Marco Bezzecchi dan Acosta terus membayangi. Memasuki lap kesembilan, Acosta berhasil menyalip Martin untuk mengambil alih posisi pertama. Sejak saat itu, Acosta mampu menjaga jarak hingga finis. Ia menyelesaikan 28 lap dengan waktu 42 menit 16,996 detik. Martin finis kedua dan Bezzecchi di posisi ketiga. Kemenangan ini sekaligus menjadi kemenangan pertama Acosta di kelas MotoGP dan kemenangan KTM dalam balapan utama di Austria. SCROLL TO CONTINUE WITH CONTENT Di sisi lain, Marc MÃ¡rquez harus melewati race yang tidak mudah. Start dari posisi kedua, rider Ducati itu langsung kehilangan beberapa posisi dan sempat turun hingga urutan ketujuh. Marc kemudian perlahan bangkit dan akhirnya finis kelima. Hasil tersebut membuatnya mendapat tambahan 11 poin. Nasib kurang beruntung dialami sang adik, Alex MÃ¡rquez. Rider Gresini Racing itu gagal menyelesaikan balapan setelah mengalami crash di Red Bull Ring. Alex menjadi satu-satunya rider yang tidak menyentuh garis finis pada race utama MotoGP Austria. ADVERTISEMENT Dengan hasil tersebut, Marc kini tertinggal 26 poin dari Jorge Martin di klasemen sementara. Martin mengoleksi 331 poin, sedangkan Marc berada di posisi kedua dengan 305 poin. Acosta juga mulai mendekat di papan atas setelah tambahan 25 poin dari kemenangan di Austria. Tebakan Podium Austria Terjawab Keseruan MotoGP Austria tidak hanya terjadi di lintasan. Para penggemar juga ikut menguji ketepatan prediksi melalui Bold Riders Podium Picks. Acosta Balas Kegagalan di Sprint, 2 Detikers Ini Bawa Hadiah Saldo E-Wallet Foto: Bold Riders Lewat kompetisi ini, peserta menebak tiga rider yang akan finis di posisi pertama, kedua, dan ketiga. Setelah race selesai, seluruh prediksi diperiksa untuk menentukan peserta dengan perolehan poin tertinggi. Dari hasil tersebut, terpilih dua detikers dengan poin tertinggi di MotoGP Austria. Mereka adalah: - Sadariah - Wiwin Indarwati Keduanya berhak mendapatkan voucher masing-masing senilai Rp 250 ribu. Selamat kepada Sadariah dan Wiwin Indarwati yang berhasil membaca hasil podium MotoGP Austria dengan tepat. Buat detikers yang belum berhasil di seri Austria, masih ada kesempatan di seri berikutnya. Jangan cuma tebak-tebakan dari layar, buktikan juga seberapa jitu instingmu membaca persaingan para rider MotoGP. Buat lo yang belum gabung, sekarang waktunya join Bold Riders, official sponsor Gresini Racing sekaligus wadah komunitas motor multi-genre terbesar di Indonesia. Di sini, semua rider bisa kumpul, riding, dan seru-seruan bareng. Pastiin juga lo sudah follow Instagram @boldriders biar nggak ketinggalan update seputar MotoGP, konten-konten seru, dan info event-event motor keren lainnya. Bold Riders, Spirit of Brotherhood! Video Balik ke Puncak Klasemen MotoGP, Marc Marquez 'Ngepur'? Video Balik ke Puncak Klasemen MotoGP, Marc Marquez 'Ngepur'? (ega/ega) ... Tautan telah disalin motogp motogp 2026 bold riders podium picks Anda menyukai artikel ini Artikel disimpan",sport,https://sport.detik.com/moto-gp/d-8682380/acosta-balas-kegagalan-di-sprint-2-detikers-ini-bawa-hadiah-saldo-e-wallet
SP058,"Hasil Asian Games 2026: Kalah dari Kunlavut, Alwi Gagal ke Final Putra Rusdi K - detikSport Senin, 28 Sep 2026 12:12 WIB Nagoya - Alwi Farhan gagal ke final Asian Games 2026 usai kalah dari Kunlavut Vitidsarn. Alwi kalah dua gim langsung 13-21, 15-21. Alwi Farhan menghadapi Kunlavut Vitidsarn (Thailand) pada babak semifinal cabang bulutangkis nomor tunggal putra Asian Games 2026. Duel ini berlangsung di Ichinomiya City Municipal Gymansium, Jepang, Senin (28/9/2026). Kunlavut unggul sejak awal gim pertama. Ia kemudian menjauh setelah bisa mendulang lima angka beruntun. ADVERTISEMENT SCROLL TO CONTINUE WITH CONTENT Tunggal Thailand ini unggul 9-3 dari Alwi. Kunlavut kemudian nyaman dengan keunggulan 11-5 saat interval gim pertama. Selepas interval, Alwi masih kesulitan meredam Kunlavut. Kunlavut sempat unggul 10 poin saat kedudukan 15-10. Jarak poin yang terlalu jauh bikin Alwi kesulitan untuk bangkit. Kunlavut menutup gim pertama dengan 21-13. Kunlavut tancap gas di awal gim kedua. Ia bisa unggul 8-3. Alwi mampu bangkit mengejar ketinggalan. Ia bisa mendapatkan lima poin beruntun untuk membuat kedudukan sama kuat saat skor 8-8. Namun, Kunlavut merespon situasi dengan bisa kembali kembali unggul. Baca juga: Hasil Asian Games 2026: Fajar/Fikri Kandas di Semifinal, Raih Perunggu Pebulutangkis 25 tahun tersebut memimpin 11-9 saat interval gim kedua. Kunvalut tampil agresif usai interval untuk menjauh 14-9. Kunlavut terus bisa menjaga jarak angka hingga 17-12. Kunlavut mengakhiri laga dengan kemenangan 21-15 di gim kedua. Kunlavut melaju ke final. Kunlavut menunggu lawan dari laga semifinal lainnya yang masih berlangsung antara Loh Kean Yew vs Yoo Tae Bin. Sementara, Alwi dipastikan mendapat medali perunggu karena tak ada laga perebutan peringkat ketiga. Baca juga: Sikat China, Amri/Nita Bawa Indonesia ke Final Badminton Asian Games 2026 (pur/krs) Anda menyukai artikel ini Artikel disimpan asian games 2026 alwi farhan kunlavut vitinsard bulutangkis medali perunggu ichinomiya jepang Komentar",sport,https://sport.detik.com/raket/d-8682352/hasil-asian-games-2026-kalah-dari-kunlavut-alwi-gagal-ke-final
SP059,"Hasil Asian Games 2026: Fajar/Fikri Kandas di Semifinal, Raih Perunggu Okdwitya Karina Sari - detikSport Senin, 28 Sep 2026 11:54 WIB Ichinomiya - Fajar Alfian/Muhammad Shohibul Fikri dikalahkan Liang Weikeng/Wang Chang usai bertarung tiga gim. Fajar/Fikri meraih medali perunggu Asian Games 2026 . Fajar/Fikri bertarung melawan Liang Weikeng/Wang Chang di semifinal pada Senin (28/9) siang WIB. Bertanding di Ichinomiya Gymnasium, Fajar/Fikri memenangi gim kedua, namun akhirnya menyerah dengan skor akhir 17-21, 21-13, 9-21. Dengan demikian, All Indonesian Final di ganda putra gagal diwujudkan usai Leo Rolly Carnando/Daniel Marthin mengalahkan Kim Won-ho/Seo Seung-jae. Fajar/Fikri sendiri finis di peringkat ketiga alias meraih perunggu bersama Kim/Seo, yang kalah dua gim langsung. ADVERTISEMENT SCROLL TO CONTINUE WITH CONTENT Indonesia tinggal berharap pada Leo/Daniel untuk memperebutkan medali emas ganda putra Asian Games 2026 melawan Liang Weikeng/Wang Chang pada Selasa (29/9). Baca juga: Hasil Asian Games 2026: Leo/Daniel Lolos ke Final! Fajar/Fikri mampu mengimbangi Liang/Wang di fase awal gim pertama. Kedua pasangan dua kali seimbang 4-4 dan 8-8, tapi setelahnya Fajar/Fikri tertinggal 8-11 di interval. Fajar/Fikri membayangi Liang/Wang dalam kedudukan 12-14. Liang/Wang terus mengumpulkan angka untuk unggul 18-13, 20-14. Fajar/Fikri menambah tiga poin, tapi tidak cukup menghindarkan mereka dari kekalahan di gim pertama 17-21. Fajar/Fikri membalas di gim kedua. Sejak awal, Fajar/Fikri langsung ngegas sehingga memimpin 7-2 dan menandai interval dengan keunggulan 11-17. Liang/Wang meraup empat poin berturut-turut guna menyamakan kedudukan 11-11. Baca juga: Sikat China, Amri/Nita Bawa Indonesia ke Final Badminton Asian Games 2026 Kedua pasangan kembali seimbang lagi 13-13. Namun, setelahnya Fajar/Fikri tidak terhentikan. Delapan poin beruntun didapatkan Fajar/Fikri, yang memastikan permainan berlanjut ke gim penentuan. Fajar/Fikri kalah start sehingga tertinggal 1-4. Liang/Wang mengambil alih jalannya permainan untuk unggul 11-4, dan unjuk pertahanan solid yang membuat Fajar/Fikri kesulitan. Fajar/Fikri melalui sebuah rally panjang yang diakhiri dengan sebuah pukulan yang jatuh di belakang garis lapangan. Fajar/Fikri tertinggal 6-17. Dua kali pukulan Fajar mengenai net, Liang/Wang mencapai match point 20-9. Liang/Wang akhirnya menang 21-9 setelah pengembalian Fikri melebar dari garis samping lapangan. (rin/cas) Anda menyukai artikel ini Artikel disimpan asian games 2026 fajar alfian/muhammad shohibul fikri fajar/fikri fajar alfian muhammad shohibul fikri badminton asian games badminton asian games 2026 kusuka Komentar",sport,https://sport.detik.com/raket/d-8682317/hasil-asian-games-2026-fajar-fikri-kandas-di-semifinal-raih-perunggu
SP060,"Jadwal Indonesia Vs Malaysia di FIFA ASEAN Cup: Jam Berapa, Tayang di Mana? Bayu Baskoro - Sport Senin, 28 Sep 2026 10:10 WIB ... Tautan telah disalin Jakarta - Timnas Indonesia bentrok dengan Malaysia di laga FIFA ASEAN Cup 2026 malam ini. Berikut jadwal pertandingan selengkapnya! Matchday kedua Grup A FIFA ASEAN Cup mempertemukan Indonesia vs Malaysia . Pertandingan digelar di Stadion Utama Gelora Bung Karno, Senin (28/9/2026) malam WIB. Kedua tim sama-sama meraih kemenangan pada matchday pertama. Malaysia menang telak 3-0 atas Bangladesh, Indonesia mengalahkan Singapura 2-0. SCROLL TO CONTINUE WITH CONTENT Laga kali ini diprediksi berjalan ketat. Indonesia dan Malaysia sama-sama menurunkan skuad terbaiknya di FIFA ASEAN Cup 2026. Baca juga: Hasil, Klasemen, Jadwal FIFA ASEAN Cup 2026: Kapan Timnas Indonesia Main? ADVERTISEMENT Kendati demikian, beberapa pemain Indonesia kabarnya mengalami masalah kebugaran. Emil Audero, Dean James, dan Ragnar Oratmangoen diragukan tampil menghadapi Malaysia. Indonesia punya rekor bagus melawan Malaysia di kandang. RI meraih 10 kemenangan, 3 imbang, dan 5 kalah dari 18 pertandingan kala menjamu Harimau Malaya. Catatan tersebut lebih bagus semasa Indonesia dibesut John Herdman. Garuda menang 5 kali dari 7 pertandingan kandang, 4 di antaranya tanpa kebobolan. Duel Indonesia vs Malaysia kick-off pukul 19.30 WIB. Para penggemar dapat menyaksikannya langsung di siaran stasiun televisi swasta nasional, serta live streaming Vidio. Baca juga: 11 Pemain Diaspora Jadi Starter Timnas, Herdman: Mereka Orang Indonesia Jadwal Indonesia vs Malaysia Senin (28/9) Pukul 19.30 WIB Stadion Utama Gelora Bung Karno, Jakarta Live Indosiar dan SCTV Live streaming Vidio. (bay/krs) ... Tautan telah disalin indonesia vs malaysia siaran langsung fifa asean cup 2026 jam tayang stadion utama gelora bung karno jadwal pertandingan timnas malaysia timnas indonesia live streaming hasil pertandingan Anda menyukai artikel ini Artikel disimpan",sport,https://sport.detik.com/sport-lain/d-8682064/jadwal-indonesia-vs-malaysia-di-fifa-asean-cup-jam-berapa-tayang-di-mana
SP061,"Hasil Asian Games 2026: Leo/Daniel Lolos ke Final! Okdwitya Karina Sari - detikSport Senin, 28 Sep 2026 10:10 WIB Ichinomiya - Leo Rolly Carnando/Daniel Marthin sukses maju ke final bulutangkis individual Asian Games 2026 . Leo/Daniel mengalahkan unggulan teratas Kim Won-ho/Seo Seung-jae. Leo/Daniel menghadapi pasangan Korea Selatan itu di Lapangan 1 Ichinomiya City Gymnasium, Senin (28/9/2026) pagi WIB. Leo/Daniel tampil dominan untuk menang straight game 21-11, 21-14. Dengan kemenangan ini, Leo/Daniel dipastikan paling tidak akan mendapatkan medali perak di Asian Games. Leo/Daniel tinggal menunggu lawan di partai final, yaitu antara Liang Weikeng/Wang Chang (China) dan Fajar Alfian/Muhammad Shohibul Fikri. ADVERTISEMENT SCROLL TO CONTINUE WITH CONTENT Baca juga: Sikat China, Amri/Nita Bawa Indonesia ke Final Badminton Asian Games 2026 Pada edisi itu pula, all indonesian final di nomor ganda putra terjadi setelah Marcus/Kevin mengalahkan Fajar Alfian/Muhammad Rian Ardianto. Final sesama Indonesia juga bisa terjadi pada edisi kali ini apabila Fajar/Fikri mampu mengalahkan Liang/Wang. Leo/Daniel tidak membiarkan Kim/Seo mendikte jalannya permainan. Meski sempat ketat di awal gim pertama, Leo/Daniel unggul 11-7 di interval, lalu terus menjauh dengan keunggulan 17-8, 18-10, 19-11. Baca juga: Ini Alasan Rizki Juniansyah Absen di Asian Games 2026 Leo/Daniel tidak melepas pedal gas dengan memenangi dua poin terakhir, sekaligus mengamankan gim pembuka 21-11. Di gim berikutnya, Leo/Daniel start bagus setelah memimpin 6-0, lalu 11-5 di interval. Setelahnya, Leo/Daniel terus membuka jarak lebar dengan Kim/Seo lewat keunggulan 14-7, 17-10. Match point dicapai Leo/Daniel setelah pengembalian Kim Won-ho gagal menyeberangi net. Kemenangan akhirnya didapat setelah smes keras Leo yang mengarah ke area kosong gagal dikembalikan. (rin/krs) Anda menyukai artikel ini Artikel disimpan asian games 2026 leo rolly carnando daniel marthin leo rolly carnando/daniel marthin leo/daniel Komentar",sport,https://sport.detik.com/raket/d-8682116/hasil-asian-games-2026-leo-daniel-lolos-ke-final
SP062,"Raih MURI, Human Mural 'BELIEVE di Laga Vs Singapura Hasil Kolaborasi AQUA Nasywa Azzahra - Sport Senin, 28 Sep 2026 10:00 WIB ... Tautan telah disalin Jakarta - AQUA bersama kelompok suporter La Grande Indonesia menciptakan momen bersejarah pada laga perdana FIFA ASEAN Cup 2026 di Stadion Utama Gelora Bung Karno (SUGBK), Jakarta, Jumat (25/9). Aksi kolaboratif tersebut berhasil memecahkan rekor Museum Rekor-Dunia Indonesia (MURI) melalui pembentukan human mural bertuliskan 'BELIEVE'. Sebanyak 2.625 suporter mengenakan jas hujan merah dan putih untuk membentuk formasi kata 'BELIEVE' di tribun stadion. Penggunaan jas hujan ini menjadi simbol bahwa dukungan untuk Timnas Indonesia tidak akan pernah surut dalam kondisi apa pun. Marketing Director AQUA Adisti Nirmala menyatakan bahwa dukungan kepada Timnas Indonesia seharusnya menjadi energi positif yang menyatukan masyarakat. Melalui gerakan 'dukungan adem', AQUA mengajak suporter untuk memberikan rasa percaya serta sikap saling menghargai di setiap tahap perjuangan Garuda. SCROLL TO CONTINUE WITH CONTENT ""Bagi AQUA, dukungan kepada Timnas seharusnya menjadi energi yang menyatukan dan menjaga suasana tetap positif. Melalui semangat 'dukungan adem', kami mengajak para suporter untuk hadir dengan rasa yakin, sportivitas, dan saling menghargai, bukan hanya saat Garuda menang, tetapi di setiap tahap perjuangannya. Human mural ""BELIEVE""menjadi simbol bahwa ketika ribuan orang menyatukan dukungan dengan cara yang positif, semangat itu dapat menjadi kekuatan nyata bagi Timnas Indonesia,"" ujar Adisti dalam keterangan tertulis, Senin (28/9/2026). Ajang FIFA ASEAN Cup 2026 menjadi momentum penting bagi Timnas Indonesia untuk melanjutkan tren positif di kawasan Asia Tenggara. Saat ini Indonesia berada di posisi atas klasemen Grup A dan menjadi salah satu tim yang paling diperhitungkan dalam turnamen tersebut. ADVERTISEMENT Sementara itu, Presiden La Grande Indonesia Unggul Indra menilai pesan 'BELIEVE' merupakan representasi suara suporter yang setia mendampingi Timnas Indonesia. Ia berharap semangat persatuan di tribun ini terus dijaga melalui aksi-aksi yang kreatif, sportif, dan saling menghormati. ""Bagi kami, BELIEVE adalah suara suporter yang percaya dan tetap berdiri bersama Timnas dalam situasi apa pun. Ketika 2.625 suporter membentuk satu pesan di stadion, yang terasa bukan sekadar koreografi, melainkan kebersamaan dan rasa yakin yang benar-benar hidup di tribun. Kami berharap semangat ini terus dijaga dengan cara yang kreatif, sportif, dan saling menghormati,"" pungkas Unggul. Pertamina Patra Niaga Pecahkan Rekor MURI Lewat 8.100 Porsi Ayam Kecap Nusantara Pertamina Patra Niaga Pecahkan Rekor MURI Lewat 8.100 Porsi Ayam Kecap Nusantara (prf/ega) ... Tautan telah disalin muri human mural believe aqua Anda menyukai artikel ini Artikel disimpan",sport,https://sport.detik.com/sport-lain/d-8681693/raih-muri-human-mural-believe-di-laga-vs-singapura-hasil-kolaborasi-aqua
SP063,"Sikat China, Amri/Nita Bawa Indonesia ke Final Badminton Asian Games 2026 Yanu Arifin - detikSport Senin, 28 Sep 2026 08:29 WIB Ichinomiya - Amri Syahnawi/Nita Violina Marwah ke final badminton Asian Games 2026 nomor ganda campuran. Ganda Indonesia menekuk unggulan China, Feng Yan Zhe/Huang Dongping. Bermain di Court 1 Ichinomiya City Municipal Gymnasium, Senin (28/9), Amri/Nita tampil solid sejak awal. Ganda Indonesia langsung bisa mengontrol permainan dan menang dua gim langsung 21-12, 21-14. Sejak awal, Amri/Nita bisa tampil konsisten. Unggul poin hingga interval 11-5, Amri Nita tak mendapat kesulitan berarti melawan Feng/Dongping, yang notabenenya peringkat satu dunia BWF. Kemenangan 21-12 di gim pertama diraih pasangan Indonesia. ADVERTISEMENT SCROLL TO CONTINUE WITH CONTENT Di gim kedua, Amri/Nita mulai mendapat perlawanan. Perolehan poinnya kini ketat sejak awal, dengan ganda Merah Putih bisa unggul tipis 11-10 saat jeda. Selepas jeda, Amri/Nita mulai bisa mendominasi ganda China. Sempat unggul 16-12, Amri/Nita akhirnya bisa menang 21-14 atas Feng/Dongping. Kemenangan ini memastikan ganda campuran Indonesia ke final. Amri/Nita kini tinggal berjarak satu kemenangan lagi dari medali emas Asian Games 2026. Amri/Nita tinggal menunggu pemenang Ye Hong-Wei/ Nicole Gonzalez Chan vs Jiang Zhen Bang/Wei Yaxin di final, yang saat ini baru akan bertanding. (yna/bay) Anda menyukai artikel ini Artikel disimpan amri syahnawi/nita violina marwah amri/nita asian games 2026 badminton asian games 2026 bulu tangkis asian games 2026 bulutangkis asian games 2026 ganda campuran feng yan zhe/huang dong ping kusuka Komentar",sport,https://sport.detik.com/raket/d-8682027/sikat-china-amri-nita-bawa-indonesia-ke-final-badminton-asian-games-2026
SP064,"Sulsel Borong Medali Emas Kejuaraan Modern Pentathlon di Yogyakarta Rifqi Ardita Widianto - Sport Minggu, 27 Sep 2026 23:25 WIB ... Tautan telah disalin Yogyakarta - Pengurus Provinsi Sulawesi Selatan sukses jadi juara umum Kejuaraan Modern Pentathlon Open Piala Panglima TNI 2026. MPI Sulsel raih enam emas di Yogyakarta. Sulsel menambah tiga emas lagi pada hari terakhir gelaran, Minggu (27/9/2026), di Akademi Angkatan Udara, Yogyakarta. Emas itu disumbangkan Muh. Aldo Raditya (laser run perseorangan putra U19), Nadira Putri Halisa (laser run perseorangan putri U19), dan Sri Wahyuni (laser run perseorangan putri senior). Sebelumnya mereka sudah meraih tiga emas melalui Happy Cheryssah Montolalu (Laser Run Putri) dan Sri Wahyuni (Triathle Putri Senior & U19) pada hari Sabtu (26/9) kemarin. SCROLL TO CONTINUE WITH CONTENT ""Alhamdulillah bersyukur, tetapi ini menjadi cambuk buat kami untuk lebih giat lagi berlatih. Dan atlet kami yang belum sempat meraih medali belajar dari kekurangan, evaluasinya ya. Tapi kami memang latihan tidak membohongi hasil. Kami satu hari, tiga kali latihan selama enam hari. Dan inilah hasilnya, memang nonstop,"" kata Ketua Pengprov MPI Sulsel St. Diza Rasyid Ali. Kejuaraan Modern Pentathlon Open ini digelar dalam rangka memperingati HUT ke-81 TNI. Panglima TNI Jenderal TNI Agus Subiyanto menitipkan pesan agar upaya mengasah prestasi semacam ini terus dijaga. ADVERTISEMENT ""Bagaimanapun saya merasa bangga dan berbahagia atas terselenggaranya Open Tournament Piala Panglima TNI tahun ini. Saya menilai tujuan utama dari event ini telah tercapai yakni terbangun dan terpeliharanya komunikasi antara pengurus besar, pengurus provinsi, kota, kabupaten, dan kemanunggalan TNI-rakyat sehingga tercipta ikatan yang harmonis, kompak, sekaligus mampu memupuk jiwa korsa yang tinggi,"" ungkap Jenderal TNI Agus Subiyanto, diwakili Sekretaris Lembaga AAU, Marsma TNI Harry Sofian E, SIP, MH. Ketua Umum Pengurus Pusat MPI Marsekal Muda TNI Purwoko Aji yang memantau langsung sepanjang ajang ini gembira dengan jalannya kejuaraan. Purwoko juga antusias dengan munculnya atlet-atlet potensial dari 200 lebih peserta. ""Saya bersyukur kejuaraan sangat sukses, kemudian kita bisa mendapatkan beberapa atlet-atlet baru yang bisa tampil di kegiatan berikutnya, di turnamen berikutnya,"" kata Marsda TNI Purwoko Aji Prabowo di sela-sela acara penutupan. ""Dari beberapa yang tadi kita dapat, ada beberapa yang baru. Kita akan seleksi, kita akan kumpulkan. Kemudian di tahun depan ada beberapa kegiatan internasional di Bali, kemudian juga ada ASEAN Championship dan mereka diproyeksikan ke babak kualifikasi Olimpiade."" Video: 'Dosa-dosa' Manchester City yang Dikuliti Komisi Independen Video: 'Dosa-dosa' Manchester City yang Dikuliti Komisi Independen (raw/bay) ... Tautan telah disalin modern pentathlon piala panglima tni Anda menyukai artikel ini Artikel disimpan",sport,https://sport.detik.com/sport-lain/d-8681921/sulsel-borong-medali-emas-kejuaraan-modern-pentathlon-di-yogyakarta
SP065,"Aldila Sutjiadi Juara Singapore Open 2026, Modal Apik Menuju Asian Games Adhi Prasetya - Sport Minggu, 27 Sep 2026 22:50 WIB ... Tautan telah disalin Singapura - Aldila Sutjiadi dan Erin Routliffe menjadi juara ganda putri Singapore Open 2026 usai mengalahkan pasangan asal China, Tang Qianhui/Xu Yifan dengan skor 6-3, 6-2. Ini menjadi gelar WTA Tour ketiga bagi pasangan Indonesia-Australia tersebut. Bertanding di The Kallang, Minggu (27/9), Aldila/Routliffe bertanding selama 1 jam 20 menit untuk mengunci kemenangan. Mereka sempat dua kali tertinggal di awal set pertama, namun mampu menyamakan skor menjadi 2-2. Aldila/Routliffe kemudian tampil dominan dengan merebut tiga poin di tiga gim selanjutnya sebelum mengunci set pertama dengan skor 6-3. Pada set berikutnya, mereka kembali sulit dibendung. SCROLL TO CONTINUE WITH CONTENT Baca juga: Ini Alasan Rizki Juniansyah Absen di Asian Games 2026 Meski Tang/Xu unggul 1-0 lebih dulu, namun Aldila/Routliffe sukses merebut poin di lima gim selanjutnya, mengubah skor menjadi 5-1. Tang/Xu hanya mampu menambah satu poin di gim ketujuh sebelum Aldila/Routliffe mengunci kemenangan 6-2. ADVERTISEMENT Ini menjadi gelar WTA Tour kesembilan Aldila di nomor ganda putri, atau yang ketiga bersama Routliffe. Ia juga merupakan titel WTA 500 ketiga bagi Aldilla sepanjang 2026. Sebelumnya ia memenangi Bad Homburg Open pada Juni dan Washington DC Open di bulan Juli. Setelah ini, Aldila rencananya akan bertanding di Asian Games 2026. Ia turun di nomor ganda campuran bersama Christopher Rungkat. Baca juga: Usai Raih Emas Asian Games, Tim Bulutangkis Putra Kode Minta Rolex? Baca juga: Profil Rahmat Erwin, Penyumbang Emas Kedua Indonesia di Asian Games 2026 Video: 'Dosa-dosa' Manchester City yang Dikuliti Komisi Independen Video: 'Dosa-dosa' Manchester City yang Dikuliti Komisi Independen (adp/yna) ... Tautan telah disalin aldila sutjiadi singapore open 2026 erin routliffe wta tour wta 500 Anda menyukai artikel ini Artikel disimpan",sport,https://sport.detik.com/raket/d-8681912/aldila-sutjiadi-juara-singapore-open-2026-modal-apik-menuju-asian-games
SP066,"Klasemen Medali Asian Games 2026: Tambah Perak, Indonesia Tetap ke-14 Lucas Aditya - detikSport Minggu, 27 Sep 2026 19:35 WIB Jakarta - Kontingen Indonesia menambah satu medali perak lewat cabang olahraga E-Sport. Kontingen Merah Putih tetap menempati posisi ke-14 di klasemen medali Asian Games 2026 . Nomor Pokemon Unite yang menyumbang perak untuk Indonesia. Di babak final, tim Indonesia kalah dari tuan rumah Jepang hingga harus puas finis di posisi kedua. Indonesia sudah mendapat dua emas di Asian Games 2026. Cabor bulutangkis nomor beregu putra dan angkat besi nomor 75 kilogram putra yang berhasil menjadi juara. ADVERTISEMENT SCROLL TO CONTINUE WITH CONTENT Baca juga: Usai Raih Emas Asian Games, Tim Bulutangkis Putra Kode Minta Rolex? Sementara out, raihan dua perak dipersembahkan dari cabor dayung. Teqball juga berhasil menyabet satu perak. Sebanyak 17 perunggu sudah disabet oleh kontingen Indonesia di Asian Games 2026. Cabor wushu mempersembahkan lima perunggu, sepaktakraw dua perunggu, karate dua perunggu, dan sepeda gunung dua perunggu. Enam perunggu sisanya dibagi rata oleh badminton, kano, mixed marital Arts, soft tenis, teqball, dan angkat besi. Baca juga: Hasil Asian Games 2026: Alwi Farhan Lolos ke Semifinal Raihan Medali Indonesia, Minggu (27/9), Hingga Pukul 18.00 WIB Perolehan Medali Indonesia Peringkat Asia #14 Juara Olahraga Asia 2026 INDONESIA 2 Emas 5 Perak 17 Perunggu 24 Total Medali Baca juga: Ini Alasan Rizki Juniansyah Absen di Asian Games 2026 (cas/cas) Anda menyukai artikel ini Artikel disimpan asian games 2026 klasemen medali update medali indonesia medali perak medali emas medali perunggu kontingen indonesia kusuka Komentar",sport,https://sport.detik.com/sport-lain/d-8681724/klasemen-medali-asian-games-2026-tambah-perak-indonesia-tetap-ke-14
SP067,"WEC 2026: Sean Gelael Bawa WRT 32 Menang di Fuji Mohammad Resha Pratama - Sport Minggu, 27 Sep 2026 18:45 WIB ... Tautan telah disalin Oyama - Sean Gelael dan Team WRT 32 akhirnya pecah telur juga di FIA WEC 2026 . Ini setelah Sean dkk. memenangi balapan 6 Hours Fuji . Kemenangan di Sirkuit Fuji Speedway, Minggu (27/9/2026) pagi WIB, lebih bermakna karena Sean bersama Augusto Farfus dan Darren Leung harus start dari posisi ke-14. SCROLL TO CONTINUE WITH CONTENT Sesi kualifikasi LMGT3 dan Hypercar dibatalkan karena cuaca buruk. Leung sebagai starting driver memulai balapan dengan mantap ketika dia berhasil menghindari tabrakan beruntun yang melibatkan beberapa mobil. Leung langsung melesat ke posisi kedelapan, sebelum menaikkan posisi WRT 32 ke urutan ketiga. Lalu, tibalah waktunya Sean bertukar peran dengan Leung, ADVERTISEMENT Sean sempat melajukan mobil sampai posisi terdepan usai melewati beberapa pebalap di depannya. Setelah itu muncul ujian terberat WRT 32 di dua jam terakhir. Farfus yang turun sebagai pebalap terakhir diganggu oleh safety car karena ada beberapa kali insiden. Namun, adanya safety car juga menguntungkan Farfus saat itu. Bahkan pada SC terakhir yang lama menetralisir lomba akibat tabrakan yang melibatkan Mattia Drudi (Aston Martin #27) dan Finn Gehrsitz (Garage 59 McLaren #58), Farfus yang tadinya sudah ada di posisi podium terpaksa melorot lagi ke P6. Baca juga: WEC 2026: Hujan Batalkan Kualifikasi, WRT 32 Start P14 di Fuji ""Ya, setiap kali ada SC kami tidak diuntungkan. Kami sadar punya kecepatan bagus, tapi segala keuntungan terutama penggunaan ban,"" ujar Farfus dalam rilis kepada detikSport. Berkat strategi ban yang bagus, Farfus terus beranjak hingga ke P3. Dan dari posisi itulah dia menyusul Charlie Eastwood (Corvette #34) dan Mattia Drudi (Aston Martin #27) untuk memimpin balapan kelas LMGT3 di sisa tujuh menit balapan. Posisi terdepan berhasil dipertahankan Farfus hingga bendera finis dikibarkan. Team WRT 32 pun jadi pemenang! Ini adalah kemenangan bersama Sean, Farfus, dan Darren yang kedua setelah tahun 2024 di Imola dengan mobil yang sama. Khusus bagi Sean, ini adalah kemenangan keenamnya di FIA WEC, ketiga di kelas LMGT3, dan kedua di Fuji. ""Balapan penuh emosi, karena posisi kami turun-naik. Namun pada akhirnya Farfus mampu menyelesaikan balapan dengan sangat baik di tengah tekanan tinggi akibat situasi lomba,"" kata Leung. ""Saya sangat senang. Kami bekerja keras untuk sepanjang tahun ini, di mana balapan tidak selalu menguntungkan. Tapi khusus di Fuji ini kami semua bekerja dengan baik. Saya senang dengan usaha kami bertiga dan juga senang untuk tim,"" kata Sean. Balapan berikut FIA WEC digelar di Sirkuit Catalunya, Spanyol, 18 Oktober. Baca juga: WEC 2026: WRT 32 Cari Formula Terbaik Kualifikasi dan Race Video Sean Gelael soal Olahraga Balap Dianggap Mahal: Semua Itu Relatif! Video Sean Gelael soal Olahraga Balap Dianggap Mahal: Semua Itu Relatif! (mrp/cas) ... Tautan telah disalin sean gelael team wrt 32 6 hours of fuji fia wec 2026 fia world endurance championship 2026 wec 2026 Anda menyukai artikel ini Artikel disimpan",sport,https://sport.detik.com/sport-lain/d-8681664/wec-2026-sean-gelael-bawa-wrt-32-menang-di-fuji
SP068,"Ini Alasan Rizki Juniansyah Absen di Asian Games 2026 Kris FW - detikSport Minggu, 27 Sep 2026 16:45 WIB Jakarta - Rizki Juniansyah dipastikan absen di Asian Games 2026 Aichi-Nagoya. Peraih emas Olimpiade itu tidak bisa tampil karena penangguhan sementara yang dijatuhkan International Weightlifting Federation (IWF) tetap berlaku setelah Court of Arbitration for Sport (CAS) menolak permohonan untuk mencabutnya. Kepastian tersebut disampaikan PABSI, Komite Olimpiade Indonesia (KOI), dan Rizki dalam pernyataan bersama yang diterima detikSport, Minggu (27/9/2026). Apa Alasan Rizki Dijatuhi Penangguhan? Penangguhan berkaitan dengan dugaan pelanggaran kewajiban whereabouts , yakni ketersediaan atlet untuk menjalani tes doping di luar kompetisi. Tapi penangguhan itu bukan temuan bahwa Rizki telah melakukan pelanggaran anti-doping. Proses pemeriksaan pokok perkara juga baru akan dimulai. ""Penangguhan tersebut bukan merupakan temuan bahwa Rizki telah melakukan pelanggaran aturan anti-doping, dan proses pemeriksaan mengenai pokok perkara baru akan dimulai,"" demikian bunyi pernyataan bersama tersebut. Baca juga: Resmi, Rizki Juniansyah Absen di Asian Games 2026 PABSI, KOI, dan Rizki juga menegaskan kasus tersebut tidak berkaitan dengan zat terlarang apa pun. Rizki disebut tidak pernah mendapatkan hasil tes positif sepanjang kariernya, termasuk dalam pemeriksaan terakhir pada Agustus 2026. Rizki membantah tuduhan tersebut dan akan membela kasusnya di hadapan CAS dengan dukungan PABSI dan KOI. ""Rizki membantah tuduhan tersebut dan akan membela kasusnya di hadapan CAS, dengan dukungan penuh dari PABSI dan Komite Olimpiade Indonesia (KOI),"" demikian pernyataan bersama tersebut. Ketiganya menyatakan menghormati keputusan CAS dan proses anti-doping yang berjalan serta berkomitmen bekerja sama sepenuhnya. Tak Bisa Bela Indonesia di Asian Games 2026 Penangguhan yang masih berlaku membuat Rizki tidak dapat mewakili Indonesia di Nagoya. ""Kami menyayangkan bahwa Rizki, yang merupakan juara bertahan Olimpiade dan Dunia, tidak dapat mewakili Indonesia di Nagoya,"" demikian bunyi pernyataan tersebut. Sebelumnya, nama Rizki juga tidak tercantum dalam daftar peserta angkat besi Asian Games 2026. Proses pemeriksaan dugaan pelanggaran whereabouts masih berjalan. PABSI, KOI, dan Rizki menyatakan tidak akan memberikan komentar lebih lanjut selama proses persidangan berlangsung. (krs/cas) Anda menyukai artikel ini Artikel disimpan penangguhan iwf rizki juniansyah asian games 2026 doping olahraga indonesia angkat besi komite olimpiade indonesia cas pelanggaran anti-doping atlet indonesia Komentar",sport,https://sport.detik.com/sport-lain/d-8681513/ini-alasan-rizki-juniansyah-absen-di-asian-games-2026
SP069,"Hasil Asian Games 2026: Alwi Farhan Lolos ke Semifinal Novitasari Dewi Salusi - Sport Minggu, 27 Sep 2026 13:57 WIB ... Tautan telah disalin Jakarta - Alwi Farhan melaju ke semifinal Asian Games 2026 sekaligus mengamankan medali. Alwi lolos usai menang dua gim langsung atas Chou Tien Chen. Alwi menghadapi Chou di Ichinomiya City Municipal Gymnasium, Minggu (27/9/2026) siang WIB. Alwi menang 21-10, 21-11. Menang telak, Alwi mulai membuka jarak pada pertengahan gim pertama. Alwi merebut enam poin beruntun untuk unggul 15-6 atas Chou. SCROLL TO CONTINUE WITH CONTENT Baca juga: Hasil Asian Games 2026: Jonatan Terhenti di Perempatfinal Sejak saat itu, laju Alwi tak terbendung. Ia mengamankan gim pertama 21-10 dalam durasi 19 menit. ADVERTISEMENT Memasuki gim kedua, Alwi sempat tertinggal di awal. Titik balik Alwi terjadi mendekati interval. Saat tertinggal 7-9, Alwi meraih lima poin untuk berbalik unggul 12-9. Alwi lantas merebut delapan poin beruntun untuk mencapai match point di kedudukan 20-10. Alwi akhirnya mengunci kemenangan 21-11 setelah bertarung selama 41 menit. Lolos ke semifinal, Alwi akan menghadapi wakil Thailand, Kunlavut Vitidsarn. Kunlavut lolos usai menang rubber game atas wakil Hong Kong, Ng Ka Long Angus. Baca juga: Hasil Asian Games 2026: Leo/Daniel Menang, 2 Ganda Putra RI ke Semifinal Video: Hadapi Thailand di Asian Games 2026, Ini Line Up Tim Badminton Putra RI Video: Hadapi Thailand di Asian Games 2026, Ini Line Up Tim Badminton Putra RI (nds/krs) ... Tautan telah disalin hasil asian games 2026 alwi farhan bulutangkis Anda menyukai artikel ini Artikel disimpan",sport,https://sport.detik.com/raket/d-8681287/hasil-asian-games-2026-alwi-farhan-lolos-ke-semifinal
SP070,"Resmi, Rizki Juniansyah Absen di Asian Games 2026 Kris FW - detikSport Minggu, 27 Sep 2026 13:42 WIB Jakarta - Rizki Juniansyah dipastikan absen di Asian Games 2026 Aichi-Nagoya. Court of Arbitration for Sport (CAS) menolak permohonan untuk mencabut penangguhan sementara yang dijatuhkan International Weightlifting Federation (IWF). Dengan keputusan tersebut, Rizki tidak dapat bertanding di Asian Games 2026. Kepastian itu disampaikan dalam pernyataan bersama PABSI, Komite Olimpiade Indonesia (KOI), dan Rizki yang diterima detikSport, Minggu (27/9/2026). Bukan Kasus Doping Penangguhan sementara Rizki berkaitan dengan dugaan pelanggaran kewajiban whereabouts , yakni ketersediaan atlet untuk menjalani tes doping di luar kompetisi. PABSI, KOI, dan Rizki menegaskan penangguhan tersebut merupakan tindakan prosedural selama proses perkara berlangsung. ""Penangguhan tersebut bukan merupakan temuan bahwa Rizki telah melakukan pelanggaran aturan anti-doping, dan proses pemeriksaan mengenai pokok perkara baru akan dimulai,"" demikian bunyi pernyataan bersama tersebut. Dengan demikian, Rizki belum dinyatakan melakukan pelanggaran anti-doping. Pernyataan bersama itu juga menegaskan perkara yang dihadapi Rizki tidak berkaitan dengan zat terlarang. ""Kasus ini tidak berkaitan dengan zat terlarang apa pun,"" tulis PABSI, KOI, dan Rizki. PABSI, KOI, dan Rizki juga menyebut Rizki tidak pernah mendapatkan hasil tes positif sepanjang kariernya, termasuk dalam pemeriksaan doping terakhir pada Agustus 2026. Baca juga: Heboh Rizki Juniansyah Tak Ada di Daftar Atlet Angkat Besi Asian Games Rizki Bantah Tuduhan Rizki membantah tuduhan tersebut dan akan membela kasusnya di hadapan CAS. ""Rizki membantah tuduhan tersebut dan akan membela kasusnya di hadapan CAS, dengan dukungan penuh dari PABSI dan Komite Olimpiade Indonesia (KOI),"" demikian pernyataan bersama tersebut. PABSI, KOI, dan Rizki menyatakan menghormati keputusan CAS serta proses anti-doping yang sedang berjalan. Ketiganya juga berkomitmen untuk bekerja sama sepenuhnya dalam proses tersebut. Pemeriksaan mengenai pokok perkara baru akan dimulai. Untuk saat ini, penangguhan sementara tetap berlaku sehingga Rizki tidak dapat tampil di Asian Games 2026. Tak Bisa Bela Indonesia di Nagoya Keputusan CAS membuat Rizki kehilangan kesempatan mewakili Indonesia di Asian Games 2026. PABSI, KOI, dan Rizki menyayangkan kondisi tersebut. Dalam pernyataan bersama, Rizki disebut sebagai juara bertahan Olimpiade dan Dunia. ""Kami menyayangkan bahwa Rizki, yang merupakan juara bertahan Olimpiade dan Dunia, tidak dapat mewakili Indonesia di Nagoya,"" demikian bunyi pernyataan tersebut. Sebelumnya, nama Rizki juga sudah tidak tercantum dalam daftar peserta angkat besi Asian Games 2026. detikSport melaporkan Rizki semula diproyeksikan tampil di kelas 85 kilogram putra. Informasi tersebut muncul sebelum alasan absennya dijelaskan melalui pernyataan bersama PABSI, KOI, dan Rizki. Proses Masih Berjalan Keputusan CAS mempertahankan penangguhan sementara bukan berarti Rizki telah dinyatakan bersalah dalam perkara anti-doping. Pernyataan resmi menegaskan penangguhan tersebut bukan temuan pelanggaran anti-doping dan pemeriksaan mengenai pokok perkara baru akan dimulai. Rizki membantah tuduhan dan akan membela kasusnya di hadapan CAS dengan dukungan PABSI dan KOI. PABSI, KOI, dan Rizki juga menyatakan tidak akan memberikan komentar lebih lanjut selama proses persidangan masih berlangsung. Dengan demikian, yang sudah dipastikan saat ini adalah Rizki Juniansyah tidak dapat tampil di Asian Games 2026, sementara pemeriksaan mengenai dugaan pelanggaran whereabouts masih berjalan. Baca juga: Profil Rahmat Erwin, Penyumbang Emas Kedua Indonesia di Asian Games 2026 (krs/cas) Anda menyukai artikel ini Artikel disimpan asian games 2026 penangguhan sementara rizki juniansyah anti-doping pabsi koi dugaan pelanggaran olahraga indonesia angkat besi court of arbitration for sport Komentar",sport,https://sport.detik.com/sport-lain/d-8681266/resmi-rizki-juniansyah-absen-di-asian-games-2026
SP071,"Hasil Asian Games 2026: Jonatan Terhenti di Perempatfinal Novitasari Dewi Salusi - detikSport Minggu, 27 Sep 2026 13:02 WIB Jakarta - Langkah Jonatan Christie di Asian Games 2026 hanya sampai babak perempatfinal. Jonatan disingkirkan wakil Singapura, Loh Kean Yew. Jonatan menghadapi Loh di Ichinomiya City Municipal Gymnasium, Minggu (27/9/2026) siang WIB. Jonatan kalah dua gim langsung 14-21, 19-21. Jonatan lebih banyak dalam posisi mengejar pada gim pertama. Meski hanya selisih satu poin saat interval, Jonatan mulai kesulitan dan kehilangan gim pertama 14-21. ADVERTISEMENT SCROLL TO CONTINUE WITH CONTENT Baca juga: Hasil Asian Games 2026: Leo/Daniel Menang, 2 Ganda Putra RI ke Semifinal Pada gim kedua, Jonatan yang sempat unggul di awal kemudian ditikung oleh Loh yang merebut tujuh poin beruntun untuk unggul 9-5. Jonatan memasuki interval dalam posisi tertingal 7-11. Pertandingan lantas berjalan ketat dan Jonatan sempat berbalik unggul 18-16 setelah meraih empat angka beruntun. Namun, meski sempat unggul 19-17, Jonatan kemudian justru disalip. Loh merebut empat poin beruntun untuk mengunci kemenangan. Ini sekaligus jadi kemenangan pertama Loh atas Jonatan setelah selalu kalah dalam 10 kali pertemuan. Baca juga: Gagal Dapat Medali Individu Asian Games, Putri KW Kecewa (nds/cas) Anda menyukai artikel ini Artikel disimpan jonatan christie asian games 2026 bulutangkis Komentar",sport,https://sport.detik.com/raket/d-8681242/hasil-asian-games-2026-jonatan-terhenti-di-perempatfinal
SP072,"Piala Panglima TNI ORADO Resmi Dibuka, Diikuti 512 Tim Mohammad Resha Pratama - Sport Minggu, 27 Sep 2026 12:20 WIB ... Tautan telah disalin Jakarta - Open Tournament Olahraga Domino Nasional (ORADO) Piala Panglima TNI 2026 resmi dibuka. Ada 512 tim bersaing jadi yang terbaik. Turnamen domino yang menjadi rangkaian peringatan Hari Ulang Tahun (HUT) ke-81 Tentara Nasional Indonesia (TNI) ini digelar di GOR Ahmad Yani, Mabes TNI, Cilangkap, Jakarta Timur, Minggu (27/9/2026). Turnamen garapan Pengurus Besar Olahraga Domino Nasional (PB ORADO) tersebut digelar serentak di 101 kota di seluruh Indonesia dengan melibatkan peserta dari berbagai lapisan masyarakat. Penyelenggaraan secara serentak itu juga diarahkan untuk mencatatkan rekor Museum Rekor-Dunia Indonesia (MURI). SCROLL TO CONTINUE WITH CONTENT Pada pertandingan utama, sebanyak 512 tim mengikuti babak penyisihan. Peserta dibagi ke dalam empat grup yang masing-masing terdiri atas 128 tim sebelum secara bertahap menjalani sistem eliminasi menuju babak berikutnya. Seremoni pembukaan dilaksanakan dengan mempertimbangkan tiga zona waktu Indonesia. Pembukaan berlangsung pukul 08.00 WIB, 09.00 WITA, dan 10.00 WIT, serta terhubung melalui telekonferensi dengan daerah-daerah tempat penyelenggaraan turnamen. ADVERTISEMENT Piala Panglima TNI menjadi salah satu turnamen berskala nasional yang dipercayakan kepada PB ORADO setelah organisasi tersebut resmi diterima menjadi anggota KONI Pusat pada Mei 2026. Keanggotaan itu menjadi bagian dari penguatan pembinaan dan kompetisi olahraga domino secara terstruktur di Indonesia. Asisten Personel (Aspers) Panglima TNI Marsekal Muda TNI Djohn Amarul, S.A.B., yang mewakili Panglima TNI Jenderal TNI Agus Subiyanto, secara resmi membuka Open Tournament Domino ORADO Piala Panglima TNI 2026. ""Bismillah, dengan ini Open Tournament Domino ORADO (101) Piala Panglima TNI 2026 saya nyatakan resmi dimulai,"" kata Djohn dalam keterangan resmi kepada media. Djohn mengatakan, penyelenggaraan turnamen tersebut tidak hanya menjadi ajang kompetisi, tetapi juga bertujuan mempererat silaturahmi dan kebersamaan sekaligus meningkatkan prestasi serta sportivitas para peserta. Turnamen tersebut mempertemukan atlet, prajurit TNI, anggota Polri, serta masyarakat. Selain menjadi ruang kompetisi, kegiatan itu diharapkan dapat menjadi sarana untuk menemukan atlet-atlet baru yang berprestasi dalam cabang olahraga domino. Menurut Djohn, olahraga memiliki peran dalam membentuk perubahan secara menyeluruh, baik dari aspek fisik, mental, maupun emosional. Nilai-nilai yang tumbuh melalui olahraga, seperti sportivitas, kehormatan, disiplin, tanggung jawab, kerja sama, serta kepercayaan terhadap kemampuan diri sendiri, menjadi bagian penting dalam pembentukan karakter peserta. ""Hal inilah yang kemudian menjadi landasan karakter dan moral para peserta Open Tournament Domino untuk terus meningkatkan kemampuan setinggi-tingginya serta mencapai prestasi terbaik,"" ujar Djohn. Sementara itu, Ketua Umum Pengurus Besar Olahraga Domino Nasional (PB ORADO) Yooky Tjahrial menyampaikan apresiasi kepada Panglima TNI Agus Subiyanto beserta seluruh jajaran, atas kepercayaan dan dukungan yang diberikan kepada ORADO dalam penyelenggaraan turnamen domino. Menurut Yooky, dukungan tersebut menjadi bukti besarnya kepercayaan TNI terhadap perkembangan olahraga domino di Indonesia. ORADO bahkan telah menyelenggarakan turnamen di 101 kota dan menargetkan pencatatan rekor Museum Rekor Dunia Indonesia (MURI). Baca juga: Usai Dilantik KONI, PB ORADO Siap Hadirkan Kompetisi Berjenjang ""Hari ini menjadi momen yang sangat istimewa bagi ORADO. Kegiatan ini diselenggarakan serentak di 101 kota dan kabupaten yang tersebar di 32 provinsi, dengan melibatkan lebih dari 20.000 peserta. Insya Allah, pencapaian ini akan tercatat dalam Rekor MURI sebagai kompetisi domino serentak dengan peserta terbanyak,"" kata Yooky. Dia mengatakan, kesempatan menggelar pertandingan di fasilitas TNI menjadi momentum penting bagi ORADO yang relatif baru mendapatkan pengakuan sebagai cabang olahraga di bawah Komite Olahraga Nasional Indonesia (KONI). ""Khusus untuk pelaksanaan utama di Mabes TNI, Open Tournament diikuti oleh 512 tim atau 1.024 atlet. Selain itu, kita juga mengadakan Celebrity Tournament untuk memperkenalkan olahraga domino kepada masyarakat secara lebih luas dan menarik generasi muda,"" paparnya. Yooky menegaskan, ORADO kini terus membangun sistem pembinaan dan kompetisi berjenjang. Sejumlah agenda telah dijalankan mulai dari Kejuaraan Cabang (Kejurcab), Kejuaraan Provinsi (Kejurprov), hingga Kejuaraan Nasional (Kejurnas). ""Dari kompetisi tersebut kami sudah melahirkan atlet-atlet dari berbagai daerah dan memiliki juara nasional. Target berikutnya tentu bagaimana olahraga domino dapat terus berkembang, termasuk dalam ikhtiar menuju PON 2028,"" ujarnya. ""Saya merasa sangat terhormat ORADO diberikan kesempatan menggelar pertandingan di tempat yang sangat baik ini. Kami berharap kerja sama dengan TNI tidak berhenti sampai di sini. Mudah-mudahan ini menjadi titik awal bagi ORADO dan TNI untuk bersama-sama membangkitkan olahraga baru sekaligus memperkuat pembinaan atlet di Indonesia,"" jelasnya. Pertandingan utama dimulai dari babak penyisihan yang diikuti 512 tim. Setelah penyisihan awal, jumlah peserta menyusut menjadi 256 tim, kemudian 128 tim, 64 tim, 32 tim, 16 tim, hingga delapan tim yang berhak melanjutkan pertandingan menuju semifinal. Empat tim selanjutnya bersaing pada fase akhir untuk menentukan juara. Selain pertandingan utama, Piala Panglima TNI ORADO juga dimeriahkan turnamen eksibisi yang melibatkan sekitar 40 selebriti, musisi, dan influencer Tanah Air. Pertandingan eksibisi selebriti dijadwalkan berlangsung mulai pukul 16.00 WIB. Babak final kategori selebriti berlangsung pada malam hari sebelum final Open Tournament yang dimainkan dalam tiga set. Baca juga: PB ORADO Dapat Dukungan Gelar Kejuaraan Piala Panglima TNI Video: Klarifikasi Raja Juli Soal Foto Main Domino Bareng Pembalak Liar Video: Klarifikasi Raja Juli Soal Foto Main Domino Bareng Pembalak Liar (mrp/krs) ... Tautan telah disalin orado piala panglima tni 2026 orado domino pb orado Anda menyukai artikel ini Artikel disimpan",sport,https://sport.detik.com/sport-lain/d-8681106/piala-panglima-tni-orado-resmi-dibuka-diikuti-512-tim
SP073,"Hasil, Klasemen, Jadwal FIFA ASEAN Cup 2026: Kapan Timnas Indonesia Main? Kris FW - Sport Minggu, 27 Sep 2026 11:40 WIB ... Tautan telah disalin Jakarta - FIFA ASEAN Cup 2026 sudah memainkan empat pertandingan dari fase grup. Timnas Indonesia langsung meraih kemenangan pada laga perdananya dan kini menempati posisi kedua Grup A. FIFA ASEAN Cup 2026 merupakan turnamen yang diikuti tim-tim Asia Tenggara dalam format kompetisi antardivisi. Pada Division 1, yang ditempati Indonesia, delapan tim terbagi ke dalam Grup A dan Grup B. Dua pertandingan Grup A digelar pada 25 September 2026. Malaysia menang 3-0 atas Bangladesh, sedangkan Timnas Indonesia mengalahkan Singapura 2-0 di Stadion Utama Gelora Bung Karno (SUGBK), Jakarta. Indonesia mencetak dua gol melalui Ragnar Oratmangoen pada menit ke-13 dan Ole Romeny menit ke-74. Hasil tersebut membuat Indonesia mengoleksi tiga poin dan berada di posisi kedua Grup A. Malaysia memimpin klasemen karena unggul selisih gol. Sementara itu, Grup B juga sudah memainkan dua pertandingan. Thailand menang telak 4-0 atas Pakistan, sedangkan Vietnam mengalahkan Filipina 1-0. Hasil FIFA ASEAN Cup 2026 25 September 2026 Bangladesh 0-3 Malaysia Indonesia 2-0 Singapura 26 September 2026 Pakistan 0-4 Thailand Vietnam 1-0 Filipina Klasemen FIFA ASEAN Cup 2026 Grup A Pos Tim P M S K Gol Poin 1 Malaysia 1 1 0 0 3-0 3 2 Indonesia 1 1 0 0 2-0 3 3 Singapura 1 0 0 1 0-2 0 4 Bangladesh 1 0 0 1 0-3 0 Grup B Pos Tim P M S K Gol Poin 1 Thailand 1 1 0 0 4-0 3 2 Vietnam 1 1 0 0 1-0 3 3 Filipina 1 0 0 1 0-1 0 4 Pakistan 1 0 0 1 0-4 0 Jadwal Timnas Indonesia di FIFA ASEAN Cup 2026 Setelah menang atas Singapura, Indonesia masih memiliki dua pertandingan fase grup. Senin, 28 September 2026 Malaysia vs Indonesia 19.30 WIB Stadion Utama Gelora Bung Karno, Jakarta Kamis, 1 Oktober 2026 Indonesia vs Bangladesh 19.30 WIB Stadion Utama Gelora Bung Karno, Jakarta Pertandingan melawan Malaysia akan menjadi laga penting bagi Indonesia untuk memperebutkan posisi teratas Grup A. Setelah itu, skuad Garuda akan menghadapi Bangladesh pada pertandingan terakhir fase grup. Baca juga: Kata John Herdman soal Rivalitas Sengit Indonesia Vs Malaysia Jadwal Lengkap FIFA ASEAN Cup 2026 28 September 2026 Singapura vs Bangladesh - 16.00 WIB Malaysia vs Indonesia - 19.30 WIB 29 September 2026 Filipina vs Pakistan - 16.00 WIB Thailand vs Vietnam - 20.00 WIB 1 Oktober 2026 Indonesia vs Bangladesh - 19.30 WIB Malaysia vs Singapura - 19.30 WIB 2 Oktober 2026 Thailand vs Filipina - 16.00 WIB Vietnam vs Pakistan - 16.00 WIB (krs/nds) ... Tautan telah disalin fifa asean cup 2026 hasil pertandingan klasemen grup timnas indonesia jadwal pertandingan sepak bola asia tenggara malaysia vs indonesia singapura vs indonesia kesehatan tim kompetisi sepak bola Anda menyukai artikel ini Artikel disimpan",sport,https://sport.detik.com/sport-lain/d-8681104/hasil-klasemen-jadwal-fifa-asean-cup-2026-kapan-timnas-indonesia-main
SP074,"Hasil Asian Games 2026: Leo/Daniel Menang, 2 Ganda Putra RI ke Semifinal Novitasari Dewi Salusi - detikSport Minggu, 27 Sep 2026 11:22 WIB Jakarta - Leo Rolly Carnando / Daniel Marthin melangkah mulus ke semifinal Asian Games 2026 . Leo/Daniel menang dua gim langsung atas wakil Vietnam di perempatfinal. Leo/Daniel ditantang Nguyen Dinh Hoang/Tran Dinh Manh di babak delapan besar nomor perorangan ganda putra Asian Games 2026. Bertanding di Ichinomiya City Municipal Gymnasium, Minggu (27/9/2026) siang WIB, Leo/Daniel menang 21-6, 21-10. Leo/Daniel langsung tancap gas dengan merebut delapan poin beruntun di awal gim pertama untuk unggul 8-0. Tak menemui kesulitan berarti, Leo/Daniel mengamankan gim pertama 21-6 dalam waktu 10 menit. ADVERTISEMENT SCROLL TO CONTINUE WITH CONTENT Baca juga: Hasil Asian Games 2026: Fajar/Fikri ke Semifinal Usai Menang Rubber Game Leo/Daniel melanjutkan dominasinya pada gim kedua. Mereka akhirnya menuntaskan perlawanan pasangan Vietnam itu dengan total durasi pertandingan selama 24 menit. Di babak semifinal Asian Games 2026, Leo/Daniel sudah ditunggu wakil Korea Selatan sekaligus pasangan nomor satu dunia, Kim Won Ho/Seo Seung Jae. Kim/Seo lolos usai menang rubber game atas wakil tuan rumah, Hiroko Nishi/Kakeru Kumagai, dengan skor 15-21, 21-17, 21-15. Dengan demikian, Indonesia punya dua wakil di semifinal ganda putra Asian Games 2026. Fajar Alfian/Muhammad Shohibul Fikri juga lolos usai menang atas wakil Korea Selatan, Kang Min Hyuk/Ki Dong Ju. Baca juga: Hasil Asian Games 2026: Amri/Nita Tembus Semifinal (nds/krs) Anda menyukai artikel ini Artikel disimpan asian games 2026 leo rolly carnando daniel marthin bulutangkis Komentar",sport,https://sport.detik.com/raket/d-8681097/hasil-asian-games-2026-leo-daniel-menang-2-ganda-putra-ri-ke-semifinal
SP075,"Minggu Pagi Bingung Mau Ngapain? Yuk, Cobain Yoga Outdoor di Jakarta Tim detikEvent - Sport Minggu, 27 Sep 2026 11:00 WIB ... Tautan telah disalin Jakarta - Setelah seminggu sibuk dengan pekerjaan atau kuliah, Minggu pagi biasanya jadi waktu untuk istirahat. Tapi kalau terlalu sering dihabiskan dengan rebahan, mungkin tubuh justru butuh diajak bergerak.Kalau kamu ingin mencoba aktivitas yang lebih santai, yoga outdoor bisa jadi pilihan. Yoga Pagi di Tengah Pepohonan Lewat Flow Into a Next Chapter , SukhaCica mengajak peserta menikmati sesi yoga di alam terbuka untuk merayakan satu tahun perjalanan mereka. Sesi yoga akan dilakukan di atas wooden deck yang dikelilingi pepohonan dan rerumputan hijau . Peserta diajak bergerak dengan mindful, mengatur napas, dan menikmati suasana pagi yang lebih tenang. SCROLL TO CONTINUE WITH CONTENT Jadi, aktivitasnya bukan sekadar olahraga, tetapi juga bisa menjadi kesempatan untuk sejenak menjauh dari rutinitas dan menikmati waktu tanpa terburu-buru. Nggak Perlu Jago Yoga untuk Ikut Kalau selama ini kamu ragu mencoba yoga karena merasa kurang lentur atau belum tahu gerakannya, nggak perlu khawatir. Acara ini terbuka untuk semua level, termasuk pemula .Kamu cukup membawa yoga mat sendiri, menggunakan pakaian olahraga yang nyaman, serta disarankan membawa tumbler, handuk, dan sunglasses. ADVERTISEMENT Isi Minggu Pagi dengan Cara yang Berbeda Flow Into a Next Chapter akan berlangsung pada Minggu, 11 Oktober 2026, pukul 07.00-09.00 WIB di Rumah Pembelajar, Setu, Cipayung, Jakarta Timur . Kalau kamu sudah bosan dengan agenda Minggu pagi yang itu-itu saja, ini bisa jadi kesempatan untuk mencoba aktivitas baru sekaligus menikmati suasana outdoor. Yuk, daftarkan dirimu melalui detikevent ! (deve/dspo) ... Tautan telah disalin detikevent yoga outdoor aktivitas akhir pekan kesehatan mental jakarta mindfulness yoga pemula olahraga santai alam terbuka relaksasi komunitas yoga Anda menyukai artikel ini Artikel disimpan",sport,https://sport.detik.com/sportstyle/d-8681058/minggu-pagi-bingung-mau-ngapain-yuk-cobain-yoga-outdoor-di-jakarta
SP076,"Klasemen Medali Asian Games 2026: Indonesia Kini Posisi Berapa? Kris FW - detikSport Minggu, 27 Sep 2026 10:45 WIB Jakarta - Kontingen Indonesia masih berada di posisi ke-14 klasemen medali Asian Games 2026 Aichi-Nagoya. Hingga Minggu (27/9) pagi pukul 10.40 WIB, Merah Putih mengoleksi 2 medali emas, 4 perak, dan 17 perunggu atau total 23 medali. Sebelumnya Indonesia mendapat tambahan emas melalui Rahmat Erwin Abdullah dari cabang angkat besi. Ia menjadi juara nomor 75 kilogram putra setelah membukukan total angkatan 366 kilogram. Berdasarkan klasemen medali yang ditampilkan di situs resmi Asian Games 2026, Indonesia mengoleksi 2 emas, 4 perak, dan 17 perunggu. Total ada 23 medali yang sudah dikumpulkan kontingen Merah Putih. Indonesia berada di bawah Taiwan yang mengoleksi 24 medali dengan rincian 2 emas, 5 perak, dan 17 perunggu. Di atas Indonesia terdapat Malaysia. Negeri Jiran menempati posisi ke-12 dengan 4 emas, 1 perak, dan 8 perunggu atau total 13 medali. Sementara itu, Thailand berada di posisi keenam dengan 8 emas, 7 perak, dan 9 perunggu. Total Thailand sudah mengoleksi 24 medali. Baca juga: PB PABSI dan CdM Apresiasi Emas Rahmat Erwin: Ini Sesuai Target China masih berada di posisi teratas klasemen medali Asian Games 2026. China sejauh ini sudah mengumpulkan 111 emas, 43 perak, dan 31 perunggu, dengan total 185 medali. Jepang berada di posisi kedua dengan 32 emas, 52 perak, dan 50 perunggu atau total 134 medali. Korea Selatan melengkapi tiga besar dengan 17 emas, 22 perak, dan 36 perunggu. Perolehan Medali Indonesia Peringkat Asia #14 Juara Olahraga Asia 2026 INDONESIA 2 Emas 4 Perak 17 Perunggu 23 Total Medali Klasemen Medali Asian Games 2026 Berikut klasemen perolehan medali Asian Games 2026 per Minggu (27/9) pagi: Pos Negara Emas Perak Perunggu Total 1 China 111 43 31 185 2 Jepang 32 52 50 134 3 Korea Selatan 17 22 36 75 4 Uzbekistan 8 17 9 34 5 Kazakhstan 8 8 20 36 6 Thailand 8 7 9 24 7 Iran 7 14 7 28 8 Bahrain 7 2 2 11 9 Korea Utara 5 5 4 14 10 India 4 12 14 30 11 Hong Kong 4 11 14 29 12 Malaysia 4 1 8 13 13 Taiwan 2 5 17 24 14 Indonesia 2 4 17 23 (krs/nds) Anda menyukai artikel ini Artikel disimpan medali perak asian games 2026 klasemen medali medali emas aichi-nagoya medali perunggu indonesia olahraga kontingen indonesia perolehan medali update medali indonesia kusuka Komentar",sport,https://sport.detik.com/sport-lain/d-8681042/klasemen-medali-asian-games-2026-indonesia-kini-posisi-berapa
SP077,"Hasil Asian Games 2026: Fajar/Fikri ke Semifinal Usai Menang Rubber Game Novitasari Dewi Salusi - detikSport Minggu, 27 Sep 2026 10:26 WIB Jakarta - Fajar Alfian / Muhammad Shohibul Fikri lolos ke semifinal sekaligus mengamankan medali Asian Games 2026 . Mereka mengalahkan wakil Korea Selatan lewat rubber game. Fajar/Fikri menghadapi Kang Min Hyuk/Ki Dong Ju di perempatfinal ganda putra Asian Games 2026. Bertanding di Ichinomiya City Municipal Gymnasium, Minggu (27/9/2026) pagi WIB, Fajar/Fikri menang 21-14, 20-22, 21-14. Fajar/Fikri memulai gim pertama dengan baik. Terus memberikan tekanan, Fajar/Fikri 5-2 dan terus melaju hingga memasuki interval dengan skor 11-7. ADVERTISEMENT SCROLL TO CONTINUE WITH CONTENT Usai interval, Fajar/Fikri terus melebarkan keunggulan menjadi 16-9. Fajar/Fikri lantas mengamankan gim pertama dengan skor 21-14. Baca juga: Hasil Asian Games 2026: Amri/Nita Tembus Semifinal Pada awal gim kedua, Fajar/Fikri sempat beberapa kali melakukan kesalahan sendiri yang membuat mereka tertinggal 2-5. Mereka sulit keluar dari tekanan dan tertinggal 4-11 saat interval. Fajar/Fikri bangkit selepas interval dengan merebut lima poin beruntun untuk memangkas jarak menjadi 9-11. Bola pukulan Fikri yang sempat bergulir di net dan masuk ke area permainan lawan membuat skor jadi sama kuat 14-14. Pertandingan lantas berjalan ketat. Fajar/Fikri beberapa kali membuat lawan jatuh bangun mengejar bola. Setelah pasangan Korea mencapai game point lebih dulu di kedudukan 20-18, Fajar/Fikri bisa menyamakan skor untuk memaksakan adu setting. Baca juga: Gagal Dapat Medali Individu Asian Games, Putri KW Kecewa Namun, Fajar/Fikri justru melakukan kesalahan beruntun. Kang/Ki merebut gim kedua 22-20 untuk memaksakan rubber game. Start Fajar/Fikri pada gim ketiga. Sempat ketat di awal, Fajar/Fikri kemudian melaju dengan merebut lima poin beruntun untuk memimpin 10-4. Kesalahan servis dari Kang kemudian memberi Fajar/Fikri keunggulan 11-5 saat interval. Pasangan Korea terus memberi perlawanan sengit. Kesalahan beruntun dari Kang/Ki memberi Fajar/Fikri match point di kedudukan 20-12. Fajar/Fikri akhirnya menang 21-14 usai berjuang selama satu jam sembilan menit. Lolos ke semifinal Asian Games 2026, Fajar/Fikri akan menghadapi pemenang dari pertandingan antara Goh Sze Fei/Nur Izzuddin (Malaysia) dan Liang Wei Keng/Wang Chang (China). Baca juga: Leo/Daniel: Kami Tak Boleh Jemawa (nds/krs) Anda menyukai artikel ini Artikel disimpan asian games 2026 hasil asian games 2026 fajar alfian muhammad shohibul fikri bulutangkis Komentar",sport,https://sport.detik.com/raket/d-8681033/hasil-asian-games-2026-fajar-fikri-ke-semifinal-usai-menang-rubber-game
SP078,"Hasil Asian Games 2026: Amri/Nita Tembus Semifinal Okdwitya Karina Sari - detikSport Minggu, 27 Sep 2026 08:52 WIB Ichinomiya - Duet Amri Syahnawi/Nita Violina Marwah melangkah ke semifinal bulutangkis individual Asian Games 2026 . Amri/Nita menang comeback atas pasangan Korea Selatan. Amri/Nita menghadapi Jeong Naeun/Jo Song hyun di perempatfinal, yang dihelat di Ichinomiya City Gymnasium pada Mingu (27/9) pagi WIB. Amri/Nita bangkit dari ketinggalan di gim ketiga untuk menang 21-9, 12-21, 21-19. Amri/Nita tinggal menunggu lawan di pertandingan selanjutnya. Adalah pemenang antara pasangan China unggulan teratas Feng Yanzhe/Huang Dongping melawan Dhruv Kapila/Tanisha Crasto (India). ADVERTISEMENT SCROLL TO CONTINUE WITH CONTENT Baca juga: Hasil Asian Games 2026: Jonatan Lolos Usai Direpotkan Wakil Sri Lanka Amri/Nita melalui gim pertama tanpa perlawanan berarti dari Jeong/Jo. Setelah unggul 5-0, Amri/Nita memimpin 11-1 di interval pembuka dan 15-5. Pada prosesnya, Amri/Nita tidak kendur untuk menjaga momentum sebelum menutup perlawanan Jeong/Jo 21-9 di akhir gim pertama. Jeong Naeun/Jo Song hyun membalas di gim selanjutnya. Usai skor 4-4, Jeong/Jo meninggalkan Amri/Nita dalam kedudukan 11-7 di interval kedua. Jarak di antara kedua pasangan melebar jadi tujuh poin setelah Jeong/Jo meraup tiga poin berturut-turut. Amri/Nita sempat menipiskan ketinggalan 10-15, Jeong/Jo menolak memberi angin untuk unggul 21-12 sekaligus memaksakan gim terakhir. Baca juga: Hasil Asian Games 2026: Alwi ke Perempatfinal, Ana/Trias Tersingkir Start kencang dilakoni Jeong/Jo dengan memimpin 5-1. Setelahnya, Amri/Nita memangkas jarak 3-5, tapi Jeong/Jo menjauh lagi usai unggul 7-3, 10-6, sebelum menandai interval terakhir dengan 11-6. Amri/Nita melakukan perlawanan balik. Pelan-pelan mengejar Jeong/Jo 8-13, 12-13, sebelum berbalik unggul 15-14. Pertandingan jadi semakin ketat di poin-poin kritis. Amri/Nita sempat tertinggal 16-15, 17-15, 19-17 sebelum mengejar 19-19. Amri/Nita tidak menyia-nyiakan kesempatan ini dengan memenangi dua poin terakhir sekaligus lolos ke babak perempatfinal Asian Games 2026 . (rin/rin) Anda menyukai artikel ini Artikel disimpan asian games 2026 amri syahnawi nita violina marwah amri syahnawi/nita violina marwah amri/nita Komentar",sport,https://sport.detik.com/raket/d-8680924/hasil-asian-games-2026-amri-nita-tembus-semifinal
SP079,"Asian Games: Timnas Panjat Tebing Datang Awal Demi Persiapan Matang Putra Rusdi K - detikSport Minggu, 27 Sep 2026 07:15 WIB Nagoya - Timnas Panjat Tebing Indonesia sudah jalani latihan resmi Asian Games 2026 . Timnas Panjat Tebing datang lebih awal ke Nagoya demi persiapan yang matang. Sembilan atlet timnas Panjat Tebing Indonesia menjalani sesi latihan resmi Asian Games 2026, Sabtu (26/9). Sembilan atlet tersebut adalah Veddriq Leonardo, Aditya Tri Syahria, Desak Made Rita Kusuma Dewi, Berthdigna Devi Surya, Putra Tri Ramadani, Raviandi Ramadhan, Sukma Lintang Cahyani, Alma Ariella Tsany, dan Ravianto Ramadhan. Latihan resmi yang digelar ini merupakan latihan umum. Setelah itu, akan ada latihan field of play (FOP) untuk masing-masing nomor. FOP training untuk boulder digelar pada 27 September. Pada 28 September akan digelar FOP training nomor lead dan speed. ADVERTISEMENT SCROLL TO CONTINUE WITH CONTENT Para atlet berlatih di Port Messe Nagoya International Exhibition Hall yg menjadi venue dari Asian Games 2026. Mereka langsung berlatih sehari setelah tiba di Nagoya. Manajer Timnas Panjat Tebing Indonesia Aries Susanti Rahayu mengatakan skuad Garuda datang lebih awal demi persiapan yang matang menyongsong Asian Games 2026. Wanita berjuluk Spiderwoman ini mengungkap bahwa semua atlet dalam kondisi yang fit. ""Selalu ada keuntungan jika kita datang lebih awal di kompetisi. Terutama dalam hal recovery setelah perjalanan panjang dan aklimatisasi. Semua atlet dalam kondisi fit dan tadi langsung menjalani sesi latihan resmi,"" ujar Aries Susanti dalam rilis yang diterima detikSport. Baca juga: Daftar 35 Cabor Kontingen Indonesia di Asian Games 2026, Tanpa Sepakbola Para atlet ini akan berlaga di Asian Games 2026 pada 29 September 2026 hingga 3 Oktober 2026. Pada 29 September, digelar sesi semifinal boulder putra dan kualifikasi speed putri. Kemudian, pada 30 September akan digelar sesi semifinal boulder putri, kualifikasi speed putra, final boulder putra, dan final speed putri.Sehari berselang, final boulder putri dan final speed putra akan dihelat 1 Oktober. Semifinal lead putra dan semifinal lead putri dipertandingkan pada 2 Oktober. Sesi final kedua nomor tersebut akan dilaksanakan pada 3 Oktober. Baca juga: Optimisme Veddriq Leonadro untuk Asian Games 2026 (pur/pur) Anda menyukai artikel ini Artikel disimpan timnas panjat tebing asian games 2026 aries susanti rahayu atlet indonesia latihan resmi Komentar",sport,https://sport.detik.com/sport-lain/d-8680827/asian-games-timnas-panjat-tebing-datang-awal-demi-persiapan-matang
SP080,"WEC 2026: Hujan Batalkan Kualifikasi, WRT 32 Start P14 di Fuji Mohammad Resha Pratama - Sport Minggu, 27 Sep 2026 06:15 WIB ... Tautan telah disalin Oyama - Hujan deras membatalkan sesi kualifikasi 6 Hours of Fuji . Alhasil, Team WRT 32 harus berjuang keras dari posisi ke-14 untuk bisa meraih poin. Sebelum sesi kualifikasi dimulai, Sabtu (26/9), hujan deras sudah membasahi lintasan sirkuit Fuji Speedway. Sesi FP3 sempat berjalan normal selama satu jam, tapi Qualifying dan Hyperpole untuk kelas LMGT3 serta Hypercar FIA WEC 2026 dibatalkan. Trek yang sangat basah, minimnya jarak pandang, plus insiden yang dialami oleh mobil Ferrari milik tim Vista AF Corse #21 ketika Francois Heriau menabrak pembatas tak lama setelah sesi Qualifying dimulai, langsung membuat Race Director FIA WEC Eduardo Freitas membatalkan semua sesi tersisa. SCROLL TO CONTINUE WITH CONTENT Dengan demikian, posisi start ditentukan berdasarkan waktu tercepat milik masing-masing tim dari sesi FP1, FP2, dan FP3. Baca juga: WEC 2026: WRT 32 Cari Formula Terbaik Kualifikasi dan Race ADVERTISEMENT Di kelas Hypercar, tim Alpine 36 menempati pole position karena membuat lap time terbaik pada FP2. Sementara untuk LMGT3, tim Proton Competition 77 start terdepan dengan waktu terbaik mereka diambil dari sesi yang sama. Team WRT 32 sendiri akan memulai balapan dari P14, di mana lap time milik Augusto Farfus di FP1, 1 menit 40,617 detik, jadi patokan. Sean Gelael dan Darren Leung, dua rekan setim Farfus, berharap mobil BMW M4 bisa kompetitif di lintasan. ""Terus terang kami sangat meminta maaf kepada para penonton yang sudah hadir di Fuji. Mereka sudah datang dan duduk di tribun bahkan saat hujan turun dengan deras, tapi akhirnya Qualifying dibatalkan. Semoga besok kami bisa menyajikan balapan yang menarik,"" ujar Sean dalam rilis kepada detikSport. Race 6 Hours of Fuji disiarkan langsung secara livestreaming oleh youtube KUY Entertainment dan www.gelaelized.com, Minggu (27/9), mulai pukul 09.00 WIB. Baca juga: WEC 2026: Ada Drama sebelum Balapan di Fuji Video Sean Gelael soal Olahraga Balap Dianggap Mahal: Semua Itu Relatif! Video Sean Gelael soal Olahraga Balap Dianggap Mahal: Semua Itu Relatif! (mrp/raw) ... Tautan telah disalin sean gelael 6 hours of fuji fia wec 2026 fia wec world endurance championship team wrt 32 Anda menyukai artikel ini Artikel disimpan",sport,https://sport.detik.com/sport-lain/d-8680843/wec-2026-hujan-batalkan-kualifikasi-wrt-32-start-p14-di-fuji
SP081,"Avenue Racing Series: Ketika Pelajar SMA Beradu Cepat di Lintasan Mohammad Resha Pratama - Sport Minggu, 27 Sep 2026 02:15 WIB ... Tautan telah disalin Jakarta - Muncul lagi satu ajang balap baru di Indonesia. Tapi kali ini digagas oleh sejumlah pelajar Sekolah Menengah Atas (SMA), bernama Avenue Racing Series . Avenue Racing Series adalah ajang balapan gokar yang akan digelar art.inc, Entertainment District PIK 2, Minggu (27/9). Uniknya, kejuaraan ini murni digagas dan dikelola oleh pelajar SMA untuk sesama pelajar (Built by Students, for Students). ARS 2026 hadir sebagai panggung utama bagi para pelajar yang memiliki ketertarikan pada kecepatan. Sebanyak 32 driver terpilih dari 32 sekolah siap adu strategi di lintasan demi memperebutkan gelar ARS Champion dan ARS School Champion dalam format perlombaan profesional, mulai dari Practice, Qualifying, Heats, Pre-Final, hingga Main Final. SCROLL TO CONTINUE WITH CONTENT ARS hadir bukan sekadar untuk melarang aksi balap liar, melainkan memberikan alternatif nyata bagi anak muda yang haus akan kecepatan. Energi dan ketertarikan berlebih pada dunia balap dialihkan dari jalanan yang berbahaya ke lintasan resmi yang aman, terorganisir, dan memiliki regulasi ketat. Selain itu, ARS mendobrak stempel bahwa motorsport adalah olahraga eksklusif. Lewat ajang ini, akses dunia balap dibuka lebar untuk pelajar SMA. ARS membuktikan bahwa balapan bukan cuma soal siapa yang paling kencang, tetapi juga menggembleng disiplin, strategi, konsistensi, sportivitas, teamwork, hingga profesionalism. ADVERTISEMENT Ajang ini juga bisa jadi pintu masuk bagi para anak muda yang ingin berkarier di dunia balapan. Apalagi tidak sedikit generasi muda yang memiliki passion di dunia balap, tetapi bingung harus memulai dari mana. Baca juga: Gabung Tim Kuat, Qarrar Firhand Makin Pede Tatap British F4 ARS memosisikan diri sebagai entry point (pintu masuk) resmi bagi para pelajar untuk mengenal industri motorsport secara langsung. Pengalaman perdana di atas kokpit gokart ini menjadi fondasi awal bagi mereka untuk memahami standar kompetisi profesional sebelum melangkah ke jenjang karir balap yang lebih tinggi. Gebrakan tak biasa anak muda ini langsung memikat by.U, brand penyedia layanan seluler. Tak sekadar hadir, by.U terjun langsung menjadi mitra utama guna mendukung pembibitan serta pembinaan talenta balap Indonesia sejak dini. Kehadiran by.U di ARS 2026 menegaskan posisinya sebagai enabler anak muda. Selain memberikan dukungan operasional kompetisi, by.U menghadirkan pengalaman digital seru di area sirkuit melalui konektivitas cepat, booth interaktif, dan penawaran khusus bagi para pelajar. ""Avenue Racing Series adalah bukti nyata bahwa anak SMA mampu membuat event motorsport berkualitas dan berstandar aman. Kami hadir sejak awal untuk memberikan wadah yang tepat dan mendukung pembinaan talenta muda ini agar punya jalur yang jelas menuju dunia balap profesional,"" ungkap perwakilan by.U. Baca juga: Karena Dunia Karting Indonesia Tak Pernah Kehabisan Talenta Cerita Qarrar Firhand Ali Direkrut Tim Top Parolin dan Dukungan Indonesia Cerita Qarrar Firhand Ali Direkrut Tim Top Parolin dan Dukungan Indonesia (mrp/mrp) ... Tautan telah disalin avenue racing series gokar by.u Anda menyukai artikel ini Artikel disimpan",sport,https://sport.detik.com/sport-lain/d-8680816/avenue-racing-series-ketika-pelajar-sma-beradu-cepat-di-lintasan
SP082,"Sudah 3 Emas, Sulsel Dominasi Kejuaraan Modern Pentathlon di Yogyakarta Rifqi Ardita Widianto - Sport Minggu, 27 Sep 2026 01:13 WIB ... Tautan telah disalin Jakarta - Sulawesi Selatan mendominasi Kejuaraan Modern Pentathlon Piala Panglima TNI 2026 di Yogyakarta. Pengprov Sulsel sudah mengantongi tiga emas sejauh ini. Dua emas Pengprov Modern Pentathlon Indonesia (MPI) Sulsel itu dipersembahkan oleh Happy Cheryssah Montolalu dari nomor Laser Run U19 Putri dan Triathle U19 Putri. Satu lainnya dari Sri Wahyuni dari nomor Triathle Senior Putri. Di belakang Pengprov Sulsel adalah Fit Body Aquagym (FBA) Kabupaten Malang. FBA Kabupaten Malang merebut dua emas lewat Steven Abrian Pamalua di Laser Run U19 Putra dan Triathle Putra U19. SCROLL TO CONTINUE WITH CONTENT Penentuan juara umum ajang yang berlangsung di Akademi Angkatan Udara (AAU), Yogyakarta ini akan berlangsung di hari terakhir, Minggu (27/9/2026). Hari terakhir ini akan mempertandingkan nomor pentathlon putra-putri. ""Tentu kami bahagia sudah bisa meraih tiga gelar juara. Akan semakin lengkap kalau kami bisa meraih juara umum. Hal ini bisa kami raih karena boleh dibilang kami orang Sulawesi Selatan yang tinggal di Makassar itu memang orang yang fighter. Kami selalu bercita-cita menang. Tapi semuanya kami lakukan dengan latihan yang terhitung,"" kata Ketua MPI Sulsel St. Diza Rasyid Ali kepada para wartawan. ADVERTISEMENT Menurut Diza Ali, keberhasilan meraih sejumlah gelar di Kejuaraan Panglima TNI 2026 ini melanjutkan torehan prestasi mereka, yang sebelumnya terukir di Kejuaraan Nasional dan seleksi Asian Games. Pada Asian Games Aichi-Nagoya 2026, MPI Sulsel sukses meloloskan dua atlet untuk membela Indonesia. Kedua atlet itu adalah Sri Wahyuni dan Nurfa Inayah Nurul Qalbi. ""Atlet-atlet kami sudah beberapa kali mewakili Indonesia, baik langsung dipilih oleh MPI Pusat maupun secara mandiri. Kami beberapa kali mengirim atlet ke Korea, Thailand, dan Singapura. Sudah beberapa kali juga mengibarkan bendera Indonesia,"" ujar Diza. Dalam kesempatan ini, Diza turut berterima kasih ke pengurus MPI Pusat karena terus punya program untuk mengasah para atlet. Rincian Peraih Medali hingga Sabtu, 26 September 2026: Laser Run Senior Putra 1. Graha Rizki Taruna (Surabaya) Jatim 10:45.84 2. Sabarudin (Marinir) 10:53.30 3. Rikki Kurniawan (Marinir) 11:00.63 Laser Run Senior Putri 1. Vera Febrianti (Koopsudnas) 12.20 2. Sri Wahyuni (Sulsel) 12.42 3. Nisriana Aira Firdaus (Tirta Nirwana Kab. Malang) 14.03 Laser Run U19 Putra 1. Steven Abrian Pamaluang (FBA KAB. Malang) 10:46.03 2. Ade Stevano (Jatim) 10:57.36 3. Firman Wahyu Ramadhan (Dragon Wira Yudha Kota Kediri) 11:44.88 Laser Run U19 Putri 1. Happy Cheryssah Montolalu (Sulsel) 13:06 2. Fikka Nur Ambiya (Meteor MP Club) 13:25 3. Aqifah Nurramdani Daim (Sulsel) 13:35 Triathle Senior Putri 1. Sri Wahyuni (Sulsel) 15:46.66 2. Nisrina Aira Firdaus (Tirta Nirwana Mlg) 16:25.57 3. Nurfa Inayah Nurul Qalbi (Sulsel) 16:46.90 Triathle Senior Putra 1. Farras Satrio Aris Sugianto (DKI Jakarta) 13:46.04 2. Jumaedi (Sulsel) 14:38.33 3. M. Ifsan (Marinir Jatim) 14.:40.49 Triathle U19 Putra 1. Steven Abrian Pamalua (FBA Kab Malang) 14:01.06 2. Ade Stevano Dwi Caesar Yudha (Jatim) 14:25.05 3. Belhgrano Deeyren Valeska Tindige (Bogor) 14:56.52 Triathle U19 Putri 1. Happy Cheryssa Montolalu (Sulsel) 16:23.30 2. Fika Nur Ambiya (Meteor Modern Pentathlon Club) 17:17.64 3. Sarah Azra Handono (DKI) 17.19.52 Video: Terungkap Penimbunan 2.600 Liter Solar Subsidi di Selayar Sulsel Video: Terungkap Penimbunan 2.600 Liter Solar Subsidi di Selayar Sulsel (raw/mrp) ... Tautan telah disalin modern pentathlon sulawesi selatan pengprov mpi sulsel triathle Anda menyukai artikel ini Artikel disimpan",sport,https://sport.detik.com/sport-lain/d-8680813/sudah-3-emas-sulsel-dominasi-kejuaraan-modern-pentathlon-di-yogyakarta
SP083,"Hasil Asian Games 2026: Jonatan Lolos Usai Direpotkan Wakil Sri Lanka Rifqi Ardita Widianto - detikSport Minggu, 27 Sep 2026 00:04 WIB Jakarta - Jonatan Christie tak menjalani laga mudah menghadapi wakil Sri Lanka Viren Nettasinghe . Tunggal putra Indonesia itu harus melalui pertarungan rubber-game. Jonatan Christie menghadapi Viren Nettasinghe dari Sri Lanka, pada babak 16 besar bulutangkis perorangan Asian Games 2026 di Ichinomiya City Municipal Gymnasium, Sabtu (26/9/2026) malam WIB, disaksikan bangku-bangku kosong arena. Laga yang berlangsung lewat tengah malam waktu Nagoya itu dimenangi Jojo lewat comeback, dengan skor 15-21, 21-13, dan 21-15. Jonatan bermain tertekan di gim pertama dan terus tertinggal. Ia coba bangkit di pertengahan gim dan sempat menipiskan selisih jadi 13-16, namun kehilangan momentum dan takluk 15-21 dari Viren yang bermain lebih tajam dan trengginas. ADVERTISEMENT SCROLL TO CONTINUE WITH CONTENT Baca juga: Hasil Asian Games 2026: Alwi ke Perempatfinal, Ana/Trias Tersingkir Jonatan masih keteteran menghadapi permainan agresif Viren di gim kedua. Meski sempat unggul, pebulutangkis unggulan pertama itu lantas tertinggal 10-11 saat interval. Viren mulai menunjukkan penurunan kemudian, ditandai serangkaian kesalahan. Pukulannya tak setajam sebelum-sebelumnya, hingga memberikan Jonatan kesempatan berbalik memimpin 16-12. Jonatan tak membuang kesempatan. Ia mengunci gim kedua dengan skor 21-13. Baca juga: Fajar/Fikri ke Perempatfinal Asian Games 2026 Meski Stamina Terkuras Jojo coba menjaga intensitas permainan di gim ketiga. Setelah memimpin 11-7 saat tukar posisi, Jojo sempat dibikin kewalahan. Viren menipiskan selisih jadi dua poin di 13-15. Smes menyilang dan drop-shot apik Jonatan menghentikan momentum lawan. Dari sana, ia tak terhentikan lagi dan memenangi pertandingan 21-15. Dengan hasil ini, Jonatan melaju ke perempatfinal. Ia akan menghadapi wakil Singapura Loh Kean Yew yang sebelumya mendepak wakil Malaysia Justin Hoh straight game 21-14 dan 21-14. (raw/rin) Anda menyukai artikel ini Artikel disimpan asian games 2026 jonatan christie viren nettasinghe bulutangkis perempatfinal Komentar",sport,https://sport.detik.com/raket/d-8680802/hasil-asian-games-2026-jonatan-lolos-usai-direpotkan-wakil-sri-lanka
SP084,"PB PABSI dan CdM Apresiasi Emas Rahmat Erwin: Ini Sesuai Target Mercy Raya - detikSport Sabtu, 26 Sep 2026 22:00 WIB Jakarta - Ketua Umum PB PABSI Rosan P. Roeslani dan (CdM) Todotua Pasaribu mengapresiasi raihan medali emas Rahmat Erwin Abdullah . Menurut mereka, ini sudah sesuai dengan target awal. Rahmat Erwin menjadi juara di kelas 75kg putra sekaligus mencatatkan rekor dunia melalui angkatan clean and jerk 206 kilogram. Ia membukukan total angkatan 366 kilogram. Rosan bersyukur atas pencapaian Rahmat Erwin yang menurutnya bukan hanya menjadi kebanggaan bagi PB PABSI, tetapi juga seluruh masyarakat Indonesia. ADVERTISEMENT SCROLL TO CONTINUE WITH CONTENT ""Pertama-tama tentunya kita sangat bahagia, sangat senang sekali karena Rahmat Erwin mempersembahkan medali emas bukan hanya ke PB PABSI, tapi kepada seluruh rakyat Indonesia. Dan bukan hanya medali emas yang dicapai oleh Rahmat Erwin, tapi juga memecahkan rekor dunia untuk kelas 75 kilogram,"" ujar Rosan. Baca juga: Klasemen Medali Asian Games 2026: Indonesia Loncat ke-14 Rosan mengungkapkan pertandingan berlangsung menegangkan karena Rahmat harus bersaing ketat dengan lifter Thailand dan Korea Utara. Pada angkatan snatch, Rahmat sempat tertinggal dua kilogram. Namun, Rahmat mampu membalikkan keadaan melalui angkatan clean and jerk yang menjadi salah satu kekuatannya. Ia berhasil mengangkat 206 kilogram, sebuah angkatan yang sekaligus menjadi rekor dunia. ""Di angkatan clean and jerk memang itu adalah kekuatan dari Rahmat Erwin. Alhamdulillah bisa terangkat. Tetap sempat deg-degan juga karena angkatan 206 itu adalah rekor dunia yang sebelumnya memang belum pernah diangkat oleh Rahmat Erwin,"" kata Rosan. Menurut Rosan, angkatan tersebut sangat menentukan karena persaingan berlangsung sangat ketat. ""Kalau kita tidak angkat 206, kita tidak dapat medali emas karena kita memang hanya beda satu kilo dari nomor dua dari Thailand,"" ujarnya. Rosan mengatakan keberhasilan Rahmat Erwin meraih emas sekaligus memecahkan rekor dunia tersebut sesuai dengan target yang telah ditetapkan. ""Kalau ini memang sesuai target kami. Sesuai target, karena Rahmat Erwin ini setahunnya stabil, ya, selalu stabil dan dia memang pemegang rekor dunia sebelumnya untuk kelas ini. Dia pemegang rekor dunia sebelumnya, jadi dia memecahkan rekor dunianya kembali, karena memang ini adalah kekuatan dari Rahmat Erwin,"" ujar Rosan. Sementara itu, Chef de Mission (CdM) Kontingen Indonesia Todotua Pasaribu menyampaikan apresiasi kepada Rahmat Erwin dan cabang olahraga angkat besi yang kembali mempersembahkan emas untuk Indonesia. Todotua menilai keberhasilan Rahmat Erwin juga menjadi kebanggaan tersendiri bagi masyarakat Indonesia karena tidak hanya menghasilkan emas, tetapi juga rekor dunia. ""Weightlifting atau angkat besi kembali mengangkat marwah Indonesia di panggung Asia. Tidak hanya medali emasnya, tapi juga berhasil memecahkan rekor dunia! Sebuah kebanggaan bagi masyarakat Indonesia."" Keberhasilan Rahmat Erwin menjadi emas kedua Indonesia di Asian Games Aichi-Nagoya 2026 sekaligus menambah momentum bagi Kontingen Indonesia yang masih akan menjalani pertandingan hingga 4 Oktober mendatang. ""Mudah-mudahan ini juga menjadi spirit bagi sisa atlet yang akan bertanding, untuk bisa kita kembali mendulang medali khususnya emas,"" ujarnya. Baca juga: Asian Games 2026: Rahmat Erwin Raih Emas! (mcy/pur) Anda menyukai artikel ini Artikel disimpan rahmat erwin abdullah medali emas pb pabsi asian games 2026 kontingen indonesia kusuka Komentar",sport,https://sport.detik.com/sport-lain/d-8680707/pb-pabsi-dan-cdm-apresiasi-emas-rahmat-erwin-ini-sesuai-target
SP085,"Raih Perunggu di Asian Games, Feri Yudoyono Berharap Jadi Polisi Mercy Raya - detikSport Sabtu, 26 Sep 2026 21:30 WIB Jakarta - Atlet balap sepeda Feri Yudoyono pulang dengan rasa bangga setelah sukses membawa perunggu Asian Games 2026 . Ia pun berharap bisa mendapat bonus lain yakni menjadi polisi. Harapan itu disampaikan Feri setibanya di Tanah Air pada Sabtu (26/9/2026). Ia datang bersama rekan-rekannya yang lain, termasuk peraih medali perunggu Sayu Bella Sukma Dewi, nomor cross country mountain bike. ""Perasaannya senang sekali bisa bawa medali ini ke Tanah Air dan alhamdulillah juga di Jepang diberi kelancaran selama perlombaan. Sangat bahagia bisa dapat medali perunggu buat Indonesia,"" ujar Feri di Jakarta. ADVERTISEMENT SCROLL TO CONTINUE WITH CONTENT Baca juga: Dapat Emas Asian Games, Rahmat Erwin: Sebenarnya Saya Deg-degan Perjuangan Feri di lintasan tidak mudah. Ia harus bersaing ketat dengan dua pembalap China dan dua pebalap tuan rumah Jepang. ""Cukup berat karena dari delapan lap, lap awal China dua, Jepang dua, Kazakhstan satu. Di lap kelima, Kazakhstan tertinggal, jadi China dua, Jepang dua, saya sendiri. Kurang dua lap tinggal empat orang, jadi berebut top tiga,"" ceritanya. Drama terjadi di setengah lap terakhir saat ia sedang berebut emas dan perak. ""Setengah lap, saya berebut di medali emas dan perak, saya jatuh. Saya mengejar lagi sudah tidak sampai karena sudah terlalu dekat ke finis, enggak sampai satu kilo, enggak dapat, cuma selisih lima detik-an,"" ungkapnya. Meski nyaris mendapat emas, anak bungsu dari dua bersaudara ini tetap mensyukuri torehan perunggu yang diraih. ""Ya kecewa ada, cuma saya mikir ya wis ini rezeki saya di perunggu,"" katanya. Soal bonus, Feri mengaku belum tahu akan digunakan untuk apa dan belum ada janji khusus dari federasi. Namun di balik medali perunggu itu, Feri menyimpan cita-cita besar setelah pensiun dari dunia atlet. Dia berharap menjadi polisi. ""Inginnya jadi polisi,"" ucapnya tegas. Keinginan itu bukan semata soal jaminan masa depan, melainkan untuk mewujudkan impian sang ayah. ""Ya mungkin mikir jangka panjangnya gak bakal jadi atlet terus sampai tua. Mumpung masih Kapolri. Saya sudah bicara Pak Agung. Karena ayah ingin salah satu anaknya jadi polisi atau tentara, jadi saya ingin mewujudkannya,"" kata Feri. Baca juga: Asian Games 2026: Rahmat Erwin Raih Emas! (mcy/pur) Anda menyukai artikel ini Artikel disimpan feri yudoyono asian games 2026 cita-cita polisi atlet indonesia prestasi olahraga bonus atlet Komentar",sport,https://sport.detik.com/sport-lain/d-8680701/raih-perunggu-di-asian-games-feri-yudoyono-berharap-jadi-polisi
SP086,"Rahmat Erwin Abdullah di Negeri Sakura: Dua Ajang, Dua Medali Afif Farhan - detikSport Sabtu, 26 Sep 2026 21:20 WIB Jakarta - Rahmat Erwin Abdullah catatkan kenangan indah di Jepang. Dua medali di dapat dari dua ajang berbeda, Olimpiade dan Asian Games! Tampil di kelas 75kg Asian Games 2026 di Nagoya City Trade and Industry Center, pada Sabtu (26/9/2026), Erwin berhasil dalam semua angkatan baik snatch dan clean and and jerk. Dalam tiga kali angkatan snatch, peraih medali emas Asian Games 2023 itu berhasil mengangkat 155kg, 158kg, dan 160kg. ADVERTISEMENT SCROLL TO CONTINUE WITH CONTENT Sementara di angkatan clean and jerk dia melakukan dua kali percobaan angkatan yaitu 201kg dan 206kg. Baca juga: Profil Rahmat Erwin, Penyumbang Emas Kedua Indonesia di Asian Games 2026 Rahmat Erwin Abdullah pertahankan titel medali emas Asia Games. Pada edisi sebelumnya, dirinya juga sukses jadi kampiun pada kelas 73kg. Baca juga: Rahmat Erwin Abdullah di Asian Games: Emas Lagi, Emas Lagi Soal Jepang, Rahmat Erwin Abdullah menambah koleksi medali dari sana. Di ajang Olimpiade Tokyo 2020, Erwin ambil bagian. Erwin pulang dengan medali perunggu di tangan pada laga yang digelar di Tokyo International Forum. Dirinya berlaga di nomor 73kg, dengan total angkatan mencapai 342 kg (dengan rincian angkatan snatch dan clean and jerk). Pencapaian itu melewati targetnya, yang dipatok masuk delapan besar. Sudah dua medali dari Negari Sakura, selamat Erwin! Atlet angkat besi, Rahmat Erwin Abdullah berhasil meraih perunggu di ajang Olimpiade Tokyo 2020 (Foto: Chris Graythen/Getty Images) (aff/pur) Anda menyukai artikel ini Artikel disimpan rahmat erwin abdullah jepang asian games 2026 angkat besi juara asia 2026 kusuka Komentar",sport,https://sport.detik.com/sport-lain/d-8680581/rahmat-erwin-abdullah-di-negeri-sakura-dua-ajang-dua-medali
SP087,"Hasil Asian Games 2026: Alwi ke Perempatfinal, Ana/Trias Tersingkir Putra Rusdi K - detikSport Sabtu, 26 Sep 2026 21:14 WIB Nagoya - Alwi Farhan melaju ke 16 besar Asian Games 2026. Sementara, Putri Kusuma Wardani dan Febriana Dwipuji Kusuma/Meilysa Trias Puspitasari tersingkir. Alwi Farhan menghadapi Leong Jun Hao (Malaysia) pada babak 16 besar Cabang bulutangkis nomor tunggal putra Asian Games 2026. Duel ini berlangsung di Ichinomiya City Municipal Gymansium, Jepang, Sabtu (26/9/2026). Duel berlangsung ketat sejak awal gim pertama. Kejar mengejar angka terjadi hingga 8-8. ADVERTISEMENT SCROLL TO CONTINUE WITH CONTENT Alwi unggul tipis 11-10 di interval gim pertama. Momentum untuk menjauh didapat Alwi selepas interval. Baca juga: Gagal Dapat Medali Individu Asian Games, Putri KW Kecewa Ia mendulang tiga angka beruntun untuk unggul 15-11. Leong Jun Hao sempat merapatkan jarak angka dengan cuma tertinggal satu poin saat kedudukan 14-15. Alwi merespon dengan baik situasi ini. Ia bisa menutup gim pertama dengan kemenangan 21-16. Pada gim kedua, Alwi langsung dominan sejak awal. Ia mampu memimpin 7-1 di awal gim ini. Alwi unggul jauh 11-2 saat interval gim kedua. Tertinggal sangat jauh bikin Leong Jung Hao sulit untuk bangkit. Alwi bisa terus menjaga jarak poin. Ia menutup laga usai menang 21-11 di gim kedua. Alwi yang merupakan unggulan keenam melaju ke perempatfinal berkat hasil ini. Namun, nasib tak sebaik Alwi didapat oleh dua wakil Indonesia lainnya. Di nomor ganda putri, Putri Kusuma Wardani secara mengejutkan disingkirkan wakil India, Unnati Hooda di 16 besar usai kalah 19-21, 13-21. Sementara ganda putri, Febriana Dwipuji Kusuma/Meilysa Trias Puspitasari gagal meredam unggulan kedua dari Korea Selatan, Baek Ha Na/Lee So Hee di 16 besar. Ana/Trias kalah lewat rubber game 16-21, 21-15, 9-21. Baca juga: Hasil Asian Games: Jonatan ke 16 besar, 2 Ganda Indonesia Lolos 8 Besar (pur/pur) Anda menyukai artikel ini Artikel disimpan asian games 2026 alwi farhan ganda putri perempatfinal putri kusuma wardani febriana dwipuji kusuma leong jun hao febriana dwipuji kusuma/meilysa trias puspitasari Komentar",sport,https://sport.detik.com/raket/d-8680695/hasil-asian-games-2026-alwi-ke-perempatfinal-ana-trias-tersingkir
SP088,"Hasil F1 GP Azerbaijan 2026: Russell Juara Asapi Verstappen Putra Rusdi K - Sport Sabtu, 26 Sep 2026 20:43 WIB ... Tautan telah disalin Baku - George Russell meraih podium pertama pada Formula 1 GP Azerbaijan 2026 . Pebalap Inggris ini secara dramatis finis terdepan mengasapi Max Verstappen . Race utama Formula 1 GP Azerbaijan berlangsung di Sirkuit Jalan Raya Baku, Sabtu (26/9). George Russell yang start terdepan langsung melesat memimpin balapan. Russell sempat nyaman memimpin balapan. Namun situasi berubah usai safety harus beberapa kali keluar akibat sejumlah insiden. Safety car pertama keluar usai Alex Albon mengalami crash. Safety car kembali keluar setelah beberapa pebalap saling bertabrakan di tikungan pertama. SCROLL TO CONTINUE WITH CONTENT Russell masih memimpin balapan usai safety car keluar. Namun jarak dengan pebalap di belakangnya jadi terpangkas. Max Verstappen memanfaatkan keluarnya safety car ini untuk memperbaiki posisinya. Verstappen yang memulai balapan di posisi ke-8 perlahan menyodok di urutan kedua. ADVERTISEMENT Baca juga: Kualifikasi F1 GP Azerbaijan 2026: Russell Pole, Antonelli ke-16 Verstappen terus membuntuti Russell hingga lap terakhir. Balapan jadi dramatis karena Verstappen berusaha keras menyalip Russell hingga menjelang finis. Russell bisa mempertahankan posisi terdepan meski hanya dengan keunggulan 0,1 detik dari Verstappen saat finis. Pebalap Marcedes ini raih podium pertama. Verstappen harus puas finis di urutan kedua. Podium dilengkapi oleh Isack Hadjar yang menempati posisi ketiga. Charles Leclerc mengakhiri balapan di posisi keempat. Sementara, pemuncak klasemen pebalap, Kimi Antonelli di urutan kelima. Hasil Formula 1 GP Azerbaijan 2026 Posisi Pebalap Tim Lap 1 George Russell Mercedes AMG Petronas F1 Team 51 laps 2 Max Verstappen Oracle Red Bull Racing 0.1s 3 Isack Hadjar Oracle Red Bull Racing 10.7s 4 Charles Leclerc Scuderia Ferrari HP 14.1s 5 Andrea Kimi Antonelli Mercedes AMG Petronas F1 Team 14.5s 6 Lewis Hamilton Scuderia Ferrari HP 22.3s 7 Arvid Lindblad Racing Bulls 31.1s 8 Esteban Ocon TGR Haas F1 Team 31.1s 9 Ollie Bearman TGR Haas F1 Team 31.9s 10 Carlos Sainz Atlassian Williams F1 Team 32.4s 11 Nico Hulkenberg Audi Revolut F1 Team 33.2s 12 Liam Lawson Racing Bulls 34.0s 13 Gabriel Bortoleto Audi Revolut F1 Team 34.2s 14 Oscar Piastri McLaren Mastercard F1 Team 36.4s 15 Sergio Perez Cadillac F1 Team 41.4s DNF Valtteri Bottas Cadillac F1 Team DNF Pierre Gasly BWT Alpine F1 Team DNF Franco Colapinto BWT Alpine F1 Team DNF Lando Norris McLaren Mastercard F1 Team DNF Alex Albon Atlassian Williams F1 Team DNF Lance Stroll Aston Martin Aramco F1 Team DNF Fernando Alonso Aston Martin Aramco F1 Team Baca juga: WEC 2026: WRT 32 Cari Formula Terbaik Kualifikasi dan Race Video: Saat Max Verstappen Balapan Gokart Lawan 100 Orang Video: Saat Max Verstappen Balapan Gokart Lawan 100 Orang (pur/pur) ... Tautan telah disalin george russell formula 1 gp azerbaijan 2026 max verstappen sirkuit baku mercedes amg petronas pebalap f1 hasil balapan Anda menyukai artikel ini Artikel disimpan",sport,https://sport.detik.com/f1/d-8680669/hasil-f1-gp-azerbaijan-2026-russell-juara-asapi-verstappen
SP089,"Foto Sport Rahmat Erwin Cetak Sejarah, Emas Asian Games dan Rekor Dunia Rengga Sancaya - Sport Sabtu, 26 Sep 2026 20:00 WIB ... Tautan telah disalin Nagoya - Rahmat Erwin Abdullah meraih emas angkat besi kelas 75 kg Asian Games 2026 di Nagoya, Jepang, mengharumkan nama Indonesia. ... Tautan telah disalin lifter putra indonesia rahmat erwin abdullah emas asian games 2026 fotodetiksport fotodetikcom Anda menyukai artikel ini Artikel disimpan",sport,https://sport.detik.com/fotosport/d-8680537/rahmat-erwin-cetak-sejarah-emas-asian-games-dan-rekor-dunia
SP090,"Dapat Emas Asian Games, Rahmat Erwin: Sebenarnya Saya Deg-degan Mercy Raya - detikSport Sabtu, 26 Sep 2026 19:11 WIB Jakarta - Rahmat Erwin Abdullah kembali mempersembahkan medali emas untuk Indonesia di Asian Games Aichi-Nagoya 2026. Ia sangat deg-degan, tapi juga bersyukur. Rahmat tampil power saat turun di kelas 75kg putra pada ajang Asian Games, Sabtu (26/9/2026). Tampil tenang di platform, Rahmat berhasil menjadi yang terbaik.Dia membukukan total angkatan 366kg, terdiri dari 160kg angkatan snatch dan 206kg angkatan clean and jerk. Emas kedua dipastikan atlet asal Makassar ini dengan mengalahkan dua pesaingnya terketatnya dari Thailand Weeraphon Wichuma dan Korea Utara Chong Song Ri. ADVERTISEMENT SCROLL TO CONTINUE WITH CONTENT ""Alhamdulillah sangat bersyukur sekali,"" ujar Rahmat singkat usai memastikan emas. Baca juga: Rahmat Erwin Abdullah di Asian Games: Emas Lagi, Emas Lagi Meski terlihat tenang sepanjang pertandingan, Rahmat mengaku sebenarnya tetap merasakan ketegangan. ""Fokus, bukan tenang. Saya deg-degan juga,"" katanya kemudian tertawa. Soal persaingan ketat dan keberhasilannya memecahkan rekor dunia, lifter asal Makassar itu bersyukur. ""Alhamdulillah,"" ujarnya. Baca juga: Profil Rahmat Erwin, Penyumbang Emas Kedua Indonesia di Asian Games 2026 Ditanya soal kunci menjaga fokus di tengah tekanan, Rahmat Erwin Abdullah mengaku sulit dijelaskan. ""Gimana ya, enggak bisa dijelaskan sih, ya fokus saja. Tidak memikirkan lain-lain. Mau tak mau (memang fokus),"" ucapnya. Medali emas Asian Games kali ini diakui Rahmat terasa berbeda dibanding SEA Games sebelumnya. Kini ada motivasi tambahan dari sang buah hati. ""Yang ini beda sih ya. Ini sekarang event terbesar ya, terakhir kan SEA Games. Nah sekarang Asian Games. Bedanya dari yang dulu-dulu, sudah ada yang dukung si kecil, jadi berbeda,"" kata atlet berusia 25 tahun tersebut. Pada penampilannya kali ini, sejatinya masih punya kesempatan menambah angkatan clean and jerk di akhir. Akan tetapi, ia memilih tidak mengambilnya karena sudah merasa cukup untuk mengamankan emas. ""Oh ya tadi masih ada satu angkatan lagi. (Tapi tak diambil) karena sudah cukup,"" tutup Rahmat. Baca juga: Klasemen Medali Asian Games 2026: Indonesia Loncat ke-14 (mcy/aff) Anda menyukai artikel ini Artikel disimpan rahmat erwin abdullah asian games 2026 juara asia 2026 angkat besi kusuka Komentar",sport,https://sport.detik.com/sport-lain/d-8680586/dapat-emas-asian-games-rahmat-erwin-sebenarnya-saya-deg-degan
SP091,"Gagal Dapat Medali Individu Asian Games, Putri KW Kecewa Mercy Raya - detikSport Sabtu, 26 Sep 2026 18:52 WIB Jakarta - Keinginan Putri Kusuma Wardani boyong medali Asian Games 2026 di nomor individu pupus. Ia kecewa karena gagal memanfaatkan kondisi lawan. Tampil di Ichinomiya, Sabtu (26/9/2026), Putri menghadapi Unnati Hooda. Pemain ranking 6 dunia itu kalah dari pebulutangkis peringkat 24 BWF dua gim langsung 19-21, 13-21. Ini adalah pertemuan keduanya dengan wakil India tersebut. Kesempatan pertama tersaji di Hylo Open 2025 dan Putri berhasil memenangkan pertandingan. ADVERTISEMENT SCROLL TO CONTINUE WITH CONTENT Sayangnya, tren positifnya itu tak mampu diteruskan pada pertemuan kedua. Putri kecewa karena tidak bisa menang dan permainannya. ""Saya kecewa hari ini tidak bisa menang dan tidak puas juga dengan mainnya. Unnati baru selesai tanding melawan Wong Ling Ching dengan rubber game ketat, harusnya saya lebih bisa menyiapkan. Hanya di lapangan dia benar-benar siap,"" kata Putri. ""Dibanding pertemuan sebelumnya, dia lebih mempercepat tempo permainan dan saya kebingungan untuk meladeni rally-rally-nya,"" tuturnya. Baca juga: Profil Rahmat Erwin, Penyumbang Emas Kedua Indonesia di Asian Games 2026 Peluang Putri menang sebenarnya sudah tampak saat permainan di gim pertama. ""Di gim pertama setelah tertinggal lalu mengejar dan menyamakan skor, saya malah banyak melakukan kesalahan sendiri. Dan itu berlanjut ke gim kedua. Itu membuat posisi saya terus tertekan,"" ujar Putri. ""Saya ingin sampai ke semifinal dan menyabet medali, sayang sekali tidak bisa tercapai,"" tutupnya seraya kecewa berat. Di Asian Games 2026, Putri tampil di dua nomor yaitu perorangan dan beregu. Di nomor tim, Putri dan kawan-kawan berhasil memboyong medali perunggu. Baca juga: Hasil Asian Games: Jonatan ke 16 besar, 2 Ganda Indonesia Lolos 8 Besar (mcy/aff) Anda menyukai artikel ini Artikel disimpan asian games 2026 putri kusuma wardani juara asia 2026 bulutangkis Komentar",sport,https://sport.detik.com/raket/d-8680557/gagal-dapat-medali-individu-asian-games-putri-kw-kecewa
SP092,"Klasemen Medali Asian Games 2026: Indonesia Loncat ke-14 Afif Farhan - detikSport Sabtu, 26 Sep 2026 18:10 WIB Jakarta - Indonesia loncat ke peringkat ke-14 pada klasemen medali Asian Games 2026 per sore ini. Itu setelah Rahmat Erwin Abdullah dapat emas! Dilansir dari situs resmi Asian Games 2026, Sabtu (26/9) per pukul 18.00 WIB, Indonesia loncat ke peringkat ke-14 di klasemen. Pagi tadi, Indonesia di peringkat ke-19. Baca juga: Profil Rahmat Erwin, Penyumbang Emas Kedua Indonesia di Asian Games 2026 ADVERTISEMENT SCROLL TO CONTINUE WITH CONTENT Rahmat Erwin Abdullah sumbang medali emas di cabor angkat besi, menyumbang emas kedua. Indonesia sementara total mengoleksi 23 medali dengan dua emas, empat perak, dan 17 perunggu. Indonesia membayangi Taiwan di atasnya dengan dua emas, lima perak, dan 17 perunggu. Malaysia ada dua strip di atas Indonesia dengan empat emas, satu perak, dan tujuh perunggu. Baca juga: Rahmat Erwin Abdullah di Asian Games: Emas Lagi, Emas Lagi China masih memimpin klasemen dengan total 171 medali. Rinciannya 105 emas, 39 perak, dan 27 perunggu. Jepang di tempat kedua dengan total 125 medali, rinciannya 31 emas, 47 perak, dan 47 perunggu. Perolehan Medali Indonesia Peringkat Asia 14 Juara Olahraga Asia 2026 INDONESIA 2 Emas 4 Perak 17 Perunggu 23 Total Medali (aff/pur) Anda menyukai artikel ini Artikel disimpan asian games 2026 juara asia 2026 klasemen medali asian games 2026 update medali indonesia kusuka Komentar",sport,https://sport.detik.com/sport-lain/d-8680486/klasemen-medali-asian-games-2026-indonesia-loncat-ke-14
SP093,"Profil Rahmat Erwin, Penyumbang Emas Kedua Indonesia di Asian Games 2026 Mercy Raya - detikSport Sabtu, 26 Sep 2026 17:48 WIB Jakarta - Rahmat Erwin Abdullah menjadi penyumbang medali emas kedua Indonesia di Asian Games 2026. Berikut profilnya. Emas kedua dipastikan lifter asal Makassar ini dengan mengalahkan dua pesaingnya terketatnya dari Thailand Weeraphon Wichuma dan Korea Utara Chong Song Ri. Rahmat Erwin membukukan angkatan terbaik snatch 160kg dan angkatan clean and jerk 206kg, pada Sabtu (26/9/2026). Dia menjadi yang terbaik di angkat besi kelas 75kg usai membukukan angkatan total 366kg. ADVERTISEMENT SCROLL TO CONTINUE WITH CONTENT Baca juga: Asian Games 2026: Rahmat Erwin Raih Emas! Keberhasilan Rahmat Erwin Abdullah menjadi juara mewujudkan cita dari PB PABSI dan pemerintah yang menginginkan persembahan emas dari cabor angkat besi. Bagi atlet berusia 25 tahun ini, emas tersebut merupakan yang kedua sepanjang keikutsertaannya di Asian Games. Pada Asian Games 2022 (diselenggarakan 2023) di Hangzhou, Erwin juga mencatatkan tinta emas di kelas 73kg. Baca juga: Rahmat Erwin Abdullah di Asian Games: Emas Lagi, Emas Lagi Lantas seperti apa sosok lifter terkuat di Asia kelas 75kg ini? Berikut profil singkat Rahmat Erwin Abdullah. Rahmat, panggilan karibnya, merupakan atlet kelahiran Makassar, Sulawesi Selatan, 25 tahun silam. Darah olahragawan mengental di dalamnya sejak sejak kecil. Ia merupakan putra dari mantan atlet angkat besi Erwin Abdullah dan Ami Asun Budiono. Tak heran, jika kini ia sukses menjadi atlet andalan Indonesia. Rahmat tercatat menggeluti angkat besi secara serius sejak usia 15 tahun. Namun, ia baru debut empat tahun kemudian. Di bawah asuhan kedua orang tuanya, Rahmat berhasil mencetak berbagai prestasi. Baik nasional maupun internasional, termasuk level dunia. Sebelum Asian Games, Rahmat mencetak medali emas di Kejuaraan Asia Junior di Pyongyang, 2019. Dia berhasil mempertahankan gelarnya pada tahun berikutnya di kelas dan event yang sama. Rentetan keberhasilan itu mengantarkan Rahmat menjadi salah satu atlet yang diandalkan Pelatnas. Ia bahkan sukses merebut medali perunggu di pesta olahraga terbesar sejagat raya Olimpiade 2020 Tokyo. Pada tahun 2021, Rahmat mulai menjajaki level senior. Dia turun di beberapa kejuaraan. Mulai dari Islamic Solidarity Games (ISG), Kejuaraan Dunia, dan multievent SEA Games. Semuanya ia tuntaskan dengan persembahan medali perak dan emas. Bahkan di Kejuaraan Dunia, ia juga menjadi juara dua kali 2021 dan 2022. Sementara di SEA Games, ia merupakan atlet dengan catatan tiga medali emas edisi 2019, 2021, dan 2023. Sedangkan di Kejuaraan Asia, dia berhasil mempertahankan gelarnya pada 2024 dan 2025. Rahmat Erwin Abdullah sudah menangi medali dari SEA Games, Asian Games, sampai pernah raih perunggu di Olimpiade Tokyo (Foto: ANTARA FOTO/Zabur Karuru) Baca juga: Joaquin Nikmati Debut di Asian Games 2026, Jadi Pengalaman Berharga Namun, perjalanan Rahmat memang tak selalu mulus. Ia kerap dihadapkan pada persaingan ketat bukan hanya di luar, tapi Pelatnas. Bersama Rizki Juniansyah, ia bersaing terutama soal menentukan kelas pertandingan, sehingga membuat dia beberapa kali harus naik kelas karena kalah di seleksi. Nah, di Asian Games 2026, Rahmat berhasil tampil di kelas 75kg. Di kelas itu pun dia membuktikan menjadi yang terbaik dan mempersembahkan medali emas kedua bagi Indonesia. Emas pertama disumbang tim bulutangkis beregu putra. Baca juga: Usai Raih Emas Asian Games, Tim Bulutangkis Putra Kode Minta Rolex? (mcy/aff) Anda menyukai artikel ini Artikel disimpan rahmat erwin abdullah asian games 2026 angkat besi juara asia 2026 Komentar",sport,https://sport.detik.com/sport-lain/d-8680459/profil-rahmat-erwin-penyumbang-emas-kedua-indonesia-di-asian-games-2026
SP094,"Rahmat Erwin Abdullah di Asian Games: Emas Lagi, Emas Lagi Mercy Raya - detikSport Sabtu, 26 Sep 2026 17:22 WIB Jakarta - Rahmat Erwin Abdullah raih medali emas di Asian Games 2026. Erwin pertahankan prestasi itu, edisi sebelumnya dapat emas juga! Tampil di kelas 75kg, pada Sabtu (26/9/2026), Erwin berhasil dalam semua angkatan baik snatch dan clean and jerk. Dalam tiga kali angkatan snatch, peraih medali emas Asian Games 2023 itu berhasil mengangkat 155kg, 158kg, dan 160kg. ADVERTISEMENT SCROLL TO CONTINUE WITH CONTENT Sementara di angkatan clean and jerk dia melakukan dua kali percobaan angkatan yaitu 201kg dan 206kg. Baca juga: Asian Games 2026: Rahmat Erwin Raih Emas! Hasih tersebut membuat dia unggul dari pesaingnya asal Thailand Weeraphon Wichuma yang meraih medali perak. Dia membukukan total angkatan 365kg dengan rincian 160kg angkatan snatch dan 205kg angkatan clean and jerk. Sementara peringgu direbut lifter Korea Utara Chong Song Ri. Dia mencatatkan total angkatan 357kg. Penjumlahan dari 162kg angkatan snatch dan 195kg angkatan clean and jerk. Baca juga: Feri Yudoyono Tak Sangka Raih Perunggu Asian Games 2026 Bagi Indonesia, ini adalah emas kedua di Asian Games 2026. Sementara bagi Rahmat Erwin Abdullah, dia mempertahankan medali emasnya di multievent Asia ini. Edisi sebelumnya, ia juga meraih gelar juara pada kelas 73kg. Erwin ketika itu sumbang emas kelima buat Indonesia. Dirinya sukses membukukan total angkatan 359 kg. Jumlah itu diperoleh dari 158 kg angkatan snatch dan 201 kg angkatan clean and jerk. (mcy/aff) Anda menyukai artikel ini Artikel disimpan asian games 2026 rahmat erwin abdullah angkat besi juara asia 2026 Komentar",sport,https://sport.detik.com/sport-lain/d-8680423/rahmat-erwin-abdullah-di-asian-games-emas-lagi-emas-lagi
SP095,"Asian Games 2026: Rahmat Erwin Raih Emas! Putra Rusdi K - detikSport Sabtu, 26 Sep 2026 17:10 WIB Nagoya - Rahmat Erwin Abdullah meraih emas di Asian Games 2026 lewat cabang angkat besi kelas 75 kg putra. Ini merupakan emas kedua yang diraih oleh Indonesia di ajang Asian Games 2026. Rahmat Erwin Abdullah tampil di cabang angkat besi kelas 75kg putra Asian Games 2026 yang berlangsung di Nagoya City Trade and Industry Center, Sabtu (26/9/2026). Rahmat Erwin sukses menorehkan emas usai mencatatkan hasil terbaik dengan total angkatan 366kg. Torehan tersebut didapat dengan rincian 160kg angkatan snatch dan 206kg di angkatan clean & jerk. ADVERTISEMENT SCROLL TO CONTINUE WITH CONTENT Total angkatan Erwin unggul 1kg dari Weeraphon Wichuma (Thailand) yang meraih perak. Weeraphon mencatatkan total angkatan 365kg dari 160kg angkatan snatch dan 205kg angkatan clean & jerk. Baca juga: Klasemen Medali Asian Games 2026 Per Siang Ini: Indonesia ke-19 Perunggu diraih lifter Korea Utara, Ri Song-chong. Ri mencatatkan total angkatan 357kg. Ia menorehkan 162kg angkatan snatch dan 195kg angkatan clean & Jerk. Cabang angkat besi sudah mendapatkan satu emas dan satu perunggu. Sebelum Rahmat Erwin yang meraih emas, Luluk Diana Tri Wijayanaa mendapatkan perunggu di kelas 49kg putri. Rahmat Erwin mempersembahkan emas kedua untuk Indonesia di ajang Asian Games 2026. Emas perdana Indonesia di ajang ini diraih oleh Tim Bulutangkis Beregu Putra. Baca juga: Heboh Rizki Juniansyah Tak Ada di Daftar Atlet Angkat Besi Asian Games (pur/aff) Anda menyukai artikel ini Artikel disimpan rahmat erwin abdullah asian games 2026 medali emas kusuka Komentar",sport,https://sport.detik.com/sport-lain/d-8680403/asian-games-2026-rahmat-erwin-raih-emas
SP096,"Leo/Daniel: Kami Tak Boleh Jemawa Mercy Raya - detikSport Sabtu, 26 Sep 2026 16:38 WIB Jakarta - Leo Rolly Carnando/Daniel Marthin melangkah ke perempatfinal Asian Games 2026. Sempat lengah dari lawan, keduanya bertekad lebih fokus dan tak jemawa pada laga berikutnya. Leo/Daniel mengamankan kemenangan di babak 16 besar atas wakil Thailand Peeratchai Sukphun/Pakkapon Teeraratsakul. Mereka menang dua gim 21-8, 24-22. Seusai pertandingan, Daniel memberikan evaluasi permainannya bersama Leo hari ini. Menurutnya, masih ada beberapa hal yang perlu diperbaiki. ADVERTISEMENT SCROLL TO CONTINUE WITH CONTENT ""Puji Tuhan kami bersyukur bisa menang tadi. Memang di gim kedua setelah unggul 10-2 kami agak lengah dan terburu-buru jadinya malah panik sendiri,"" kata Daniel. ""Harusnya kejadian seperti itu tidak boleh terjadi ini jadi pengalaman kami ke depan. Kami ingin terus fokus, tidak boleh jumawa dulu,"" tuturnya. Baca juga: Hasil Asian Games: Jonatan ke 16 besar, 2 Ganda Indonesia Lolos 8 Besar Senada dengan Daniel, Leo menilai lawan sejatinya merupakan pasangan yang cukup bagus. Mereka juga baru saja menyingkirkan juara bertahan Satwiksairaj Rankireddy/Chirag Shetty. ""Tapi tadi di gim pertama mereka belum langsung in permainannya. Di gim kedua setelah berhasil mengejar, permainan mereka mulai berkembang,"" Leo menjelaskan. ""Setelah itu mereka juga nothing to lose, lebih nekat dari kami. Kami malah jadi lebih hati-hati, ini yang tidak boleh terulang selanjutnya."" Di delapan besar, Leo/Daniel sudah ditunggu ganda putra Vietnam, Dinh Hoang Nguyen/Dinh Manh Tran. ""Besok (perempatfinal) harus lebih siap lagi,"" tegas Daniel. Baca juga: Fajar/Fikri ke Perempatfinal Asian Games 2026 Meski Stamina Terkuras (mcy/aff) Anda menyukai artikel ini Artikel disimpan asian games 2026 leo rolly carnando/daniel marthin juara asia 2026 bulutangkis Komentar",sport,https://sport.detik.com/raket/d-8680362/leo-daniel-kami-tak-boleh-jemawa
SP097,"Hasil Asian Games: Jonatan ke 16 besar, 2 Ganda Indonesia Lolos 8 Besar Putra Rusdi K - detikSport Sabtu, 26 Sep 2026 15:33 WIB Jakarta - Jonatan Christie dan Putri Kusuma Wardani melaju ke 16 besar Asian Games 2026 . Fajar Alfian/Muhammad Shohibul Fikri dan Leo Rolly Carnando /Deniel Marthin melaju ke perempatfinal. Sejumlah wakil Indonesia berlaga di cabang bulutangkis individu Asian Games 2026, Sabtu (26/9/2026). Cabang bulutangkis Asian Games 2026 berlangsung di Ichinomiya City Municipal Gymansium, Jepang. Pada nomor tunggal putra, unggulan pertama, Jonatan Christie, tak menemui kesulitan saat menghadapi wakil Tajikistan, Dzhumabi Saidov di babak 32 besar. Jonatan menang dua gim langsung dengan mudah 21-3,21-3. Ia melaju ke 16 besar. ADVERTISEMENT SCROLL TO CONTINUE WITH CONTENT Langkah Jonatan ke 16 besar diikuti tunggal putra Indonesia lainnya. Alwi Farhan. Alwi menyingkirkan tunggal tuan rumah Kenta Nishimoto di 32 besar. Alwi juga menang lewat dua gim 21-12,21-10. Tunggal putri Indonesia, Putri Kusuma Wardana turut ke-16 besar usai menang meyakinkan di 32 besar. Putri KW mengalahkan pebulutangkis Pakistan, Mahoor Shahzad 21-5,21-11. Baca juga: Fajar/Fikri ke Perempatfinal Asian Games 2026 Meski Stamina Terkuras Nasib berbeda tapi dialami wakil Indonesia di sektor tunggal putri lainnya Thalita Ramadhani Wiryawan. Thalita disingkirkan wakil Vietnam Nguyen Thuy Linh di 32 besar usai kalah 15-21, 10-21. Dua ganda putra Indonesia Fajar Alfian/Muhammad Shohibul Fikri dan Leo Rolly Carnando/Daniel Marthin melaju ke perempatfinal. Fajar/Fikri mengalahkan Cheung Sai Shing/Deng Chi Fai (Hong Kong) 21-10, 21-17 di 16 besar. Sementara, Leo/Daniel mengandaskan wakil Thailand, Peeratchai Sukphun/Pakkapon Teeraratsakul 21-8, 24-22 di 16 besar. Baca juga: Klasemen Medali Asian Games 2026 Per Siang Ini: Indonesia ke-19 (pur/aff) Anda menyukai artikel ini Artikel disimpan asian games 2026 jonatan christie putri kusuma wardani bulutangkis fajar alfian/muhammad shohibul fikri leo rolly carnando/daniel marthin Komentar",sport,https://sport.detik.com/raket/d-8680265/hasil-asian-games-jonatan-ke-16-besar-2-ganda-indonesia-lolos-8-besar
SP098,"Fajar/Fikri ke Perempatfinal Asian Games 2026 Meski Stamina Terkuras Mercy Raya - detikSport Sabtu, 26 Sep 2026 14:12 WIB Jakarta - Fajar Alfian/Muhammad Shohibul Fikri termotivasi menorehkan prestasi terbaik di nomor individu Asian Games 2026. Meski dengan stamina terkuras! Fajar/Fikri jadi salah satu ganda putra yang turut dalam menorehkan tinta emas beregu putra Indonesia di Asian Games 2026. Setelah tampil di beregu, mereka lanjut bertanding di nomor perorangan. Hasilnya, juara China Open 2025 dan 2026 ini langsung tancap gas ke babak perempatfinal. ADVERTISEMENT SCROLL TO CONTINUE WITH CONTENT Usai menang atas Hariharan Amsakarunan/M. R. Arjun (India) 21-14, 21-11 di babak pertama pada hari sebelumnya. Fajar/Fikri melanjutkan tren positifnya dengan menaklukkan pasangan Hong Kong Sai Shing Cheung/Chi Fai Deng 21-10, 21-17 pada Sabtu (26/9/2026). Baca juga: Joaquin Nikmati Debut di Asian Games 2026, Jadi Pengalaman Berharga Kemenangan itu pun membawa mereka melangkah ke babak perempatfinal nomor individu Asian Games. Fajar/Fikri tak menampik stamina cukup memengaruhi permainan mereka dua hari ini. Tapi hal itu bukan jadi alasan motivasi keduanya jadi kendur. ""Walaupun stamina sedikit terkuras tapi yang terpenting fokus pikirannya tidak boleh lepas, harus terus dipaksa prima,"" kata Fajar. ""Tidak hanya untuk kami berdua tapi kami berharap semua pemain Indonesia yang turun di perorangan bisa meraih hasil yang baik,"" tuturnya. ""Semoga dengan raihan medali di beregu, bisa menimbulkan kepercayaan diri yang lebih lagi,"" ucap Fajar. Baca juga: Feri Yudoyono Tak Sangka Raih Perunggu Asian Games 2026 (mcy/aff) Anda menyukai artikel ini Artikel disimpan asian games 2026 fajar alfian/muhammad shohibul fikri juara asia 2026 bulutangkis Komentar",sport,https://sport.detik.com/raket/d-8680171/fajar-fikri-ke-perempatfinal-asian-games-2026-meski-stamina-terkuras
SP099,"Joaquin Nikmati Debut di Asian Games 2026, Jadi Pengalaman Berharga Mercy Raya - detikSport Sabtu, 26 Sep 2026 13:20 WIB Jakarta - Nikolaus Joaquin mengaku sangat menikmati debut di Asian Games 2026. Meskipun akhirnya tersingkir cepat, tapi jadi pengalaman berharganya. Joaquin di Asian Games Aichi-Nagoya memang tak tampil di nomor spesialisnya. Dia didaftarkan masuk dua nomor yaitu beregu putra dan ganda campuran. Di beregu putra, dia tak main, tapi turut mendapatkan medali emas. Sedangkan di beregu campuran, dia tandem dengan Siti Fadia Silva Ramadhanti. ADVERTISEMENT SCROLL TO CONTINUE WITH CONTENT Sayangnya, lajunya di ganda campuran tak semulus harapan. Berhadapan dengan pasangan Thailand Ruttanapa Oupthong/Jhenicha Sudjaipraparat, pasangan dadakan ini kalah lewat rubber games ketat 24-26, 21-17, 18-21. Baca juga: Hasil Asian Games 2026: Ana/Trias ke 16 Besar, Joaquin/Fadia Kandas Walaupun terhenti di 16 besar, Joaquin merasa senang diberi kesempatan debut di pesta olahraga terbesar di Asia tahun ini. ""Saya senang karena sudah diberi kesempatan bermain di Asian Games dengan berpasangan Kak Fadia,"" kata Joaquin. ""Memang tadi mainnya saya benar-benar menikmati, saya mengeluarkan semua yang saya punya. Hanya memang tadi di gim pertama dan ketiga saat poin kritis saya kurang bisa mengontrol diri saya sendiri lalu melakukan kesalahan yang sebenarnya tidak perlu dilakukan,"" ujar juara Australia Open 2025 ini. Baca juga: Gagal Emas, Seraf Naro Ungkap Kendala Cedera di Balik 5 Perunggu Pemain yang biasanya bermain di ganda putra bersama Raymond Indra ini menyebut bermain di ganda campuran menjadi pengalaman berharga. ""Bermain ganda campuran mengagetkan untuk saya bahkan sejak latihan karena biasa main di depan, sekarang harus main ke belakang dan cover Kak Fadia. Tapi ini jadi pengalaman yang berharga buat saya, saya bersyukur akan hal itu,"" kata Joaquin. Sementara itu, Fadia menegaskan setelah target utama di beregu tercapai, di nomor perorangan mereka memang bermain nothing to lose. ""Pastinya target awal kan beregu dulu lalu di perorangan kami lebih main nothing to lose saja. Berharapnya juga bisa kasih kejutan tapi ya sangat disayangkan. Saya tetap bersyukur karena mereka juga mengalahkan kami tidak mudah, kami sudah memberikan perlawanan terbaik,"" kata Fadia. Baca juga: Feri Yudoyono Tak Sangka Raih Perunggu Asian Games 2026 (aff/aff) Anda menyukai artikel ini Artikel disimpan asian games 2026 nikolaus joaquin bulutangkis juara asia 2026 Komentar",sport,https://sport.detik.com/raket/d-8680113/joaquin-nikmati-debut-di-asian-games-2026-jadi-pengalaman-berharga
SP100,"Klasemen Medali Asian Games 2026 Per Siang Ini: Indonesia ke-19 Afif Farhan - detikSport Sabtu, 26 Sep 2026 12:45 WIB Jakarta - Tim Indonesia duduk di peringkat ke-19 pada klasemen medali Asian Games 2026 per siang ini. Masih belum ada tambahan medali emas. Dilansir dari situs resmi Asian Games 2026 per pukul 12.30 WIB, Sabtu (26/9) Indonesia duduk di peringkat ke-19. Turun satu strip dari semalam. Baca juga: Feri Yudoyono Tak Sangka Raih Perunggu Asian Games 2026 ADVERTISEMENT SCROLL TO CONTINUE WITH CONTENT Indonesia sejauh ini mengumpulkan total 22 medali di Asian Games 2026. Rinciannya adalah satu medali emas, empat perak, dan 17 perunggu. Hari ini, ada kans untuk menambah pundi-pundi medali. Dari angkat besi, Rahmat Erwin Abdullah akan main di kelas 73kg. Dari cabor menembak, Indonesia juga akan main di final. Begitu pula pada cabor canoe sprint. Bulutangkis per orangan masih jalani babak 16 besar. Baca juga: Usai Raih Emas Asian Games, Tim Bulutangkis Putra Kode Minta Rolex? China masih memimpin dengan total 169 medali. Rinciannya 105 emas, 39 perak, dan 25 perunggu. Tuan rumah Jepang di peringkat kedua dengan total 120 medali. Rinciannya 30 emas, 44 perak, dan 46 perunggu. Wakil Asia Tenggara terbaik masih diduduki Thailand di tempat keenam. Thailand punya tujuh medali emas, enam perak, dan sembilan perunggu. Perolehan Medali Indonesia Peringkat Asia 19 Juara Olahraga Asia 2026 INDONESIA 1 Emas 4 Perak 17 Perunggu 22 Total Medali (aff/aff) Anda menyukai artikel ini Artikel disimpan asian games 2026 juara asia 2026 klasemen medali asian games 2026 indonesia update medali indonesia Komentar",sport,https://sport.detik.com/sport-lain/d-8680057/klasemen-medali-asian-games-2026-per-siang-ini-indonesia-ke-19
FN001,"Batas Penghasilan Tidak Kena Pajak Mau Dinaikkan Herdi Alif Al Hikam - detikFinance Rabu, 30 Sep 2026 20:30 WIB ... Tautan telah disalin Jakarta - Pemerintah membuka peluang untuk merevisi ambang batas Penghasilan Tidak Kena Pajak (PTKP). Artinya, bisa jadi batas penghasilan yang tidak kena pajak bisa naik besarannya. Menteri Koordinator Bidang Perekonomian Airlangga Hartarto mengatakan revisi PTKP akan disesuaikan dengan inflasi. Pihaknya akan menghitung bersama Menteri Keuangan Suahasil Nazara. Airlangga bilang program ini menjadi salah satu kebijakan yang akan dilakukan pada 2027. Hal tersebut merupakan hasil rapat terbatas di Istana Kepresidenan, Jakarta Pusat. SCROLL TO CONTINUE WITH CONTENT ""Kemudian juga tadi dibahas mengenai perbaikan angka daripada PTKP yang akan menyesuaikan kepada angka inflasi, ini sedang kami hitung bersama dengan Menteri Keuangan,"" beber Airlangga usai rapat, Rabu (30/9/2026). Baca juga: Gaji di Bawah Rp 10 Juta Bebas Pajak Penghasilan Lanjut Tahun Depan ADVERTISEMENT Sebelumnya, usulan merevisi ambang batas PTKP pernah bergulir tahun lalu. Medio September 2025 silam, para buruh sempat dipanggil ke Istana Kepresidenan untuk berdiskusi langsung dengan Presiden Prabowo Subianto. Presiden Konfederasi Serikat Pekerja Indonesia (KSPI) Said Iqbal yang hadir dalam pertemuan itu mengusulkan agar penghasilan tidak kena pajak alias (PTKP) batasnya dinaikkan. Dari yang awalnya cuma Rp 4,5 juta per bulan menjadi Rp 7,5 juta per bulan. ""Dan PTKP, pendapatan tidak kena pajak, dinaikkan dari Rp 4,5 juta per bulan menjadi Rp 7,5 juta per bulan,"" katanya usai bertemu Prabowo, Senin (1/9/2025) silam. Kala itu Kementerian Keuangan sebagai regulator utama perpajakan mengaku belum mendapatkan informasi soal usulan tersebut, sehingga kala itu belum ada rencana untuk melakukan revisi PTKP. Dalam catatan detikcom , usulan kenaikan PTKP dinilai dapat mendongkrak perekonomian. Ekonom dari Center of Economic and Law Studies (CELIOS), Nailul Huda menilai kebijakan reformasi pajak jelas dapat menggerakkan perekonomian, tak terkecuali peningkatan ambang batas PTKP. Baca juga: DJP Kejar Pajak Platform Asing Lewat Sistem Ini Dia menilai saat ini memang PTKP pekerja di Indonesia terlampau sangat rendah, yaitu Rp 4,5 juta per bulan. Hal ini membuat penghasilan masyarakat kelas menengah menjadi lebih banyak yang terpotong pajak. ""Pajak sebagai instrumen yang tepat untuk menggerakkan perekonomian yang sedang lesu. Salah satunya adalah melalui peningkatan penghasilan tidak kena pajak (PTKP). PTKP saat ini terbilang sangat rendah, Rp 54 juta selama setahun atau Rp 4,5 juta sebulan,"" beber Huda ketika dihubungi detikcom, Senin (8/9/2025) yang lalu. Menaikkan PTKP pun sangat mungkin berdampak ke penerimaan Pajak Penghasilan (PPh) orang pribadi ke kantong negara. Peneliti Center of Reform on Economics (CORE) Indonesia, Yusuf Rendy Manilet mengungkapkan ketika PTKP dinaikkan pada 2013, penerimaan negara dari PPh orang pribadi anjlok Rp 13 triliun. Saat itu, PTKP hanya naik 53%. ""Jelas kita perlu melihat sisi fiskalnya. Ada pengalaman menarik di 2013. Waktu itu pemerintah menaikkan PTKP cukup besar, sekitar 53%. Dampaknya? Penerimaan PPh orang pribadi turun sekitar Rp 13 triliun,"" sebut Yusuf Rendy kepada detikcom. (hal/ara) ... Tautan telah disalin ptkp penghasilan tidak kena pajak Anda menyukai artikel ini Artikel disimpan",finance,https://finance.detik.com/berita-ekonomi-bisnis/d-8686683/batas-penghasilan-tidak-kena-pajak-mau-dinaikkan
FN002,"Danantara Bakal Kempit Saham Bursa Efek 5-10% Herdi Alif Al Hikam, Ignacio Geordi Oswaldo - detikFinance Rabu, 30 Sep 2026 20:19 WIB ... Tautan telah disalin Jakarta - Chief Executive Officer (CEO) Badan Pengelola Investasi (BPI) Danantara, Rosan Roeslani buka suara soal porsi kepemilikan saham Danantara di PT Bursa Efek Indonesia (BEI). Soal kepemilikan ini mencuat usai terbitnya Peraturan Otoritas Jasa Keuangan (POJK) tentang demutualisasi bursa. Menurut Rosan, Danantara akan memiliki porsi kepemilikan saham BEI dilakukannya demutualisasi nanti sekitar 5-10%. SCROLL TO CONTINUE WITH CONTENT ""Ya kan POJK-nya sudah keluar dan kami di Danantara porsinya mungkin ada beberapa. Tapi kita, porsinya yang penting kan perubahan di bursanya. Kita lagi bicarakan, tapi mungkin antara 5-10%,"" kata Rosan saat ditemui di Istana Kepresidenan, Jakarta Pusat, Rabu (30/9/2026). Sementara terkait isu yang beredar mengenai rencana kepemilikan hingga 40% saham BEI oleh Danantara, Rosan mengatakan angka itu merupakan perkiraan gabungan dari seluruh porsi kepemilikan saham dari konsorsium pemerintah. ADVERTISEMENT Di mana konsorsium pemerintah dalam badan Bursa Efek Indonesia ini melibatkan kementerian dan lembaga lain, seperti Kementerian Keuangan (Kemenkeu). Meski ia juga belum bisa memastikan terkait hal itu. ""Mungkin karena, mungkin ada pihak lain, mungkin ya, dari ada kementerian lain mungkin yang ikut, Menteri Keuangan atau yang lain-lain. Jadi kita, bersama-sama. Konsorsium bisa sampai 30-40%. Tapi mungkin porsi Danantara sekitar 5-10%,"" jelas Rosan. Terpisah, Direktur Utama BEI Jeffrey Hendri juga menyampaikan bahwa Danantara memang telah menyampaikan surat untuk menjadi pemegang saham BEI. Namun belum menetapkan porsi saham BEI yang akan diambil. ""Dalam surat tidak secara spesifik menyebutkan persentase,"" ucap Jeffrey di Gedung BEI, Jakarta, Jumat (25/9/2026). Sementara, Otoritas Jasa Keuangan (OJK) juga menyebut belum ada pihak yang mengajukan kepemilikan saham BEI di atas 5%. Informasi tentang kepemilikan Danantara di atas 40% beredar bahkan sebelum OJK menerbitkan peraturan Nomor 13 Tahun 2026 tentang Pemegang Saham Bursa Efek Indonesia pada 17 September 2026. ""Belum ada, pengajuan ke OJK tentu belum ada sampai saat ini,"" tegas Kepala Eksekutif Pengawas Pasar Modal, Keuangan Derivatif, dan Bursa Karbon OJK Hasan Fawzi. (hns/hns) ... Tautan telah disalin danantara bursa efek indonesia kepemilikan saham demutualisasi otoritas jasa keuangan investasi konsorsium pemerintah porsi saham rosan roeslani pasar modal Anda menyukai artikel ini Artikel disimpan",finance,https://finance.detik.com/bursa-dan-valas/d-8686736/danantara-bakal-kempit-saham-bursa-efek-5-10
FN003,"Saham yang Dikuasai Segelintir Pihak Bertambah Jadi 60 Emiten, Ini Daftarnya Andi Hidayat - detikFinance Rabu, 30 Sep 2026 20:00 WIB ... Tautan telah disalin Daftar Isi Daftar Saham HSC Jakarta - Bursa Efek Indonesia (BEI) kembali mengumumkan saham yang dikuasai segelintir pihak atau high shareholding concentration (HSC). Saham tersebut adalah PT Multi Spunindo Jaya Tbk (MSJA). MSJA ditetapkan sebagai saham HSC karena memiliki tingkat kepemilikan saham terkonsentrasi yang tinggi. Hingga 25 September 2026, kepemilikan saham dalam bentuk warkat maupun tanpa warkat tercatat mencapai 98,62%. BEI menegaskan, pengumuman tersebut tidak menunjukkan adanya pelanggaran terhadap peraturan perundang-undangan dan ketentuan yang berlaku di bidang Pasar Modal. SCROLL TO CONTINUE WITH CONTENT ""Berdasarkan metodologi penentuan kepemilikan saham terkonsentrasi tinggi atas struktur kepemilikan saham dalam bentuk warkat dan tanpa warkat per tanggal 25 September 2026, saham perseroan dimiliki oleh sejumlah tertentu pemegang saham yang secara agregat menguasai 98,62% dari total saham dalam bentuk warkat dan tanpa warkat MSJA,"" tulis Direktur Pengawasan Transaksi dan Kepatuhan BEI, Yulianto Aji Sadono, dalam pengumumannya dikutip dari Keterbukaan Informasi, Rabu (30/9/2026). Baca juga: Short Selling Mulai Berlaku Besok ADVERTISEMENT Daftar Saham HSC 1. PT Samator Indo Gas Tbk (AGII) 2. PT Barito Renewables Energy Tbk (BREN) 3. PT Dian Swastatika Sentosa Tbk (DSSA) 4. PT Ifishdeco Tbk (IFSH) 5. PT Panca Anugrah Wisesa Tbk (MGLV) 6. PT Abadi Lestari Indonesia Tbk (RLCO) 7. PT Rockfields Properti Indonesia Tbk (ROCK) 8. PT Satria Mega Kencana Tbk (SOTS) 9. PT BSA Logistics Indonesia Tbk (WBSA) 10. PT Transcoal Pacific Tbk (TCPI) 11. PT Mahkota Group Tbk (MGRO) 12. PT Kota Satu Properti Tbk (SATU) 13. PT Delta Giri Wacana Tbk (DGWG) 14. PT Habco Trans Maritima Tbk (HATM) 15. PT DCI Indonesia Tbk (DCII) 16. PT Bayan Resources Tbk (BYAN) 17. PT Indoritel Makmur Internasional Tbk (DNET) 18. PT Ekamas Mora Republik Tbk (MORA) 19. PT Sejahteraraya Anugrahjaya Tbk (SRAJ) 20. PT Bank Permata Tbk (BNLI) 21. PT Bank Ina Perdana Tbk (BINA) 22. PT Pradiksi Gunatama Tbk (PGUN) 23. PT Soho Global Health Tbk (SOHO) 24. PT Jaya Sukses Makmur Sentosa Tbk (RISE) 25. PT FAP Agri Tbk (FAPA) 26. PT Siloam International Hospitals Tbk (SILO) 27. PT Krom Bank Indonesia Tbk (BBSI) 28. PT Bank SMBC Indonesia Tbk (BTPN) 29. PT Siantar Top Tbk (STTP) 30. PT Multipolar Technology Tbk (MLPT) 31. PT Golden Energy Mines Tbk (GEMS) 32. PT Global Digital Niaga Tbk (BELI) 33. PT Maha Properti Indonesia Tbk (MPRO) 34. PT Famon Awal Bros Sedaya Tbk (PRAY) 35. PT Sinar Mas Agro Resources and Technology Tbk (SMAR) 36. PT Cemindo Gemilang Tbk (CMNT) 37. PT Metropolitan Kentjana Tbk (MKPI) 38. PT Perdana Bangun Pusaka Tbk (KONI) 39. PT Yupi Indo Jelly Gum Tbk (YUPI) 40. PT Hotel Fitra International Tbk (FITT) 41. PT Ancara Logistics Indonesia Tbk (ALII) 42. PT Hoffmen Cleanindo Tbk (KING) 43. PT MD Entertainment Tbk (FILM) 44. PT Pelayaran Nasional Ekalya Purnamasari Tbk (ELPI) 45. PT Golden Flower Tbk (POLU) 46. PT MSIG Life Insurance Indonesia Tbk (LIFE) 47. PT Prima Andalan Mandiri Tbk (MCOL) 48. PT Bank Maybank Indonesia Tbk (BNII) 49. PT Allo Bank Indonesia Tbk (BBHI) 50. PT Bank Mega Tbk (MEGA) 51. PT Citra Marga Nusaphala Persada Tbk (CMNP) 52. PT Charnic Capital Tbk (NICK) 53. PT Steady Safe Tbk (SAFE) 54. PT Berdikari Pondasi Perkasa Tbk (BDKR) 55. PT Intermedia Capital Tbk (MDIA) 56. PT Saranacentral Bajatama Tbk (BAJA) 57. PT Bukit Darmo Property Tbk (BKDP) 58. PT Asia Sejahtera Mina Tbk (AGAR) 59. PT Alaska Industrindo Tbk (ALKA) 60. PT Multi Spunindo Jaya Tbk (MSJA) (ahi/ara) ... Tautan telah disalin saham bursa efek indonesia high shareholding concentration Anda menyukai artikel ini Artikel disimpan",finance,https://finance.detik.com/bursa-dan-valas/d-8686593/saham-yang-dikuasai-segelintir-pihak-bertambah-jadi-60-emiten-ini-daftarnya
FN004,"Bos Danantara Beri Sinyal Dividen Rp 120 Triliun Tidak Disetor ke APBN Herdi Alif Al Hikam, Ilyas Fadilah - detikFinance Rabu, 30 Sep 2026 19:47 WIB ... Tautan telah disalin Jakarta - Chief Operating Officer (COO) Danantara Indonesia Dony Oskaria buka suara soal kelanjutan dividen yang dikelola Danantara. Menurut Dony hingga saat ini belum ada keputusan untuk menyerahkan dividen tersebut kepada pemerintah. Dony mengatakan keputusan mengenai penggunaan dividen Danantara berada di tangan pemerintah. Namun, menurutnya saat ini dana tersebut masih dibutuhkan untuk membiayai berbagai proyek. ""Oh, itu kan call-nya di pemerintah. Sampai sejauh ini belum ada ya, dan rasanya nggak ya,"" ujar Dony di Kompleks Istana Kepresidenan usai rapat terbatas, Jakarta, Rabu (30/9/2026). SCROLL TO CONTINUE WITH CONTENT Baca juga: Purbaya Diganti Suahasil, Danantara Bakal Setor Dividen Rp 120 T buat APBN? Menurut Dony, Danantara memiliki sejumlah proyek yang akan dikembangkan, termasuk di sektor hilirisasi. Pengembangan proyek tersebut juga diarahkan untuk membuka lapangan pekerjaan. ADVERTISEMENT ""Karena kan kita mau membangun banyak project hilirisasi dan lain sebagainya, membuka lapangan pekerjaan,"" terang Dony. Sementara, Menteri Keuangan Suahasil Nazara usai rapat terbatas di Istana Presiden juga ditanya soal dividen Danantara. Namun, Suahasil tidak menjawab pertanyaan tersebut. Sebelumnya, rencana penyetoran dividen Danantara kepada pemerintah disampaikan eks Menteri Keuangan Purbaya Yudhi Sadewa. Pemerintah berencana memasukkan sebagian keuntungan Danantara sebagai Penerimaan Negara Bukan Pajak (PNBP) sekaligus cadangan anggaran pemerintah. Purbaya saat itu menyebut nilai yang direncanakan masuk dari Danantara mencapai Rp 120 triliun. Ia menyatakan penyetoran sebagian keuntungan tersebut merupakan arahan Presiden Prabowo Subianto. (hns/hns) ... Tautan telah disalin dividen danantara apbn dony oskaria proyek hilirisasi suahasil nazara Anda menyukai artikel ini Artikel disimpan",finance,https://finance.detik.com/berita-ekonomi-bisnis/d-8686697/bos-danantara-beri-sinyal-dividen-rp-120-triliun-tidak-disetor-ke-apbn
FN005,"Gaji di Bawah Rp 10 Juta Bebas Pajak Penghasilan Lanjut Tahun Depan Herdi Alif Al Hikam - detikFinance Rabu, 30 Sep 2026 19:37 WIB ... Tautan telah disalin Jakarta - Kebijakan keringanan Pajak Penghasilan (PPh) Pasal 21 bagi pekerja dengan gaji di bawah Rp 10 juta per bulan akan lanjut pada 2027. Hal ini disampaikan Menteri Koordinator Perekonomian Airlangga Hartarto usai rapat terbatas di Istana Kepresidenan, Jakarta. Airlangga mengatakan 7,5 juta pekerja bakal menikmati fasilitas keringanan pajak ini. Terakhir kebijakan tersebut berlaku untuk masa pajak Januari-Desember 2026. ""Terkait dengan pengurangan PPh Pasal 21 yang diberikan kepada pekerja yang mempunyai gaji di bawah Rp 10 juta. Ini akan dilanjutkan di tahun depan dan diberikan untuk sekitar 7,5 juta pekerja,"" papar Airlangga usai rapat terbatas, Rabu (30/9/2026). SCROLL TO CONTINUE WITH CONTENT Airlangga mengatakan ada perbedaan yang ditetapkan pada kebijakan tersebut tahun depan, yaitu pada kriteria penerimanya. Sebelumnya, kriteria penerima fasilitas pajak ini hanya diberikan pada pekerja padat karya, pariwisata, hotel, restoran, dan kafe dengan gaji di bawah Rp 10 juta. ADVERTISEMENT Rencananya, kebijakan yang berlaku tahun depan nanti akan diperluas untuk pekerja di semua sektor. ""Kalau yang sekarang diberikan kepada padat karya dan pariwisata, yang tahun depan diberikan ke seluruh sektor yang gajinya di bawah Rp 10 juta,"" ujar Airlangga. (hns/hns) ... Tautan telah disalin gaji di bawah rp 10 juta pajak penghasilan pph pasal 21 keringanan pajak pekerja kebijakan pajak sektor pekerjaan airlangga hartarto fasilitas pajak Anda menyukai artikel ini Artikel disimpan",finance,https://finance.detik.com/berita-ekonomi-bisnis/d-8686678/gaji-di-bawah-rp-10-juta-bebas-pajak-penghasilan-lanjut-tahun-depan
FN006,"Prabowo Minta Suahasil Jaga APBN Tetap Kredibel Andi Hidayat, Herdi Alif Al Hikam - detikFinance Rabu, 30 Sep 2026 19:30 WIB ... Tautan telah disalin Jakarta - Presiden Prabowo Subianto meminta Menteri Keuangan (Menkeu) Suahasil Nazara menjaga Anggaran Pendapatan dan Belanja Negara (APBN) tetap kredibel. Hal tersebut menjadi arahan Prabowo dalam rapat di Istana Kepresidenan, Jakarta, Rabu (30/9/2026). Dalam rapat tersebut, Prabowo meminta APBN dikelola secara kredibel dan efisien. Langkah tersebut dinilai penting agar anggaran negara digunakan secara tepat sasaran. ""Arahan Bapak Presiden adalah untuk terus menjaga APBN supaya tetap kredibel dan dilakukan terus efisiensi secara terukur agar yang namanya anggaran negara itu bisa betul-betul maksimum digunakan untuk kesejahteraan, perlindungan sosial, dan juga membangun infrastruktur,"" ucap Suahasil di Kompleks Istana Kepresidenan, Jakarta Pusat, Rabu (30/9/2026). SCROLL TO CONTINUE WITH CONTENT Baca juga: Tahun Depan Daerah Diguyur Rp 735 Triliun Suahasil juga melaporkan target pendapatan negara Rp 3.400 triliun dengan anggaran belanja negara Rp 4.100 triliun. Ia menegaskan komitmennya untuk menjaga kondisi ekonomi. ADVERTISEMENT Di sisi lain, Suahasil juga banyak membahas tentang ekosistem investasi. Namun ke depan, investasi ini dikelola langsung oleh Badan Pengelola Investasi (BPI) Daya Anagata Nusantara (Danantara). ""Jadi, ibaratnya Danantara dan APBN itu saling kolaborasi, berbagi tugas supaya menjaga perekonomian Indonesia,"" jelasnya. Suahasil menambahkan, APBN akan dialokasikan untuk membiayai infrastruktur pelayanan publik dan juga operasional dari pemerintah. Sementara Danantara, akan ditugaskan dalam hal investasi. ""Investasi akan sangat kuat di Danantara. Tadi kita banyak membicarakan gerak sinergi yang perlu kita lakukan bersama,"" pungkasnya. (ahi/ara) ... Tautan telah disalin apbn suahasil nazara prabowo subianto Anda menyukai artikel ini Artikel disimpan",finance,https://finance.detik.com/berita-ekonomi-bisnis/d-8686595/prabowo-minta-suahasil-jaga-apbn-tetap-kredibel
FN007,"Bagi-bagi Rp 50 Ribu Lewat Buka Rekening Baru Cuma buat Desil 1 sampai 4 Herdi Alif Al Hikam, Heri Purnomo - detikFinance Rabu, 30 Sep 2026 19:21 WIB ... Tautan telah disalin Jakarta - Pemerintah akan membuka rekening bank bagi warga yang berusia 17 tahun ke atas dan sama sekali belum punya rekening bank. Pemilik rekening akan mendapatkan saldo awal sebesar Rp 50.000 dari pemerintah. Menteri Koordinator Perekonomian Airlangga Hartarto menjelaskan program ini hanya untuk mereka yang masuk kelompok desil 1 sampai 4. ""Jadi tadi dibahas program untuk di kuartal keempat, antara lain pembukaan rekening kepada warga negara yang di atas 17 tahun dan diarahkan pada desil 1 sampai dengan desil 4,"" ujar Airlangga di Kompleks Istana Kepresidenan Jakarta, Rabu (30/9/2026). SCROLL TO CONTINUE WITH CONTENT Baca juga: Pemerintah Mau Bagi-bagi Duit Rp 50 Ribu buat Warga Usia 17 Tahun! Terkait dengan berapa jumlah masyarakat yang mendapatkan rekening baru ini dan anggarannya, Airlangga belum dapat memastikannya. ADVERTISEMENT ""Nah, nanti angkanya sedang di-cross check dengan kementerian terkait,"" katanya. Sebelumnya, Airlangga pernah menyampaikan bahwa anggaran yang disiapkan untuk program tersebut sebesar Rp 3,8 triliun. ""Rekening gratis kami juga sudah laporkan kepada Pak Presiden, bahwa untuk rekening gratis ini dari hasil rekap, itu ada sekitar yang sudah di atas usia 17 tahun, belum punya rekening itu ada jumlah tertentu. Nah ini yang kita sedang lihat bahwa yang sejumlah tertentu tersebut, itu membutuhkan dana kalau kita kasih Rp 50 ribu sebesar Rp 3,8 triliun,"" ujar Menteri Koordinator Bidang Perekonomian Airlangga Hartarto saat ditemui di Hotel Fairmont, Jakarta, Rabu (23/9/2026). Saat ditanya berapa jumlah warga yang bakal dapat rekening dengan saldo awal sebesar Rp 50 ribu, Airlangga tidak menyebutkan angka pastinya. Namun ia memberikan bocoran bahwa jumlah orangnya sesuai dengan kebutuhan dana Rp 3,8 triliun. Artinya akan ada sekitar 76,8 juta warga yang dapat saldo awal sebesar Rp 50 ribu jika berdasarkan dana Rp 3,8 triliun. ""Tinggal dibagi saja Rp 3,8 triliun ini dibagi Rp 50 ribu,"" katanya. (hns/hns) ... Tautan telah disalin buka rekening baru pemerintah rp 50 ribu desil 1 sampai 4 rekening gratis Anda menyukai artikel ini Artikel disimpan",finance,https://finance.detik.com/berita-ekonomi-bisnis/d-8686647/bagi-bagi-rp-50-ribu-lewat-buka-rekening-baru-cuma-buat-desil-1-sampai-4
FN008,"Prabowo Siapkan Stimulus Rp 31 T, Ada Beras 10 Kg dan BSU Rp 900 Ribu Heri Purnomo - detikFinance Rabu, 30 Sep 2026 19:15 WIB ... Tautan telah disalin Jakarta - Pemerintahan Presiden Prabowo Subianto menyiapkan sejumlah stimulus ekonomi yang akan diberikan pada kuartal IV 2026. Total anggaran yang disiapkan sekitar Rp 31 triliun. Hal tersebut diungkapkan oleh Menteri Koordinator Bidang Perekonomian Airlangga Hartarto usai melakukan rapat dengan Prabowo di Kompleks Istana Kepresidenan, Jakarta, Rabu (30/9/2026). Airlangga menyampaikan stimulus yang diberikan berupa bantuan pangan, program pembukaan rekening bagi warga usia di atas 17 tahun, dan juga bantuan subsidi upah. SCROLL TO CONTINUE WITH CONTENT ""Nanti anggarannya sedang disisir lagi oleh Menteri Keuangan, kira-kira sekitar Rp 31 triliun,"" ujar Airlangga. Lebih rincinya, Airlangga mengatakan untuk pembukaan rekening bagi warga negara berusia di atas 17 tahun diarahkan untuk kelompok desil 1 hingga desil 4. Untuk anggarannya, Airlangga bilang masih perlu dicek terlebih dahulu. Untuk bantuan pangan, Airlangga mengatakan bantuan ini berupa beras. Bantuan diberikan sebanyak 10 kilogram per bulan selama tiga bulan, yakni Oktober-Desember 2026. Dan penyalurannya dilakukan sekaligus. ADVERTISEMENT ""Ini diberikan kepada 33.244.408 Keluarga Penerima Manfaat (KPM). Ini desilnya 1 sampai 4, dan kebutuhan anggarannya kira-kira Rp 17,5 triliun,"" ujarnya. Airlangga menambahkan, pemerintah akan melanjutkan bantuan subsidi upah (BSU) untuk kuartal IV. Bantuan ini akan diberikan satu kali untuk periode tiga bulan, dengan nilai Rp 300.000 per bulan. Artinya total BSU mencapai Rp 900 ribu. ""Ini diberikan kepada 13,3 juta pekerja, dan kebutuhan anggarannya diperkirakan sebesar hampir Rp 12 triliun,"" katanya. (hrp/fdl) ... Tautan telah disalin stimulus ekonomi pemerintah indonesia paket bantuan prabowo subianto Anda menyukai artikel ini Artikel disimpan",finance,https://finance.detik.com/berita-ekonomi-bisnis/d-8686598/prabowo-siapkan-stimulus-rp-31-t-ada-beras-10-kg-dan-bsu-rp-900-ribu
FN009,"Prabowo Mau Sebar Bantuan Subsidi Upah Rp 300 Ribu/Bulan! Herdi Alif Al Hikam - detikFinance Rabu, 30 Sep 2026 18:46 WIB ... Tautan telah disalin Jakarta - Presiden Prabowo Subianto memutuskan untuk memberikan bantuan subsidi upah. Bantuan semacam ini pernah diberikan kepada masyarakat saat pandemi COVID-19. Kali ini, bantuan subsidi akan diberikan sebesar Rp 300 ribu per bulan selama 3 bulan terakhir tahun 2026. Program ini masuk dalam paket stimulus ekonomi kuartal IV-2026. Program bantuan ini diputuskan langsung untuk diberikan oleh Prabowo dalam rapat terbatas di Istana Kepresidenan. SCROLL TO CONTINUE WITH CONTENT ""Pemerintah akan memberikan lagi bantuan subsidi upah, di mana bantuan subsidi upah tahun ini diberikan satu kali untuk tiga bulan, dan per bulannya sebesar Rp 300.000,"" ujar Menko Perekonomian Airlangga Hartarto usai rapat terbatas di Istana Kepresidenan, Jakarta Pusat, Rabu (30/9/2026). Baca juga: TNI-Polri Bakal Turun Tangan Kumpulkan Data Penerima Bansos! ADVERTISEMENT Bantuan ini akan diberikan kepada 13,3 juta pekerja dengan total anggaran yang disiapkan sebesar Rp 12 triliun. ""Ini diberikan kepada 13,3 juta pekerja, dan kebutuhan anggarannya diperkirakan sebesar hampir Rp 12 triliun,"" ujar Airlangga. (hal/ara) ... Tautan telah disalin bantuan subsidi prabowo subianto upah pekerja bantuan sosial stimulus ekonomi Anda menyukai artikel ini Artikel disimpan",finance,https://finance.detik.com/berita-ekonomi-bisnis/d-8686588/prabowo-mau-sebar-bantuan-subsidi-upah-rp-300-ribu-bulan
FN010,"TNI-Polri Bakal Turun Tangan Kumpulkan Data Penerima Bansos! Ignacio Geordi Oswaldo - detikFinance Rabu, 30 Sep 2026 18:31 WIB ... Tautan telah disalin Jakarta - Ketua Komite Percepatan Transformasi Digital Pemerintah, Luhut Binsar Pandjaitan, meminta semua pihak baik dari pemerintah hingga masyarakat sipil perlu terlibat dalam mendata penerima bantuan sosial (bansos) baru yang sedang digodok pemerintah. Luhut mengatakan hal ini dimaksudkan untuk mengumpulkan data warga penerima bansos yang lebih akurat selama proses pemadanan data lintas Kementerian dan Lembaga dilakukan pemerintah. ""Jadi TNI, Polri, Kementerian Agama, penyuluh pertanian, semua kita libatkan. Ini menurut saya satu gerakan nasional yang diarahkan Presiden yang menurut saya sangat baik sekali,"" ucap Luhut saat ditemui di kantor Kemensos, Jakarta Pusat, Rabu (30/9/2026). SCROLL TO CONTINUE WITH CONTENT Secara khusus Luhut mengatakan untuk mendata warga yang tinggal di kawasan terpencil atau sulit diakses, pemerintah akan meminta Babinsa, Bhabinkamtibmas, TNI/Polri, hingga aparatur desa untuk ikut menjadi agen pengumpul data tersebut. ""TNI, Polri, Babinsa, Babinkamtibmas, ASN, pegawai di gunung-gunung sana, di gunung-gunung, di kampung-kampung itu yang sulit dicapai mungkin oleh orang yang punya HP, itu TNI-Polri itu turun,"" tegasnya. ADVERTISEMENT Selain pihak-pihak yang terlibat dengan pemerintah, Luhut juga mendorong agar masyarakat sipil pada umumnya juga ikut terlibat dalam proses pendapatan ini dengan menjadi relawan. ""Anda juga bisa jadi agen. Jadi bukan saya saja yang jadi agen,"" ucapnya. Di luar itu, sebelumnya Luhut sempat menargetkan jumlah data warga penerima bansos yang dikumpulkan hingga akhir tahun ini setidaknya mencapai 48-50 juta orang. Di mana untuk saat ini jumlah data yang sudah berhasil dikumpulkan sekitar 5,5 juta hingga 6 juta orang. Atas dasar inilah ia sangat mendorong kerja sama seluruh lapisan masyarakat, termasuk para anggota TNI/Polri tadi untuk terlibat sebagai agen pendataan penerima bansos. Dengan asumsi ada 500 ribu agen, dan masing-masing mendata dua orang per hari, maka bisa dicapai 30 juta orang dalam satu bulan. ""Ya sekarang baru 6 juta kali ya. Tapi makanya kita bikin ramai-ramai ini supaya angka ini bisa cepat, dan kita yakin bisa. Karena kalau per hari, kalau kita punya nanti 500 ribu agen. Ya tiap agen ambil 2 orang saja, 1 juta kan. Jadi 1 juta kalau ya 30 hari, 30 juta,"" pungkasnya. (igo/fdl) ... Tautan telah disalin bansos luhut pandjaitan tni polri Anda menyukai artikel ini Artikel disimpan",finance,https://finance.detik.com/berita-ekonomi-bisnis/d-8686570/tni-polri-bakal-turun-tangan-kumpulkan-data-penerima-bansos
FN011,"Subsidi Motor Listrik Tak Jelas, Penjualan 2026 Anjlok ke 18.900 Unit Heri Purnomo - detikFinance Rabu, 30 Sep 2026 18:01 WIB ... Tautan telah disalin Jakarta - Sudah memasuki akhir September 2026, rencana pemberian insentif untuk kendaraan motor listrik masih belum ada kepastian. Kementerian Perindustrian (Kemenperin) juga belum dapat memastikan soal rencana itu jadi tidaknya. Pasalnya kata Juru Bicara Kemenperin Febri Hendri Antoni Arief, Peraturan Menteri Keuangan (PMK) tentang insentif motor listrik belum juga terbit. Adapun Kemenperin sendiri telah menyiapkan petunjuk teknis (juknis) terkati pemberian insentif motor listrik. SCROLL TO CONTINUE WITH CONTENT ""Jadi kami mengusulkan sebaiknya ada tidaknya insentif itu disampaikan ketika memang sudah saatnya dieksekusi, ketika misalnya peraturan kementeriannya sudah keluar, begitu,"" kata Febri saat ditemui di Kantor Kementerian Perindustrian, Jakarta, Rabu (30/9/2026). Febri mengatakan, kepastian mengenai insentif ini penting bagi konsumen maupun industri. Menurutnya, ketidakjelasan soal rencana pemberian insentif ini justru berpotensi membuat konsumen maupun industri menderita. Karena itu, pihaknya belum mau menyampaikan kepastian rencana tersebut. ADVERTISEMENT ""Pada prinsipnya kami menyampaikan bahwa kepastian itu penting bagi konsumen produk industri dan bagi industri itu sendiri. Kalau kepastiannya itu belum ada, kami belum ingin menyampaikannya kepada publik karena itu akan membuat konsumen menunggu dan industri akan menderita,"" kata Febri Sebelumnya, saat Menteri Keuangan masih dijabat Purbaya Yudhi Sadewa, disebutkan insentif motor listrik yang bakal bergulir ini turun menjadi Rp 3 juta per unit dari rencana awalnya Rp 5 juta per unit. Di mana insentif Rp 3 juta per unit itu akan disalurkan untuk 1 juta motor listrik yang diproduksi dalam negeri dengan total anggaran Rp 3 triliun. ""Itu programnya sama. Jadi 1 juta itu pasti nggak habis tahun ini kan kalau kita lihat. Kalau nggak salah masing-masing Rp 3 juta. (Anggarannya) Rp 3 triliun,"" ujar Purbaya di Jakarta, Kamis kemarin. Meski begitu, Purbaya mengatakan pemberian insentif untuk 1 juta motor ini tidak akan terserap sepenuhnya tahun ini. Hal ini terjadi karena kapasitas produksi motor listrik nasional belum mencapai angkat tersebut. Purbaya menyebutkan penyerapan insentif ini hanya akan berada di kisaran angka 100.000 hingga akhir tahun. ""Itu masih kita lihat apakah daya serapnya cukup tahun ini untuk menyerap semua uang itu. Kayaknya sih nggak. Kan kapasitas produksi motor nasional belum sampai 1 juta kan. Ada yang cuma 20 ribu. Saya pikir paling 100 ribu sampai akhir tahun. Jadi nanti saya pikirkan apa bisa ditambah,"" katanya. Sementara itu, keputusan pemberian motor listrik ini ditunggu-tunggu oleh industri motor listrik dan juga masyarakat. Ketua Asosiasi Industri Sepeda Motor Listrik Indonesia (Aismoli) Budi Setiyadi melaporkan penjualan sepeda motor listrik di Indonesia pada tahun ini merosot tajam. Tercatat hingga Agustus 2026, penjualan sepeda motor listrik hanya mencapai 18.900 unit. Padahal kata Budi, penjualan sepeda motor listrik pada 2024 mencapai 77.000 unit pada 2024. Hal ini dorong oleh adanya subisidi. Kemudian pada 2025, meski tidak ada subsidi, penjualan masih mampu mencapai sekitar 70.000 unit. Budi menyampaikan merosotnya penjualan sepeda motor listrik tahun ini terjadi karena ketidakpastian kebijakan subsidi. Kondisi ini membuat masyarakat cenderung menunggu kepastian sebelum membeli motor listrik. ""Di tahun 2026, sampai dengan bulan Agustus, kami sekarang ini baru sekitar 18.900. Jadi sangat turun sekali. Kenapa demikian? Tadi Pak Ketua Periklindo sudah menyampaikan, karena menyangkut masalah kebijakan pemerintah yang kadang ada, kadang tidak ada. Ini cukup mengganggu dari industri, karena memang masyarakat juga banyak yang menunggu kapan untuk subsidi akan diberikan,"" ujarnya dalam RDPU dengan Komisi VII DPR, Senin (21/9/2026). Budi mengatakan pada awal tahun, pemerintah sempat menyampaikan rencana pemberian subsidi motor listrik pada 2026. Kemudian, beberapa waktu lalu, Menteri Keuangan Purbaya Yudhi Sadewa menyampaikan rencana subsidi sekitar Rp 3 juta. ""Namun sampai dengan bulan September, ini juga belum ada kabarnya. Jadi sangat juga menghambat menyangkut masalah penjualan sepeda motor listrik yang ada di Indonesia sekarang ini,"" katanya. (hrp/fdl) ... Tautan telah disalin insentif motor listrik kebijakan pemerintah kementerian perindustrian penjualan sepeda motor listrik subsidi kendaraan listrik ketidakpastian kebijakan Anda menyukai artikel ini Artikel disimpan",finance,https://finance.detik.com/industri/d-8686515/subsidi-motor-listrik-tak-jelas-penjualan-2026-anjlok-ke-18-900-unit
FN012,"Foto Bisnis Panel Surya Mengapung di Karangkates, Proyek PLTS Capai 70 Persen Grandyos Zafna - detikFinance Rabu, 30 Sep 2026 17:00 WIB ... Tautan telah disalin Kabupaten Malang - Pembangunan PLTS terapung Karangkates di Kabupaten Malang telah mencapai 70 persen dan ditargetkan mulai beroperasi tahun ini. ... Tautan telah disalin plts terapung karangkates plts terapung fotodetikcom fotodetikfinance Anda menyukai artikel ini Artikel disimpan",finance,https://finance.detik.com/foto-bisnis/d-8685561/panel-surya-mengapung-di-karangkates-proyek-plts-capai-70-persen
FN013,"9 Perjalanan KRL Red Line Sempat Tertahan Imbas Pohon Tumbang Herdi Alif Al Hikam - detikFinance Rabu, 30 Sep 2026 16:49 WIB ... Tautan telah disalin Jakarta - Insiden pohon tumbang membuat 9 Kereta Rel Listrik (KRL) Jabodetabek pada jalur Jakarta Kota-Bogor tertahan. Insiden itu terjadi pada petak jalan Stasiun Universitas Pancasila-Stasiun Universitas Indonesia pada sekitar pukul 14.15 WIB tadi. Manager Public Relations KAI Commuter, Leza Arlan, menyampaikan, kendala tersebut imbas terjadinya ranting pohon yang tumbang dan mengenai kabel Listrik Aliran Atas (LAA). Leza menambahkan, terdapat dahan ranting pohon yang berada di pinggir jalur rel, yang patah dan roboh, hingga menimpa jaringan kabel LAA pada saat terjadinya hujan yang cukup deras di wilayah sekitar Stasiun UI. SCROLL TO CONTINUE WITH CONTENT ""Imbas kejadian tersebut, aliran LAA sementara padam. Alhasil perjalanan Commuter Line tujuan Bogor untuk sementara masih tertahan perjalanannya, tidak bisa melintas di lokasi. Sementara itu perjalanan Commuter Line dari arah Stasiun Depok sudah bisa melintas,"" kata Leza dalam keterangannya, Rabu (30/9/2026). Baca juga: KAI Mau Impor KRL Bekas Jepang, Kemenperin Sebut Belum Ada Aturan ADVERTISEMENT Leza juga menambahkan untuk menekan keterlambatan, pihaknya sempat memberlakukan perjalanan Commuter Line Bogor dengan hanya menggunakan satu jalur secara bergantian pada lintas Stasiun Pasar Minggu-Stasiun UI untuk sementara waktu. Daftar Perjalanan KRL Tertahan hingga 15.16 WIB 1. Commuter Line Bogor No.1517 tujuan Jakarta Kota perjalanannya tertahan di Stasiun Depok Baru 2. Commuter Line Bogor No.1339 tujuan Jakarta Kota perjalanannya tertahan di Stasiun Citayam 3. Commuter Line Bogor No.1343 tujuan Jakarta Kota perjalanannya tertahan di Stasiun Bojonggede 4. Commuter Line Bogor No.1296 tujuan Bogor tertahan perjalanannya di Stasiun UP 5. Commuter Line Bogor No.1300 tujuan Bogor tertahan perjalanannya di Stasiun Lenteng Agung 6. Commuter Line Bogor No.1302 tujuan Bogor tertahan perjalanannya hanya sampai Stasiun Pasar Minggu, kemudian kembali ke Stasiun Jakarta Kota 7. Commuter Line Bogor No.1306 tujuan Bogor tertahan perjalanannya di Stasiun Pasar Minggu 8. Commuter Line Bogor No.1030 tujuan Bogor tertahan perjalanannya hanya sampai Stasiun Pasar Minggu, kemudian kembali ke Stasiun Jakarta Kota 9. Commuter Line Bogor No.1308 tujuan Bogor tertahan perjalanannya di Stasiun Cawang (hal/ara) ... Tautan telah disalin krl pohon tumbang commuter line Anda menyukai artikel ini Artikel disimpan",finance,https://finance.detik.com/berita-ekonomi-bisnis/d-8686350/9-perjalanan-krl-red-line-sempat-tertahan-imbas-pohon-tumbang
FN014,"KAI Mau Impor KRL Bekas Jepang, Kemenperin Sebut Belum Ada Aturan Heri Purnomo - detikFinance Rabu, 30 Sep 2026 16:44 WIB ... Tautan telah disalin Jakarta - PT Kereta Api Indonesia (Persero) atau KAI berencana mengimpor kereta rel listrik (KRL) bekas dari Jepang. Impor tersebut dibutuhkan untuk memenuhi kebutuhan kapasitas angkutan KRL Jabodetabek yang terus meningkat. Juru Bicara Kementerian Perindustrian (Kemenperin), Febri Hendri Antoni Arief menyampaikan pihaknya mendukung langkah KAI untuk meningkatkan pelayanan transportasi kepada masyarakat. ""Kemenperin, kami mendukung arahan Presiden agar transportasi darat, terutama perkeretaapian itu aman, memenuhi aspek keselamatan dan kenyamanan. Sehingga bisa mengoptimalkan mobilitas penduduk untuk pertumbuhan ekonomi, ya,"" kata Febri saat ditemui di Kantor Kementerian Perindustrian, Jakarta, Rabu (30/9/2026). SCROLL TO CONTINUE WITH CONTENT Namun terkait impor ini KRL bekas dari Jepang, Kemenperin belum mau banyak berkomentar. Febri menjelaskan kebijakan impor barang bekas yang ada dalam Peraturan Menteri Perdagangan (Permendag) saat ini hanya mengatur jenis barang tertentu berdasarkan klasifikasi Harmonized System (HS) yang di dalamnya berupa kapal. Sementara KRL belum termasuk di dalamnya. ""Terkait dengan impor bekas KRL dari luar negeri, kami sampaikan bahwa ada kebijakan yakni Permendag yang hanya membolehkan impor barang bekas itu hanya untuk HS, saya lupa lah HS berapa, tapi itu untuk kapal bekas. Untuk KRL belum ada. Jadi sebelum ada perubahan pada kebijakan itu, kami belum bisa berkomentar,"" ujarnya. ADVERTISEMENT Saat ditanya apakah PT KAI sudah mengajukan komunikasi dengan Kemenperin terkait permintaan rencana impor KRL bekas dari luar negeri, Febri belum mengetahui hal tersebut. Ia perlu mengecek terlebih dahulu. ""Nanti saya cek. Nanti kami cek ya, apakah ada sudah ada permintaan,"" ujarnya. Sebelumnya, Kementerian Perdagangan memberikan arat yang ketat untuk rencana impor kereta rel listrik (KRL) bukan baru alias bekas yang mau dilakukan PT Kereta Api Indonesia (KAI). Menteri Perdagangan (Mendag) Budi Santoso mengatakan salah satu syaratnya adalah impor perlu rekomendasi atau persetujuan dari beberapa kementerian teknis. Menurutnya, pengadaan kereta bekas tergolong dalam kategori impor yang diatur ketat, maka dari itu membutuhkan pemenuhan regulasi atau persyaratan tambahan. ""Nanti dengan rekomendasi dari kementerian teknis. Jadi kita jelaskan dulu biar tahu apa saja syarat-syaratnya,"" ujar Budi dikutip dari Antara, Minggu (27/9/2026). Dia mengatakan rencana impor KRL bekas memang sudah dibahas. Budi bilang Direktorat Jenderal Perdagangan Luar Negeri telah memanggil PT KAI dan menjelaskan aturan-aturannya. (hrp/fdl) ... Tautan telah disalin kai impor krl kereta rel listrik kemenperin Anda menyukai artikel ini Artikel disimpan",finance,https://finance.detik.com/industri/d-8686342/kai-mau-impor-krl-bekas-jepang-kemenperin-sebut-belum-ada-aturan
FN015,"Industri RI Mulai Rem Produksi, Stok Barang Menumpuk di Gudang Heri Purnomo - detikFinance Rabu, 30 Sep 2026 16:33 WIB ... Tautan telah disalin Jakarta - Kementerian Perindustrian mencatat Indeks Kepercayaan Industri (IKI) pada September 2026 sebesar 51,93. Nilai IKI ini turun 0,30 poin dibandingkan Agustus 2026 yang berada pada level 52,30. Meskipun nilai IKI turun, Juru Bicara Kementerian Perindustrian (Kemenperin), Febri Hendri Antoni Arief mengatakan, aktivitas industri pada September 2026 masih berada dalam fase ekspansi. Hal ini lantaran nilai IKI masih berada di atas ambang 50. Febri menyampaikan penurunan IKI ini disebabkan berbagai hal. Mulai dari kejadian yang ada di luar negeri. Misalnya, kenaikan harga BBM dunia akibat konflik di Timur Tengah yang telah berdampak terhadap industri, baik di sisi produksi maupun dari sisi permintaan. SCROLL TO CONTINUE WITH CONTENT Sementara di dalam negeri itu yakni dampak Super El Nino yang sudah mulai dirasakan oleh beberapa industri yang nanti bisa ditunjukkan dalam indeks IKI di setiap subsektor industri. ""Kami mencermati bahwa beberapa subsektor industri masih wait and see tentang perkembangan kebijakan, insentif, dan kondisi pasar domestik. Kita tahu bahwa ada berbagai kebijakan yang ditunggu oleh industri terkait di kebijakan dan insentif di beberapa sektor, sehingga industri masih menahan sebagian produknya di gudang meski permintaan domestik itu masih tetap tinggi dan produksinya dan industri juga sedikit mengurangi produksinya karena masih banyak stok barang di gudang,"" kata Febri dalam konferensi pers IKI di Kantor Kementerian Perindustrian, Jakarta, Rabu (30/9/2026). ADVERTISEMENT Febri menjelaskan, dari 23 subsektor industri pengolahan yang dianalisis, terdapat 15 subsektor industri yang mengalami ekspansi dan 8 subsektor industri yang mengalami kontraksi. Subsektor industri yang mengalami ekspansi itu memiliki kontribusi PDB sebesar 84,4% terhadap PDB industri pengolahan nonmigas pada PDB triwulan II 2026. ""Dua subsektor industri dengan nilai IKI tertinggi adalah Industri Minuman dan Industri Alat Angkut Lainnya,"" katanya. Sementara itu, delapan subsektor yang mengalami kontraksi meliputi industri kulit, barang dari kulit dan alas kaki, industri kayu, barang dari kayu dan gabus serta barang anyaman, industri kertas dan barang dari kertas, industri percetakan dan reproduksi media rekaman. Kemudian industri karet, barang dari karet dan plastik, industri komputer, barang elektronik dan optik, industri peralatan listrik, serta industri mesin dan perlengkapan YTDL. Febri menjelaskan dari tiga komponen pembentuk IKI, yakni pesanan baru, produksi, dan persediaan produk, hanya komponen pesanan baru yang mengalami percepatan. Nilai IKI variabel pesanan baru naik 0,27 poin menjadi 53,40. Sementara variabel produksi melambat 1,32 poin menjadi 53,78. Adapun variabel persediaan produk turun 0,57 poin dan masih berada dalam fase kontraksi dengan nilai 45,45. Berdasarkan orientasi pasar, IKI yang berorientasi ekspor pada September berada di level 52,60. Angka itu masih menunjukkan ekspansi, tetapi melambat 0,49 poin dibandingkan Agustus yang mencapai 53,09. Sementara IKI industri berorientasi domestik mencapai 50,94. Angka tersebut masih berada di zona ekspansi, tetapi turun 0,19 poin dari bulan sebelumnya yang sebesar 51,13. ""Laju perkembangan kegiatan usaha industri pada bulan September 2026 ini secara umum melambat tipis. Kondisi kegiatan usaha secara umum pada bulan September 2026 menurun 0,7 poin dibandingkan dengan bulan sebelumnya, yaitu sebanyak 77,9% responden menyampaikan kegiatan usahanya membaik dan stabil,"" terangnya. Video Terpopuler Sepekan: STY Latih Persija-Harga Pertamax Naik Video Terpopuler Sepekan: STY Latih Persija-Harga Pertamax Naik (hrp/fdl) ... Tautan telah disalin indeks kepuasan industri kementerian perindustrian ekspansi industri kontraksi industri iki harga bbm Anda menyukai artikel ini Artikel disimpan",finance,https://finance.detik.com/industri/d-8686319/industri-ri-mulai-rem-produksi-stok-barang-menumpuk-di-gudang
FN016,"IHSG Ditutup Melemah ke Level 6.000 Herdi Alif Al Hikam - detikFinance Rabu, 30 Sep 2026 16:32 WIB ... Tautan telah disalin Jakarta - Indeks Harga Saham Gabungan (IHSG) sore ini ditutup di zona merah. IHSG melemah ke level 6.000. Dikutip dari data RTI, Rabu (30/9/2026), IHSG berada di level 6.071,13 saat penutupan perdagangan turun 0,83% atau 50,56 poin secara harian. Ini merupakan titik terendah IHSG pada perdagangan hari ini. IHSG mulanya dibuka di zona merah pada level 6.118,04. Namun sempat menguat sampai level tertingginya pada 6.187,04. SCROLL TO CONTINUE WITH CONTENT Sebanyak 308 saham menguat, 360 saham melemah, dan 125 saham stagnan. Volume perdagangan selama sehari ini menyentuh 30,1 miliar saham dengan perputaran uang mencapai Rp 14,02 triliun. Frekuensi perdagangan sebesar 1.801.353 kali. (hal/ara) ... Tautan telah disalin ihsg indeks harga saham gabungan ihsg melemah Anda menyukai artikel ini Artikel disimpan",finance,https://finance.detik.com/bursa-dan-valas/d-8686317/ihsg-ditutup-melemah-ke-level-6-000
FN017,"Apakah Kopdes Merah Putih Akan Buka 24 Jam? Ignacio Geordi Oswaldo - detikFinance Rabu, 30 Sep 2026 16:02 WIB ... Tautan telah disalin Jakarta - Direktur Utama PT Agrinas Pangan Nusantara (Persero), Joao Angelo De Sousa Mota, menegaskan operasional Koperasi Desa/Kelurahan Merah Putih (KDKMP) atau lebih dikenal sebagai Kopdes kemungkinan akan dilakukan setiap hari, namun tidak buka selama 24 jam. Joao mengatakan eksistensi Kopdes tetap akan beroperasi untuk melayani kebutuhan masyarakat di wilayah masing-masing. Atas dasar inilah ia mengaminkan bahwa Kopdes harus beroperasi atau buka setiap hari. ""(Nanti Kopdes buka setiap hari?) iya dong. Nanti kan dia kan fungsinya itu kan tempat berkumpulnya orang-orang untuk melayani kepentingan masyarakat di situ,"" kata Joao saat ditemui di kantor Kemenko Pangan, Jakarta Pusat, Selasa (30/9) kemarin. SCROLL TO CONTINUE WITH CONTENT Namun, untuk jam operasionalnya tidak dibuat sepanjang hari alias 24 jam. Sebab jam operasional ini akan menyesuaikan kondisi dan kebutuhan masyarakat di desa, yang mana di kawasan tersebut tidak membutuhkan layanan koperasi selama 24 jam penuh. ""(Kopdes buka 24 jam?) ya nggak dong, lu pernah di desa nggak sih?"" ujarnya. ADVERTISEMENT Dalam hal ini pengaturan jam kerja dan pembagian shift akan diserahkan kepada pengurus koperasi. Sehingga lebih sesuai dengan kondisi di masing-masing desa. ""Ada shift, ada shiftnya. Nanti kan tinggal bagaimana pengurus koperasi desa itu mengatur shiftnya kan. Kan mereka yang punya. Kita kan cuma hanya menyiapkan sistem,"" terang Joao. (igo/fdl) ... Tautan telah disalin kopdes koperasi desa jam operasional layanan masyarakat Anda menyukai artikel ini Artikel disimpan",finance,https://finance.detik.com/berita-ekonomi-bisnis/d-8686217/apakah-kopdes-merah-putih-akan-buka-24-jam
FN018,"Short Selling Mulai Berlaku Besok Andi Hidayat - detikFinance Rabu, 30 Sep 2026 15:57 WIB ... Tautan telah disalin Daftar Isi Syarat Short Selling Jakarta - Bursa Efek Indonesia (BEI) akan menerapkan mekanisme perdagangan short selling mulai besok, Kamis (1/10). Melalui skema ini, investor dapat menjual saham yang belum dimiliki dengan terlebih dahulu meminjamnya, lalu membelinya kembali saat harganya turun untuk memperoleh keuntungan. Berdasarkan pengumuman BEI tentang daftar efek yang dapat ditransaksikan dan dijaminkan dalam rangka transaksi margin dan short selling No.Peng-00178/BEI.POP/09-2026, terdapat lima saham yang dapat diperdagangkan dalam mekanisme short selling. Kelima saham tersebut adalah PT Astra International Tbk (ASII), PT Bank Central Asia Tbk (BBCA), PT Barito Pacific Tbk (BRPT), PT Bumi Resources Tbk (BUMI), dan PT Indofood Sukses Makmur Tbk (INDF). Kemudian terdapat dua perusahaan sekuritas yang menyediakan layanan short selling, yakni Semesta Indovest Sekuritas dan Ajaib Sekuritas. SCROLL TO CONTINUE WITH CONTENT ""Akan mulai berlaku, artinya dapat dilakukan transaksi short selling itu tanggal 1 Oktober. Ada dua Anggota Bursa yang boleh melakukan short selling, yaitu Semesta Indovest Sekuritas dan Ajaib Sekuritas,"" ungkap Direktur Utama BEI, Jeffrey Hendrik, kepada wartawan di Gedung BEI, Jakarta, Senin (28/9/2026). Baca juga: IHSG Menguat ke Level 6.161 Pagi Ini ADVERTISEMENT Syarat Short Selling Ia mengingatkan, short selling memiliki risiko yang cukup tinggi. Karena itu, investor diharapkan sudah memiliki pengalaman dan memahami risiko dalam menggunakan skema tersebut. Berdasarkan Peraturan Otoritas Jasa Keuangan (POJK) Nomor 6 Tahun 2024, diketahui terdapat kriteria investor yang boleh mengakses mekanisme perdagangan tersebut. Kriteria tersebut di antaranya memiliki modal awal minimal Rp 50 juta dan memiliki rekening reguler sekurang-kurangnya selama 6 bulan. ""Jadi, ini short selling adalah salah satu fitur yang bisa digunakan oleh investor sebagai sarana untuk mendukung strategi investasinya, tetapi ini adalah sesuatu yang mengandung risiko. Oleh karena itu, tentu diharapkan adalah investor yang sudah berpengalaman yang menggunakan short selling sebagai bagian dari strategi investasi mereka,"" jelasnya. (ahi/ara) ... Tautan telah disalin short selling bursa efek indonesia saham Anda menyukai artikel ini Artikel disimpan",finance,https://finance.detik.com/bursa-dan-valas/d-8686209/short-selling-mulai-berlaku-besok
FN019,"Dirjen SDA soal Video Dimarahi Menteri PU: Itu Bukan Saya, tapi Anak Buah Herdi Alif Al Hikam - detikFinance Rabu, 30 Sep 2026 15:46 WIB ... Tautan telah disalin Jakarta - Direktur Jenderal Sumber Daya Air (Dirjen SDA) Kementerian Pekerjaan Umum Arnold Aristoteles Paplapna Ritiauw meluruskan informasi yang beredar di media sosial terkait video Menteri Pekerjaan Umum (PU) Dody Hanggodo saat meninjau kondisi jaringan irigasi di Desa Karangharja, Kecamatan Pebayuran, Kabupaten Bekasi, Sabtu (26/9/2026). Dalam sejumlah unggahan media sosial, video tersebut dinarasikan seolah-olah Menteri PU Dody Hanggodo sedang memarahi Dirjen SDA Arnold Ritiauw. Arnold membantah narasi tersebut dan menegaskan bahwa dirinya bukan sosok yang ditegur Menteri dalam percakapan yang terekam dalam video tersebut. ""Yang ditelepon dan dimarahi Pak Menteri PU itu bukan saya, tapi anak buah. Itu suaranya Kepala BBWS Citarum, bukan saya,"" kata Arnold. SCROLL TO CONTINUE WITH CONTENT Arnold menjelaskan, saat melakukan peninjauan langsung, Menteri Dody menemukan kondisi sekitar 1.000 hektare lahan persawahan yang mengalami kekeringan akibat tidak optimalnya pasokan air melalui saluran irigasi tersier. Temuan tersebut kemudian langsung ditindaklanjuti Menteri Dody dengan menghubungi jajaran Balai Besar Wilayah Sungai (BBWS) Citarum. Dalam komunikasi tersebut, Menteri Dody meminta jajaran BBWS Citarum segera turun ke lapangan untuk memastikan persoalan irigasi dapat ditangani. Salah satunya dengan meminta Pejabat Pembuat Komitmen (PPK) yang berada paling dekat dengan lokasi untuk segera datang. ADVERTISEMENT Arnold menegaskan, sosok yang berkomunikasi langsung dengan Menteri Dody dalam percakapan tersebut adalah jajaran BBWS Citarum, bukan dirinya. Setelah itu, Menteri Dody menghubungi Arnold selaku Dirjen SDA untuk menyampaikan arahan agar dilakukan evaluasi terhadap jajaran BBWS Citarum menyusul temuan di lapangan. Arahan tersebut mencakup evaluasi terhadap jajaran BBWS Citarum, mulai dari kepala balai, kepala satuan kerja hingga PPK, untuk memastikan persoalan kekeringan yang dialami petani segera ditangani dan tidak terjadi kesenjangan antara laporan dengan kondisi faktual di lapangan. Klarifikasi disampaikan Arnold menyusul beredarnya unggahan salah satu akun media lokal di Facebook yang menarasikan bahwa dirinya ""disebut bego oleh Menteri PU"". Menurut Arnold, narasi tersebut tidak sesuai dengan konteks kejadian yang sebenarnya. Arnold menjelaskan, komunikasi Menteri Dody dengannya justru berkaitan dengan tindak lanjut dan evaluasi atas kondisi irigasi yang ditemukan di lapangan. Sementara teguran yang terekam dalam video ditujukan kepada jajaran pelaksana di BBWS Citarum yang dinilai perlu segera memberikan respons terhadap persoalan pengairan sawah. Arnold berharap masyarakat dapat melihat video dan informasi mengenai kejadian tersebut secara utuh sehingga tidak terjadi kesalahpahaman mengenai siapa yang menjadi pihak yang ditegur dalam komunikasi Menteri PU tersebut. (hns/hns) ... Tautan telah disalin dirjen sda menteri pu dody hanggodo arnold ritiauw bbws citarum irigasi kekeringan klarifikasi komunikasi pemerintah sumber daya air Anda menyukai artikel ini Artikel disimpan",finance,https://finance.detik.com/infrastruktur/d-8686176/dirjen-sda-soal-video-dimarahi-menteri-pu-itu-bukan-saya-tapi-anak-buah
FN020,"Rosan Buka Suara soal Proyek Data Center di Jatiluhur Disetop Pemprov Jabar Herdi Alif Al Hikam - detikFinance Rabu, 30 Sep 2026 15:40 WIB ... Tautan telah disalin Jakarta - Menteri Investasi dan Hilirisasi/Kepala BKPM Rosan Roeslani mengatakan pihaknya akan berkomunikasi langsung dengan Pemprov Jawa Barat soal proyek data center BDX yang disetop sementara. Rosan mengaku dirinya baru tiba dari kunjungan kerja ke Jepang dan perlu mendapat laporan tambahan soal masalah data center di Jatiluhur. Yang jelas dia berkomitmen untuk bicara dan berkomunikasi dengan Pemerintah Provinsi Jawa Barat. ""Nanti saya bicara dengan mereka,"" kata Rosan singkat di Kompleks Istana Kepresidenan, Jakarta Pusat, Rabu (30/9/2026). SCROLL TO CONTINUE WITH CONTENT Baca juga: Proyek Pusat Data AI Jatiluhur Disetop Sementara, Ini Penyebabnya Proyek tersebut diketahui punya nilai investasi sebesar Rp 3,5 triliun yang dibangun di atas lahan 8.000 meter persegi dengan kawasan pengembangan mencapai 11 hektare (ha). Pusat data tersebut memiliki kapasitas daya listrik hingga 120 megawatt (MW), dengan kapasitas pengembangan mencapai 640 MW. ADVERTISEMENT Dilansir detikJabar , Pemerintah Provinsi Jawa Barat mengkonfirmasi penghentian sementara proyek data center BDX. Alasannya karena sejumlah syarat pembangunan, termasuk AMDAL dan Persetujuan Bangunan Gedung (PBG) masih dalam proses. Kepala Dinas Komunikasi dan Informatika Jawa Barat Adi Komar mengatakan Pemprov Jabar pada prinsipnya mendukung investasi dan pembangunan pusat data tersebut. Namun, dukungan itu tetap harus dibarengi pemenuhan seluruh ketentuan yang berlaku, terlebih proyek tersebut memiliki skala besar. ""Tentunya Pemprov Jabar mendukung pembangunan yang ada. Namun ada beberapa hal yang kita juga concern terhadap kaidah-kaidah dan pemenuhan ketentuan yang berlaku karena ini kan skalanya cukup besar ya,"" kata Adi saat dihubungi, Selasa (29/9/2026). Adi menjelaskan kewenangan perizinan pembangunan tersebut berada di Pemerintah Kabupaten Purwakarta. Sementara Pemprov Jabar berperan dalam pengawasan dan koordinasi. Dokumen perizinan pembangunan, termasuk PBG dan proses AMDAL, menjadi bagian yang harus dipenuhi sebelum pembangunan berjalan. Penghentian sementara tersebut juga terjadi di tengah sorotan masyarakat terhadap kebutuhan air pusat data AI tersebut. Baca juga: Raksasa Teknologi AS Mau Investasi di Batam Rp 80 T Kekhawatiran muncul karena pusat data berskala besar membutuhkan sumber daya air untuk mendukung operasional dan sistem pendingin. Adi menegaskan Pemprov Jabar tidak hanya melihat proyek dari sisi investasi, tetapi juga memastikan pembangunan tidak mengganggu pelayanan publik dan kebutuhan masyarakat sekitar. ""Pak Gubernur mengecek langsung dan memastikan bahwa pembangunan data center itu tidak mengganggu kaidah-kaidah ya yang sudah diatur, termasuk layanan-layanan publik lainnya, salah satunya adalah ketersediaan air,"" ujarnya. Dari hasil pengecekan lapangan, Adi menyebutkan, keberadaan pusat data AI diklaim tidak akan mengganggu suplai air untuk kebutuhan masyarakat maupun area pertanian yang selama ini mengandalkan air dari Waduk Jatiluhur. ""Kemarin sudah diulas di dalam rapat, pada prinsipnya dari pihak BDX dan juga dari pihak Jasa Tirta termasuk PDAM Kabupaten Purwakarta memastikan bahwa pada saat terbangunnya data center ini tidak akan mengganggu suplai air atau pemenuhan kebutuhan air untuk warga, termasuk pemanfaatan lainnya untuk pertanian,"" tutur Adi. Sebelumnya, Gubernur Jawa Barat Dedi Mulyadi juga meminta kebutuhan air proyek tersebut dipastikan tidak mengganggu alokasi untuk pertanian. Berdasarkan penjelasan yang diterimanya, kebutuhan air pada pengembangan berikutnya dapat mencapai sekitar 384 liter per detik atau sekitar 33.000 meter kubik per hari ketika beroperasi pada kebutuhan tersebut. (hal/ara) ... Tautan telah disalin proyek data center rosan roeslani pemprov jawa barat investasi amdal pbg jatiluhur Anda menyukai artikel ini Artikel disimpan",finance,https://finance.detik.com/berita-ekonomi-bisnis/d-8686159/rosan-buka-suara-soal-proyek-data-center-di-jatiluhur-disetop-pemprov-jabar
FN021,"SETC Dorong Kolaborasi Pemerintah dan Swasta Buka Pasar Global bagi UMKM Alf - detikFinance Rabu, 30 Sep 2026 15:40 WIB ... Tautan telah disalin Jakarta - Kolaborasi antara swasta dan pemerintah dinilai sangat penting untuk membantu lebih banyak UMKM nasional naik kelas dan menembus pasar ekspor. Dengan kontribusi besar terhadap perekonomian nasional, UMKM yang naik kelas akan berdampak pada pertumbuhan Indonesia. Kepala Dinas Perindustrian Perdagangan Koperasi Usaha Kecil dan Menengah (PPKUKM), Elisabeth Ratu Rante Allo mengatakan Pemerintah Provinsi (Pemprov) DKI Jakarta mengatakan, kolaborasi pemerintah dan swasta untuk mendukung peningkatan kapasitas UMKM sangat penting karena ketika UMKM naik kelas, maka perekonomian Indonesia juga ikut tumbuh. Pasalnya, UMKM menyumbang sekitar 61% dari Produk Domestik Bruto (PDB) nasional dan menyerap 97% tenaga kerja. Dia mengapresiasi pendampingan dan pelatihan UMKM yang dilakukan PT HM Sampoerna Tbk (Sampoerna) melalui Sampoerna Entrepreneurship Training Center (SETC) di bawah Payung Program Keberlanjutan 'Sampoerna untuk Indonesia' yang konsisten mendampingi UMKM naik kelas termasuk untuk ekspor. SCROLL TO CONTINUE WITH CONTENT ""Ini bukti bahwa kolaborasi pemerintah, swasta, perusahaan, dapat menghasilkan dampak nyata bagi pertumbuhan bangsa. Ketika UMKM naik kelas, pasti Jakarta naik kelas, pasti Indonesia juga naik kelas,"" ujarnya pada pembukaan Bootcamp UMKM Untuk Indonesia (UUI) 2026: Kita Mau Kita Bisa, Menembus Batas, Membuka Pasar Global di Jakarta, Selasa (29/9/2026). Baca juga: 82 UMKM di Daerah Dapat Pendampingan Bisnis, Ada yang Omzetnya Naik 25% ADVERTISEMENT Program SETC - UUI 2026 merupakan komitmen jangka panjang Sampoerna dalam membangun ekosistem kewirausahaan di Indonesia. Didirikan pada tahun 2007, SETC telah melatih lebih dari 108.000 pengusaha UMKM serta memfasilitasi penetrasi ekspor UMKM ke Jepang dan Tiongkok melalui program WikiExport KADIN. Keberadaan SETC diperkuat oleh sinergi Sampoerna Retail Community (SRC) yang membina lebih dari 250.000 toko kelontong dan menghasilkan total omzet Rp251 triliun per tahun (berkontribusi 9,46% terhadap PDB Ritel Nasional 2025). Elisabeth menegaskan pemerintah, lewat berbagai cara, seperti business matching, pameran dan lainnya, telah membantu UMKM untuk mendapatkan akses pembeli di luar negeri. Inisiatif ini diharapkan mampu membuka akses pengusaha UMKM untuk mendapatkan mitra atau pembeli yang berkelanjutan yang dapat mendukung pertumbuhan usaha. Untuk itu, dia berharap UMKM dapat memanfaatkan secara optimal peluang dan dukungan pemerintah dan swasta. ""Yang kita cari dari event dan pameran di luar negeri itu buyer yang berkelanjutan, bukan jual semua produk yang dibawa, lalu pulang dengan koper kosong,"" tegasnya. Pada kesempatan yang sama, Director of Stakeholder Relations & Sustainability Sampoerna, Romulus Sutanto, mengatakan bahwa bootcamp yang diselenggarakan SETC bertujuan membantu pengusaha UMKM meningkatkan kapasitas usaha, memanfaatkan peluang lewat digitalisasi, memperluas networking, dan mempersiapkan diri untuk memasuki pasar yang lebih luas termasuk ekspor. Baca juga: Dari Jualan ke Pasar Korporasi, UMKM Mulai Cari Peluang Baru Adapun, bootcamp yang dilaksanakan SETC selama 2 hari ini (29-30 September 2026) melibatkan lebih dari 180 pelaku UMKM dari seluruh Indonesia. Romulus menuturkan SETC terus berinovasi, salah satunya lewat Collaborator Hub yang tersebar di sejumlah kota besar di Indonesia sehingga bisa lebih menjangkau lebih banyak pengusaha UMKM. Saat ini SETC telah memiliki 30 Collaborator Hub yang mendampingi lebih dari 2.300 UMKM secara berkelanjutan, mendukung UMKM naik kelas, dan semakin berdaya saing. Jejaring Collaborator Hub tersebut telah hadir di 17 provinsi dan berperan sebagai local enabler yang mengaktifkan ekosistem pemberdayaan UMKM di berbagai daerah, terutama melalui penguatan kapabilitas sumber daya manusia agar pelaku usaha dapat terus naik kelas dan berdaya saing. Melalui pendampingan berbasis praktik, jejaring kolaborasi, dan akses pasar, Collaborator Hub menjadi mitra bagi pelaku UMKM untuk mengembangkan usahanya secara berkelanjutan sekaligus membuka peluang kerja baru di tingkat lokal. Kehadiran jejaring ini juga menjadi bagian penting dalam memperluas jangkauan program SETC agar pendampingan dapat menjangkau UMKM di berbagai daerah. ""Melalui berbagai program pelatihan, pendampingan, dan kolaborasi dengan mitra, SETC berupaya menghadirkan lebih dari sekadar ruang belajar. SETC membantu pengusaha UMKM membangun fondasi usaha agar mampu menangkap peluang pertumbuhan yang lebih besar,"" imbuhnya. (akd/akd) ... Tautan telah disalin umkm pasar global ekspor setc Anda menyukai artikel ini Artikel disimpan",finance,https://finance.detik.com/berita-ekonomi-bisnis/d-8686157/setc-dorong-kolaborasi-pemerintah-dan-swasta-buka-pasar-global-bagi-umkm
FN022,"DPR Mau Datangi Kantor TikTok Buntut Aduan Saldo Seller Lenyap Ilyas Fadilah - detikFinance Rabu, 30 Sep 2026 15:37 WIB ... Tautan telah disalin Jakarta - Badan Aspirasi Masyarakat (BAM) DPR RI berencana memanggil pihak TikTok menyusul pengaduan sejumlah penjual terkait saldo yang ditahan hingga menjadi Rp 0. Jika pemanggilan tidak memungkinkan, BAM DPR membuka opsi mendatangi langsung kantor TikTok. Wakil Ketua BAM DPR RI Adian Napitupulu mengatakan, pihaknya terlebih dahulu akan mempelajari mekanisme pemanggilan TikTok. Sebab, TikTok bukan merupakan mitra kerja langsung BAM DPR RI sehingga undangan harus melalui pimpinan DPR. ""Untuk mengundang, kita harus melalui pimpinan DPR. Jadi tidak bisa mengundang langsung. Tapi tidak apa-apa, kita perlu coba memanggil TikTok juga,"" kata Adian dalam rapat BAM DPR RI di Kompleks DPR, Rabu (30/9/2026). SCROLL TO CONTINUE WITH CONTENT Baca juga: Pengakuan Seller TikTok soal Saldo Ditahan-Lenyap Berujung PHK Karyawan Jika memungkinkan, TikTok akan dipanggil untuk memberikan penjelasan. Namun apabila mekanisme tersebut tidak memungkinkan, Adian berencana mendatangi langsung kantor TikTok. ADVERTISEMENT ""Kalau bisa, kita panggil saja. Kalau tidak bisa, kita datang. Di mana sih tempatnya? (di Semanggi) Oh dekat, dekat banget. Kalau pulang kita lewat. Coba dibuat alternatif-alternatifnya,"" ujarnya. Selain itu, BAM DPR akan merumuskan rekomendasi untuk disampaikan kepada komisi terkait. Adian menilai persoalan tersebut dapat diselesaikan apabila pihak-pihak yang terkait duduk bersama mencari jalan keluar. Hari ini, sejumlah penjual bersama kuasa hukumnya mengadukan persoalan saldo penjualan di TikTok Shop ke Badan Aspirasi Masyarakat (BAM) DPR RI. Mereka mengeluhkan saldo yang tidak dapat dicairkan hingga kemudian menjadi Rp 0 setelah akun disebut melakukan pelanggaran kebijakan platform. Dalam pertemuan tersebut, sejumlah penjual turut menceritakan langsung persoalan yang dialami. Nilai saldo yang dipermasalahkan mencapai ratusan juta rupiah per penjual, di antaranya Rp 549 juta dan sekitar Rp 566 juta. (acd/acd) ... Tautan telah disalin dpr saldo seller tiktok pengaduan bam dpr ri Anda menyukai artikel ini Artikel disimpan",finance,https://finance.detik.com/berita-ekonomi-bisnis/d-8686150/dpr-mau-datangi-kantor-tiktok-buntut-aduan-saldo-seller-lenyap
FN023,"AIA Kantongi Izin Asuransi Jiwa Syariah Andi Hidayat - detikFinance Rabu, 30 Sep 2026 14:47 WIB ... Tautan telah disalin Jakarta - PT AIA Syariah Insurance (AIAS) resmi mengantongi izin usaha sebagai perusahaan asuransi jiwa syariah dari Otoritas Jasa Keuangan (OJK) pada 25 September 2026. Izin tersebut diterbitkan melalui Surat Keputusan OJK Nomor KEP-87/D.05/2026 sebagai bagian dari proses pemisahan Unit Usaha Syariah (UUS) PT AIA Financial (AIAF). Presiden Direktur AIA, Harsya Prasetyo, menilai izin usaha ini menandai langkah penting perjalanan AIA dalam membangun entitas usaha, khususnya yang berfokus pada pengembangan bisnis asuransi jiwa berbasis Syariah. ""Melalui AIAS, kami ingin terus memenuhi kebutuhan perlindungan keluarga Indonesia modern dengan menghadirkan solusi berbasis Syariah yang didukung oleh inovasi, keunggulan layanan, dan penciptaan nilai yang berkelanjutan,"" ungkap Harsya dalam keterangan tertulis, Rabu (30/9/2026). SCROLL TO CONTINUE WITH CONTENT Baca juga: IFG Life Sudah Bayar Klaim Rp 9,4 Triliun Selanjutnya, AIAF akan melakukan proses pengalihan portofolio kepesertaan UUS kepada AIAS, termasuk data pribadi nasabah dan seluruh aset, liabilitas, dan ekuitas, yang pelaksanaannya tunduk pada persetujuan OJK. ADVERTISEMENT AIAF juga akan menyampaikan perkembangan proses pengalihan portofolio kepesertaan UUS ke AIAS sesuai dengan ketentuan yang berlaku. Pengalihan tersebut baru efektif setelah seluruh persetujuan yang diperlukan diperoleh. ""Kami ingin menegaskan bahwa proses pemisahan UUS tetap memperhatikan hak dan kewajiban pemegang polis. Pemegang polis tetap mendapatkan perlindungan sesuai dengan syarat dan ketentuan yang berlaku pada polis masing-masing,"" jelasnya. Selama proses berlangsung, nasabah tetap dapat dilayani oleh UUS AIAF melalui kantor layanan AIA, Contact Center AIA, dan AIA+. Nasabah dapat melengkapi portofolio perlindungan Syariah sesuai kebutuhan melalui pilihan produk UUS AIAF yang tersedia. (ahi/ara) ... Tautan telah disalin aia syariah unit usaha syariah asuransi syariah Anda menyukai artikel ini Artikel disimpan",finance,https://finance.detik.com/moneter/d-8686030/aia-kantongi-izin-asuransi-jiwa-syariah
FN024,"Daerah Dapat Rp 735 T di 2027, Mendagri: Belanja Pegawai Jangan Dilebih-lebihin Ignacio Geordi Oswaldo - detikFinance Rabu, 30 Sep 2026 14:40 WIB ... Tautan telah disalin Jakarta - Menteri Dalam Negeri (Mendagri) Tito Karnavian menilai alokasi dana Transfer ke Daerah (TKD) sebesar Rp 735 triliun dalam Rancangan Anggaran Pendapatan dan Belanja Negara (RAPBN) 2027 sudah cukup untuk memenuhi kebutuhan operasional pokok dan program wajib pemerintah daerah. Menurut Tito, besaran anggaran tersebut sudah melampaui alokasi tahun ini sebesar Rp 693 triliun yang terbukti memadai untuk membiayai belanja minimal di tingkat Provinsi hingga Kabupaten/Kota. Meskipun dalam pelaksanaannya ada penambahan TKD untuk penanganan bencana di NTT dan Sumatera, jadi Rp 715 triliun. ""Kalau kemarin kita Rp 693 triliun itu, kalau untuk yang minimal-minimal bisa cukup. Meskipun kemudian ada penambahan lagi (jadi Rp 715 triliun),"" ujarnya saat ditemui di kantor Kemensos, Jakarta Pusat, Rabu (30/9/2026). SCROLL TO CONTINUE WITH CONTENT Lagi pula, menurut Tito alokasi TKD sebesar Rp 735 triliun ini belum dibagi ke masing-masing Provinsi dan Kabupaten/Kota. Sehingga pihaknya masih memiliki waktu untuk berkoordinasi dengan Kementerian Keuangan dan masing-masing pemerintah daerah untuk melihat daerah mana yang masih kekurangan anggaran dan daerah mana yang memiliki Pendapatan Asli Daerah (PAD) kuat. ""Rp 735 triliun ini kan belum dibelah ke Kabupaten/Kota. Nah nanti Provinsi, Kabupaten, Kotanya nanti saya harapkan memediasi lah antara Kemendagri sama Kementerian Keuangan agar kita tahu persis daerah-daerah mana yang betul-betul kurang, mana yang PAD-nya kuat gitu. Sehingga betul-betul tepat pembagiannya tepat sasaran,"" ujar Tito. ADVERTISEMENT Tito menegaskan fokus utama pembagian alokasi TKD tersebut harus diprioritaskan pada pos belanja operasional pegawai dan sektor publik mendasar masing-masing pemerintah daerah. Sehingga pemerintah daerah diminta untuk tidak berlebihan dalam meminta data membelanjakan alokasi anggaran di luar kebutuhan wajib. ""Tapi target utamanya adalah biaya minimal terutama untuk belanja pegawai, belanja operasional pegawai minimal, jangan dilebih-lebihin. Ditambah dengan yang paling wajib sekali adalah pendidikan, kesehatan, infrastruktur. Di samping setelah itu baru hal-hal yang lain. Ini bisa tersukupi. Kira-kira begitu,"" tegas Tito. ""Ditambah dengan yang paling wajib sekali adalah pendidikan, kesehatan, infrastruktur, ini bisa tercukupi kira-kira begitu,"" ujarnya lagi. Mengenai kemungkinan adanya kekurangan di beberapa daerah tertentu, Tito menyebut skema penyesuaian masih memungkinkan dilakukan pada pembahasan anggaran perubahan mendatang. Namun untuk tahap awal hingga pertengahan tahun berjalan, ia optimistis anggaran tersebut dapat menopang operasional daerah secara optimal. ""Ya nanti kalau ada kurang, kalau kurang kan nanti kan bisa dievaluasi. Ada penambahan. Tapi kalau untuk sampai dengan APBD perubahan, APBN Perubahan, saya yakin cukup,"" pungkas Tito. Sebelumnya, pemerintah resmi menetapkan alokasi anggaran transfer ke daerah (TKD) dalam Anggaran Pendapatan dan Belanja Negara (APBN) 2027 sebesar Rp 735 triliun. Menteri Keuangan (Menkeu) Suahasil Nazara menyampaikan anggaran TKD tahun depan tersebut naik dibandingkan anggaran TKD tahun 2026. Di mana outlook 2026 sebesar Rp 696,9 triliun. ""Transfer ke daerah dialokasikan Rp 735 triliun, meningkat dibandingkan transfer pada tahun ini,"" ujar Suahasil dalam Rapat Paripurna DPR RI Ke-7 Masa Persidangan I Tahun 2026-2027, Selasa (29/9/2026). Suahasil mengatakan peningkatan anggaran tersebut dilakukan untuk mendukung agenda pembangunan sekaligus memperkuat pelayanan publik di daerah. ""Guna memastikan agenda pembangunan dan penguatan pelayanan publik dapat dirasakan merata di seluruh pelosok negeri,"" jelasnya. (igo/fdl) ... Tautan telah disalin dana transfer ke daerah anggaran 2027 tito karnavian mendagri Anda menyukai artikel ini Artikel disimpan",finance,https://finance.detik.com/berita-ekonomi-bisnis/d-8686020/daerah-dapat-rp-735-t-di-2027-mendagri-belanja-pegawai-jangan-dilebih-lebihin
FN025,"Burhanuddin Abdullah Mundur dari Dirut Anak Usaha Sinar Mas (SMMA) Andi Hidayat - detikFinance Rabu, 30 Sep 2026 14:34 WIB ... Tautan telah disalin Jakarta - Anak usaha Sinar Mas Grup, PT Sinar Mas Multiartha Tbk (SMMA) mengumumkan pengunduran diri Burhanuddin Abdullah dari kursi Direktur Utama. Surat pengunduran diri diterima SMMA pada tanggal 25 September lalu. Proses pengunduran diri akan melalui persetujuan Rapat Umum Pemegang Saham (RUPS). Namun perseroan tidak menyebut rinci kapan agenda tersebut dilaksanakan. ""Bahwa telah mengundurkan diri Bapak Burhanuddin Abdullah selaku Direktur Utama perseroan terbatas PT Sinar Mas Multiartha Tbk,"" tulis Manajemen SMMA dikutip dari Keterbukaan informasi, Rabu (30/9/2026). SCROLL TO CONTINUE WITH CONTENT Baca juga: Eks Gubernur BI Ungkap Alasan Ekonomi RI Susah Tumbuh di Atas 5% SMMA menegaskan, tidak ada dampak dari pengunduran Burhanuddin Abdullah terhadap kegiatan operasional. Begitu juga dampak terhadap kondisi dan proyeksi serta status hukum perseroan. ADVERTISEMENT ""Tidak ada dampak kejadian, informasi atau fakta penting terhadap Perseroan baik berupa dampak terhadap kegiatan operasional, dampak terhadap kondisi keuangan dan proyeksi keuangan, dampak hukum maupun dampak terhadap kelangsungan usaha Perseroan,"" pungkasnya. Sebagai informasi, Burhanuddin Abdullah menjabat sebagai Direktur Utama sejak 2021 dan diangkat kembali pada 2024 dengan masa jabatan sampai dengan 2027. Sebelumnya, beliau menjabat sebagai Komisaris Independen Perseroan (2016-Juni 2021). Ia sempat menjabat sebagai Staf Badan Urusan Desa-Direktorat Jenderal Perkebunan Pertanian, Banda Aceh (1975), Staf PT Inti Indorayon Utama Toba (1976-1977), Staf Departemen Produksi Umum Kredit Bank Indonesia (1978-1983), hingga Staf Biro Ekonomi Umum-Urusan Riset dan Statistik Bank Indonesia (1984-1985). Kemudian ia menjabat sebagai Staf Gubernur Bank Indonesia (1986-1988), Staf Asia Pacific Department Monetary Fund (IMF), Washington DC (1989-1993), dan Assistant Executive Director IMF South East Asia Group (1993-1999). Ia juga tercatat sempat menjabat sebagai Kepala Bagian Kerja Sama Ekonomi (1999), Wakil Kepala Urusan Luar Negeri Bank Indonesia (1999), Direktur Direktorat Luar Negeri Bank Indonesia (1999-2002), Deputi Gubernur Bank Indonesia (2002-2003), dan Gubernur Bank Indonesia (2003-2008). (ahi/ara) ... Tautan telah disalin burhanuddin abdullah sinar mas multiartha Anda menyukai artikel ini Artikel disimpan",finance,https://finance.detik.com/bursa-dan-valas/d-8685998/burhanuddin-abdullah-mundur-dari-dirut-anak-usaha-sinar-mas-smma
FN026,"Pemerintah Rombak Data Penerima Bansos, Status Desil Warga Ikut Berubah Ignacio Geordi Oswaldo - detikFinance Rabu, 30 Sep 2026 14:15 WIB ... Tautan telah disalin Jakarta - Pemerintah merombak ulang daftar penerima manfaat batuan sosial (bansos) melalui pemadanan data lintas Kementerian dan Lembaga. Namun dengan perombakan data ini, apakah status desil masyarakat ikut berubah? Menteri Dalam Negeri (Mendagri) Tito Karnavian menilai proses perombakan data bansos ini sangat memungkinkan untuk mengubah peta dan status desil kemiskinan masyarakat penerima bantuan. Sebab dalam pelaksanaannya, pemerintah tengah menggabungkan data tingkat kesejahteraan warga yang ada di seluruh Kementerian dan Lembaga. Semisal data terkait kepemilikan tanah atau lahan di Kementerian ATR/BPN, kemudian data kepemilikan kendaraan di basis data Polri, hingga data-data lain yang dapat menunjukkan tingkat kesejahteraan warga. Basis data inilah yang menurutnya dapat digunakan BPS dalam pemutakhiran data desil. SCROLL TO CONTINUE WITH CONTENT ""(Perombakan data bisa ubah status desil warga?) sangat bisa sekali! Sangat bisa, karena desil itu kan dari BPS, itu turun ke lapangan langsung ya,"" kata Tito saat ditemui di kantor Kemensos, Jakarta Pusat, Rabu (30/9/2026). ""Ini kan direkonsiliasi dengan datanya yang pemilikan misalnya mobil, tanah, dan lain-lain. Ya, yang mungkin di desil nggak gitu, mungkin. Ya. Nah jadi ini bisa memperkuat DTSEN pendapat saya,"" jelasnya lagi. ADVERTISEMENT Meski begitu, Tito menekankan data baru ini tidak ditujukan untuk menggantikan sensus BPS, melainkan untuk saling melengkapi agar gambaran kesejahteraan masyarakat jauh lebih akurat mengingat data kesejahteraan masyarakat bisa sangat dinamis. ""Saling melengkapi! Saling melengkapi, belum tentu (data penerima bansos baru) jauh lebih akurat. Karena tadi ada perubahan-perubahan tadi ya. Tergantung basis datanya, apakah di-update nggak oleh polisi, di-update nggak oleh BPN,"" jelasnya. Pasalnya menurut Tito perombakan data penerima manfaat ini dilakukan karena penyaluran bansos selama ini dinilai kurang tepat sasaran. Di mana saat ini sekitar 60% penerima bansos dinilai tidak tepat sasaran, sementara ada kurang lebih 40% warga yang sebenarnya berhak namun justru belum terdaftar. ""Ini tidak tepat sasaran lebih kurang 60 persen. Nah, 60 persen ini boleh di-skip gak. Sementara ada lebih kurang 40 persen yaitu yang berhak tapi tidak terdaftar. Jadi ini bisa lebih tepat sasaran,"" ujarnya. Sedangkan dengan adanya perombakan data penerima basos baru yang sudah terintegrasi lintas Kementerian/Lembaga ini pemerintah bisa lihat tingkat kesejahteraan masyarakat dengan lebih jelas. ""Jadi kalau seandainya dia penerima bantuan, tapi dia punya mobil, ternyata punya tanah, ketahuan sekarang,"" tegas Tito. Di luar itu, melalui proses perombakan data ini ini masyarakat juga bisa melakukan usul atau sanggah daftar penerima manfaat bansos. Hal ini ditujukan bagi warga yang kondisi ekonominya berubah mendadak, misalnya akibat bencana alam. ""Boleh komplain, 'Kok saya enggak termasuk ini? Okelah saya dulu punya mobil', contoh misalnya bencana Sumatra. 'Saya betul punya rumah nih, saya betul punya mobil, tapi belum di-update oleh ATR/BPN, belum di-update oleh polisi, belum di-update oleh BPS. Rumah saya, mobil saya semuanya habis, hilang semua. Jadi saya layak untuk penerima bansos,' kira-kira gitu,"" ujar Tito mencontohkan. Simak juga Video 'Pemerintah Rombak Total Data Bansos, Target Rampung Akhir 2026': [Gambas:Video 20detik] (igo/fdl) ... Tautan telah disalin data penerima manfaat bansos kemiskinan desil masyarakat pemadanan data Anda menyukai artikel ini Artikel disimpan",finance,https://finance.detik.com/berita-ekonomi-bisnis/d-8685952/pemerintah-rombak-data-penerima-bansos-status-desil-warga-ikut-berubah
FN027,"BI Ungkap Alasan Batasi Pembelian Dolar AS Retno Ayuningrum - detikFinance Rabu, 30 Sep 2026 14:11 WIB ... Tautan telah disalin Jakarta - Baca juga: BI Sebut Rupiah Melemah 7,74% Sepanjang 2026 Bank Indonesia (BI) menyampaikan alasan di balik kebijakan pembatasan pembelian dolar Amerika Serikat (AS). Penetapan batas transaksi diturunkan secara bertahap, mulai dari US$ 100.000, US$ 50.000, US$ 25.000 dan kini hanya US$ 10.000 per orang per bulan. Kepala Departemen Pengelolaan Moneter dan Aset Sekuritas Bank Indonesia, Erwin Gunawan Hutapea menegaskan BI tidak pernah melarang dalam pembelian valuta asing (valas). Namun, pembelian valas yang tidak disertai aktivitas ekonomi harus dibatasi guna menjaga kestabilan pasar. SCROLL TO CONTINUE WITH CONTENT ""Jadi, BI tidak pernah melarang pembelian valas. BI mengatur bahwa pembelian valas yang tidak ada kegiatan ekonominya itu kita batasi,"" ujar Erwin dalam Taklimat Media, di Kantor BI, Jakarta Pusat, Rabu (30/9/2026). ADVERTISEMENT Erwin membeberkan, pembelian valas pada mulanya dipatok sebesar US$ 100.000 per orang dalam sebulan. Namun, pihaknya melihat adanya kecenderungan peningkatan pembelian tanpa underlying setiap kali nilai tukar rupiah mengalami tekanan. ""Ini kita lihat kecenderungannya, ketika nilai tukar tertekan, itu ini meningkat pembeliannya. Sehingga bagian dari pengelolaan sisi demand, kemudian threshold-nya kita turunkan secara bertahap, dari US$ 100.000 turun US$ 50.000, turun US$ 25.000, sekarang US$ 10.000,"" beber ia. Ia memastikan akan terus memonitor perkembangan transaksi pembelian valas dengan batasan tersebut. Selai Selain membatasi pembelian valas, pihaknya juga mendorong diversifikasi melalui skema Local Currency Transactions (LCT) dengan berbagai negara mitra. Melalui kerja sama bilateral dengan sejumlah negara mitra, transaksi perdagangan internasional maupun investasi tidak lagi sepenuhnya harus bergantung pada dolar Amerika Serikat (USD). ""Nah ini kan tentu akan memperbaiki struktur permintaan jadi nggak perlu semuanya terkonsentrasi permintaan valas itu dalam bentuk USD. Jadi kita mendorong pengelolaan sisi demand itu diversifikasi pemenuhan kebutuhan valas,"" beber ia. Selain itu, BI juga menerapkan kebijakan baru melalui skema Vastra guna memudahkan lalu lintas transaksi dan pemenuhan kebutuhan valas bagi investor global yang ingin masuk ke pasar domestik. Esensi dari kebijakan ini untuk menciptakan efisiensi dari sisi dokumentasi dan administrasi bagi para investor. ""Kalau sekarang kan setiap transaksi itu mereka harus menunjukkan underlying dokumen. Jadi nanti kalau investor globalnya itu sudah registered lewat nanti lokal bank partner kita dan mereka juga ada offshore bank partner-nya dalam skema ini transaksinya bisa lebih efisien dari sisi dokumentasi dan administrasi,"" terang ia. BI-Rate Tetap 5,75% untuk Dorong Pertumbuhan BI-Rate Tetap 5,75% untuk Dorong Pertumbuhan (acd/acd) ... Tautan telah disalin pembatasan dolar as bank indonesia transaksi valas kebijakan moneter kestabilan pasar nilai tukar rupiah Anda menyukai artikel ini Artikel disimpan",finance,https://finance.detik.com/bursa-dan-valas/d-8685943/bi-ungkap-alasan-batasi-pembelian-dolar-as
FN028,"LPS Tahan Bunga Penjaminan Bank 3,75% Andi Hidayat - detikFinance Rabu, 30 Sep 2026 14:06 WIB ... Tautan telah disalin Jakarta - Lembaga Penjamin Simpanan (LPS) resmi mempertahankan Tingkat Bunga Penjaminan (TBP) masing-masing 3,75% untuk simpanan rupiah di bank umum, 6,25% untuk simpanan rupiah di Bank Perekonomian Rakyat (BPR), dan 2,00% untuk simpanan valuta asing (valas) di bank umum. Ketetapan ini mulai berlaku efektif besok (1/10/2026) hingga 31 Januari 2026. Keputusan ini diambil dengan mempertimbangkan kenaikan suku bunga simpanan rupiah dan valas di perbankan yang masih terbatas, kinerja intermediasi dan likuiditas perbankan yang tetap positif, serta cakupan penjaminan simpanan yang masih tinggi. ""Atas dasar itu, LPS memandang bahwa TBP yang berlaku saat ini masih memadai untuk dipertahankan dalam rangka menjaga kepercayaan masyarakat terhadap perbankan dan mendukung stabilitas sistem keuangan,"" ungkap Ketua Dewan Komisioner LPS, Anggito Abimanyu, dalam keterangannya, Rabu (30/9/2026). SCROLL TO CONTINUE WITH CONTENT Baca juga: Daftar 15 Bank Tutup hingga September LPS tetap akan mengevaluasi TBP secara berkala dengan mencermati perkembangan ekonomi global dan domestik, arah kebijakan moneter dan fiskal, serta kondisi likuiditas dan suku bunga perbankan. ADVERTISEMENT Berdasarkan catatan LPS, Dana Pihak Ketiga (DPK) perbankan tercatat tumbuh sebesar 10,94% secara tahunan (year-on-year/yoy), diikuti penyaluran kredit yang tumbuh sebesar 13,66% yoy. Hal ini mencerminkan kinerja intermediasi perbankan yang tetap positif. Di sisi lain, LPS mencatat cakupan penjaminan simpanan masih tinggi hingga Agustus 2026. Pada bank umum, sebanyak 706,75 juta rekening atau 99,94% dari total rekening memiliki saldo hingga Rp 2 miliar, sehingga seluruh simpanannya masuk dalam cakupan penjaminan LPS. Sementara pada BPR dan BPR Syariah, terdapat 15,59 juta rekening atau 99,97% dari total rekening dengan saldo hingga Rp 2 miliar yang masuk dalam cakupan penjaminan. LPS akan terus memantau cakupan penjaminan seiring dengan pergerakan suku bunga simpanan di pasar dan perkembangan penghimpunan dana pihak ketiga. Sebagai informasi, TBP merupakan batas maksimal suku bunga simpanan agar simpanan nasabah memenuhi salah satu syarat penjaminan LPS. LPS menjamin simpanan hingga Rp2 miliar per nasabah per bank, selama memenuhi tiga kriteria atau 3T, yaitu: tercatat dalam pembukuan bank, tingkat suku bunga yang diterima tidak melebihi TBP, dan tidak melakukan tindakan yang merugikan bank, seperti fraud yang menyebabkan kerugian atau mengancam kelangsungan usaha bank. (ahi/ara) ... Tautan telah disalin lps bunga penjaminan simpanan bank suku bunga Anda menyukai artikel ini Artikel disimpan",finance,https://finance.detik.com/moneter/d-8685926/lps-tahan-bunga-penjaminan-bank-3-75
FN029,"Pengakuan Seller TikTok soal Saldo Ditahan-Lenyap Berujung PHK Karyawan Ilyas Fadilah - detikFinance Rabu, 30 Sep 2026 13:46 WIB ... Tautan telah disalin Jakarta - Sejumlah penjual di TikTok Shop mengadukan persoalan saldo tidak dapat dicairkan hingga menjadi Rp 0 ke Badan Aspirasi Masyarakat (BAM) DPR RI. Salah satunya Mardiah, yang menceritakan persoalan tersebut sampai berdampak pada kelangsungan usahanya. Mardiah terpaksa melakukan pemutusan hubungan kerja (PHK) terhadap 20 karyawan imbas kejadian tersebut. Kondisi itu terjadi setelah saldo penjualan senilai Rp 549 juta tidak dapat ditarik hingga akhirnya menjadi Rp 0. ""Kerugian imaterial yang saya alami itu modal usaha saya tertahan, saya tidak bisa restock barang, kehilangan kepercayaan dari supplier, reputasi usaha saya buruk, stres, toko harus tutup, dan karyawan saya harus di-PHK. Karyawannya ada 20 saat itu, sudah berhenti,"" kata Mardiah dalam rapat bersama BAM DPR RI di Kompleks Parlemen, Jakarta, Rabu (30/9/2026). SCROLL TO CONTINUE WITH CONTENT Mardiah kemudian menceritakan awal mula persoalan tersebut. Ia mulai berjualan melalui TikTok Shop pada Agustus 2022 dan mengaku masih bisa melakukan penarikan dana selama beberapa bulan pertama. Baca juga: TikTok Dituding Tahan-Hilangkan Saldo hingga Triliunan, Seller Ngadu ke DPR ADVERTISEMENT Mardiah mulai berjualan melalui TikTok Shop pada Agustus 2022. Menurut keterangannya, saldo masih dapat dicairkan hingga kemudian pada 29 Desember 2022 tidak lagi bisa ditarik, meski saat itu akun miliknya disebut belum memiliki poin pelanggaran. Ia kemudian mengajukan banding kepada TikTok Shop pada Januari 2023. Namun, Mardiah mengatakan hingga 17 Desember 2024 status pengajuan tersebut masih tercatat dalam proses banding. Mardiah menyebut pada 6 Februari 2023 saldo yang sebelumnya masih tercantum di akun mulai berkurang hingga akhirnya menjadi Rp 0. Ia mengaku kemudian menerima pemberitahuan mengenai pelanggaran kebijakan. ""Kemudian, 6 Februari, tiba-tiba saldo yang ada di seller itu dinolkan, jadi hilang, jadi Rp 0 dengan tuduhan pelanggaran kebijakan. Sanksi pelanggaran kebijakan. Kemudian, 10 April 2023, notifikasi email masuk dengan tuduhan lagi fake order. Pelanggaran fake order. Jadi, pelanggarannya juga saya dapat, tuduhannya berbeda-beda. Lain tanggal, lain lagi pelanggarannya,"" beber Mardiah. Dalam rapat yang sama, Zainal Abidin juga mengaku mengalami persoalan yang sama. Zainal telah berjualan melalui Tokopedia sejak 2019 dan tetap aktif setelah sistem platform tersebut terintegrasi dengan TikTok. Zainal mengatakan tokonya dinonaktifkan pada 25 April 2026 dengan alasan penyalahgunaan subsidi. Saat itu terdapat saldo sekitar Rp 566 juta yang belum dapat ditarik dan disebut akan ditahan selama tiga bulan. ""Terus, Tokopedia merger sama TikTok itu tahun 2023, sistemnya sudah berubah menjadi sistem TikTok. Penarikan dana cuma sehari satu kali, ya. Terus, saya kan aktif jualan sampai kemarin itu tanggal 25 April 2026, itu tiba-tiba tokok saya dinonaktifkan,"" terang Zainal. Namun hingga 25 Juli 2026, saldo tersebut belum dapat dicairkan. Zainal kemudian menghubungi layanan pelanggan pada 5 Agustus untuk meminta kejelasan. Seminggu kemudian atau 12 Agustus 2026, Zainal mengaku saldo sekitar Rp 566 juta tersebut berubah menjadi Rp 0. ""Tanggal 12 Agustus malah saldo saya yang sekitar Rp 566 juta tadi dinolkan, hilang diambil semua, sudah nggak ada sisa. Dari total Rp 566 juta itu langsung ke 0. Saya kan stres langsung ini gimana, kok? Saldo ditahan 3 bulan, setelah 3 bulan nggak ada kejelasan, tanggal 5 Agustus saya tanya kepada CS, tanggal 12 Agustus malah hilang,"" bebernya. Zainal mengaku bingung dan tidak mengerti permasalahan yang membuat saldo usahanya ditahan hingga akhirnya hilang. Penjual asal Rembang, Jawa Tengah, itu diketahui berjualan ponsel di TikTok. (acd/acd) ... Tautan telah disalin saldo tiktok penjual tiktok phk karyawan masalah keuangan tiktok shop Anda menyukai artikel ini Artikel disimpan",finance,https://finance.detik.com/berita-ekonomi-bisnis/d-8685892/pengakuan-seller-tiktok-soal-saldo-ditahan-lenyap-berujung-phk-karyawan
FN030,"2.259 Mobil Diekspor ke Meksiko Lewat Pelabuhan Patimban Herdi Alif Al Hikam - detikFinance Rabu, 30 Sep 2026 13:31 WIB ... Tautan telah disalin Jakarta - Kapal pengangkut kendaraan MV Antares Leader milik jaringan pelayaran Jepang Nippon Yusen Kabushiki Kaisha (NYK) melakukan kunjungan perdana di Pelabuhan Patimban, Jawa Barat. Kapal NYK mengangkut ribuan kendaraan untuk diekspor ke wilayah Amerika Selatan. Pada kunjungan perdananya, MV Antares Leader melaksanakan kegiatan bongkar dan muat kendaraan di Terminal Kendaraan Pelabuhan Patimban. Untuk kegiatan ekspor, kapal memuat sebanyak 2.259 unit kendaraan, terdiri atas 1.215 unit Mitsubishi Xforce dan 1.044 unit Mitsubishi Xpander, yang diberangkatkan menuju Meksiko. Kepala Kantor KSOP Kelas II Patimban, Mohd Arief Agustian, mengatakan bahwa kehadiran NYK menambah pilihan layanan kapal kendaraan internasional di Pelabuhan Patimban sekaligus membuka konektivitas ekspor kendaraan menuju Meksiko. SCROLL TO CONTINUE WITH CONTENT ""Kehadiran NYK menambah pilihan layanan kapal kendaraan internasional di Pelabuhan Patimban sekaligus membuka konektivitas ekspor kendaraan menuju Meksiko. Perkembangan ini penting karena semakin memperluas jaringan yang dapat dimanfaatkan oleh industri otomotif melalui Patimban,"" ujar Arief Agustian dalam keterangannya, Rabu (30/9/2026). Baca juga: Pelabuhan Patimban Layani 2 Kapal Sekaligus, Layanan Kontainer Baru Masuk ADVERTISEMENT Layanan pengangkutan yang dilakukan NYK direncanakan berlangsung secara rutin dengan frekuensi satu kali setiap bulan. Sebelumnya, layanan kapal kendaraan internasional di Pelabuhan Patimban telah berjalan sejak 2021 melalui layanan Toyofuji Shipping (TFS) yang melayani kegiatan ekspor dan impor kendaraan ke sejumlah tujuan internasional. Kehadiran NYK menambah jaringan perusahaan pelayaran yang memanfaatkan Terminal Kendaraan Pelabuhan Patimban seiring berkembangnya kebutuhan layanan logistik sektor otomotif. ""Semakin luasnya jaringan pelayaran dari Patimban akan memberikan fleksibilitas yang lebih besar bagi pelaku industri dalam menjangkau pasar internasional. KSOP Patimban akan terus mendukung kelancaran pelayanan kapal dan kegiatan bongkar muat sehingga konektivitas ekspor kendaraan melalui Patimban dapat berkembang secara berkelanjutan,"" lanjut Arief Agustian. (hal/ara) ... Tautan telah disalin ekspor mobil pelabuhan patimban nyk Anda menyukai artikel ini Artikel disimpan",finance,https://finance.detik.com/berita-ekonomi-bisnis/d-8685857/2-259-mobil-diekspor-ke-meksiko-lewat-pelabuhan-patimban
FN031,"Revisi UU LLAJ Dikebut, Ada Aturan Ojol hingga Denda Truk Obesitas Andi Hidayat - detikFinance Rabu, 30 Sep 2026 13:27 WIB ... Tautan telah disalin Jakarta - Menteri Perhubungan (Menhub) Dudy Purwagandhi menargetkan revisi Undang-Undang (UU) Lalu Lintas dan Angkutan Jalan (LLAJ) rampung tahun ini. Setelah disahkan, aturan baru tersebut ditargetkan mulai diterapkan pada 2027. Dudy mengatakan, pemerintah telah menyerahkan daftar inventarisasi masalah (DIM) kepada Komisi V DPR RI. Selanjutnya Kemenhub akan menindaklanjuti masukan dari DPR terkait DIM yang telah diajukan. ""Kita usahakan secepat mungkin, karena ini kan masuk dalam prolegnas tahun 2026, jadi harapannya tahun ini bisa segera diselesaikan. Harapan kami 2026 ini bisa selesai, sehingga bisa dilaksanakan pada tahun 2027,"" ungkap Dudy di Kompleks Parlemen, Senayan, Jakarta Pusat, Rabu (30/9/2026). SCROLL TO CONTINUE WITH CONTENT Baca juga: Sopir, Pengusaha, & Pemilik Barang ODOL Bisa Didenda hingga Rp 50 M Dalam kesempatan terpisah, Dudy mengatakan pemerintah telah menyetujui usulan DPR dalam DIM revisi UU LLAJ. Dalam DIM, pemerintah mengusulkan 55 pasal yang diubah dan 28 pasal baru yang disisipkan. ADVERTISEMENT Sementara usulan DPR, terdapat 89 pasal diubah, 56 pasal baru disisipkan, lima pasal dihapus, dua judul dalam BAB diubah, satu BAB baru, dan dua penjelasan atas pasal diubah. Pemerintah juga menyetujui usulan DPR terkait tiga pembinaan dan penyelenggaraan LLAJ, yakni Kementerian Pendidikan Dasar dan Menengah, Kementerian Kesehatan, dan Kementerian Komunikasi dan Digital. ""Pemerintah menyetujui usulan DPR RI terkait rumusan Bab IV dan Bab V yang mengatur mengenai pembinaan dan BAB penyelenggaraan lalu lintas angkutan jalan dengan menambahkan tiga kementerian baru sebagai instansi pembina dan penyelenggara,"" ungkap Dudy dalam rapat kerja tentang RUU LLAJ di Kompleks Parlemen, Senayan, Jakarta. Dudy mengatakan, pemerintah menyetujui usulan DPR terkait pengaturan jenis kendaraan bermotor, termasuk kendaraan otonom dan perkembangan teknologi sistem kemudi. Selain itu, pemerintah menyetujui penambahan aturan soal transportasi berbasis platform digital alias ojek online (ojol), mulai dari angkutan sewa khusus, layanan sepeda motor untuk penumpang dan logistik, hingga aturan bagi perusahaan aplikasi, tarif, dan kuota. Baca juga: Truk Obesitas Masih Lewat Tol, Sebanyak Ini Jumlahnya Terakhir, pemerintah menyetujui usulan terkait penerapan denda bagi pengusaha logistik yang masih mengoperasikan angkutan barang Over Dimension Over Loading (ODOL). Besaran denda yang diusulkan bervariasi, mulai dari Rp 1 juta hingga Rp 50 miliar, tergantung kategorinya. Terkait hal ini, pemerintah juga menyetujui perluasan subjek tindak pidana terkait ODOL. Nantinya sanksi tidak hanya menjerat sopir, melainkan pemilik kendaraan/korporasi dan pemilik barang. ""Penyesuaian sanksi pidana serta usulan untuk memperluas subjek tindak pidana kendaraan bermotor yang melebihi muatan atau dimensi, Over Dimension Over Loading, tidak hanya kepada pengemudi, melainkan juga dikenakan kepada pemilik kendaraan/korporasi, dan sekaligus pemilik barang,"" ujar Dudy. Pemerintah mengusulkan pengelolaan terminal penumpang dan barang melalui skema konsesi atau kerja sama lainnya. Selain itu, pemerintah mengatur kewajiban public service obligation (PSO) untuk layanan angkutan massal oleh pemerintah pusat dan daerah. (ahi/ara) ... Tautan telah disalin revisi uu llaj aturan ojol denda truk obesitas kementerian perhubungan Anda menyukai artikel ini Artikel disimpan",finance,https://finance.detik.com/berita-ekonomi-bisnis/d-8685851/revisi-uu-llaj-dikebut-ada-aturan-ojol-hingga-denda-truk-obesitas
FN032,"Wacana Lama Muncul Lagi, Subsidi Barang Mau Diubah Jadi Uang Tunai! Ignacio Geordi Oswaldo - detikFinance Rabu, 30 Sep 2026 13:19 WIB ... Tautan telah disalin Jakarta - Ketua Dewan Ekonomi Nasional (DEN) sekaligus Ketua Komite Percepatan Transformasi Digital Pemerintah, Luhut Binsar Pandjaitan, mengatakan dalam satu atau dua tahun ke depan pemerintah dapat mengubah skema penyaluran subsidi yang biasanya diberikan dalam bentuk barang akan menjadi bantuan langsung tunai (cash transfer) yang disalurkan langsung kepada masyarakat penerima. Menurutnya, langkah ini akan dilakukan usai pemerintah selesai melakukan pemadanan data lintas Kementerian/Lembaga untuk menetapkan daftar penerima bansos baru. Luhut menegaskan rencana ini juga sudah dilaporkan kepada Presiden Prabowo Subianto, meski ia tidak menyampaikan bagaimana tanggapan 'RI 1' terkait rencana ini. ""Ini kan baru bansos. Nanti ke depan, kita ini dalam over time, mungkin dalam 1-2 tahun ke depan, subsidi itu akan kita, saya sudah lapor Presiden, tidak lagi pada barang. Langsung pada manusia, jadi cash,"" kata Luhut dalam konferensi pers di Kantor Kementerian Sosial, Jakarta Pusat, Rabu (30/9/2026). SCROLL TO CONTINUE WITH CONTENT Guna mendukung peralihan skema subsidi berbasis dana tunai kepada penerima manfaat tersebut, pemerintah sedang melakukan pemadanan data penduduk lintas kementerian dan lembaga yang dibantu teknologi kecerdasan buatan (AI). ""Ya kita harapkan kalau semua data ini bisa jalan dengan baik, saya sudah lapor presiden, sampai akhir tahun ini nanti daftarnya akan datang semua. Nah di Pak Mendagri sudah ada 289 juta. Jadi cukup banyak. Ya, jadi 98% dari jumlah penduduk itu sudah ada di Dukcapil,"" ucapnya. ADVERTISEMENT ""Nah itu sekarang kita mutakhirkan semua dengan AI ini, kita nanti desil-desilnya juga kita Perbaiki semua. Karena semua kementerian/lembaga itu sekarang sudah bisa berkomunikasi satu sama lain dengan AI,"" jelas Luhut lagi. Pemerintah menargetkan seluruh proses pemadanan data penerima manfaat dapat tuntas pada akhir 2026. Dalam hal ini, data baru hasil integrasi kementerian/lembaga akan digunakan dalam penyaluran bansos terlebih dahulu. Baru setelah itu basis data yang sama bisa digunakan untuk daftar penerima subsidi dalam bentuk tunai. ""2027 kita bagi bansos. Kita akan mencoba kuartal pertama tahun depan kita bagi bansos, tapi itu subjek kepada keberhasilan kita sampai akhir tahun,"" ujar Luhut. Cerita Lama Pemerintah Mau Hapus Subsidi Barang, Diganti Tunai Untuk diketahui, rencana penghapusan skema subsidi dalam bentuk barang dan diganti dengan pemberian uang tunai ini sudah ada lebih dari satu dekade lalu. Namun hal ini baru berfokus pada skema penyaluran subsidi bahan bakar minyak (BBM). Dalam catatan detikcom , hal ini pernah disampaikan oleh Hatta Rajasa saat dirinya masih menjabat sebagai Menteri Koordinator Bidang Perekonomian pada 2013 lalu. Kala itu rakyat Indonesia masih perlu subsidi, namun bentuknya bukan dalam bentuk subsidi harga BBM. ""Tak boleh subsidi harga, tapi diberikan cash (tunai) kepada orang-orang yang berhak. Di mana-mana subsidi seperti itu. Kita ada e-KTP. Dugaan saya dalam 5 tahun ke depan, sudah bisa kitar terapkan. Sudah terukur orangnya,"" tutur Hatta di acara Forum Kompas100 di JCC, Senayan, Jakarta, Rabu (27/11/2013). Kala itu, ia berfokus pada bagaimana anggaran triliunan rupiah untuk mengubah KTP konvensional menjadi e-KTP juga harus bisa dimanfaatkan untuk kepentingan pemberian subsidi yang tepat sasaran. Artinya kala itu ia berharap basis data penduduk baru di sistem e-KTP dapat digunakan sebagai daftar penerima subsidi BBM dalam bentuk tunai. Sehingga subsidi tetap diberikan namun menjadi lebih tepat sasaran. ""Ini bukan berarti kita menghilangkan subsidi. Subsidi harus tetap diberikan ke masyarakat,"" jelas Hatta. Hatta mengatakan, saat ini subsidi BBM tidak tepat sasaran, dan banyak dinikmati oleh orang yang tak berhak. Dia mencontohkan subsidi 1 liter bensin atau solar adalah Rp 4.000-Rp 5.000. Dari sekitar 50 juta kiloliter (KL) jatah BBM subsidi, sebesar 60% dinikmati orang yang tak berhak. (igo/fdl) ... Tautan telah disalin subsidi bantuan tunai luhut binsar pandjaitan transformasi digital Anda menyukai artikel ini Artikel disimpan",finance,https://finance.detik.com/berita-ekonomi-bisnis/d-8685835/wacana-lama-muncul-lagi-subsidi-barang-mau-diubah-jadi-uang-tunai
FN033,"Operator Resmi Teriak! Emas Sangihe Rp 200 M Malah Dikeruk Tambang Ilegal Heri Purnomo - detikFinance Rabu, 30 Sep 2026 13:13 WIB ... Tautan telah disalin Jakarta - President Director PT Tambang Mas Sangihe (TMS), Terry Filbert, menyebut aktivitas pertambangan emas tanpa izin (PETI) di wilayah Sangihe, Sulawesi Utara, telah mengeruk emas senilai sekitar Rp 200 miliar dalam waktu 5-6 bulan. Terry mengatakan dalam aktivitas pertambangan ilegal tersebut menggunakan puluhan alat berat. Ia menyebutkan ada sekitar 20 unit dan pada waktu tertentu mencapai 50 unit. ""Mereka (penambang ilegal) menghasilkan sekitar Rp 200 miliar. Sekitar Rp 200 miliar dalam lima atau mungkin enam bulan terakhir,"" ujar Terry saat ditemui di Kantor Ditjen Minerba, Jakarta, Rabu (30/9/2026). SCROLL TO CONTINUE WITH CONTENT Di satu sisi, Terry mengatakan pihaknya yang merupakan operator di wilayah tersebut belum mendapatkan persetujuan operasi produksi dari kementerian. Padahal, kata Terry, beberapa waktu lalu Kementerian ESDM sempat menyatakan perusahaan akan mendapatkan persetujuan tersebut. Namun, hingga kini, pihaknya masih belum mendapatkan kejelasan terkait hal itu. ADVERTISEMENT ""Sudah satu tahun sejak kami diberi tahu bahwa izin akan diterbitkan, tetapi izinnya belum diterbitkan,"" katanya. Oleh karenanya, ia berharap izin operasi produksi bisa keluar dan penambang ilegal di wilayah tersebut bisa segera dilakukan penindakan oleh aparat penegak hukum. ""Semua hal yang ingin kami lakukan ini adalah untuk membantu seluruh masyarakat di pulau,"" ujarnya. (hrp/fdl) ... Tautan telah disalin pertambangan emas sangihe izin operasi kementerian esdm peti Anda menyukai artikel ini Artikel disimpan",finance,https://finance.detik.com/energi/d-8685827/operator-resmi-teriak-emas-sangihe-rp-200-m-malah-dikeruk-tambang-ilegal
FN034,"Kementan Pastikan Stok Beras Premium di Pasar Tradisional Memadai Dea Duta Aulia - detikFinance Rabu, 30 Sep 2026 13:08 WIB ... Tautan telah disalin Jakarta - Stok beras premium di ritel modern dikabarkan mengalami keterbatasan, terutama setelah pengungkapan 25 merek beras dengan klaim fortifikasi yang bermasalah. Kondisi ini ditengarai dimanfaatkan oleh oknum mafia untuk mendongkrak harga. Berdasarkan hasil pemantauan Badan Pangan Nasional (Bapanas) di Pasar Induk Beras Cipinang (PIBC) Jakarta beberapa waktu lalu, ditemukan harga beras premium yang masih tergolong wajar di tingkat distributor atau grosir. Harganya sekitar Rp 14.200 per kilogram (kg), sedangkan Harga Eceran Tertinggi (HET) maksimal Rp 14.900 per kg untuk Zona I. ""Ini masalahnya banyak oknum-oknum nih atau istilah kata Pak Mentan/Kepala Bapanas, mafia yang memanfaatkan kondisi saat ini untuk menaikkan harga,"" ungkap Deputi Ketersediaan dan Stabilisasi Pangan Bapanas, Hermawan dalam keterangan tertulis, Rabu (30/9/2026). SCROLL TO CONTINUE WITH CONTENT ""Jadi terkait terbatasnya stok di ritel modern, itu adalah sebagai efek mungkin yang produsen-produsen yang kemarin menyalurkan beras fortifikasi ke ritel modern. (Mereka) itu kan tidak boleh lagi memproduksikan beras fortifikasi dikarenakan banyak bermasalah. Artinya apa yang disampaikan di label itu tidak sesuai dengan isi kandungan,"" jelas Hermawan. Kendati demikian, Bapanas meyakini kondisi stok dan harga beras di berbagai pasar tradisional masih memadai. Kondisi tersebut memang sedikit kontras dengan ritel modern karena salah satu hambatannya adalah margin yang tipis apabila produsen memasok ke ritel modern. ADVERTISEMENT ""Tapi kalau terkait beras premium, itu stoknya ada di pasar tradisional. Jadi beras premium dan medium di pasar tradisional itu banyak. Hal yang jadi masalah memang di ritel modern karena di ritel modern itu kan ada potongan terhadap barang yang mereka jual. Menurut produsen, angka untuk mendapatkan keuntungan itu sangat tipis,"" tutur Hermawan. Sementara itu, di pasar tradisional seperti PIBC Jakarta, Bapanas bersama Satgas Pangan Polri melihat rata-rata harga beras premium masih wajar dan tidak melampaui HET. Deputi Hermawan meminta masyarakat tidak hanya mendengarkan informasi secara sepihak. ""Padahal faktanya kami cek di pasar PIBC Cipinang, itu sekarang pedagang beras yang di PIBC Cipinang, beras premium yang berasal dari petani itu Rp14.200, sedangkan HET adalah Rp14.900. Buktinya yang di PIBC jualnya Rp 14.200. Itu tidak ada masalah. Itu fakta. Jangan kita sepihak gitu (terima informasi) dari produsen,"" katanya. Adapun dalam hasil pemantauan di PIBC pada 19 September 2026, diperoleh informasi harga dari berbagai merek beras mulai dari Rp 12.860 per kg hingga Rp 14.200 per kg. Harga tersebut merupakan harga jual beras kemasan 48 hingga 50 kg. PIBC sendiri merupakan pasar grosir beras terbesar di Indonesia dan kerap dijadikan barometer harga beras nasional. Lebih lanjut, Deputi Bapanas Hermawan menuturkan temuan hasil pengawasan terhadap 25 merek beras fortifikasi mengharuskan 11 produsennya melakukan penarikan stok, khususnya dari ritel modern. Ia juga memastikan Satgas Pangan Polri sedang melakukan evaluasi untuk menentukan penindakan selanjutnya. ""Saat ini lagi dievaluasi sama Satgas Pangan Polri dan diperintahkan memang hampir 90 persen produksi mereka itu semuanya bermasalah. Jadi dari (hasil) pengawasan memerintahkan untuk menarik semua berasnya yang di ritel modern dari peredaran,"" pungkas Hermawan. Hal ini senada dengan upaya Kepala Bapanas sekaligus Menteri Pertanian Andi Amran Sulaiman yang akan melawan mafia beras. Dia menyebut telah terdapat 102 tersangka yang berkaitan dengan penindakan Satgas Pangan Polri pada 2024 hingga 2026 terhadap berbagai praktik yang dinilai merugikan kepentingan pangan nasional. ""Banyak yang tidak senang. (Tapi) Mafia kita beresin. Ini ada mafia, ada 102 tersangka. Presiden perintahkan, kirim ke neraka, siap Bapak Presiden,"" tegas Amran. ""Mudah-mudahan dalam 3 bulan ke depan, ada lagi menyusul 20 orang. Ini musuh negara,"" kata Amran. Sebagaimana diketahui, Kepala Bapanas sekaligus Menteri Pertanian Andi Amran Sulaiman telah mengumumkan terdapat 25 merek beras fortifikasi yang melanggar ketentuan administrasi, nilai gizi, dan mutu. Namun, dari seluruh sampel yang didalami Bapanas, masih ada dua merek yang memenuhi persyaratan, yakni Sumo Merah (Premium) dan Induk Ayam (Short Grain) Putih. Adapun 25 merek beras fortifikasi yang bermasalah tersebut dimiliki oleh 11 pelaku usaha. Selama Juli hingga Agustus 2026, Bapanas telah melakukan pengawasan terhadap peredaran beras fortifikasi di 11 provinsi. Hasilnya, terkumpul sebanyak 190 sampel beras fortifikasi yang beredar di pasaran dan mewakili 27 nama dagang. Perluasan pengawasan tersebut dilakukan sebagai tindak lanjut dari hasil temuan Bapanas yang diumumkan pada akhir Juli 2026. Saat itu, Bapanas mengungkap adanya ketidaksesuaian spesifikasi beras fortifikasi berdasarkan hasil pengawasan selama April 2026 di wilayah Jakarta. Pada akhir Juli, diungkapkan terdapat 15 sampel merek dagang yang hasil laboratoriumnya menunjukkan 80 persen sampel nilai gizinya tidak sesuai dengan klaim pada label. Tak hanya itu, terungkap pula adanya sampel beras fortifikasi yang tidak ditemukan izin edar Pangan Segar Asal Tumbuhan (PSAT). Bapanas juga mengungkap dugaan praktik curang dalam peredaran beras berlabel fortifikasi yang diduga tidak memenuhi standar mutu dan kandungan gizi sebagaimana klaim pada label kemasan. Berdasarkan hasil pengawasan dan pengujian sampel, potensi kerugian konsumen dari selisih harga produk tersebut diperkirakan mencapai Rp89 triliun. ""Hitungan potensi kerugian tersebut berasal dari kalkulasi pemerintah berupa adanya selisih dari rerata harga jual yang Rp23.385 per kilogram (kg) terhadap rerata harga wajar Rp 13.689 per kg, diperoleh Rp 9.695 per kg. Kemudian dikalikan dengan asumsi 30 persen kebutuhan konsumsi beras setahun di 9,2 juta ton,"" tutupnya. detikfinance Check: Spill Kondisi Asli Pasar Pondok Labu, Masih Sepi Gak Nih? detikfinance Check: Spill Kondisi Asli Pasar Pondok Labu, Masih Sepi Gak Nih? (prf/ega) ... Tautan telah disalin beras premium stok beras pasar tradisional kementan Anda menyukai artikel ini Artikel disimpan",finance,https://finance.detik.com/berita-ekonomi-bisnis/d-8685820/kementan-pastikan-stok-beras-premium-di-pasar-tradisional-memadai
FN035,"BI Sebut Rupiah Melemah 7,74% Sepanjang 2026 Retno Ayuningrum - detikFinance Rabu, 30 Sep 2026 13:07 WIB ... Tautan telah disalin Jakarta - Bank Indonesia (BI) mencatat nilai tukar rupiah mengalami depresiasi sebesar 7,74% secara year to date (ytd). Pelemahan nilai tukar ini dinilai masih beriringan dengan pergerakan mata uang negara-negara tetangga. Kepala Departemen Pengelolaan Moneter dan Aset Sekuritas Bank Indonesia, Erwin Gunawan Hutapea menjelaskan pergerakan nilai tukar sebuah negara dipengaruhi oleh faktor global dan domestik, termasuk yang bersifat sentimen dan kebutuhan. Contohnya, keputusan Amerika Serikat (AS) menaikkan suku bunga hingga konflik di Selat Hormuz yang mengakibatkan terjadinya gangguan terhadap pasokan energi. Menurut Erwin, dengan sentimen tersebut, pelaku pasar akan melihat kondisi fiskal AS diambang defisit sehingga akan menerbitkan surat utang lebih banyak dengan suku bunga lebih tinggi. Hal inilah yang membuat posisi indeks nilai dolar AS (DXY) melampaui level 101 dan membuat mata uang negara lain melemah. SCROLL TO CONTINUE WITH CONTENT Baca juga: Dolar AS Mulai Jinak ke Rp 17.912 ""Ketika DXY, indeks dollar menguat, kira-kira mata uang lain? Melemah,"" ujar Erwin dalam Taklimat Media di kantor Bank Indonesia, Rabu (30/9/2026). ADVERTISEMENT Erwin menyebut mata uang Garuda mengalami depresiasi sebesar 7,74% sepanjang tahun 2026 jika dibandingkan dengan posisi akhir tahun sebelumnya. Namun, pelemahan juga terjadi di negara-negara lain. Ia membandingkan volatilitas rupiah yang berada di kisaran 7,30%. Sementara beberapa negara lain tercatat lebih tinggi, seperti Korea Selatan di level 15,6%, Filipina 8,7%, dan Malaysia 8,59%. ""Memang kita secara year to date di posisi tanggal 29 September kita terdepresiasi 7,74% dibandingkan posisi kita akhir tahun,"" jelasnya. BI menegaskan komitmennya untuk terus hadir di pasar melalui instrumen operasional seperti Non-Deliverable Forward (NDF) maupun Domestic Non-Deliverable Forward (DNDF). Langkah intervensi ini ditujukan untuk menjaga agar pergerakan rupiah tetap sejalan dengan nilai fundamentalnya. ""Tentunya di dalam konteks mencoba balancing neraca pembayaran dengan kondisi neraca transaksi berjalan seperti itu, selain koordinasi dengan otoritas terkait, Bank Indonesia juga mencoba membalancing ini dengan mendorong aliran masuk modal asing di capital account,"" jelas Erwin. Tak hanya itu, ia memastikan instrumen kebijakan dilakukan untuk menjaga mekanisme pasar antara suplai dan permintaan valuta asing tetap berjalan seimbang. BI mencatat pada periode kuartal-III setiap tahunnya secara historis selalu menunjukkan siklus pemenuhan kebutuhan valuta asing (valas). Lonjakan permintaan ini utamanya didorong oleh aktivitas repatriasi serta pemenuhan kebutuhan impor, sehingga dinamika pada akhir kuartal memiliki karakteristik yang berbeda dibandingkan akhir bulan biasa. Erwin menilai hingga akhir kuartal-III merupakan titik puncak dari kebutuhan valas. Namun, permintaan tersebut akan mereda menjelang akhir tahun. ""Sehingga dengan upaya-upaya yang kita lakukan kita berharap setelah lewat kuartal II ini kita bisa better off sampai akhir tahun itu harapan kita,"" imbuh ia. (acd/acd) ... Tautan telah disalin depresiasi rupiah bank indonesia nilai tukar dolar as Anda menyukai artikel ini Artikel disimpan",finance,https://finance.detik.com/bursa-dan-valas/d-8685817/bi-sebut-rupiah-melemah-7-74-sepanjang-2026
FN036,"TikTok Dituding Tahan-Hilangkan Saldo hingga Triliunan, Seller Ngadu ke DPR Ilyas Fadilah - detikFinance Rabu, 30 Sep 2026 12:58 WIB ... Tautan telah disalin Jakarta - Sejumlah penjual (seller) TikTok Shop mengadukan dugaan penahanan hingga penghilangan saldo penjualan ke Badan Aspirasi Masyarakat (BAM) DPR RI. Nilai saldo yang bermasalah disebut mencapai ratusan juta rupiah untuk masing-masing penjual dan ditaksir bisa mencapai triliunan rupiah secara nasional. Kuasa hukum penjual, Subadria Nuka, mengatakan TikTok menuding para penjual melakukan pelanggaran terhadap ketentuan platform. Namun, pihaknya meminta dugaan pelanggaran tersebut dibuktikan dan mempertanyakan nasib saldo milik penjual. ""TikTok menyimpulkan bahwa menurut mereka, korban ini ada pelanggaran. Ya, kami bilang, kalau pun pelanggaran, silakan dibuktikan. Ini permasalahannya adalah saldonya, ini rata-rata ada yang Rp 800 juta per orang, ada yang Rp 500 juta,"" kata Subadria dalam rapat dengan BAM DPR RI di Kompleks Parlemen, Jakarta, Rabu (30/9/2026). SCROLL TO CONTINUE WITH CONTENT Baca juga: Kartu Pokemon Jadi Investasi Alternatif Gen Z, Apa Daya Tariknya? Menurut Subadria, dalam sejumlah kasus saldo bukan hanya tidak dapat ditarik, tetapi kemudian berubah menjadi Rp 0. Padahal banyak penjual menggantungkan modal usahanya pada dana tersebut. ADVERTISEMENT ""Saldonya dinolkan bukan ditahan lagi. Kalau ditahan itu kan ibaratnya kita ke bank, ditahan, nggak bisa diambil tapi saldonya masih ada. Nah ini dinolkan,"" ujarnya. TikTok disebut mengaitkan persoalan saldo tersebut dengan dugaan pelanggaran aturan platform dan bonus yang diterima penjual. Menurutnya, apabila memang terdapat bonus yang dianggap bermasalah, seharusnya nilai tersebut dihitung secara terpisah dan tidak membuat seluruh saldo penjual hilang. ""Ini kalau dikumpulkan seluruh Indonesia mungkin bisa triliunan, yakin saya. Mungkin Bapak-Bapak Dewan sih tinggal buka saja pengaduan kalau perlu. Kita fair saja, gitu, buka saja. Itu ada ribuan orang,"" sebut Subadria. Dalam rapat tersebut, salah satu penjual TikTok Shop bernama Mardiah turut menceritakan kasus yang dialaminya. Mardiah mengaku mengalami kerugian total Rp 549 juta setelah saldo penjualannya tidak dapat ditarik dan kemudian menjadi Rp 0. Mardiah mulai berjualan melalui TikTok Shop pada Agustus 2022. Menurut keterangannya, saldo masih dapat dicairkan hingga kemudian pada 29 Desember 2022 tidak lagi bisa ditarik, meski saat itu akun miliknya disebut belum memiliki poin pelanggaran. Ia kemudian mengajukan banding kepada TikTok Shop pada Januari 2023. Namun, Mardiah mengatakan hingga 17 Desember 2024 status pengajuan tersebut masih tercatat dalam proses banding. Mardiah menyebut pada 6 Februari 2023 saldo yang sebelumnya masih tercantum di akun mulai berkurang hingga akhirnya menjadi Rp 0. Ia mengaku kemudian menerima pemberitahuan mengenai pelanggaran kebijakan. ""Kemudian, 6 Februari, tiba-tiba saldo yang ada di seller itu dinolkan, jadi hilang, jadi Rp 0 dengan tuduhan pelanggaran kebijakan. Sanksi pelanggaran kebijakan. Kemudian, 10 April 2023, notifikasi email masuk dengan tuduhan lagi fake order. Pelanggaran fake order. Jadi, pelanggarannya juga saya dapat, tuduhannya berbeda-beda. Lain tanggal, lain lagi pelanggarannya,"" beber Mardiah. Mardiah mengaku telah menempuh sejumlah upaya untuk menyelesaikan persoalan tersebut, mulai dari menghubungi account manager TikTok, mengajukan banding melalui platform, hingga melapor ke Badan Perlindungan Konsumen Nasional (BPKN) dan pemerintah. (acd/acd) ... Tautan telah disalin tiktok penjual saldo pengaduan dpr ri pelanggaran Anda menyukai artikel ini Artikel disimpan",finance,https://finance.detik.com/berita-ekonomi-bisnis/d-8685801/tiktok-dituding-tahan-hilangkan-saldo-hingga-triliunan-seller-ngadu-ke-dpr
FN037,"Foto Bisnis Jualan Online Kena PPh 0,5 Persen Mulai 1 November Gilang Faturahman - detikFinance Rabu, 30 Sep 2026 12:55 WIB ... Tautan telah disalin Jakarta - Direktorat Jenderal Pajak akan menerapkan pemungutan PPh Pasal 22 melalui marketplace mulai 1 November 2026. ... Tautan telah disalin pph 22 pajak jualan online fotodetikfinance fotodetikcom Anda menyukai artikel ini Artikel disimpan",finance,https://finance.detik.com/foto-bisnis/d-8685720/jualan-online-kena-pph-0-5-persen-mulai-1-november
FN038,"Sopir, Pengusaha, & Pemilik Barang ODOL Bisa Didenda hingga Rp 50 M Andi Hidayat - detikFinance Rabu, 30 Sep 2026 12:45 WIB ... Tautan telah disalin Jakarta - Menteri Perhubungan (Menhub), Dudy Purwagandhi menyetujui usulan penerapan denda bagi pengusaha logistik yang masih mengoperasikan angkutan barang Over Dimension Over Loading (ODOL). Besaran denda yang diusulkan bervariasi, mulai dari Rp 1 juta hingga Rp 50 miliar, tergantung kategorinya. Sanksi tersebut menjadi usulan dari DPR RI dalam daftar inventarisasi masalah (DIM) terkait revisi Undang-Undang (UU) Lalu Lintas dan Angkutan Jalan (LLAJ). Dalam DIM tersebut, pemerintah juga menyetujui perluasan subjek tindak pidana terkait ODOL. ""Penyesuaian sanksi pidana serta usulan untuk memperluas subjek tindak pidana kendaraan bermotor yang melebihi muatan atau dimensi, Over Dimension Over Loading, tidak hanya kepada pengemudi, melainkan juga dikenakan kepada pemilik kendaraan/korporasi, dan sekaligus pemilik barang,"" ungkap Dudy dalam rapat kerja tentang RUU LLAJ di Kompleks Parlemen, Senayan, Jakarta, Rabu (30/9/1016). SCROLL TO CONTINUE WITH CONTENT Baca juga: Truk Obesitas Masih Lewat Tol, Sebanyak Ini Jumlahnya Rincian 8 Kategori Denda Kategori I : Rp 1.000.000 Kategori II : Rp 10.000.000 Kategori III : Rp 50.000.000 Kategori IV : Rp 200.000.000 Kategori V : Rp 500.000.000 Kategori VI : Rp 2.000.000.000 Kategori VII : Rp 5.000.000.000 Kategori VIII : Rp 50.000.000.000 ADVERTISEMENT Dudy menambahkan, pemerintah akan menggunakan jembatan timbang elektronik atau Weigh-in-Motion (WIM). Penggunaan alat ini dilakukan untuk mendukung penegakan dan pengenaan sanksi tindak pidana kendaraan bermotor terkait ODOL. Dalam kesempatan terpisah, Dudy mengatakan pemerintah masih akan mengikuti pembahasannya di DPR. Namun ia memastikan, penegakan hukum terhadap angkutan ODOL menjadi salah satu perhatian utama pemerintah dalam revisi UU LLAJ. ""Nanti ikuti aja pembahasannya. Ini kan masih pembahasan, jadi sifatnya kan dinamis, nanti kita lihat, tapi bahwa seperti tadi ada atensi terhadap sanksi baik yang angkutan, khususnya angkutan ODOL itu menjadi concern dari pihak DPR ini dan juga pemerintah,"" terang Dudy usai rapat kerja tentang RUU LLAJ di Kompleks Parlemen. (ahi/ara) ... Tautan telah disalin angkutan barang truk obesitas Anda menyukai artikel ini Artikel disimpan",finance,https://finance.detik.com/berita-ekonomi-bisnis/d-8685771/sopir-pengusaha-pemilik-barang-odol-bisa-didenda-hingga-rp-50-m
FN039,"Data Penerima Bansos Dirombak Total, Mulai Dipakai 2027 Ignacio Geordi Oswaldo - detikFinance Rabu, 30 Sep 2026 12:41 WIB ... Tautan telah disalin Jakarta - Pemerintah tengah merombak ulang data penerima manfaat batuan sosial (bansos) besar-besaran. Data penerima manfaat baru ini direncanakan mulai digunakan untuk penyaluran bansos mulai tahun depan. Ketua Komite Percepatan Transformasi Digital Pemerintah, Luhut Binsar Pandjaitan, menjelaskan saat ini pemerintah tengah melakukan digitalisasi dan penyatuan data yang berbasis teknologi kecerdasan buatan (Artificial Intelligence/AI). Dalam hal ini, pemerintah memadankan data dari berbagai Kementerian/Lembaga semisal Dinas Kependudukan dan Catatan Sipil (Dukcapil) di bawah Kementerian Dalam Negeri, data kepemilikan tanah dari Kementerian ATR/BPN, kemudian data kepemilikan kendaraan di Polri dan masih banyak lagi. SCROLL TO CONTINUE WITH CONTENT ""Arahan Presiden kita jalankan roll out dari teknologi ini di bulan Oktober ini. Semua berjalan dengan bagus. Dukcapil sangat terkoordinasi, ada dari Kemendagri, ada data tadi dari Kementerian misalnya dari Kementerian Desa, tadi dari Menko PMK, kementerian agama, dan juga tadi dari Polri,"" ujar Luhut dalam konferensi pers di Kantor Kemensos, Rabu (30/9/2026). ""Semua datanya sudah berbicara satu sama lain, Kementerian/Lembaga ini dengan AI yang dibuat. AI yang dibuat oleh anak-anak Indonesia, putra-putri Indonesia. Dan sampai hari ini, ini sangat diapresiasi oleh dunia kalau saya katakan,"" sambungnya. ADVERTISEMENT Menurut Luhut yang juga menjabat sebagai Ketua Dewan Ekonomi Nasional (DEN) ini proses integrasi dan digitalisasi data akan membuat daftar penerima bansos semakin solid, yang mana proses pemadanan data lintas Kementerian dan Lembaga ini tuntas pada akhir 2026. Dengan begitu, skema pemberian bansos baru dapat dilakukan mulai awal 2027 nanti. ""2027 kita bagi bansos. Kita akan mencoba kuartal pertama tahun depan kita bagi bansos, tapi itu subject kepada keberhasilan kita sampai akhir tahun,"" lanjut Luhut. Selain bansos, melalui integrasi data ini diharapkan dalam satu hingga dua tahun ke depan proses penyaluran subsidi juga akan diubah menjadi dalam bentuk tunai. ""Ini kan baru bansos. Nanti ke depan, kita ini dalam over time, mungkin dalam 1-2 tahun ke depan, subsidi itu akan kita, saya sudah lapor Presiden, tidak lagi pada barang. Langsung pada manusia, jadi cash,"" ujar Luhut dalam sesi tanya jawab. Dalam kesempatan yang sama, Menteri Sosial (Mensos) Saifullah Yusuf alias Gus Ipul menyebut saat ini pemerintah sedang melakukan digitalisasi data penerima bansos untuk mendorong penerapan skema penyaluran bantuan hanya dalam bentuk tunai pada 2027 mendatang. Menurutnya proses digitalisasi ini bertujuan untuk meregistrasi ulang penerima bansos yang selama ini dinilai tidak tepat sasaran. Untuk itu pihaknya membuka kesempatan seluas-luasnya bagi masyarakat yang benar-benar memerlukan perlindungan sosial untuk mendaftarkan diri. ""Memberikan kesempatan luas kepada masyarakat untuk mendaftarkan dirinya jika memang memerlukan bansos dalam rangka perlindungan sosial,"" ujarnya. ""Baru di era Pak Presiden Prabowo inilah data dibuka, sehingga masyarakat bisa tahu kondisi data kita. Di sana diberi kesempatan untuk usul dan juga sanggah. Maka kalau sekarang terjadi perdebatan tentang data di mana-mana, karena pemerintahnya terbuka,"" sambungnya. (igo/fdl) ... Tautan telah disalin bansos data penerima digitalisasi kecerdasan buatan integrasi data perlindungan sosial Anda menyukai artikel ini Artikel disimpan",finance,https://finance.detik.com/berita-ekonomi-bisnis/d-8685766/data-penerima-bansos-dirombak-total-mulai-dipakai-2027
FN040,"Pertamina Siapkan Bisnis Energi Hijau Jadi Sumber Pertumbuhan Baru Dea Duta Aulia - detikFinance Rabu, 30 Sep 2026 12:24 WIB ... Tautan telah disalin Jakarta - PT Pertamina (Persero) terus berupaya mengembangkan bisnis energi rendah karbon untuk mendukung pertumbuhan ekonomi hijau menuju Indonesia Emas 2045. Di saat yang sama, Pertamina tetap menjalankan perannya dalam menjaga ketersediaan energi memenuhi kebutuhan masyarakat. Senior Vice President Business Sustainability Pertamina Wenny Ipmawan mengatakan, kedua hal tersebut berjalan beriringan dalam strategi pertumbuhan Pertamina. Perusahaan mengurangi emisi dari kegiatan operasionalnya sambil mengembangkan peluang bisnis baru, antara lain biofuel, panas bumi, listrik energi bersih, pengolahan sampah menjadi energi, dan hidrogen hijau. ""Kebutuhan energi Indonesia masih terus tumbuh. Karena itu, transisi energi harus dilakukan secara bertahap, sambil memastikan energi tetap tersedia dan peluang bisnis rendah karbon bisa berkembang,"" ujar Wenny dalam keterangan tertulis, Rabu (30/9/2026). Menurut Wenny, Pertamina memilih teknologi sesuai dengan kebutuhan dan karakteristik masing-masing kegiatan, termasuk tenaga surya, penyimpanan energi dengan baterai, serta penangkapan dan penyimpanan karbon. Pertamina juga terus meningkatkan efisiensi di kegiatan operasional, antara lain melalui penghematan energi, optimalisasi penggunaan bahan bakar, dan penerapan teknologi energi bersih. Langkah ini membantu menekan emisi sekaligus membuat operasi lebih efisien. ""Kami ingin inisiatif rendah karbon tidak berhenti pada tahap pengembangan teknologi. Proyeknya juga harus layak secara ekonomi dan dapat dijalankan secara komersial,"" kata Wenny. Sementara itu, Vice President Corporate Communication Pertamina Muhammad Baron mengatakan pengembangan bisnis rendah karbon merupakan bagian dari upaya Pertamina menyiapkan masa depan energi nasional. ""Sebagai perusahaan energi nasional, Pertamina terus memenuhi kebutuhan energi hari ini, sekaligus menyiapkan pilihan energi untuk masa depan. Kami berharap pengembangan bisnis rendah karbon dapat mendukung pertumbuhan ekonomi dan memberi manfaat yang lebih luas bagi Indonesia,"" ujar Baron. Kinerja program dekarbonisasi ini sukses diimplementasikan dengan capaian pengurangan emisi di atas target yang ditetapkan dalam Rencana Kerja Anggaran Perusahaan (RKAP) tahun 2026. Sepanjang semester I 2026, dekarbonisasi Pertamina Group berhasil mengurangi emisi karbon sebesar 118 persen di atas target 2026. ""Sebagai perusahaan energi kelas dunia, Pertamina berkomitmen menjalankan ESG sesuai dengan standar dunia. Dekarbonisasi Pertamina juga merupakan komitmen Perusahaan menjalankan target Pemerintah mencapai NZE pada tahun 2060,"" tutup Baron. Pertamina Talks 2026: Hobi Jaga Bumi, Eh Jadi Profesi Pertamina Talks 2026: Hobi Jaga Bumi, Eh Jadi Profesi (ega/ega) ... Tautan telah disalin energi hijau pertamina dekarbonisasi pertumbuhan ekonomi Anda menyukai artikel ini Artikel disimpan",finance,https://finance.detik.com/ekonomi-hijau/d-8685727/pertamina-siapkan-bisnis-energi-hijau-jadi-sumber-pertumbuhan-baru
FN041,"Respons Menhub soal Masinis KA Anggrek Jadi Tersangka Kecelakaan di Bekasi Andi Hidayat - detikFinance Rabu, 30 Sep 2026 12:09 WIB ... Tautan telah disalin Jakarta - Menteri Perhubungan (Menhub), Dudy Purwagandhi buka suara soal penetapan tersangka masinis KA Argo Bromo Anggrek dalam insiden kecelakaan di Bekasi Timur beberapa waktu lalu. Status ini ditetapkan dengan mempertimbangkan hasil investigasi keselamatan Komite Nasional Keselamatan Transportasi (KNKT) terkait insiden KA Argo Bromo Anggrek dan KA 5568A Commuter Line di Bekasi Timur. Dudy mengatakan, penetapan tersangka menjadi kewenangan aparat penegak hukum. Kemenhub menghormati seluruh keputusan dan proses hukum yang berjalan. ""Saya rasa itu adalah domainnya kepolisian atau aparat penegak hukum ya. Jadi, kami tentunya akan selalu mengikuti atau mentaati proses hukum yang berjalan,"" ungkap Dudy di Kompleks Parlemen, Senayan, Jakarta Pusat, Rabu (30/9/2026). SCROLL TO CONTINUE WITH CONTENT Baca juga: Investigasi KNKT Soal Insiden KA Argo Bromo Anggrek Terbit, KAI Buka Suara Dudy menegaskan, seluruh rekomendasi dari KNKT akan dijalankan oleh pemerintah maupun PT Kereta Api Indonesia (Persero) alias KAI sebagai operator. Ia menegaskan, pemerintah akan mematuhi seluruh proses hukum yang tengah berjalan. ADVERTISEMENT ""Kita akan lihat di rekomendasinya KNKT, kemudian Dirjen Perkeretaapian akan melakukan koordinasi secara teknis,"" pungkasnya. Sebagai informasi, Polda Metro Jaya menetapkan masinis KA Argo Bromo Anggrek, AN (37), sebagai tersangka. AN diduga terlambat melakukan pengereman hingga menyebabkan kecelakaan maut. Sementara itu, hasil investigasi KNKT menunjukkan adanya jejak pengereman yang dilakukan masinis KA Argo Bromo Anggrek dalam dua tahap, yakni service brake dan emergency brake. Pengereman tahap service brake berlangsung selama 37 detik, dimulai pada pukul 20.51.16. Saat itu, kereta berada sekitar 1.341 meter dari titik berhenti setelah tabrakan, yakni di Km 28+600 menuju Km 28+941. Jarak tersebut setara dengan sekitar 1.315 meter dari titik tabrakan dengan KRL KA 5568A di Km 28+915. (ahi/ara) ... Tautan telah disalin masinis ka anggrek kecelakaan kereta dudy purwagandhi Anda menyukai artikel ini Artikel disimpan",finance,https://finance.detik.com/berita-ekonomi-bisnis/d-8685693/respons-menhub-soal-masinis-ka-anggrek-jadi-tersangka-kecelakaan-di-bekasi
FN042,"Trump Bikin Iran Makin Panas, Harga Minyak Tembus US$ 103 per Barel Heri Purnomo - detikFinance Rabu, 30 Sep 2026 11:39 WIB ... Tautan telah disalin Jakarta - Harga minyak mentah dunia naik pada perdagangan Rabu (30/9/2026). Kenaikan terjadi setelah Presiden Amerika Serikat (AS) Donald Trump membantah adanya laporan bahwa dirinya bersedia melonggarkan sanksi terhadap Iran. Padahal, kedua negara sudah saling berkomunikasi untuk mencari jalan terbaik. Dikutip dari Reuters , harga minyak mentah Brent berjangka naik US$ 1,14, atau 1,11%, menjadi US$ 103,73 per barel. Begitu juga untuk minyak mentah West Texas Intermediate AS naik 34 sen, atau 0,38%, menjadi US$ 89,72. Brent berada di jalur kenaikan bulanan sekitar 14%, yang akan menjadi kenaikan terbesar sejak Juli. Sedangkan WTI diperkirakan mencatat kenaikan sekitar 4% setelah sempat menembus US$ 106 per barel untuk pertama kalinya sejak Mei. SCROLL TO CONTINUE WITH CONTENT Pada Selasa, Juru Bicara Kementerian Luar Negeri Qatar, Majed al-Ansari mengatakan bahwa mereka berharap diplomasi ulang-alik antara Iran dan AS dapat menghasilkan terobosan. ""Kami saling bertukar pesan antara kedua pihak, dan kami berupaya untuk membangun titik temu agar dapat mencapai kesepakatan yang akan menyelamatkan kita semua dari dampak buruk konflik ini,"" katanya. ADVERTISEMENT Namun, Trump membantah laporan Axios yang mengutip pejabat AS yang mengatakan bahwa ia bersedia memberikan keringanan sanksi kepada Iran dan mencairkan dana Iran yang dibekukan sebagai imbalan atas langkah-langkah ""konkret"" dari Teheran terkait program nuklirnya. ""Ini tidak benar. Saya tidak menawarkan apa pun kepada mereka,"" tulis Trump di Truth Social. Di sisi lain, Arab Saudi melanjutkan pemuatan kapal tanker minyak dari pelabuhan Yanbu di Laut Merah setelah memulai kembali operasi pada Pipa Timur-Barat. Ekspor minyak mentah dari produsen Timur Tengah pulih pada bulan September menjadi 16,328 juta barel per hari, tertinggi sejak perang AS-Israel dengan Iran dimulai pada akhir Februari. Persediaan minyak mentah dan bensin AS meningkat, sementara stok distilat menurun pekan lalu, kata sumber pasar pada hari Selasa, mengutip data dari American Petroleum Institute. Menurut sumber, stok minyak mentah meningkat sebesar 1,02 juta barel pada pekan yang berakhir tanggal 25 September. (hrp/fdl) ... Tautan telah disalin sanksi iran harga minyak pasar minyak dunia donald trump Anda menyukai artikel ini Artikel disimpan",finance,https://finance.detik.com/energi/d-8685654/trump-bikin-iran-makin-panas-harga-minyak-tembus-us-103-per-barel
FN043,"LRT Jabodebek Uji Coba Berangkat Pukul 05.30 WIB Besok Ilyas Fadilah - detikFinance Rabu, 30 Sep 2026 11:13 WIB ... Tautan telah disalin Jakarta - PT Kereta Api Indonesia (Persero) melakukan uji coba perjalanan LRT Jabodebek lebih awal. Uji coba perjalanan tersebut akan dilakukan pada Kamis (1/10) hingga Sabtu (3/10), kemudian dilanjutkan pada Senin (5/10) hingga Sabtu (10/10). Dalam periode tersebut, LRT Jabodebek akan melakukan perjalanan pada relasi Dukuh Atas Bank Syariah Indonesia-Jatimulya dengan keberangkatan awal pukul 05.30 WIB. Setelah itu, perjalanan kembali mengikuti jadwal reguler mulai pukul 06.05 WIB dan seterusnya. Perjalanan uji coba LRT Jabodebek pada pukul 05.30 WIB dijadwalkan tiba di Stasiun Halim pada pukul 05.54 WIB. Waktu tersebut memberikan alternatif bagi masyarakat yang membutuhkan perjalanan lebih awal untuk melanjutkan perjalanan menggunakan Kereta Cepat Whoosh dari Stasiun Halim. SCROLL TO CONTINUE WITH CONTENT Baca juga: LRT Jabodebek Gangguan, Penumpang Dialihkan di Cawang Manager of Public Relations LRT Jabodebek, Radhitya Mardika, mengatakan konektivitas antarmoda menjadi bagian penting dalam menghadirkan perjalanan transportasi publik yang lebih terintegrasi. ADVERTISEMENT ""Melalui uji coba ini, LRT Jabodebek berupaya melihat kesesuaian perjalanan lebih awal dengan kebutuhan mobilitas masyarakat yang akan melanjutkan perjalanan menggunakan Kereta Cepat Whoosh,"" ujar Radhitya dalam keterangan tertulis, Rabu (30/9/2026). LRT Jabodebek terhubung dengan Kereta Cepat Whoosh melalui Stasiun Halim. Konektivitas tersebut memungkinkan masyarakat dari kawasan yang dilayani LRT Jabodebek untuk melanjutkan perjalanan menggunakan kereta cepat menuju Bandung dan sejumlah tujuan lainnya. Uji coba perjalanan lebih awal ini juga menjadi bagian dari evaluasi layanan LRT Jabodebek. Selama periode uji coba, KAI akan melakukan pengamatan terhadap pola perjalanan dan kebutuhan pengguna sebagai bahan evaluasi dalam meningkatkan kualitas layanan serta konektivitas antarmoda. ""Uji coba bukan hanya mengenai penyesuaian waktu perjalanan, namun juga bagaimana memastikan konektivitas antarmoda dapat berjalan secara efektif. Karena itu, pelaksanaan ini akan terus dievaluasi dengan tetap mengutamakan keselamatan, keandalan, dan kenyamanan pengguna,"" tambahnya. Bagi masyarakat yang akan menggunakan Kereta Cepat Whoosh pada keberangkatan pagi dari Stasiun Halim, perjalanan LRT Jabodebek pukul 05.30 WIB dapat menjadi pilihan untuk menuju Stasiun Halim. Pengguna diimbau memperhatikan jadwal masing-masing moda dan memperhitungkan waktu perpindahan agar perjalanan dapat berlangsung dengan optimal. ""Harapannya, masyarakat semakin mudah merencanakan perjalanan menggunakan transportasi publik secara terintegrasi, mulai dari kawasan asal, perpindahan antarmoda, hingga mencapai tujuan akhir,"" tutup Radhitya. Lihat juga Video 'LRT Manggarai-Dukuh Atas Butuh Rp 2,7 T, Pramono: Bisa Obligasi-Danantara': [Gambas:Video 20detik] (acd/acd) ... Tautan telah disalin lrt jabodebek uji coba lrt transportasi publik kereta cepat whoosh konektivitas antarmoda Anda menyukai artikel ini Artikel disimpan",finance,https://finance.detik.com/berita-ekonomi-bisnis/d-8685573/lrt-jabodebek-uji-coba-berangkat-pukul-05-30-wib-besok
FN044,"Kementerian PU Siapkan 160 Ribu Meter Kubik Air di Wanam Merauke Dea Duta Aulia - detikFinance Rabu, 30 Sep 2026 11:07 WIB ... Tautan telah disalin Jakarta - Kementerian Pekerjaan Umum (PU) menyiapkan alternatif pemenuhan kebutuhan air untuk mendukung rencana panen raya perdana di Kawasan Swasembada Pangan, Energi, dan Air Nasional (KSPEAN) di Wanam, Kabupaten Merauke, Papua Selatan. Kesiapan sumber air menjadi salah satu variabel penting menjelang panen di kawasan tersebut. Salah satu alternatifnya adalah memanfaatkan air rawa dengan estimasi ketersediaan volume air sekitar 160.000 meter kubik. Alternatif lainnya adalah pemanfaatan air tanah melalui pembangunan sumur setelah dilakukan survei geolistrik untuk mengidentifikasi akuifer dan potensi air tanah. Menteri PU Dody Hanggodo mengatakan pengembangan lumbung pangan di berbagai daerah merupakan langkah strategis Presiden Prabowo Subianto dalam mewujudkan swasembada pangan nasional. SCROLL TO CONTINUE WITH CONTENT ""Sekitar Oktober-November akan ada panen raya padi di Wanam sekitar 180 hektar, (produksi) bisa sekitar 130-140 ton. Bagaimana hebatnya Pak Presiden naruh lumbung pangan nasional di seluruh titik di Indonesia, nggak cuma satu titik di pulau Jawa, Sumatera, Sulawesi. Jadi begitu di sini kering, di sana masih ada hujan. Hari ini kita bicara cuaca paling bagus di Papua. Untung kita masih punya Wanam,"" kata Dody dalam keterangan tertulis, Rabu (30/9/2026). Di lokasi panen raya perdana tersebut, luas pengolahan tanah mencapai 220 hektar dengan luas penanaman hingga 127 hektar. Pada lokasi tanam bagian selatan seluas 107 hektare, kebutuhan air tercatat 48.384 meter kubik dengan ketersediaan 52.410 meter kubik. ADVERTISEMENT Sementara itu, pada lokasi bagian utara seluas 20 hektare, kebutuhan air mencapai 34.560 meter kubik dengan ketersediaan 805 meter kubik sehingga masih terdapat defisit yang perlu dipenuhi melalui sumber air alternatif. Secara keseluruhan, pengembangan KSPEAN Wanam yang merupakan amanat Inpres 14 Tahun 2025 ini mencakup lahan seluas 10.000 hektare dengan karakteristik hidrotopografi yang berbeda, mulai dari lahan kering, semi-basah, hingga rawa. Kondisi tersebut membutuhkan sistem pengelolaan air yang disesuaikan dengan karakteristik masing-masing kawasan. Untuk mendukung sistem tata air di KSPEAN Wanam tersebut, pembangunan jaringan irigasi rawa dan pengendalian banjir terus dilakukan Kementerian PU. Hingga 25 September 2026, realisasi pembangunan infrastruktur SDA mencapai sekitar 125,6 kilometer dari total target 179,1 kilometer. Kondisi tersebut menunjukkan bahwa pembangunan infrastruktur sumber daya air (SDA) menjadi salah satu kunci dalam mendukung keberlanjutan kegiatan pertanian di Papua Selatan. Selain memastikan air tersedia saat dibutuhkan, sistem tata air juga diperlukan untuk mengendalikan kelebihan air pada kawasan rawa sehingga lahan dapat dimanfaatkan secara lebih optimal. ""Melalui pembangunan jaringan irigasi rawa, pengendalian banjir, serta penyiapan sumber air alternatif, Kementerian PU terus memperkuat dukungan infrastruktur untuk kawasan KSPEAN Wanam. Infrastruktur tersebut diharapkan menjadi fondasi bagi pengembangan lahan pertanian sekaligus mendukung terwujudnya swasembada pangan nasional,"" tutupnya. Video Eks Dirjen SDA Kementerian PU Jadi Tersangka Kasus Korupsi Rp 16 M Video Eks Dirjen SDA Kementerian PU Jadi Tersangka Kasus Korupsi Rp 16 M (ega/ega) ... Tautan telah disalin kementerian pu wanam merauke swasembada pangan Anda menyukai artikel ini Artikel disimpan",finance,https://finance.detik.com/infrastruktur/d-8685565/kementerian-pu-siapkan-160-ribu-meter-kubik-air-di-wanam-merauke
FN045,"Prabowo Minta Audit Forensik Keuangan Haji, BPKH Siap Buka Data Andi Hidayat - detikFinance Rabu, 30 Sep 2026 11:02 WIB ... Tautan telah disalin Jakarta - Badan Pengelola Keuangan Haji (BPKH) siap mendukung rencana audit forensik tata kelola Keuangan Haji. BPKH juga akan menyediakan data dan dokumen yang dibutuhkan sesuai ketentuan. Hal tersebut menjadi salah satu arahan dari Presiden Prabowo Subianto kepada Wakil Menteri Haji dan Umrah, Dahnil Anzar Simanjuntak. Pemerintah akan berkoordinasi dengan Badan Pengawasan Keuangan dan Pembangunan (BPKP) terkait pelaksanaannya. ""Pemeriksaan merupakan bagian penting untuk memastikan Keuangan Haji dikelola secara transparan, akuntabel, hati-hati, dan sesuai prinsip syariah,"" ujar Kepala Badan Pelaksana BPKH, Fadlul Imansyah dalam keterangan tertulis, Rabu (30/9/2026). SCROLL TO CONTINUE WITH CONTENT Baca juga: Prabowo Minta Dana BPKH Diaudit dan Sikat Kartel Haji-Umrah BPKH mengatakan, mekanisme audit dan pengawasan telah dijalankan selama pengelolaan keuangan haji dilakukan. Laporan keuangan BPKH juga diaudit secara rutin oleh Badan Pemeriksa Keuangan (BPK) dan memperoleh opini Wajar Tanpa Pengecualian (WTP) delapan kali berturut-turut. ADVERTISEMENT Laporan Keuangan Konsolidasian BPKH dan entitas anak tahun 2025 juga telah dipublikasikan melalui kanal resmi BPKH. Langkah audit forensik nantinya dilaksanakan dengan prasyarat tata kelola yang jelas mencakup mandat dan kewenangan pemeriksaan yang tegas, independensi dan objektivitas, ruang lingkup dan metodologi yang terdokumentasi, pengamanan dan jejak akses data, perlindungan kerahasiaan informasi, hingga mekanisme pengendalian mutu. Setiap temuan dianggap perlu didukung bukti yang sahih, terdokumentasi, dapat ditelusuri, serta disampaikan melalui mekanisme pelaporan dan tindak lanjut yang akuntabel. Audit forensik juga dinilai memperkuat pemahaman atas integritas data, ketepatgunaan nilai manfaat, dan keberlanjutan Keuangan Haji. ""Pemeriksaan perlu merekonsiliasi data SISKOHAT, nomor porsi, setoran awal, pelunasan, nilai manfaat pada virtual account , kuota, status keberangkatan, pembatalan, pengembalian dana, dan data jemaah berangkat,"" kata Anggota Badan Pelaksana BPKH Bidang Keuangan dan Akuntansi, Amri Yusuf. Baca juga: Dana Kelolaan BPKH Naik 7%, Ini Rinciannya Data tersebut perlu dicocokkan dengan catatan BPKH, data BPS Bipih, rekening bank, dan realisasi keberangkatan untuk memastikan tidak ada data ganda, ketidaksesuaian, atau perubahan data yang tidak sah. Pemeriksaan juga perlu memastikan nilai manfaat yang diberikan kepada jemaah sesuai formula BPIH-Bipih, jumlah jemaah, embarkasi, serta layanan yang diterima, mulai dari penerbangan, akomodasi, konsumsi, transportasi, living cost , hingga layanan di Arafah, Muzdalifah, dan Mina. ""Hasil audit juga perlu menjadi basis perhitungan keberlanjutan Keuangan Haji dengan mempertimbangkan aset, kewajiban, arus kas, hasil investasi, nilai manfaat, kebutuhan likuiditas, jumlah jemaah masa tunggu, biaya haji, dan berbagai skenario risiko,"" lanjut Amri. (ahi/ara) ... Tautan telah disalin audit forensik keuangan haji bpkh prabowo subianto Anda menyukai artikel ini Artikel disimpan",finance,https://finance.detik.com/berita-ekonomi-bisnis/d-8685550/prabowo-minta-audit-forensik-keuangan-haji-bpkh-siap-buka-data
FN046,"Foto Bisnis Dari Cipratan Jadi Cuan, Warga Disabilitas Berkarya Lewat Batik di Klaten Rengga Sancaya - detikFinance Rabu, 30 Sep 2026 11:00 WIB ... Tautan telah disalin Klaten - Warga disabilitas di Klaten berkarya lewat batik ciprat. Kain bermotif unik ini menjadi bentuk pemberdayaan sekaligus membuka peluang penghasilan bagi keluarga. ... Tautan telah disalin batik ciprat tombo ati di klaten warga disabilitas berkarya lewat batik fotodetikfinance fotodetikcom Anda menyukai artikel ini Artikel disimpan",finance,https://finance.detik.com/foto-bisnis/d-8684756/dari-cipratan-jadi-cuan-warga-disabilitas-berkarya-lewat-batik-di-klaten
FN047,"Atasi Antrean di Gilimanuk, Revitalisasi Dermaga Bulusan Diminta Dikebut Ignacio Geordi Oswaldo - detikFinance Rabu, 30 Sep 2026 10:49 WIB ... Tautan telah disalin Jakarta - Antrean Ketapang-Gilimanuk Tembus 12 Km, Ternyata Bukan Kekurangan Kapal Antrean kendaraan di Pelabuhan Ketapang-Gilimanuk, Banyuwangi, mencapai 12 kilometer. Antrean panjang terjadi, dinilai karena keterbatasan dermaga, bukan karena kekurangan kapal. Kondisi tersebut dinilai berpotensi menghambat aktivitas ekonomi, termasuk sektor industri dan pariwisata. ""Saya mengajak seluruh stakeholder angkutan penyeberangan, mulai dari regulator KSOP, BPTD dan GM PT ASDP Indonesia Ferry, beserta Ketua serta Anggota DPRD Kabupaten Banyuwangi serta asosiasi pengusaha penyeberangan Gapasdap, Aptrindo, perwakilan Dishub Jatim, untuk mencari solusi pengentasan kemacetan akibat kurangnya dermaga, baik di Ketapang maupun Gilimanuk,"" kata Anggota DPR RI Bambang Haryo Soekartono (BHS) dalam keterangannya, Rabu (30/9/2026). SCROLL TO CONTINUE WITH CONTENT BHS menegaskan jumlah kapal yang dapat beroperasi saat ini jauh lebih sedikit dibandingkan sebelum revitalisasi dermaga. ""Saya tegaskan, terjadinya kemacetan ini bukan karena kekurangan kapal. Tapi karena kekurangan dermaga. Sampai dengan sekarang ini jumlah kapal yang bisa beroperasi hanya sekitar 28 kapal dari 58 kapal pada saat sebelum revitalisasi dermaga. Dengan adanya revitalisasi dermaga kapal yang bisa beroperasi berkurang menjadi hanya 24 kapal. Jadi di saat masyarakat terjebak kemacetan parah ironisnya, kapal yang beroperasi hanya bisa sekitar 40% dari jumlah kapal keseluruhan bukan karena rusak tetapi karena keterbatasan dermaga,"" tegas BHS. ADVERTISEMENT ""Dermaga ini adalah merupakan tanggung jawab sepenuhnya dari pengelola kepelabuhanan,"" tegas BHS. Menurut BHS, kapasitas dermaga saat ini juga terdampak pengerjaan peningkatan kapasitas Dermaga MB V Ketapang dan Dermaga II Gilimanuk. Kondisi tersebut membuat kapasitas produksi turun sekitar 20% dan antrean kendaraan di lintasan Ketapang-Gilimanuk semakin panjang. Untuk mengurai antrean, BHS mengusulkan percepatan proses bongkar muat kapal. Saat ini proses tersebut disebut membutuhkan waktu sekitar 35 menit dan diusulkan dipangkas menjadi 15 menit. ""Maka itu, saya mengusulkan untuk melakukan percepatan proses bongkar muat kapal yang saat ini 35 menit yang seharusnya bisa di mampatkan menjadi 15 menit dan alhamdulillah seluruh perusahaan pelayaran menyanggupi percepatan tersebut, sehingga jumlah trip dan kapasitas muat bisa bertambah sekitar 50 persen"" Ujar BHS. Selain mempercepat bongkar muat, BHS menyarankan Dermaga Bulusan yang dikelola Pemprov Jawa Timur segera direvitalisasi. Termasuk memperbaiki tiang pancang dolphin yang saat ini rubuh. Ia meminta pengerjaan dipercepat oleh PT ASDP Indonesia Ferry agar Dermaga Bulusan dapat kembali digunakan untuk operasional kapal tanpa harus menunggu proses pengerjaan dari Pemerintah Provinsi Jawa Timur. BHS juga menilai Dermaga Pelengsengan Ketapang masih dapat dioptimalkan dengan merapatkan dan memanjangkan beton pelengsengan. Dengan begitu, kapasitas sandaran kapal dapat ditingkatkan dari tiga kapal menjadi empat hingga lima kapal. Hal serupa dapat dilakukan di Dermaga Pelengsengan Gilimanuk. Beton pelengsengan dinilai dapat diperpanjang sehingga kapasitasnya meningkat dari tiga kapal menjadi empat hingga lima kapal. Penyelesaian pekerjaan pelengsengan tersebut diharapkan dilakukan PT ASDP Indonesia Ferry dalam waktu tidak lebih dari satu bulan. BHS juga berharap pengerjaan Dermaga MB V dan Dermaga II Gilimanuk dapat selesai lebih cepat dari target semula. ""Sehingga diharapkan kekurangan dermaga yang saat ini terjadi dan menyebabkan kemacetan bisa diselesaikan dengan mengaktifkan serta mengoptimalkan seluruh fasilitas yang ada, sambil Pemerintah pusat, PT ASDP bisa mengusahakan penambahan pasang dermaga lagi agar jumlah kapal yang saat ini tidak bisa beroperasi 50% akibat kekurangan dermaga, bisa lebih dioptimalkan dengan adanya tambahan dermaga dalam jangka Waktu ke depan"" Pungkas BHS (igo/fdl) ... Tautan telah disalin antrean kendaraan pelabuhan ketapang-gilimanuk kekurangan dermaga Anda menyukai artikel ini Artikel disimpan",finance,https://finance.detik.com/infrastruktur/d-8685593/atasi-antrean-di-gilimanuk-revitalisasi-dermaga-bulusan-diminta-dikebut
FN048,"Bukan Cuma Gaya Hidup, Stres Finansial Juga Bisa Picu Gangguan Jantung Inkana Izatifiqa R. Putri - detikFinance Rabu, 30 Sep 2026 10:46 WIB ... Tautan telah disalin Jakarta - Peringatan Hari Jantung Sedunia setiap tanggal 29 September identik dengan ajakan pola hidup sehat. Namun, ada satu faktor risiko penyakit jantung yang sering luput dari perhatian, yakni stres finansial. Melansir CNN, sebuah studi yang diterbitkan dalam jurnal Mayo Clinic Proceedings menyebut kekhawatiran tentang uang dan makanan dapat mempercepat penuaan jantung, bahkan lebih cepat daripada faktor risiko penyakit kardiovaskular tradisional. ""Ketika para peneliti mengukur penuaan jantung, ini mengacu pada perubahan struktural dan fungsional pada sistem kardiovaskular yang meningkatkan risiko penyakit jantung. Ini termasuk pengerasan pembuluh darah, perubahan fungsi otot jantung, dan penurunan kemampuan sistem kardiovaskular untuk merespons aktivitas fisik,"" ungkap Dr. Leana Wen dikutip dari CNN. SCROLL TO CONTINUE WITH CONTENT Kondisi ekonomi yang tidak menentu, kenaikan harga barang, tumpukan utang, hingga tidak adanya dana darurat dapat memicu stres finansial berkepanjangan, yang berisiko pada kesehatan jantung. Karena itu, menjaga kesehatan jantung tidak cukup hanya dengan pola hidup sehat, tetapi juga harus dibarengi dengan manajemen keuangan yang sehat agar pikiran tetap tenang. ADVERTISEMENT Bangun Ketenangan Finansial dengan Investasi Safe Haven Selain rutin olahraga dan mengonsumsi makanan sehat , kunci utama untuk meredam stres finansial adalah dengan membangun ketenangan finansial. Hal ini bisa diraih jika seseorang memiliki perencanaan keuangan yang tepat. Perencanaan keuangan dapat dilakukan dengan mengatur pengeluaran, menyiapkan dana darurat, dan memilih instrumen investasi sesuai tujuan serta profil risiko. Di tengah kondisi ekonomi yang tak pasti, investasi aset yang nilainya relatif stabil atau safe haven bisa menjadi pilihan tepat. Sesuai namanya, aset safe haven merupakan jenis investasi yang nilainya cenderung stabil atau bahkan meningkat. Memiliki aset safe haven dapat memberikan ketenangan sehingga mengurangi beban pikiran. Emas Jadi Solusi Investasi Tepat Emas telah lama menjadi salah satu instrumen safe haven yang tepat. Jika instrumen lainnya kerap membuat jantung investor berdebar , emas justru memiliki nilai yang cenderung stabil dan tahan terhadap inflasi dan tepat terhadap inflasi. Untuk mewujudkan ketenangan finansial, Pegadaian menghadirkan berbagai layanan investasi emas, di antaranya: 1. Emas Pegadaian Emas Pegadaian memungkinkan nasabah untuk menyimpan emas dalam bentuk saldo digital. Kamu bisa membeli, menyimpan, dan menambah saldo emas digital secara mudah, praktis, serta terjangkau mulai dari Rp10.000 lewat aplikasi Tring! By Pegadaian. 2. Cicil Emas Pegadaian Layanan ini memungkinkan kamu menambah kepemilikan emas secara bertahap melalui angsuran. Cicil Emas juga menawarkan fleksibilitas jangka waktu pembayaran, mulai dari 12 bulan. Ada pula kemudahan pelunasan dipercepat sehingga emas bisa diperoleh lebih cepat tanpa menunggu jangka waktu berakhir 3. Deposito Emas Pegadaian Deposito Emas dari Pegadaian memungkinkan nasabah menempatkan dana dalam bentuk emas dengan jangka waktu fleksibel, mulai dari 6, 9, hingga 12 bulan. Selain itu, pencairan dana pun dapat dilakukan dengan mudah sesuai masa jatuh tempo atau kebutuhan nasabah. Jadi, tunggu apa lagi? Saatnya mulai investasi emas sekarang di aplikasi Tring! By Pegadaian. Karena jantung yang sehat berawal dari pikiran dan keuangan yang tenang. Video: Mau Coba HYROX? Perhatikan Ini Dulu! Video: Mau Coba HYROX? Perhatikan Ini Dulu! (prf/ega) ... Tautan telah disalin stres finansial kesehatan jantung investasi emas pegadaian Anda menyukai artikel ini Artikel disimpan",finance,https://finance.detik.com/berita-ekonomi-bisnis/d-8685525/bukan-cuma-gaya-hidup-stres-finansial-juga-bisa-picu-gangguan-jantung
FN049,"Pasar Batu Bara RI Masih Menjanjikan, Kualitas Jadi Penentu Nilai Kargo Fadhly Fauzi Rachman - detikFinance Rabu, 30 Sep 2026 10:40 WIB ... Tautan telah disalin Jakarta - Kualitas, spesifikasi, dan kuantitas batu bara dapat memengaruhi nilai suatu kargo. Karena itu, pengujian dan pengawasan di sepanjang rantai pasok menjadi bagian penting dalam perdagangan batu bara. Hal tersebut disampaikan Direktur Utama PT SUCOFINDO (Persero) Sandry Pasambuna dalam agenda Coaltrans Asia 2026. Ia menjadi pembicara dalam sesi *Market Intelligence Briefing: Pricing Signals vs. Physical Market Reality*. Menurut Sandry, pasar batu bara Indonesia masih memiliki potensi pertumbuhan dan menjadi bagian dari perdagangan energi global. Letak geografis serta beragamnya jenis dan kualitas batu bara menjadi salah satu faktor yang mendukung perdagangan tersebut. SCROLL TO CONTINUE WITH CONTENT ""Letak geografis Indonesia yang strategis, didukung oleh keberagaman jenis dan kualitas batu bara, menjadi salah satu keunggulan dalam memenuhi kebutuhan pasar internasional. Potensi tersebut perlu diiringi dengan rantai pasok yang andal, transparan dan mampu memenuhi standar yang dipersyaratkan oleh pasar global. Menjawab kebutuhan tersebut, SUCOFINDO sebagai BUMN yang bergerak di bidang *Testing, Inspection, Certification* (TIC) hadir dengan kapabilitas dan layanan terintegrasi untuk mendukung pengelolaan kualitas dan pemenuhan standar batu bara secara komprehensif di sepanjang rantai pasok,"" jelas Sandry Pasambuna. Sandry menjelaskan setiap batu bara memiliki kualitas, spesifikasi, kuantitas, dan kondisi yang berbeda. Perbedaan tersebut dapat memengaruhi nilai aktual suatu kargo. ADVERTISEMENT ""SUCOFINDO memiliki peran strategis sebagai pihak independen yang memiliki kemampuan dalam memberikan layanan *assurance* batu bara secara terintegrasi dari hulu hingga hilir, mulai dari pengujian kualitas, pengambilan sampel, pengawasan proses produksi dan pemuatan, hingga verifikasi di pelabuhan tujuan,"" jelas Sandry Pasambuna dalam paparan materi *Pricing Signals vs. Physical Market Reality*. SUCOFINDO menyediakan layanan pengujian dan pengawasan batu bara dari proses produksi hingga pengiriman. Layanan tersebut mencakup pengujian kualitas, pengambilan sampel, pengawasan produksi dan pemuatan, hingga verifikasi di pelabuhan tujuan. ""SUCOFINDO hadir memberikan *assurance* di berbagai titik aktivitas rantai bisnis batu bara melalui kegiatan inspeksi, supervisi, dan pengujian kualitas serta kuantitas secara professional dan akurat, yang dimulai dari hulu hingga ke hilir, dimulai dari proses eksplorasi, penambangan, penumpukan, pengawasan kualitas dan kuantitas, pemuatan hingga sampai pada pembongkaran di pelabuhan tujuan,"" tutur Sandry Pasambuna. Dalam operasionalnya, SUCOFINDO memiliki 93 titik layanan dan 68 laboratorium yang tersebar di Indonesia. Sandry mengatakan layanan tersebut juga dapat menghubungkan kebutuhan regulator dan pelaku usaha dalam perdagangan batu bara. ""Kapabilitas SUCOFINDO dapat menjadi jembatan penghubung di dalam ekosistem bisnis batu bara antara regulator dan pengusaha di dalam memaksimalkan *revenue* baik untuk negara maupun pengusaha."" Selain pengujian komoditas, SUCOFINDO menyediakan layanan terkait infrastruktur pertambangan, termasuk pengujian geoteknik, mekanika tanah, dan batuan. ""Tidak hanya memberikan layanan bagi komoditi, akan tetapi SUCOFINDO juga menghadirkan layanan di bidang infrastruktur pertambangan batu bara melalui layanan pengujian geoteknik, mekanika tanah dan batuan di dalam pembangunan sarana-prasarana pertambangan batu bara,"" ujar Sandry Pasambuna. Sandry mengatakan layanan, data, dan keahlian akan terus diintegrasikan untuk mendukung perdagangan batu bara. ""Ke depan, SUCOFINDO terus memperkuat integrasi layanan, data, dan keahlian untuk mendukung ekosistem bisnis/perdagangan batu bara yang semakin terukur, transparan, dapat ditelusuri, dan andal, sekaligus memberikan nilai tambah bagi pelaku usaha Indonesia dalam memenuhi (fdl/fdl) ... Tautan telah disalin pasar batu bara kualitas batu bara perdagangan energi Anda menyukai artikel ini Artikel disimpan",finance,https://finance.detik.com/energi/d-8685570/pasar-batu-bara-ri-masih-menjanjikan-kualitas-jadi-penentu-nilai-kargo
FN050,"Dolar AS Mulai Jinak ke Rp 17.912 Heri Purnomo - detikFinance Rabu, 30 Sep 2026 10:08 WIB ... Tautan telah disalin Jakarta - Nilai tukar dolar Amerika Serikat (AS) melemah terhadap rupiah pagi ini. Mata uang Paman Sam kini berada di level Rp 17.900. Dikutip dari data Bloomberg, Rabu (30/9/2026), nilai tukar dolar AS berada pada level Rp 17.912 atau melemah 0,38%. Baca juga: Dolar AS Diramal Masih Rp 18.000 sampai Akhir Tahun, Setelah Itu? SCROLL TO CONTINUE WITH CONTENT Selanjutnya, pergerakan dolar AS terhadap sejumlah mata uang lainnya bervariasi namun cenderung stagnan. Nilai tukar dolar AS terhadap dolar Kanada, CHF Swiss France, dan dolar Hong Kong berada pada posisi stagnan. ADVERTISEMENT Sementara untuk dolar AS melemah 0,73% terhadap yen Jepang. Di sisi lain, nilai tukar dolar AS terhadap won Korea menguat 4,06%. (acd/acd) ... Tautan telah disalin dolar as nilai tukar rupiah ekonomi indonesia mata uang pergerakan mata uang yen jepang Anda menyukai artikel ini Artikel disimpan",finance,https://finance.detik.com/bursa-dan-valas/d-8685462/dolar-as-mulai-jinak-ke-rp-17-912
FN051,"VKTR Incar Dana Rp 3 T dari Rights Issue Retno Ayuningrum - detikFinance Rabu, 30 Sep 2026 09:35 WIB ... Tautan telah disalin Jakarta - PT VKTR Teknologi Mobilitas Tbk (VKTR) memperoleh pernyataan efektif dari Otoritas Jasa Keuangan (OJK) untuk melaksanakan Penambahan Modal dengan Hak Memesan Efek Terlebih Dahulu I (PMHMETD I) atau rights issue. VKTR akan melaksanakan PMHMETD I dengan menawarkan sebanyak 15 miliar saham biasa dengan nilai nominal Rp 10 per saham dan harga pelaksanaan sebesar Rp 200 per saham. Dari situ, total dana yang bakal dihimpun mencapai Rp 3 triliun sebelum dikurangi biaya-biaya terkait pelaksanaan PMHMETD I. ""PMHMETD I merupakan bagian dari langkah VKTR untuk memperkuat fondasi pertumbuhan bisnis kendaraan listrik komersial di Indonesia. Kami melihat peluang yang semakin besar seiring dengan meningkatnya kebutuhan elektrifikasi di berbagai sektor. Karena itu, penguatan permodalan ini kami arahkan tidak hanya untuk mendukung kebutuhan modal kerja, tetapi juga memperbesar kapasitas VKTR dalam menyediakan kendaraan sekaligus solusi yang dapat mempercepat adopsi kendaraan listrik oleh operator dan pelaku usaha,"" kata Direktur Utama VKTR, A Ardiansyah Bakrie dalam keterangannya, Rabu (30/9/2026). SCROLL TO CONTINUE WITH CONTENT Berdasarkan struktur PMHMETD I, setiap pemegang 35 saham VKTR yang namanya tercatat dalam Daftar Pemegang Saham (DPS) pada 8 Oktober 2026 pukul 16.15 WIB akan memperoleh 12 Hak Memesan Efek Terlebih Dahulu (HMETD). HMETD dapat diperdagangkan di Bursa Efek Indonesia (BEI) maupun di luar BEI selama 10 Hari Bursa, yaitu pada 12 Oktober 2026 - 16 Oktober 2026 dan 19 Oktober 2026 - 23 Oktober 2026. Saham Baru hasil pelaksanaan HMETD akan dicatatkan di BEI pada 12 Oktober 2026, dengan tanggal terakhir pelaksanaan HMETD pada 23 Oktober 2026. Dalam pelaksanaan PMHMETD I, PT Bakrie & Brothers Tbk (BNBR) selaku Pemegang Saham Utama menyatakan tidak akan melaksanakan HMETD yang dimilikinya sesuai dengan porsinya dan akan mengalihkan seluruh HMETD tersebut kepada PT Bakrie Capital Indonesia (BCI). Selanjutnya, BCI akan melaksanakan seluruh HMETD yang dialihkan oleh BNBR sebanyak 3.660.631.994 saham dengan harga pelaksanaan Rp200 per saham, dengan nilai keseluruhan sebesar Rp732.126.398.800. ADVERTISEMENT Selain itu, apabila masih terdapat saham baru yang tidak diambil bagian oleh pemegang saham setelah proses penjatahan, BCI dan PT Biofuel Indo Sumatra (BIS) akan bertindak sebagai pembeli siaga untuk mengambil seluruh sisa saham baru tersebut sesuai dengan ketentuan yang berlaku. Secara keseluruhan, BCI dan BIS akan bertindak sebagai pembeli siaga untuk sebanyak 11.339.368.006 saham dengan nilai hingga Rp 2.267.873.601.200. Dari jumlah tersebut, BCI akan mengambil sebanyak-banyaknya 3.089.368.006 006 saham atau senilai hingga Rp 617.873.601.200, sedangkan BIS akan mengambil sebanyak-banyaknya 8.250.000.000 saham atau senilai hingga Rp 1.650.000.000.000. Struktur tersebut memberikan dukungan terhadap pelaksanaan PMHMETD I sekaligus memberikan kepastian atas terserapnya sisa saham baru yang ditawarkan, sehingga PMHMETD I dapat memenuhi kebutuhan dana VKTR yang akan diperoleh dari PMHMETD I dengan tunduk pada ketentuan yang tercantum dalam Prospektus. Dengan asumsi seluruh saham baru diterbitkan, pemegang saham VKTR yang tidak melaksanakan HMETD yang menjadi haknya akan mengalami dilusi kepemilikan saham dalam VKTR sampai dengan 25,53% setelah pelaksanaan PMHMETD I. Dana hasil PMHMETD I, setelah dikurangi biaya pelaksanaan, akan diarahkan untuk memperkuat kapasitas VKTR dalam merespon pertumbuhan permintaan kendaraan listrik komersial sekaligus memperluas akses operator dan pelaku usaha terhadap solusi elektrifikasi. Sekitar 66,86% dari dana bersih akan disalurkan melalui setoran modal kepada PT Sarana Ekomobilitas Indonesia (SEI) untuk mendukung pembelian kendaraan listrik dari VKTR yang diperkirakan berlangsung pada 2026-2027. Sementara itu, sisa dana PMHMETD I akan digunakan sebagai modal kerja VKTR, termasuk untuk kebutuhan operasional dan pengadaan persediaan kendaraan listrik, yang mencakup bus listrik, truk listrik, transporter listrik, dan forklift listrik, serta biaya-biaya lainnya yang berkaitan dengan pembelian persediaan tersebut. (acd/acd) ... Tautan telah disalin rights issue pmhmetd i elektrifikasi modal kerja Anda menyukai artikel ini Artikel disimpan",finance,https://finance.detik.com/bursa-dan-valas/d-8685456/vktr-incar-dana-rp-3-t-dari-rights-issue
FN052,"IHSG Menguat ke Level 6.161 Pagi Ini Retno Ayuningrum - detikFinance Rabu, 30 Sep 2026 09:27 WIB ... Tautan telah disalin Jakarta - Indeks Harga Saham Gabungan (IHSG) menguat pada perdagangan pagi hari ini. IHSG bergerak menguat di level 6.100-an. Berdasarkan data RTI, Rabu (30/9/2026), IHSG menguat ke level 6.161 atau naik 39,8 poin (0,65%) pada pukul 09.16. IHSG dibuka di zona merah di level 6.118. IHSG bergerak pada rentang terendah 6.161 hingga tertinggi 6.118. Nilai transaksi indeks pada perdagangan pagi ini mencapai Rp 1,4 triliun dengan melibatkan 5,488 miliar lembar saham yang diperdagangkan sebanyak 243.026 kali. SCROLL TO CONTINUE WITH CONTENT Baca juga: IHSG Seharian di Zona Merah, Ditutup Turun ke Level 6.121 Dari jumlah transaksi itu, sebanyak 412 saham menguat, 175 saham melemah dan 156 saham stagnan. ADVERTISEMENT IHSG melemah 6,59% secara bulanan. Begitu pula, IHSG minus 3,35% secara mingguan. IHSG tercatat menguat 5,85% secara tiga bulanan. Namun, IHSG melemah 16,62% secara enam bulanan. (acd/acd) ... Tautan telah disalin ihsg indeks harga saham gabungan pasar saham bursa efek investasi Anda menyukai artikel ini Artikel disimpan",finance,https://finance.detik.com/bursa-dan-valas/d-8685387/ihsg-menguat-ke-level-6-161-pagi-ini
FN053,"Harga Emas Antam Akhirnya Naik! Jadi Segini Sekarang Ignacio Geordi Oswaldo - detikFinance Rabu, 30 Sep 2026 09:15 WIB ... Tautan telah disalin Jakarta - Harga emas Antam mengalami kenaikan yang cukup signifikan setelah sebelumnya mengikuti tren penurunan. Harga emas Antam 24 karat hari ini naik Rp 15.000 per gram menjadi Rp 2.595.000 per gram. Berdasarkan situs Logam Mulia Antam, Rabu (30/9/2026), satuan harga emas hari ini yang terkecil ukuran 0,5 gram berada di angka Rp 1.340.000. Sementara harga emas 10 gram dijual dengan harga Rp 25.295.000 dan ukuran emas terbesar yakni 1.000 gram (1 kg) dibanderol Rp 2.520.600.000. Jika ditarik dalam sepekan terakhir, harga emas Antam berada dalam rentang Rp 2.580.000-2.630.000 per gram. Sementara dalam sebulan terakhir, harga emas Antam bergerak dalam rentang Rp 2.580.000-2.670.000 per gram. SCROLL TO CONTINUE WITH CONTENT Buyback Sementara itu, harga buyback emas Antam naik hingga Rp 30.000 dan berada di level Rp 2.405.000 per gram. Harga buyback adalah jika Anda ingin menjual emas, maka Antam akan membelinya dengan harga tersebut. Sesuai Peraturan Menteri Keuangan (PMK) Nomor 34 Tahun 2017, pembelian emas batangan akan dikenakan PPh 22 sebesar 0,9%. Jika ingin mendapatkan potongan pajak lebih rendah sebesar 0,45%, harus menyertakan NPWP untuk transaksinya. ADVERTISEMENT Rincian Harga Emas Hari Ini Harga emas 0,5 gram: Rp 1.347.500 Harga emas 1 gram: Rp 2.595.000 Harga emas 2 gram: Rp 5.130.000 Harga emas 3 gram: Rp 7.670.000 Harga emas 5 gram: Rp 12.750.000 Harga emas 10 gram: Rp 25.445.000 Harga emas 25 gram: Rp 63.487.000 Harga emas 50 gram: Rp 126.895.000 Harga emas 100 gram: Rp 253.712.000 Harga emas 250 gram: Rp 634.015.000 Harga emas 500 gram: Rp 1.267.820.000 Harga emas 1.000 gram: Rp 2.535.600.000 Demikian rincian harga emas hari ini keluaran Antam 1 gram hingga 1.000 gram, Rabu (30/9/2026). (igo/fdl) ... Tautan telah disalin harga emas emas antam harga emas hari ini investasi emas buyback emas harga emas 24 karat Anda menyukai artikel ini Artikel disimpan",finance,https://finance.detik.com/berita-ekonomi-bisnis/d-8685379/harga-emas-antam-akhirnya-naik-jadi-segini-sekarang
FN054,"Dikontrak 2 Tahun, Manajer Kopdes Digaji Rp 6,8 Juta-Rp 8,3 Juta Retno Ayuningrum - detikFinance Rabu, 30 Sep 2026 08:50 WIB ... Tautan telah disalin Jakarta - Pemerintah akhirnya buka suara mengenai gaji manajer Koperasi Desa/Kelurahan Merah Putih (KDKMP). Para manajer KDKMP akan digaji pada rentang Rp 6,8 juta hingga Rp 8,3 juta per bulan. Menteri Koordinator Bidang Pangan, Zulkifli Hasan (Zulhas) mengatakan besaran upah yang diterima akan disesuaikan dengan tingkat Upah Minimum Kabupaten/Kota (UMK) serta kondisi geografis tempat bertugas. Nominal upah tersebut merupakan angka menyeluruh (take home pay) yang mencakup gaji beserta seluruh tunjangan. ""Karena tanggung jawabnya berat untuk mengembangkan ekonomi desa itu, itu dilihat daerahnya, ya, sesuai dengan UMK daerah itu antara Rp 6,8 - 8,3 (juta per bulan). Jadi sesuai dengan tempat jauh dan seterusnya dan seterusnya. Jadi Rp 6,8 - 8,3 (juta) itu udah semuanya ya, sudah merangkap semuanya, gitu,"" jelas Zulhas di kantornya, Jakarta Pusat, Selasa (29/9/2026) kemarin. SCROLL TO CONTINUE WITH CONTENT Baca juga: Bos Agrinas soal Utang Kopdes: Itu Hak Kemenkeu, Saya Tukang Bangunan Zulhas juga menjelaskan manajer KDKMP akan berstatus kontrak Pegawai Kontrak Waktu Tertentu (PKWT) di bawah naungan PT Agrinas Pangan Nusantara dengan jangka waktu 2 tahun. ADVERTISEMENT ""Kontrak 2 tahun, jadi pegawai kontrak waktu tertentu selama 2 tahun ya, di bawah Agrinas Pangan,"" ujar Zulhas dalam konferensi pers di kantornya, Jakarta Pusat, Selasa (29/9/2026). ""Tadi statusnya ditanya ini pegawai BUMN atau apa? Pegawai kontrak waktu tertentu selama 2 tahun ya,"" tegasnya lagi. (acd/acd) ... Tautan telah disalin manajer koperasi desa gaji manajer kdkmp kontrak kerja upah minimum kabupaten pt agrinas pangan nusantara Anda menyukai artikel ini Artikel disimpan",finance,https://finance.detik.com/berita-ekonomi-bisnis/d-8685351/dikontrak-2-tahun-manajer-kopdes-digaji-rp-6-8-juta-rp-8-3-juta
FN055,"SEMA Raih Kontrak Data Center, Laba GEMS Naik 45%, Sementara VKTR Siapkan Rights Issue - detikFinance Rabu, 30 Sep 2026 08:45 WIB Mega Capital Sekuritas PT Mega Capital Sekuritas, bagian dari CT Corpora, hadir sejak 1991 dengan layanan investasi inovatif dan tenaga ahli terpercaya. Tautan telah disalin Jakarta - Market Overview Indeks Harga Saham Gabungan (IHSG) berakhir di zona merah pada perdagangan Selasa (29/9). IHSG turun 0,43% ke level 6.121,70. Sejumlah saham menjadi penggerak indeks sepanjang perdagangan. BBRI naik 0,96%, VKTR menguat 7,79%, dan DSSA tumbuh 3,32%. Sementara itu, GOTO turun 13,95%, BBCA terkoreksi 1,20%, dan BREN melemah 3,63%. Aktivitas investor asing masih mencatatkan net sell . Di pasar reguler, nilai jual bersih asing mencapai Rp536,70 miliar, sedangkan jika dihitung di seluruh pasar mencapai Rp777,18 miliar. SCROLL TO CONTINUE WITH CONTENT Dari 11 sektor yang diperdagangkan, sebanyak tujuh sektor ditutup melemah. Sektor Technology menjadi yang terkoreksi paling dalam dengan penurunan 3,37%. Sebaliknya, sektor Consumer Cyclical menjadi sektor dengan penguatan terbesar, yakni 0,70%. Pergerakan bursa saham Amerika Serikat juga berada di zona negatif. Dow Jones turun 0,26% ke 51.349, S&P 500 melemah 0,17% ke 7.670, sementara Nasdaq turun tipis 0,09% ke 26.797. ADVERTISEMENT GOTO masih menjadi saham yang memberikan tekanan terbesar terhadap IHSG dengan kontribusi -11,00 poin. Pelaku pasar juga mencermati pemberlakuan kebijakan short selling yang akan dimulai pada 1 Oktober. Sementara itu, ETF EIDO turun 0,30% dan indeks MSCI Indonesia melemah 0,20%. Berita Emiten PT Semacom Integrated Tbk (SEMA) SEMA mendapatkan kontrak baru pengadaan panel listrik untuk proyek pusat data CGK5 dan CGK7 milik BDx Data Centers. Kontrak tersebut ditandatangani pada 25 September 2026. Dalam keterbukaan informasinya, transaksi tersebut disebut tidak memiliki hubungan afiliasi antara SEMA dan pemberi kerja. Perolehan kontrak ini menjadi bagian dari langkah SEMA memperluas bisnis dari manufaktur panel listrik ke rantai pasok infrastruktur pusat data. Perseroan juga tengah mengembangkan bisnis pada sektor energi dan infrastruktur digital. Salah satu proyek yang menjadi bagian dari kontrak tersebut adalah CGK5 di Karawang. Fasilitas ini dikembangkan sebagai hyperscale campus dengan kapasitas 290 MW IT load secara bertahap. Untuk mendukung proyek tersebut, pasokan listrik dari PLN sebesar 385 MVA telah diamankan. Pengembangan yang dilakukan secara bertahap membuat kebutuhan infrastruktur kelistrikan akan mengikuti penambahan kapasitas pusat data. Kondisi tersebut membuka potensi adanya kebutuhan lanjutan untuk panel listrik maupun switchgear seiring dengan berjalannya pembangunan dan penambahan kapasitas proyek. PT Golden Energy Mines Tbk (GEMS) GEMS mencatatkan pendapatan USD1,50 miliar pada semester I-2026. Angka tersebut naik 30,66% dibandingkan periode yang sama tahun sebelumnya sebesar USD1,14 miliar. Laba bersih GEMS juga meningkat 45,03% secara tahunan menjadi USD219,96 juta. Pada semester I-2025, laba bersih perseroan tercatat sebesar USD151,67 juta. Kinerja pendapatan ditopang oleh bisnis pertambangan batu bara. Penjualan dari segmen tersebut tumbuh 31,08% secara tahunan. Pasar ekspor menjadi penyumbang terbesar dengan nilai penjualan USD884,85 juta. Sementara itu, penjualan batu bara di pasar domestik tercatat sebesar USD610,43 juta. Pertumbuhan laba bersih GEMS juga ditopang oleh kenaikan beban usaha yang relatif lebih rendah dibandingkan pertumbuhan pendapatan. Beban usaha hanya meningkat 6,66% secara tahunan. Selain itu, beban umum dan administrasi berhasil ditekan 10,16%. Efisiensi tersebut turut mendorong laba usaha GEMS naik 49,39% menjadi USD298,64 juta. Meski demikian, kinerja laba usaha tersebut masih terdampak rugi selisih kurs sebesar USD6,43 juta. PT VKTR Teknologi Mobilitas Tbk (VKTR) VKTR telah memperoleh pernyataan efektif dari OJK untuk melaksanakan Penambahan Modal dengan Memberikan Hak Memesan Efek Terlebih Dahulu (PMHMETD) I atau rights issue . Dalam aksi korporasi tersebut, VKTR akan menerbitkan sebanyak-banyaknya 15 miliar saham baru dengan harga pelaksanaan Rp200 per saham. Dari aksi ini, perseroan menargetkan dana yang dihimpun mencapai Rp3 triliun. Sekitar 66,86% dari dana bersih hasil rights issue akan digunakan sebagai setoran modal kepada Sarana Ekomobilitas Indonesia (SEI). Dana tersebut akan mendukung pembelian kendaraan listrik dari VKTR untuk periode 2026-2027. Adapun sisa dana akan digunakan sebagai modal kerja, termasuk untuk pengadaan persediaan kendaraan listrik yang mencakup bus, truk, transporter, dan forklift listrik. VKTR menetapkan rasio HMETD sebesar 35:12. Artinya, pemegang saham yang tidak menggunakan haknya dalam aksi tersebut dapat mengalami dilusi maksimal sebesar 25,53%. Dalam aksi ini, Bakrie & Brothers (BNBR) tidak akan melaksanakan HMETD. BNBR mengalihkan seluruh haknya sebanyak 3,66 miliar saham dengan nilai Rp732,13 miliar kepada Bakrie Capital Indonesia (BCI). BCI bersama Biofuel Indo Sumatra (BIS) kemudian akan bertindak sebagai pembeli siaga dalam pelaksanaan rights issue VKTR. Sementara itu, perdagangan dan pelaksanaan HMETD dijadwalkan berlangsung pada 12-23 Oktober 2026. Rekomendasi Saham Hari Ini VKTR - Buy 815-825 |TP 840-850 | SL 770 UNTR - Buy 25075-25125 | TP 25375-25750 | SL 24050 PSAB - Buy 525-535 | TP 545-555 | SL 500 SOFA - Buy 316-320 | TP 326-330 | SL 300 EXCL - Buy 2340-2360 | TP 2400-2440 | SL 2250 Disclaimer : Ingat, bahwa segala analisis dan rekomendasi saham dalam artikel ini bersifat informatif sekaligus bukan merupakan ajakan untuk membeli atau menjual saham tertentu. (ang/ang) Tautan telah disalin sema gems vktr kontrak data center Anda menyukai artikel ini Artikel disimpan",finance,https://finance.detik.com/bursa-dan-valas/d-8685334/sema-raih-kontrak-data-center-laba-gems-naik-45-sementara-vktr-siapkan-rights-issue
FN056,"Tol Probolinggo-Banyuwangi Segmen Gending-Paiton Dibuka Gratis Mulai Hari Ini Retno Ayuningrum - detikFinance Rabu, 30 Sep 2026 08:30 WIB ... Tautan telah disalin Jakarta - Ruas tol Probolinggo-Situbondo-Banyuwangi (Prosiwangi) segmen Gending-Kraksaan-Paiton resmi beroperasi tanpa tarif mulai hari ini, 30 September 2026. Ruas tol tersebut dibuka gratis pada pukul 10.00 WIB. Jalan tol ini akan beroperasi gratis selama 14 hari. Kendati tanpa tarif, BPJT mengimbau agar pengguna jalan tol yang hendak melintas, tetap wajib melakukan tapping kartu elektronik atau e-Tol. ""Mulai 30 September 2026 pukul 10.00 WIB, Jalan Tol Probolinggo-Situbondo-Banyuwangi (Prosiwangi) Segmen Gending-Simpang Susun Kraksaan-Simpang Susun Paiton resmi beroperasi tanpa tarif selama masa sosialisasi 14 hari,"" tulis Jasa Marga dalam unggahan di akun Instagram @official.jasamarga, dikutip Rabu (30/9/2026). SCROLL TO CONTINUE WITH CONTENT Baca juga: Tol Probolinggo-Banyuwangi Beroperasi Awal 2027 Ruas tol ini dibuka secara dua arah, yakni dari dari Gending menuju GT Kraksaan dan GT Paiton. Bagi pengguna jalan dari arah Jalan Tol Trans Jawa dapat langsung melanjutkan perjalanan dari Ruas Pasuruan-Probolinggo (Paspro) menuju Ruas Prosiwangi ke akses GT Kraksaan atau GT Paiton. ADVERTISEMENT Lalu, pengguna jalan dapat masuk melalui GT Kraksaan menuju Ruas Pasuruan-Probolinggo, GT Gending, maupun GT Paiton. Pengguna jalan juga bisa masuk melalui GT Paiton menuju GT Kraksaan, GT Gending, atau langsung ke Ruas Pasuruan-Probolinggo. Sebelumnya, Manager Operasi Jasa Marga Probolinggo Banyuwangi, Nadila Sevitria, membenarkan rencana pengoperasian ruas tol tersebut. Menurutnya, tol akan dibuka selama 14 hari, tetapi tanggal pelaksanaannya masih menunggu keputusan pemerintah. Dari sisi konstruksi, kesiapan Tol Prosiwangi Segmen Gending-Kraksaan-Paiton disebut telah mencapai 100 persen. Saat ini, pekerjaan yang masih berlangsung hanya pembangunan fasilitas rest area. Nadila memastikan secara keseluruhan ruas tol tersebut sudah siap digunakan. Berbagai aspek pendukung operasional, termasuk sistem transaksi dan pelayanan lalu lintas, juga telah dipersiapkan. ""Secara konstruksi dan kesiapan lainnya, kami sudah mantap dan siap untuk dibuka. Begitu juga dengan pelayanan, seperti transaksi dan lalu lintas, semuanya sudah kami siapkan,"" ujarnya, dikutip detikJatim. (acd/acd) ... Tautan telah disalin tol probolinggo-banyuwangi segmen gending-paiton jalan tol gratis e-tol sosialisasi tol infrastruktur jalan Anda menyukai artikel ini Artikel disimpan",finance,https://finance.detik.com/infrastruktur/d-8685284/tol-probolinggo-banyuwangi-segmen-gending-paiton-dibuka-gratis-mulai-hari-ini
FN057,"Kementerian PU Siap Pasok Air Jelang Panen Raya di Merauke Retno Ayuningrum - detikFinance Rabu, 30 Sep 2026 08:02 WIB ... Tautan telah disalin Jakarta - Kementerian Pekerjaan Umum (PU) menyiapkan sejumlah alternatif untuk memenuhi kebutuhan air dalam mendukung rencana panen raya perdana di Kawasan Swasembada Pangan, Energi, dan Air Nasional (KSPEAN) di Wanam, Kabupaten Merauke, Papua Selatan. Kesiapan sumber air menjadi salah satu variabel penting menjelang panen di kawasan tersebut. Menteri PU, Dody Hanggodo mengatakan pengembangan lumbung pangan di berbagai daerah merupakan langkah strategis Presiden Prabowo Subianto dalam mewujudkan swasembada pangan nasional. Salah satu alternatifnya dengan memanfaatkan air rawa dengan estimasi ketersediaan volume air sekitar 160.000 meter kubik. Alternatif lainnya berupa pemanfaatan air tanah melalui pembangunan sumur setelah dilakukan survei geolistrik untuk mengidentifikasi akuifer dan potensi air tanah. ""Sekitar Oktober-November akan ada panen raya padi di Wanam sekitar 180 hektar, (produksi) bisa sekitar 130-140 ton. Bagaimana hebatnya Pak Presiden naruh lumbung pangan nasional di seluruh titik di Indonesia, nggak cuma satu titik di pulau Jawa, Sumatera, Sulawesi. Jadi begitu di sini kering, di sana masih ada hujan. Hari ini kita bicara cuaca paling bagus di Papua. Untung kita masih punya Wanam,"" kata Dody dalam keterangannya, Rabu (30/9/2026). SCROLL TO CONTINUE WITH CONTENT Di lokasi panen raya perdana tersebut memiliki luas pengolahan tanah mencapai 220 hektar dengan luas penanaman hingga 127 hektar. Pada lokasi tanam bagian selatan seluas 107 hektare, kebutuhan air tercatat 48.384 meter kubik dengan ketersediaan 52.410 meter kubik. Baca juga: Menteri PU Turun Gunung Cek Irigasi Sawah Kering ADVERTISEMENT Sementara pada lokasi bagian utara seluas 20 hektare, kebutuhan air mencapai 34.560 meter kubik dengan ketersediaan 805 meter kubik sehingga masih terdapat defisit yang perlu dipenuhi melalui sumber air alternatif. Secara keseluruhan, pengembangan KSPEAN Wanam yang merupakan amanat Inpres 14 Tahun 2025 ini mencakup lahan seluas 10.000 hektare dengan karakteristik hidrotopografi yang berbeda, mulai dari lahan kering, semi-basah, hingga rawa. Kondisi tersebut membutuhkan sistem pengelolaan air yang disesuaikan dengan karakteristik masing-masing kawasan. Untuk mendukung sistem tata air di KSPEAN Wanam tersebut, pembangunan jaringan irigasi rawa dan pengendalian banjir terus dilakukan Kementerian PU. Hingga 25 September 2026, realisasi pembangunan infrastruktur SDA mencapai sekitar 125,6 kilometer dari total target 179,1 kilometer. Kondisi tersebut menunjukkan bahwa pembangunan infrastruktur Sumber Daya Air (SDA) menjadi salah satu kunci dalam mendukung keberlanjutan kegiatan pertanian di Papua Selatan. Selain memastikan air tersedia saat dibutuhkan, sistem tata air juga diperlukan untuk mengendalikan kelebihan air pada kawasan rawa sehingga lahan dapat dimanfaatkan secara lebih optimal. (acd/acd) ... Tautan telah disalin kementerian pu pasokan air panen raya merauke Anda menyukai artikel ini Artikel disimpan",finance,https://finance.detik.com/infrastruktur/d-8685312/kementerian-pu-siap-pasok-air-jelang-panen-raya-di-merauke
FN058,"Angkasa Pura Angkat Kaki dari Bandara Dhoho Herdi Alif Al Hikam - detikFinance Rabu, 30 Sep 2026 07:57 WIB ... Tautan telah disalin Daftar Isi Diusulkan Jadi Bandara Internasional Jakarta - PT Angkasa Pura resmi keluar dari pengoperasian Bandara Dhoho Kediri. Kini bandara tersebut resmi dikelola secara penuh oleh PT Surya Dhoho Investama. Sebelumnya, bandara tersebut dikelola dengan skema Kerja Sama Operasi (KSO) antara Surya Dhoho Investama dengan PT Angkasa Pura Indonesia. Ditjen Perhubungan Udara Kementerian Perhubungan mengumumkan pengakhiran perjanjian KSO antara Angkasa Pura Indonesia dan Surya Dhoho Investama. Hal itu ditandai dengan Perjanjian Pengakhiran KSO pada 31 Agustus 2026. Sebagai informasi PT Surya Dhoho Investama adalah anak usaha PT Gudang Garam Tbk. Perusahaan bergerak di bidang infrastruktur. SCROLL TO CONTINUE WITH CONTENT Direktur Jenderal Perhubungan Udara, Lukman F. Laisa mengatakan perjanjian tersebut mengatur penyelesaian hak dan kewajiban para pihak, pelaksanaan masa transisi, penyerahan dokumen dan aset, serta peralihan tanggung jawab operasional. ""Pengakhiran Perjanjian Kerja Sama Operasi antara PT Surya Dhoho Investama dengan PT Angkasa Pura Indonesia disepakati untuk diakhiri berdasarkan itikad baik kedua belah pihak,"" kata Lukman dalam keterangannya, Selasa (29/9/2026). ADVERTISEMENT Baca juga: Gudang Garam Buka-bukaan Bandara Dhoho Belum Kasih Cuan Pengakhiran KSO antara Angkasa Pura dengan Surya Dhoho ditegaskan bukan berarti penghentian operasi bandara. Lukman menekankan Bandara Dhoho Kediri tetap menjadi bagian dari sistem transportasi udara nasional. Hanya saja pengelolaannya kini ditetapkan kepada PT Surya Dhoho Investama secara penuh berdasarkan Keputusan Direktur Jenderal Perhubungan Udara Nomor KP-DJPU 216 TAHUN 2026 tanggal 25 September 2026 tentang Penetapan Bandar Udara yang Dikelola oleh PT. Surya Dhoho Investama. ""Kami ingin menegaskan kepada masyarakat bahwa pengakhiran KSO antara PT Surya Dhoho Investama dan PT Angkasa Pura Indonesia bukan berarti Bandar Udara Dhoho Kediri ditutup atau dihentikan operasionalnya. Yang berakhir adalah mekanisme kerja sama operasionalnya,"" tegas Lukman. Lukman menegaskan bahwa Ditjen Hubud sebagai regulator sekaligus Penanggung Jawab Proyek Kerja Sama (PJPK) akan memastikan proses transisi pengelolaan Bandar Udara Dhoho Kediri, Jawa Timur, dilaksanakan secara lancar, terkoordinasi, dan sesuai dengan ketentuan peraturan perundang-undangan. Baca juga: WEGE Rampungkan Bandara Dhoho Kediri, Bandara Pertama Skema KPBU Diusulkan Jadi Bandara Internasional Secara umum, tahapan transisi meliputi penyelesaian kewajiban para pihak, serah terima dokumen, aset, dan informasi operasional, pemenuhan persyaratan sertifikasi, peralihan tanggung jawab operasional, serta pengelolaan Bandar Udara Dhoho Kediri oleh PT. Surya Dhoho Investama sesuai dengan ketentuan yang berlaku. Kesiapan personel dan organisasi, fasilitas dan peralatan, Safety Management System (SMS), Airport Emergency Plan (AEP), Airport Security Programme (ASP), Aerodrome Manual, standar pelayanan jasa kebandarudaraan, sistem pelaporan dan pengawasan operasional, serta pemenuhan ketentuan sertifikasi dan regulasi menjadi bagian yang diperhatikan dalam proses transisi. Sebagai bagian dari proses transisi, PT Surya Dhoho Investama telah menyampaikan permohonan penerbitan Sertifikat Standar Badan Usaha Bandar Udara (SS BUBU) kepada Menteri Perhubungan melalui Direktur Jenderal Perhubungan Udara. Selain itu, PT Surya Dhoho Investama juga telah menyampaikan permohonan rekomendasi penerbitan Sertifikat Bandar Udara Internasional Dhoho Kediri, dengan dokumen pendukung antara lain Aerodrome Manual, Airport Security Programme, dan Standar Pelayanan Jasa Kebandarudaraan. Pemenuhan persyaratan sertifikasi tersebut menjadi bagian penting dalam memastikan kesiapan badan usaha untuk melaksanakan pengelolaan dan penyelenggaraan pelayanan jasa kebandarudaraan sesuai dengan ketentuan yang berlaku. (hal/ara) ... Tautan telah disalin bandara dhoho angkasa pura pt surya dhoho investama Anda menyukai artikel ini Artikel disimpan",finance,https://finance.detik.com/infrastruktur/d-8685138/angkasa-pura-angkat-kaki-dari-bandara-dhoho
FN059,"Tahun Depan Daerah Diguyur Rp 735 Triliun Heri Purnomo - detikFinance Rabu, 30 Sep 2026 07:26 WIB ... Tautan telah disalin Jakarta - Pemerintah mengalokasikan anggaran transfer ke daerah (TKD) dalam Anggaran Pendapatan dan Belanja Negara (APBN) 2027 sebesar Rp 735 triliun. Menteri Keuangan (Menkeu) Suahasil Nazara menyampaikan anggaran TKD tahun depan tersebut naik dibandingkan anggaran TKD tahun 2026. Di mana outlook 2026 sebesar Rp 696,9 triliun. ""Transfer ke daerah dialokasikan Rp 735 triliun, meningkat dibandingkan transfer pada tahun ini,"" ujar Suahasil dalam Rapat Paripurna DPR RI Ke-7 Masa Persidangan I Tahun 2026-2027, Selasa (29/9/2026). SCROLL TO CONTINUE WITH CONTENT Suahasil mengatakan peningkatan anggaran tersebut dilakukan untuk mendukung agenda pembangunan sekaligus memperkuat pelayanan publik di daerah. ""Guna memastikan agenda pembangunan dan penguatan pelayanan publik dapat dirasakan merata di seluruh pelosok negeri,"" jelasnya. ADVERTISEMENT Suahasil menegaskan bahwa APBN dan APBD merupakan satu kesatuan yang harus berjalan beriringan agar agar setiap rupiah anggaran memberikan manfaat yang semakin nyata bagi masyarakat. ""APBN dan APBD adalah satu kesatuan, bekerja dalam satu tarikan napas bersama agar setiap Rupiah anggaran memberikan manfaat yang makin nyata dan merata bagi masyarakat,"" terang Suahasil. ""Sinergi pusat dan daerah diarahkan untuk membangkitkan ekonomi, melindungi rakyat, meningkatkan kualitas layanan publik, dan menghadirkan kesejahteraan dari Sabang sampai Merauke, dari Pulau Miangas sampai Pulau Rote,"" sambungnya. (hrp/fdl) ... Tautan telah disalin anggaran transfer ke daerah apbn 2027 rp 735 triliun pembangunan daerah Anda menyukai artikel ini Artikel disimpan",finance,https://finance.detik.com/berita-ekonomi-bisnis/d-8685134/tahun-depan-daerah-diguyur-rp-735-triliun
FN060,"Siapa Nakhoda Bayan, Haji Isam atau Low Tuck Kwong? Andi Hidayat - detikFinance Rabu, 30 Sep 2026 06:55 WIB ... Tautan telah disalin Jakarta - Usai akuisisi 30% saham PT Bayan Resources Tbk (BYAN) oleh PT Jhonlin Baratama milik Andi Syamsuddin Arsyad alias Haji Isam, Low Tuck Kwong masih menjadi pemegang saham utama sekaligus pengendali perseroan. Low Tuck Kwong akan memegang 6.951.170.541 saham BYAN atau setara 20,853% saham. Sementara itu, Elaine Low akan menggenggam 3.799.584.529 saham atau sekitar 11,399% saham BYAN. ""Sampai dengan tanggal surat ini dan berdasarkan informasi yang kami peroleh, Dato' Low Tuck Kwong akan tetap menjadi pemegang saham utama dan pengendali Perseroan,"" ungkap Direktur BYAN, Alexander Ery Wibowo, dikutip dari Keterbukaan Informasi, Selasa (29/9/2026). SCROLL TO CONTINUE WITH CONTENT Baca juga: Haji Isam Borong Saham BYAN Tanpa Keterangan Harga, OJK Buka Suara Alexander menegaskan, belum ada rencana perubahan pengurus perseroan setelah transaksi Haji Isam. BYAN juga belum menerima permintaan penyelenggaraan Rapat Umum Pemegang Saham (RUPS) untuk membahas hal tersebut. ""Sampai dengan tanggal surat ini, Perseroan belum memiliki rencana untuk melakukan perubahan susunan Direksi dan/atau Dewan Komisaris,"" jelasnya. ADVERTISEMENT Diketahui, Low Tuck Kwong dan anaknya, Elaine Low, telah meneken perjanjian jual beli saham bersyarat (conditional sale and purchase agreement) atas BYAN dengan PT Jhonlin Baratama sebagai pihak pembeli. Perjanjian ini ditandatangani pada 16 September 2026 terhadap 10 miliar saham BYAN. ""Bapak Low Tuck Kwong dan Ibu Elaine Low telah menandatangani Perjanjian Jual Beli Saham Bersyarat pada tanggal 16 September 2026 dengan PT Jhonlin Baratama terkait rencana pengalihan 10.000.000.500 saham biasa Perseroan,"" tulis Direktur Bayan Resources, Jenny Quantero, dikutip dari keterbukaan informasi kepada Bursa Efek Indonesia, Kamis (17/9/2026). (ahi/ara) ... Tautan telah disalin bayan resources haji isam low tuck kwong Anda menyukai artikel ini Artikel disimpan",finance,https://finance.detik.com/bursa-dan-valas/d-8685128/siapa-nakhoda-bayan-haji-isam-atau-low-tuck-kwong
FN061,"Nasib Restitusi Pajak di Era Suahasil Heri Purnomo - detikFinance Rabu, 30 Sep 2026 06:26 WIB ... Tautan telah disalin Jakarta - Menteri Keuangan Suahasil Nazara memberikan jawaban terkait wewenang pemeriksaan dan audit khusus terhadap proses pengembalian kelebihan pembayaran pajak atau restitusi yang tertuang dalam Undang-Undang Anggaran Pendapatan dan Belanja Negara (UU APBN) 2027. Pada Pasal 37 UU APBN 2027 disebutkan, dalam rangka optimalisasi penerimaan negara, Menteri Keuangan berwenang melakukan pemeriksaan dan/atau audit penerimaan negara. Kewenangan itu termasuk melakukan pemeriksaan dan/atau audit khusus dalam rangka pengembalian kelebihan pembayaran pajak. Suahasil mengatakan kewenangan tersebut merupakan bagian dari manajemen restitusi yang dimiliki pemerintah melalui Kementerian Keuangan dan Direktorat Jenderal Pajak (DJP) untuk memastikan proses restitusi berjalan sesuai aturan. SCROLL TO CONTINUE WITH CONTENT Di satu sisi, Suahasil mengatakan, pemerintah tetap menghormati hak wajib pajak yang mengajukan restitusi. ""Karena itu saya ingin menegaskan di sini, saya tegaskan terakhir juga ketika kita melakukan press conference APBN Kita, pemerintah akan menghormati seluruh hak wajib pajak yang mengajukan restitusi,"" kata Suahasil di Gedung DPR, Jakarta, Selasa (29/9/2026). ADVERTISEMENT Suahasil menambahkan, pada yang sama, pemerintah juga memastikan kepatuhan wajib pajak dalam proses pengajuan restitusi. ""Namun pada saat yang bersamaan kita juga ingin memastikan kepatuhannya kepatuhannya mengenai faktur, kepatuhannya mengenai transaksi kepatuhannya mengenai hubungan antar wajib pajak yang harus di-establish dalam rangka mendapatkan restitusi tersebut,"" ujarnya. Sementara itu, Suahasil mengatakan pemerintah juga mempertimbangkan kondisi ekonomi dalam pengelolaan restitusi pajak. Di mana industri yang berorientasi ekspor dan industri padat karya menjadi sektor yang dinilai penting untuk didukung. ""Tentu kami sangat melihat sekali kondisi ekonomi yang ada dan saya merasa bahwa industri kita sebagai salah satu komponen yang kita ingin dorong untuk menjalankan ekspor ini sangat penting untuk kita bantu, industri padat karya juga sangat penting untuk kita bantu, karena tadi dia konsisten dengan menciptakan lapangan kerja dan mendorong ekspor,"" jelas Suahasil. (hrp/fdl) ... Tautan telah disalin restitusi pajak suahasil nazara kementerian keuangan audit pajak Anda menyukai artikel ini Artikel disimpan",finance,https://finance.detik.com/berita-ekonomi-bisnis/d-8685132/nasib-restitusi-pajak-di-era-suahasil
FN062,"PPPK Nggak Mumet Lagi, Tiap Bulan Digaji Pusat Retno Ayuningrum - detikFinance Rabu, 30 Sep 2026 05:55 WIB ... Tautan telah disalin Jakarta - Pembayaran gaji Pegawai Pemerintah dengan Perjanjian Kerja (PPPK) yang selama ini ditanggung pemerintah daerah (Pemda), diambil alih pemerintah pusat mulai tahun depan. Kebijakan ini telah disepakati pemerintah dan Dewan Perwakilan Rakyat (DPR) dalam postur Rancangan Anggaran Pendapatan dan Belanja Negara (RAPBN) 2027. Ketua Badan Anggaran DPR Said Abdullah mengatakan pihaknya dengan pemerintah telah sepakat untuk menanggung kebutuhan gaji atau honorarium PPPK di lingkungan daerah yang sebagian besar tenaga pendidik dan tenaga kesehatan. Jumlah anggaran yang disiapkan untuk kebijakan tersebut mencapai Rp 23 triliun. SCROLL TO CONTINUE WITH CONTENT ""Kami anggarkan pada RAPBN 2027 sebesar Rp 23 triliun,"" ujar Said dalam Rapat Paripurna di Gedung DPR RI, Jakarta Pusat, Selasa (29/9/2026). Said menilai tanggungan gaji pegawai yang dialihkan pemerintah pusat ini mengurangi beban kebutuhan anggaran pegawai dari pemda. ""Penganggaran ini akan mengurangi beban kebutuhan anggaran pegawai dari pemerintah daerah,"" jelas Said. ADVERTISEMENT Tak hanya itu, ia mendorong percepatan penyelesaian kurang bayar Dana Bagi Hasil (DBH) dengan memanfaatkan operator investasi pemerintah. Upaya ini dilakukan guna membangun infrastruktur daerah tanpa menyebabkan tambahan beban dalam Anggaran Pendapatan dan Belanja Daerah (APBD). ""Percepatan penyelesaian kurang bayar dana bagi hasil, antara lain dengan memanfaatkan operator investasi pemerintah,"" tutur Said. (rea/hns) ... Tautan telah disalin pppk gaji pegawai pemerintah pusat anggaran 2027 kebijakan pemerintah Anda menyukai artikel ini Artikel disimpan",finance,https://finance.detik.com/berita-ekonomi-bisnis/d-8685120/pppk-nggak-mumet-lagi-tiap-bulan-digaji-pusat
FN063,"Baru Mulai Karier di Bidang Keuangan? Skill Akuntansi Ini Perlu Kamu Kuasai Ghefira - detikFinance Selasa, 29 Sep 2026 23:59 WIB ... Tautan telah disalin Jakarta - Masuk ke dunia kerja bukan cuma soal punya gelar atau pengalaman magang. Ada skill teknis yang perlu terus diasah supaya kamu lebih siap ketika berhadapan dengan pekerjaan sehari-hari. Salah satunya adalah kemampuan memahami akuntansi. Apalagi kalau kamu ingin berkarier di bidang keuangan, accounting, administrasi, atau pekerjaan yang berhubungan dengan pengelolaan transaksi perusahaan. Akuntansi Nggak Cuma soal Hafal Rumus Ketika mulai bekerja, kamu mungkin akan menemukan berbagai jenis transaksi dan kondisi bisnis yang nggak selalu sama seperti contoh di buku kuliah. SCROLL TO CONTINUE WITH CONTENT Bisnis dagang dan manufaktur, misalnya, memiliki aktivitas yang berbeda. Ada proses pembelian dan penjualan barang, pengelolaan persediaan, sampai transaksi yang berkaitan dengan kegiatan produksi. Karena itu, memahami bagaimana konsep akuntansi diterapkan dalam kondisi nyata bisa menjadi bekal penting sebelum terjun lebih jauh ke dunia kerja. ADVERTISEMENT Saatnya Belajar Lewat Praktik Kalau selama ini materi akuntansi lebih banyak dipelajari dari teori, kamu bisa mencoba memperdalamnya melalui Bootcamp Accounting #14: Praktik Akuntansi Dagang & Manufaktur. Kelas berlangsung secara interaktif melalui Zoom setiap Senin dan Selasa, mulai 12 Oktober 2026, dengan total 12 kali pertemuan, pukul 18.30-20.30 WIB dengan pemaparan konsep, studi kasus, diskusi, dan latihan menggunakan file kerja. Materinya disusun secara bertahap agar peserta bisa memahami konsep dasar terlebih dahulu sebelum masuk ke materi manufaktur yang lebih kompleks. Apa yang Dipelajari? Pembelajaran dimulai dari pengantar dan konsep persamaan dasar akuntansi. Setelah itu, peserta akan mempelajari pencatatan dasar dan siklus akuntansi dagang yang mencakup entry jurnal, buku besar, hingga penyusunan laporan keuangan. Tahap berikutnya mencakup analisis laporan keuangan, praktik siklus akuntansi dagang secara mandiri, serta pengantar akuntansi biaya. Peserta kemudian akan belajar mengenai penentuan harga pokok produksi, penganggaran, hingga siklus akuntansi manufaktur, lengkap dengan praktik mandiri di setiap tahap. Peserta juga akan mendapatkan e-sertifikat detikcourse, video recording, hands-on practice bersama expert, career tips, serta kesempatan untuk dipublikasikan dalam artikel detikcom. Cek informasi lebih lengkap dan daftarkan dirimu melalui detikevent ! (hns/hns) ... Tautan telah disalin akuntansi bootcamp akuntansi skill keuangan praktik akuntansi laporan keuangan siklus akuntansi pendidikan akuntansi Anda menyukai artikel ini Artikel disimpan",finance,https://finance.detik.com/berita-ekonomi-bisnis/d-8685157/baru-mulai-karier-di-bidang-keuangan-skill-akuntansi-ini-perlu-kamu-kuasai
FN064,"Pencatatan Keuangan Usaha Masih Berantakan? Yuk, Belajar Akuntansi di Sini Ghefira - detikFinance Selasa, 29 Sep 2026 23:05 WIB ... Tautan telah disalin Jakarta - Punya usaha tapi masih sering bingung mencatat transaksi? Uang masuk dan keluar memang terus berjalan, tetapi kalau pencatatannya tidak rapi, bisa sulit mengetahui kondisi keuangan usaha yang sebenarnya. Apalagi untuk bisnis dagang dan manufaktur yang punya lebih banyak transaksi. Mulai dari pembelian barang, penjualan, persediaan, sampai biaya produksi perlu dicatat dengan tepat agar laporan keuangan bisa menggambarkan kondisi bisnis dengan jelas. Jangan Sampai Salah Catat Bikin Keuangan Makin Rumit SCROLL TO CONTINUE WITH CONTENT Akuntansi bukan hanya soal mencatat pemasukan dan pengeluaran. Dalam bisnis dagang dan manufaktur, ada berbagai transaksi yang perlu dipahami sesuai jenis usahanya. Karena itu, memahami dasar pencatatan dan proses akuntansi bisa membantu kamu lebih terbiasa mengelola transaksi bisnis secara sistematis. ADVERTISEMENT Hal tersebut bisa dipelajari lewat Bootcamp Accounting #14: Praktik Akuntansi Dagang & Manufaktur. Sesuai konsepnya, peserta akan diajak memahami praktik akuntansi yang berkaitan dengan bisnis dagang dan manufaktur. Belajar Praktik Akuntansi Dagang dan Manufaktur Kelas ini dirancang untuk membantu peserta memahami praktik akuntansi yang berkaitan dengan bisnis dagang dan manufaktur. Dengan pendekatan praktik, peserta bisa lebih mudah memahami alur pencatatan transaksi dan penerapannya dalam kegiatan bisnis, bukan hanya mempelajari konsepnya secara teori. Kalau selama ini pencatatan keuangan masih sering terasa membingungkan atau kamu ingin memperkuat skill akuntansi untuk kebutuhan pekerjaan dan bisnis, bootcamp ini bisa menjadi kesempatan untuk belajar lebih terarah. Jangan tunggu sampai pencatatan yang berantakan bikin kamu kesulitan membaca kondisi usaha. Yuk,segera daftarkan dirimu melalui detikevent ! (hns/hns) ... Tautan telah disalin akuntansi pencatatan keuangan bisnis dagang bisnis manufaktur laporan keuangan belajar akuntansi Anda menyukai artikel ini Artikel disimpan",finance,https://finance.detik.com/berita-ekonomi-bisnis/d-8685153/pencatatan-keuangan-usaha-masih-berantakan-yuk-belajar-akuntansi-di-sini
FN065,"Bulog Pasok Beras ke Kopdes Merah Putih Tanpa Kuota Ignacio Geordi Oswaldo - detikFinance Selasa, 29 Sep 2026 22:51 WIB ... Tautan telah disalin Jakarta - Perum Bulog memastikan siap menyuplai BerasKita Medium untuk jaringan Koperasi Desa/Kelurahan Merah Putih (KDKMP) tanpa mengenakan batasan kuota pemesanan. Kebijakan ini diambil guna mendukung penuh program strategis pemerintah yang lebih sering disebut sebagai Kopdes itu. Hal ini dilakukan sekaligus untuk memastikan keterjangkauan dan ketersediaan bahan pangan pokok bagi masyarakat di berbagai wilayah. ""Kami siapkan sebanyak yang diminta. Jadi kami tidak batasi,"" tegas Direktur Utama Bulog, Ahmad Rizal Ramdhani, saat ditemui di kantor Kemenko Pangan, Jakarta Pusat, Selasa (29/9/2026). SCROLL TO CONTINUE WITH CONTENT Ia menekankan bahwa Bulog tidak akan membatasi kuota pasokan mengingat hal tersebut juga sudah diinstruksikan langsung oleh Kepala Badan Pengaturan (BP) BUMN sebagai bentuk dukungan atas program prioritas Presiden Prabowo Subianto. ""Karena ini program strategisnya Bapak Presiden, perintahnya tadi dari Bapak Kepala BUMN, Pak Dony Oskaria, harus mendukung semaksimal mungkin. Jadi tidak ada batasan kuota. Kalau mungkin mohon maaf yang untuk teman-teman pengecer kan sesuai dengan aturannya Bapanas, maksimal sekali pesan 2 ton, maksimal. Nah kalau KDKMP nanti yang pesan Agrinas Pangan, seberapa yang dipesan oleh Agrinas Pangan, itu yang akan kami kirim, dan pemesanannya menggunakan aplikasi SPHP"" jelas Rizal. ADVERTISEMENT Lebih lanjut, ia mengatakan sebagai langkah awal pemerintah menargetkan setidaknya akan 100 titik KDKMP alias Kopdes yang akan menerima supply beras Bulog sebagai percontohan (pilot project) sebelum pertengahan Oktober. ""Alhamdulillah tadi sudah diputuskan oleh Pak Menko, dipimpin oleh Pak Menko, dalam waktu dekat ini, sebelum tanggal 20 Oktober, harus minimal ada 100 KDKMP yang bisa dijadikan pilot project untuk dimasukkan dulu, yang lengkap. Nah ini harapannya seperti itu,"" terang Rizal. Nah kami sekarang akan segera berkoordinasi dengan Kemenko Pangan. Mungkin nanti titik-titiknya di mana saja kita akan dorong semaksimal mungkin, dan bahkan kalau menurut kami kalau bisa lebih dari 100, lebih banyak lebih bagus. Mungkin demikian,"" terangnya. Sementara untuk spesifikasi produk yang disalurkan ke jaringan Kopdes Merah Putih, Bulog memastikan beras yang dialokasikan adalah beras kualitas medium karena tergolong dalam barang subsidi pemerintah. ""Kalau KDKMP, medium. Karena semua adalah barang subsidi pemerintah,"" tutur Rizal. (igo/hns) ... Tautan telah disalin beras bulog koperasi desa kdkmp Anda menyukai artikel ini Artikel disimpan",finance,https://finance.detik.com/berita-ekonomi-bisnis/d-8685168/bulog-pasok-beras-ke-kopdes-merah-putih-tanpa-kuota
FN066,"Pelajari Data Science untuk Kebutuhan Bisnismu, tanpa Harus Berlatar Belakang IT! Ghefira - detikFinance Selasa, 29 Sep 2026 22:17 WIB ... Tautan telah disalin Jakarta - Data science sering terdengar seperti dunia khusus programmer. Padahal, memahami cara data dipakai untuk membaca risiko dan mengambil keputusan kini relevan untuk banyak profesi. Kelas detikcourse ini dirancang untuk siapa saja yang ingin memahami data science dan predictive analytics. Tidak perlu pengalaman sebagai programmer sama sekali. Cocok untuk data analyst, business analyst, marketer, business development, entrepreneur, mahasiswa, fresh graduate, dan profesional lain yang penasaran dengan dunia data. SCROLL TO CONTINUE WITH CONTENT Apa yang Dipelajari? Peserta mengenal peran data science dalam keputusan bisnis, alur predictive analytics dari data sampai prediksi, dan cara mengolah data dengan Python di Google Colab. Studi kasusnya adalah Customer Churn Prediction, dengan model Decision Tree dan Random Forest. Hasil model dievaluasi memakai Confusion Matrix, Accuracy, Precision, Recall, dan F1-Score, lalu dijadikan business insight yang bisa ditindaklanjuti. ADVERTISEMENT Detail Acara Selasa, 13 Oktober 2026, pukul 19.00-21.00 WIB, online via Zoom Meeting. Peserta mendapat e-sertifikat detikcourse, video recording, hands-on practice bersama expert, career tips, dan kesempatan dipublikasikan di artikel detikcom. Segera daftarkan dirimu melalui detikevent ! (hns/hns) ... Tautan telah disalin data science predictive analytics bisnis non-programmer kursus online analisis data python Anda menyukai artikel ini Artikel disimpan",finance,https://finance.detik.com/berita-ekonomi-bisnis/d-8685143/pelajari-data-science-untuk-kebutuhan-bisnismu-tanpa-harus-berlatar-belakang-it
FN067,"Bank Indonesia Diprediksi Naikkan Suku Bunga Ignacio Geordi Oswaldo - detikFinance Selasa, 29 Sep 2026 21:37 WIB ... Tautan telah disalin Jakarta - Salah satu bank terbesar di dunia, HSBC, memperkirakan langkah pengetatan kebijakan moneter oleh Bank Indonesia (BI) melalui peningkatan suku bunga akan segera berakhir. Langkah agresif suku bunga tinggi ini sudah dilakukan BI sejak awal tahun demi menstabilkan nilai tukar rupiah. Chief Asia Economist & Co-head Global Investment Research Asia HSBC Frederic Neumann mengatakan BI diproyeksikan hanya akan menaikkan suku bunga acuan atau BI rat jelang akhir tahun sebelum mengakhiri era suku bunga tinggi. SCROLL TO CONTINUE WITH CONTENT ""Kita hampir mencapai akhir siklus pengetatan moneter di Indonesia. Kita telah melihat BI mengambil langkah yang sangat agresif pada awal tahun ini, sehingga mereka sudah melakukan sebagian besar upaya untuk menstabilkan nilai tukar rupiah,"" ujar Frederic dalam Media Briefing HSBC Indonesia Summit 2026, Jakarta Selatan, Selasa (29/9/2026). ""Kami memperkirakan akan ada satu kali lagi kenaikan suku bunga menjelang akhir tahun ini, namun setelah itu siklus pengetatan tersebut akan berakhir,"" jelasnya lagi. ADVERTISEMENT Baca juga: Dolar AS Diramal Masih Rp 18.000 sampai Akhir Tahun, Setelah Itu? Frederic menjelaskan berkat langkah agresif dari BI, stabilitas nilai tukar rupiah saat ini sudah mulai terlihat dan terbukti mampu menarik kembali arus modal asing (capital inflows) masuk ke pasar keuangan domestik. Ke depan, pergerakan mata uang Garuda diproyeksikan relatif terbatas. ""Anda sudah melihat adanya stabilitas pada nilai tukar rupiah dan kembalinya arus modal masuk. Jadi kami memperkirakan bahwa pada tahun depan, pergerakan nilai tukar rupiah akan berada dalam kisaran yang relatif sempit,"" Frederic. Ia menambahkan jika terdapat penyesuaian kebijakan di luar kenaikan suku bunga acuan tersebut, BI diperkirakan hanya perlu memanfaatkan instrumen Sekuritas Rupiah Bank Indonesia (SRBI) secara berkala untuk menyerap likuiditas. ""Jika ada perubahan kebijakan di luar satu kali kenaikan suku bunga tersebut, mungkin BI akan sesekali menggunakan SRBI untuk menyerap sebagian likuiditas guna menyesuaikan kondisi moneter secara lebih presisi. Namun, ini hanyalah penyesuaian minor,"" tuturnya. Lebih lanjut, Frederic menegaskan bahwa pengetatan moneter yang dilakukan BI tidak akan menghambat laju pertumbuhan ekonomi nasional. Hal tersebut terlihat dari pertumbuhan penyaluran kredit perbankan yang justru mengalami akselerasi, baik untuk investasi maupun modal kerja. ""Apakah hal itu menghambat pertumbuhan? Kami tidak melihat adanya dampak demikian. Jika kita mencermati pertumbuhan penyaluran kredit perbankan, kredit investasi justru mengalami percepatan yang cukup signifikan, begitu pula dengan kredit modal kerja,"" ucapnya. ""Jadi, meskipun ada pengetatan moneter tambahan dan nilai tukar Rupiah yang stabil, percepatan pertumbuhan kredit perbankan mengindikasikan bahwa langkah pengetatan yang kami lakukan tidak berlebihan,"" pungkas Frederic. (igo/hns) ... Tautan telah disalin suku bunga bank indonesia stabilitas rupiah pengetatan moneter bi Anda menyukai artikel ini Artikel disimpan",finance,https://finance.detik.com/moneter/d-8685115/bank-indonesia-diprediksi-naikkan-suku-bunga
FN068,"Bukan Beras Fortifikasi, Bulog Pasok BerasKita Premium buat MBG Ignacio Geordi Oswaldo - detikFinance Selasa, 29 Sep 2026 21:23 WIB ... Tautan telah disalin Jakarta - Bulog memastikan tidak memasok beras fortifikasi untuk Program Makan Bergizi Gratis (MBG). Langkah ini diambil agar proses penyaluran beras berjalan lebih efisien dan tidak membingungkan di lapangan. Direktur Utama Perum Bulog Ahmad Rizal Ramdhani, mengatakan sebagai gantinya kebutuhan pasokan beras untuk program MBG akan dipenuhi menggunakan beras dengan kualitas premium yang kini menggunakan merek BerasKita Premium. ""Kalau beras MBG sesuai arahan Pak Mentan maupun Pak Menko supaya tidak terlalu memusingkan, jadi tetap menggunakan beras premium nanti judulnya, packaging-nya seperti ini. Jadi 'BerasKita Premium' judulnya. Tidak ada lagi yang fortifikasi-fortifikasi tidak ada,"" ujar Rizal di kantor Kementerian Koordinator Pangan, Jakarta Pusat, Selasa (29/9/2026). SCROLL TO CONTINUE WITH CONTENT Ia menambahkan pasokan beras premium tersebut dapat langsung dimanfaatkan untuk kebutuhan dapur program MBG maupun untuk pemenuhan stok pasar komersial. ""Ya, ya nanti beras premium itu bisa untuk dipakai untuk MBG juga,"" ujanya. ADVERTISEMENT Rizal menerangkan pasokan beras premium yang dikelola Bulog merupakan produk komersial berbasis skema non-subsidi, di mana gabahnya dibeli secara langsung dari hasil panen petani lokal. ""Jadi kalau teman-teman, yang namanya beras premium itu tidak ada subsidi ya. Jadi beras premium itu yang dibuat Bulog adalah beras komersialnya Bulog. Jadi Bulog belinya bukan pakai beras PSO, bukan beras yang subsidi. Tapi beras kita beli gabah, gabah hasil komersial,"" paparnya. Ahmad menambahkan, secara kualitas BerasKita Premium ini memiliki standar yang sama seperti beras premium lainnya yakni kadar pecahan (broken) maksimal 15 persen dan melalui proses penyosohan (glowing) hingga tiga kali pemolesan. Dengan dihapuskannya skema beras fortifikasi khusus, Bulog dapat berfokus pada percepatan distribusi beras premium yang dikemas dengan merek baru ""Beras KITA Premium"" untuk menopang kebutuhan pangan nasional sekaligus mendukung pemenuhan gizi masyarakat melalui Program MBG. (hns/hns) ... Tautan telah disalin beras premium bulog program makan bergizi beraskita mbg program mbg Anda menyukai artikel ini Artikel disimpan",finance,https://finance.detik.com/berita-ekonomi-bisnis/d-8685092/bukan-beras-fortifikasi-bulog-pasok-beraskita-premium-buat-mbg
FN069,"Bos Danantara Jamin Proyek LRT City Jalan Lagi 1 Oktober Ignacio Geordi Oswaldo - detikFinance Selasa, 29 Sep 2026 20:34 WIB ... Tautan telah disalin Jakarta - Chief Operating Officer (COO) Danantara sekaligus Kepala Badan Pengaturan (BP) BUMN, Dony Oskaria memastikan proyek LRT City yang sempat mangkrak akan mulai lagi 1 Oktober 2026. Dony mengatakan permasalahan ini sudah dibahas secara internal oleh BP BUMN dan Danantara, lengkap dengan rapat bersama Menteri Perumahan dan Kawasan Permukiman (PKP) Maruarar Sirait demi menyelesaikan masalah proyek milik PT Adhi Commuter Properti Tbk (ADCP), anak usaha PT Adhi Karya (Persero) Tbk. ""Sudah, kami di internal sudah rapat kemarin. Kan sesuai dengan janji tanggal 1 Oktober akan mulai pembangunan. Itu commit,"" kata Dony saat ditemui di Kantor Kemenko Pangan, Jakarta Pusat, Selasa (29/9/2026). SCROLL TO CONTINUE WITH CONTENT Lebih lanjut saat ditanya terkait nasib konsumen apakah akan mendapatkan penyerahan unit atau pengembalian dana (refund), Dony menjelaskan bahwa skema penanganan akan disesuaikan dengan opsi dan kondisi masing-masing pembeli. ""Tergantung, nanti kan kita sudah putuskan dengan mereka, ada beberapa yang memang harus dikembalikan, refund, nanti refund. Yang unit, tentu unit,"" jelas Dony. ADVERTISEMENT Baca juga: Bos Adhi Karya Ungkap Biang Kerok Proyek LRT City Bermasalah Dony menekankan bahwa opsi refund membutuhkan perhitungan yang sangat teliti. Pasalnya, mayoritas konsumen membeli unit apartemen dengan skema Kredit Pemilikan Apartemen (KPA) melalui perbankan, di mana terdapat porsi bunga cicilan yang sudah masuk ke bank. ""Karena kan refund itu juga harus dilihat oleh teman-teman sekalian, bahwa mereka mencicilkan ke bank. Nanti tentu akan, kalau belum selesai cicilannya tentu akan ada dispute yang kita khawatirkan. Kasihan kan, karena kan itu ada komponen bunganya disitu kan,"" terangnya. ""Misalkan kamu sudah cicil ini Rp 100 juta, tapi di Rp 100 juta itu kan ada komponen bunganya di dalamnya kan, yang diambil oleh bank kan. Nah ini nanti kan hitung-hitungnya akan agak berlebih, tapi kita semua kita bereskan,"" tambah Dony. Baca juga: Bos Adhi Karya Ungkap Biang Kerok Proyek LRT City Bermasalah Di luar itu, Dony memastikan pemerintah bersama Danantara akan menuntaskan persoalan ini tanpa ada pihak konsumen yang dirugikan. ""Tapi yang pasti 1 Oktober kita akan mulai dan tidak ada orang yang akan dirugikan, itu jaminan dari saya. Jadi pasti semuanya akan dibereskan. Dan kita udah rapat kemarin 1 Oktober akan mulai pembangunannya,"" tegasnya. (igo/hns) ... Tautan telah disalin lrt city dony oskaria proyek mangkrak bp bumn adhi karya danantara Anda menyukai artikel ini Artikel disimpan",finance,https://finance.detik.com/infrastruktur/d-8685039/bos-danantara-jamin-proyek-lrt-city-jalan-lagi-1-oktober
FN070,"Bakal Jadi Anak Usaha KAI, INKA Masih Punya Utang Rp 4,7 Triliun Ignacio Geordi Oswaldo - detikFinance Selasa, 29 Sep 2026 20:02 WIB ... Tautan telah disalin Jakarta - Chief Operating Officer (COO) Danantara sekaligus Kepala BP BUMN, Dony Oskaria, memastikan rencana penggabungan usaha alias merger antara PT Kereta Api Indonesia KAI) dengan PT Industri Kereta Api (INKA) sedang berproses. Namun ia belum bisa memastikan kapan proses ini rampung. ""Oh saya mesti cek persisnya, tapi mereka akan merger. Tapi tanggalnya saya belum cek,"" kata Dody saat ditemui di kantor Kemenko Pangan, Jakarta Pusat, Selasa (29/9/2026). Meski begitu saat ditanya apakah proses merger ini bisa selesai pada 1 Januari 2027 seperti yang ditargetkan KAI, Dony menilai proses penggabungan dua usaha sektor perkeretaapian ini rampung sebelum target tersebut. SCROLL TO CONTINUE WITH CONTENT Dony menegaskan nanti KAI akan menjadi induk usaha, dan INKA jadi di anak usaha. ""Harusnya sudah, sebelum Januari malah harusnya. Tapi saya cek, makanya saya cek. Ini proses konsolidasi per sektor kita kan. (INKA di bawah KAI) iya,"" jawab Dony. ADVERTISEMENT Baca juga: Kondisi INKA Tak Baik-baik Saja: Rugi Rp 677 M-Utang Rp 4,7 T Dony menjelaskan, langkah konsolidasi ini merupakan bagian dari strategi besar transformasi BUMN untuk memperkuat industri manufaktur dalam negeri. Terlebih, pemerintah saat ini tengah memfokuskan pengembangan transportasi publik berbasis kereta api, sehingga kapasitas dan peran INKA perlu terus didorong. ""Ini bagian dari transformasi BUMN kan. Bahwa memang kedepannya kan kita mau menjadikan BUMN-BUMN di sektor industri itu juga akan tumbuh dan berkembang. Kenapa? Karena kan sektor industri itu membuka lapangan pekerjaan yang banyak,"" jelasnya. ""Nah salah satunya adalah INKA. Karena memang transformasi daripada transportasi publik kita jadikan lebih banyak di kereta api. Makanya kita dorong transformasi INKA-nya juga dikembangkan,"" tambah Dony. Meski begitu, Dony tak menampik bahwa kapasitas produksi INKA saat ini belum cukup untuk memenuhi kebutuhan nasional. Selain masalah kapasitas, produsen kereta api pelat merah tersebut juga tengah dibelit persoalan finansial yang terbilang berat. Baca juga: Rugi 677 M & Utang Rp 4,7 T, INKA Buka Suara Sebelumnya Dony sempat menyebut kerugian yang dialami INKA mencapai Rp 677 miliar dengan utang sebesar Rp 4,7 triliun. Untuk itu Dony mengatakan pemerintah menyiapkan langkah pembenahan total, termasuk rencana penambahan modal agar INKA bisa kembali sehat dan beroperasi optimal. ""Nah saat ini kapasitas mereka belum cukup untuk itu. Karena itu sedang kita lakukan nanti improvement di situ. Termasuknya penambahan modal, karena kan mereka itu sebetulnya punya financial problem juga itu,"" beber Dony. ""Equity-nya negatif, ada unsustain loan Rp 4,7 triliun. Jadi teman-teman bisa bayangin semua dirapikan. INKA itu juga punya problem keuangan. Nah karena itu kita harus benahi. Supaya nanti kedepannya INKA ini bisa menjadi industri transportasi publik kita,"" pungkasnya. Dalam catatan detikcom, KAI dan INKA telah melakukan kick off merger kedua perusahaan pada Selasa, 21 Juli 2026, lalu. Kegiatan tersebut dihadiri oleh jajaran Danantara Asset Management, direksi KAI dan INKA, tim Project Management Office atau PMO, konsultan, serta jajaran pimpinan kedua perusahaan. Sebelumnya Direktur Utama KAI, Bobby Rasyidin juga sudah memastikan bahwa proses merger kedua BUMN rampung tahun ini. Ia menyebut merger ini merupakan arahan langsung dari Badan Pengelola Investasi Daya Anagata Nusantara (Danantara). ""Oh iya itu arahan Danantara. Iya, pokoknya (rampung) tahun ini,"" ujar Bobby saat ditemui usai rapat dengan Komisi VI di DPR RI, Jakarta, Rabu (3/6/2026). Dalam kesempatan itu dirinya juga menegaskan kembali jika setelah merger, KAI akan berperan sebagai holding atau perusahaan induk. Sementara INKA menjadi sub holding. ""Holding, kita holding. INKA jadi sub holding,"" tuturnya. (igo/hns) ... Tautan telah disalin merger bumn pt kereta api indonesia pt industri kereta api dony oskaria inka Anda menyukai artikel ini Artikel disimpan",finance,https://finance.detik.com/berita-ekonomi-bisnis/d-8684992/bakal-jadi-anak-usaha-kai-inka-masih-punya-utang-rp-4-7-triliun
FN071,"Foto Bisnis Kemarau dan El Nino Tekan Pasokan Listrik Sulbagsel, Kapasitas Turun 650 MW Tripa Ramadhan - detikFinance Selasa, 29 Sep 2026 20:00 WIB ... Tautan telah disalin Gowa - Musim kemarau dan El Nino mengganggu pasokan listrik di Sulbagsel. Kapasitas pembangkit turun 650 MW akibat penyusutan debit air sejumlah PLTA. ... Tautan telah disalin plta pasokan listrik kemarau fotodetikfinance fotodetikcom Anda menyukai artikel ini Artikel disimpan",finance,https://finance.detik.com/foto-bisnis/d-8683847/kemarau-dan-el-nino-tekan-pasokan-listrik-sulbagsel-kapasitas-turun-650-mw
FN072,"Bos Agrinas soal Utang Kopdes: Itu Hak Kemenkeu, Saya Tukang Bangunan Ignacio Geordi Oswaldo - detikFinance Selasa, 29 Sep 2026 19:35 WIB ... Tautan telah disalin Jakarta - Direktur Utama PT Agrinas Pangan Nusantara Joao Angelo De Sousa Mota buka suara terkait cicilan utang pembangunan Koperasi Desa/Kelurahan Merah Putih (KDKMP) ke bank BUMN. Menurutnya masalah pembayaran cicilan tersebut sepenuhnya merupakan hak dan wewenang dari Kementerian Keuangan (Kemenkeu). Sementara pihaknya hanya bertugas dalam pembangunan fasilitas fisik koperasi saja. ""Itu kan haknya Pak Kemenkeu. Saya kan tukang bangunan,"" jawab Joao singkat saat ditemui di kantor Kemenko Pangan, Jakarta Pusat, Selasa (29/9/2026). SCROLL TO CONTINUE WITH CONTENT Soal apakah pembangunan fisik unit koperasi rampung sudah dilaporkan, Joao mengaku pihaknya selalu menyampaikan perkembangan proses pembangunan. ""Ya kan tukang bangunan berarti sudah selesai membangun rumahnya, ya berarti dilaporkan. 'Nih rumahnya sudah selesai, sudah selesai saya kerja,"" kata Joao. ADVERTISEMENT Baca juga: Utang Rp 37 T Kopdes Merah Putih Jatuh Tempo Besok, Suahasil Buka Suara Dalam konteks ini, ia mengatakan pihaknya sudah menyelesaikan pembangunan fisik 26.661 unit koperasi dan sudah diserahkan ke pemerintah. Untuk itu ia meminta agar pembayaran cicilan utang biaya konstruksi segera dibayarkan. ""Sudah per hari ini 26.661 yang sudah selesai 100%, saya serahkan. Duitnya mana? Ayo sini bayar, nah gitu,"" kata Joao sedikit memberikan penekanan. Dalam catatan detikcom, Kementerian Keuangan (Kemenkeu) diketahui belum membayar cicilan dan bunga pembiayaan Koperasi Desa/Kelurahan Merah Putih (KDMP). Kewajiban pembayaran KDMP tahap awal mencapai Rp 37 triliun yang akan jatuh tempo pada 25 September 2026. Plt Direktur Jenderal Perimbangan Keuangan Kemenkeu Nufransa Wira Sakti mengatakan, pembayaran baru dapat dilakukan setelah Kemenkeu menerima tagihan dari bank BUMN atau disebut juga dengan Himpunan Bank Milik Negara (Himbara). ""Terkait dengan pembayaran untuk KDMP, sesuai dengan PMK Nomor 15 Tahun 2026, nanti Kemenkeu akan membayar setelah adanya tagihan dari Himbara,"" kata Nufransa dalam konferensi pers APBN KiTA di Kementerian Keuangan, Jakarta, Jumat (18/9/2026). Baca juga: Menkop Sebut Penempatan Manajer Kopdes Diurus Agrinas Namun hingga saat ini, Nufransa mengatakan Kemenkeu belum menerima tagihan tersebut. Kondisi ini membuat pembayaran belum dapat dilakukan. ""Sehingga dengan demikian sampai saat ini kita belum menerima tagihan dari Himbara tersebut. Jadi belum bisa kita bayarkan,"" tutur Nufransa. Meski tagihan belum masuk, Nufransa memastikan anggaran untuk pembayaran telah tersedia. Kemenkeu juga terus berkoordinasi dengan kementerian dan lembaga terkait untuk memastikan proses pembayaran berjalan transparan dan akuntabel. ""Namun anggarannya sudah kami siapkan. Kemudian juga terkait dengan hal ini, kami senantiasa bekerja sama juga dengan kementerian dan lembaga terkait hingga nanti pada saat pembayarannya akan terus terjaga transparansi dan juga akuntabilitasnya,"" terang Nufransa. Ia menambahkan, nantinya akan ada proses serah terima dari PT Agrinas dan Kementerian Koperasi (Kemenkop) kepada Himbara. Proses tersebut juga harus dilengkapi berita acara serah terima yang telah direviu Badan Pengawasan Keuangan dan Pembangunan (BPKP). (igo/hns) ... Tautan telah disalin utangnya kemenkeu agrinas pangan koperasi desa cicilan utang kopdes merah putih kopdes Anda menyukai artikel ini Artikel disimpan",finance,https://finance.detik.com/berita-ekonomi-bisnis/d-8684933/bos-agrinas-soal-utang-kopdes-itu-hak-kemenkeu-saya-tukang-bangunan
FN073,"Investigasi KNKT Soal Insiden KA Argo Bromo Anggrek Terbit, KAI Buka Suara Herdi Alif Al Hikam - detikFinance Selasa, 29 Sep 2026 18:30 WIB ... Tautan telah disalin Jakarta - PT Kereta Api Indonesia (Persero) atau KAI buka suara soal hasil investigasi keselamatan Komite Nasional Keselamatan Transportasi (KNKT) terkait insiden KA Argo Bromo Anggrek dan KA 5568A Commuter Line di Bekasi Timur. Perusahaan akan mendukung dan bersikap kooperatif atas semua hasil investigasi. Bagi KAI, investigasi keselamatan menjadi bagian penting untuk memastikan langkah perbaikan dilakukan secara tepat dan mencegah kejadian serupa terulang. Vice President Corporate Communication KAI Anne Purba menyampaikan pihaknya siap menindaklanjuti rekomendasi yang disampaikan sesuai kewenangan dan tanggung jawab perusahaan. SCROLL TO CONTINUE WITH CONTENT ""KAI sangat kooperatif dalam setiap proses investigasi keselamatan yang dilakukan KNKT. Kami menerima rekomendasi yang disampaikan sebagai bahan evaluasi yang harus ditindaklanjuti secara serius. Keselamatan penumpang dan perjalanan kereta api adalah tanggung jawab yang tidak bisa ditawar,"" ujar Anne dalam keterangannya, Selasa (29/9/2026). Baca juga: Menhub soal KAI Impor KRL Bekas Jepang: Aturan Ada di Kemendag ADVERTISEMENT Selama proses investigasi berlangsung, KAI juga telah melakukan sejumlah langkah antisipasi keselamatan. Mulai dari percepatan penanganan perlintasan sebidang melalui koordinasi dengan pihak terkait, pemberlakuan pembatasan operasi (BLB) di wilayah Bekasi, serta koordinasi berkelanjutan dengan Direktorat Jenderal Perkeretaapian (DJKA) Kementerian Perhubungan terkait aspek prasarana. KNKT telah menyampaikan rekomendasi keselamatan berdasarkan hasil investigasi dan analisis yang dilakukan. KAI akan menindaklanjuti rekomendasi tersebut melalui evaluasi dan penyempurnaan pada aspek yang menjadi kewenangan perusahaan. ""Kami tidak ingin evaluasi berhenti sebagai dokumen. Rekomendasi KNKT harus diterjemahkan menjadi perbaikan di lapangan, baik pada prosedur, kesiapan sumber daya manusia, maupun koordinasi antar pihak, termasuk edukasi meningkatkan kesadaran masyarakat akan keselamatan dj perlintasan sebidang. Kami akan memastikan tindak lanjutnya berjalan dan terus berkoordinasi dengan regulator serta stakeholder terkait,"" kata Anne. Baca juga: RI Mau Impor Kereta Bekas Jepang, Segini Kebutuhannya KAI juga terus memperkuat pengawasan terhadap pelaksanaan prosedur keselamatan, memastikan kesiapan petugas, serta mengevaluasi sistem dan proses operasional secara berkala. Setiap temuan menjadi bahan untuk memperbaiki cara kerja dan memperkuat sistem keselamatan secara berkelanjutan. ""Kami memahami bahwa di balik setiap perjalanan kereta api ada kepercayaan masyarakat yang harus kami jaga. Karena itu, setiap evaluasi harus berujung pada perbaikan. KAI berkomitmen terus belajar, memperbaiki, dan memastikan perjalanan kereta api semakin aman dan andal,"" tutur Anne. KAI akan terus menjalankan rekomendasi keselamatan sesuai kewenangan perusahaan, berkoordinasi dengan regulator dan seluruh pemangku kepentingan, serta memastikan aspek keselamatan menjadi bagian utama dalam setiap pengembangan dan penyempurnaan operasional perkeretaapian. (hal/ara) ... Tautan telah disalin investigasi knkt ka argo bromo anggrek pt kereta api indonesia Anda menyukai artikel ini Artikel disimpan",finance,https://finance.detik.com/berita-ekonomi-bisnis/d-8684846/investigasi-knkt-soal-insiden-ka-argo-bromo-anggrek-terbit-kai-buka-suara
FN074,"Gaji Manajer Kopdes Paling Rendah Rp 6,8 Juta, Tertinggi Rp 8,3 Juta Ignacio Geordi Oswaldo - detikFinance Selasa, 29 Sep 2026 17:15 WIB ... Tautan telah disalin Jakarta - Menteri Koordinator Bidang Pangan, Zulkifli Hasan alias Zulhas, mengatakan manajer atau petugas Koperasi Desa/Kelurahan Merah Putih (KDKMP) akan dipekerjakan dengan kontrak Pegawai Kontrak Waktu Tertentu (PKWT) di bawah naungan PT Agrinas Pangan Nusantara dengan jangka waktu 2 tahun. ""Kontrak 2 tahun, jadi pegawai kontrak waktu tertentu selama 2 tahun ya, di bawah Agrinas Pangan,"" ujar Zulhas dalam konferensi pers di kantornya, Jakarta Pusat, Selasa (29/9/2026). ""Tadi statusnya ditanya ini pegawai BUMN atau apa? Pegawai kontrak waktu tertentu selama 2 tahun ya,"" tegasnya lagi. SCROLL TO CONTINUE WITH CONTENT Mengenai besaran pendapatan, Zulhas mengatakan para manajer akan membawa pulang upah pada rentang Rp 6,8 - 8,3 juta per bulan. Dalam hal ini, besaran upah yang diterima akan disesuaikan dengan tingkat Upah Minimum Kabupaten/Kota (UMK) serta kondisi geografis tempat bertugas. Baca juga: Zulhas soal Penempatan Manajer Kopdes: Terima Dulu, Nanti Disesuaikan ADVERTISEMENT Artinya petugas yang bekerja di wilayah dengan UMK tinggi dapat menerima upah hingga maksimal Rp 8,3 juta per bulan. Sementara mereka yang ditempatkan di wilayah dengan UMK rendah terima upah paling rendah Rp 6,8 juta. ""Karena tanggung jawabnya berat untuk mengembangkan ekonomi desa itu, itu dilihat daerahnya, ya, sesuai dengan UMK daerah itu. Antara Rp 6,8 - 8,3 (juta per bulan). Jadi sesuai dengan tempat jauh dan seterusnya dan seterusnya. Jadi Rp 6,8 - 8,3 (juta) itu udah semuanya ya, sudah merangkap semuanya, gitu,"" jelas Zulhas. Saat dikonfirmasi lebih lanjut mengenai rincian penghasilan tersebut, Zulhas menegaskan bahwa nominal upah tersebut merupakan angka menyeluruh (take home pay) yang mencakup gaji beserta seluruh tunjangan. (igo/fdl) ... Tautan telah disalin manajer koperasi gaji pegawai kontrak kontrak kerja pt agrinas pangan nusantara upah minimum kabupaten zulkifli hasan Anda menyukai artikel ini Artikel disimpan",finance,https://finance.detik.com/berita-ekonomi-bisnis/d-8684694/gaji-manajer-kopdes-paling-rendah-rp-6-8-juta-tertinggi-rp-8-3-juta
FN075,"Foto Bisnis Panen Tembakau Nganjuk, Jawa Timur Jadi Sentra Produksi Tertinggi Nasional Tripa Ramadhan - detikFinance Selasa, 29 Sep 2026 17:00 WIB ... Tautan telah disalin Nganjuk - Petani memanen tembakau di Nganjuk, Jawa Timur. BPS mencatat produksi tembakau Jatim mencapai 148,77 ribu ton pada 2025, tertinggi secara nasional. ... Tautan telah disalin panen tembakau fotodetikfinance fotodetikcom Anda menyukai artikel ini Artikel disimpan",finance,https://finance.detik.com/foto-bisnis/d-8683855/panen-tembakau-nganjuk-jawa-timur-jadi-sentra-produksi-tertinggi-nasional
FN076,"Kisah Kenneth William, dari Terlilit Utang sampai Menjadi Trader Matang Rahmat Khairurizqi - detikFinance Selasa, 29 Sep 2026 17:00 WIB ... Tautan telah disalin Jakarta - Kenneth William mengingat masa ketika dirinya harus menghadapi kegagalan usaha dan utang sebelum menemukan jalur karier di dunia trading. Bertahun-tahun kemudian, pria yang dikenal sebagai Kenwilboy itu menekuni trading. Pada usia 25 tahun, kekayaan bersihnya disebut mencapai Rp100 miliar, dengan trading sebagai kontributor terbesarnya. Kenneth mulai terjun ke trading pada 2019. Sebelumnya, ia mencoba membangun usaha sendiri setelah tidak melanjutkan pendidikan ke perguruan tinggi akibat keterbatasan keuangan keluarga. Sejak kecil, Kenneth dikenal memiliki kemampuan dalam matematika dan sains. Kondisi ekonomi keluarga membuatnya mencari alternatif untuk membangun masa depan. Ia kemudian mencoba sejumlah usaha, termasuk e-commerce dan agensi pemasaran. SCROLL TO CONTINUE WITH CONTENT Upaya tersebut tidak semuanya berjalan sesuai harapan. Beberapa usaha yang dibangunnya gagal dan Kenneth sempat terlilit utang. Pengalaman itu menjadi salah satu fase penting sebelum ia memutuskan menekuni trading. Sejak 2019, Kenneth mulai lebih serius mempelajari pasar dan menjalankan aktivitas trading. Ia kemudian membagikan perjalanan tersebut melalui konten di internet. ADVERTISEMENT Dalam siaran langsung, Kenneth melakukan transaksi trading di depan kamera sehingga audiens dapat melihat proses yang berlangsung ketika pasar bergerak. Aktivitas tersebut turut memperkenalkan nama Kenwilboy kepada komunitas yang lebih luas. Selain aktif sebagai trader dan pembuat konten, Kenneth mendirikan Alpha Institute pada 2022. Komunitas tersebut berfokus pada pembelajaran trading bagi pemula, termasuk pemahaman terhadap pasar dan pengelolaan risiko. Kenneth mengatakan Alpha Institute kini telah memiliki ribuan anggota. Melalui komunitas itu, ia ingin memberikan ruang bagi para anggotanya untuk belajar sekaligus memahami karakter pasar sebelum mengambil keputusan dalam trading. Pandangan tersebut menjadi salah satu hal yang terus ia tekankan ketika berbicara mengenai trading. Menurutnya, kemampuan membaca pasar perlu berjalan bersama dengan pengelolaan risiko. Keduanya menjadi syarat agar trader mampu bertahan menghadapi perubahan kondisi pasar. ""Masih banyak orang mengira trading itu cara cepat mendapat uang. Padahal, saya sendiri merasakan betapa panjang prosesnya. Di komunitas saya berusaha meluruskan anggapan itu, supaya trader pemula tidak terjebak dan kecewa dengan realitanya. Pasar terus berubah, jadi trader tidak bisa sembarangan membuat keputusan,"" ujar Kenneth dalam keterangan tertulis, Selasa (29/9/2026). Pengalaman pribadi turut membentuk cara Kenneth memandang trading. Ia pernah membangun usaha, mengalami kegagalan, menghadapi utang, kemudian kembali mencoba membangun karier melalui bidang yang berbeda. Perjalanan itu kini membawanya pada target yang lebih besar. Kenneth ingin menjadi trader Indonesia pertama yang dikenal secara luas oleh masyarakat internasional. ""Saya berharap apa yang saya jalani ini bisa membuka jalan bagi trader Indonesia lainnya untuk dikenal di kancah global,"" pungkas Kenneth. Simak juga Video 'Suahasil Umumkan Pemerintah Lunasi Utang BLBI Sejak Krisis 1998': [Gambas:Video 20detik] (prf/ega) ... Tautan telah disalin kenneth william Anda menyukai artikel ini Artikel disimpan",finance,https://finance.detik.com/fintech/d-8684638/kisah-kenneth-william-dari-terlilit-utang-sampai-menjadi-trader-matang
FN077,"IHSG Seharian di Zona Merah, Ditutup Turun ke Level 6.121 Ignacio Geordi Oswaldo - detikFinance Selasa, 29 Sep 2026 16:54 WIB ... Tautan telah disalin Jakarta - Indeks Harga Saham Gabungan (IHSG) berada di zona merah sepanjang hari. Pada perdagangan hari ini, IHSG ditutup masih pada level 6.100-an. Dikutip dari RTI Business, Selasa (29/9/2026), IHSG ditutup di level 6.121,7 atau melemah 0,43%. IHSG hari ini dibuka pada 6.118,8 mencapai titik tertinggi di level 6.150,5 dan terendah di 6.013. Volume transaksi sebanyak 38,33 miliar saham dengan nilai sebesar Rp 13,24 triliun. Sementara frekuensi saham yang diperdagangkan hari ini mencapai 1.808.600 kali. SCROLL TO CONTINUE WITH CONTENT Pada penutupan perdagangan hari ini, tercatat 303 saham menguat, 373 saham melemah, dan 118 saham yang stagnan. Selain melemah secara harian, IHSG juga melemah secara mingguan sebesar 2,47%. Begitu juga IHSG secara bulanan melemah sebesar 7,25%. Lalu secara tiga bulanan masih menguat sebesar 3,83% dan secara enam bulanan melemah 17,73%. ADVERTISEMENT Simak juga Video 'Mau Tingkatkan Likuiditas, BEI Wacanakan Hapus Batas Rp 50 Saham': [Gambas:Video 20detik] (igo/fdl) ... Tautan telah disalin indeks saham ihsg pasar modal perdagangan saham Anda menyukai artikel ini Artikel disimpan",finance,https://finance.detik.com/bursa-dan-valas/d-8684633/ihsg-seharian-di-zona-merah-ditutup-turun-ke-level-6-121
FN078,"Zulhas soal Penempatan Manajer Kopdes: Terima Dulu, Nanti Disesuaikan Ignacio Geordi Oswaldo - detikFinance Selasa, 29 Sep 2026 16:44 WIB ... Tautan telah disalin Jakarta - Menteri Koordinator Bidang Pangan, Zulkifli Hasan alias Zulhas, buka suara terkait polemik penempatan manajer Koperasi Desa/Kelurahan Merah Putih (KDKMP) yang ditempatkan jauh dari lokasi domisili tempat tinggal hingga lintas provinsi. Menurutnya untuk saat ini seluruh manajer KDKMP atau lebih dikenal sebagai Kopdes yang telah dinyatakan lolos seleksi untuk menerima dan menandatangani berkas penempatan terlebih dahulu. Hal ini agar status kelulusan mereka tidak gugur dan berstatus tetap sebagai pegawai. ""Yang paling penting sekarang, dari manajer-manajer itu ditempatkan, diterima dulu agar statusnya tetap sebagai pegawai,"" ujar Zulhas dalam konferensi pers di kantornya, Jakarta Pusat, Selasa (29/9/2026). SCROLL TO CONTINUE WITH CONTENT ""Nah ditempatkan dulu, diterima. Nah kalau ternyata jauh dari domisilinya, tadi sudah disampaikan oleh Pak Joa (Direktur Utama PT Agrinas Pangan Nusantara) ya, setelah diterima, artinya statusnya tetap kan sebagai manajer koperasi. Kalau nggak diterima kan gugur. Yang penting diterima dulu,"" jelasnya lagi. Ia menegaskan bahwa penempatan lokasi Kopdes yang jauh dari domisili ini bersifat sementara. Sebab nantinya para manajer yang bertempat tinggal jauh dari domisili atau tempat tinggalnya dapat disesuaikan kembali nanti. ADVERTISEMENT ""Nah setelah itu nanti disesuaikan. Di mana nanti domisili dengan koperasi yang terdekat akan disesuaikan tempatnya. Jadi itu menjawab berita-berita di luar yang jauh dan sebagainya itu, itu jawabannya. Jadi setelah diterima akan disesuaikan di mana domisilinya, di mana nanti koperasi yang terdekat dia akan ditempatkan di situ,"" ucap Zulhas. ""Misalnya ada satu contoh, tinggal di Depok ditaruhnya di Gorontalo, ya tentu kejauhan, kan. Nah itu nanti akan disesuaikan. Yang penting tempatnya sekarang dia tanda tangan terima dulu, agar status enggak gugur, kan. Nanti disesuaikan tempat yang terdekat,"" sambungnya. Zulhas menjelaskan hal ini terjadi lanta ranrasio antara jumlah manajer jauh lebih tinggi dibandingkan bangunan koperasi yang sudah selesai dibangun. Alhasil sejumlah manajer harus ditempatkan di lokasi lain lebih dulu sembari menunggu kesiapan infrastruktur. ""Kan yang manajernya banyak, Kopdes-nya masih lebih sedikit, makanya tempatnya agak jauh. Nanti kalau sudah Kopdes-nya jadi yang dekat domisili dia, dia dipindah. Jelas ya?"" kata Zulhas. Dalam kesempatan yang sama Menteri Koperasi (Menkop) Ferry Juliantono menjelaskan bahwa dari total 30.000 lebih peserta yang dilatih, terdapat sekitar 1.900 orang atau 11% manajer yang ditempatkan di luar provinsi asal karena perbedaan jumlah ketersediaan bangunan Kopdes dengan jumlah SDM yang ada. ""Yang jumlahnya tadi disampaikan oleh Pak Menko, jumlahnya kurang lebih 1.900 atau sekitar 11% dari manajer Kopdes yang ditempatkan di lintas apa, provinsi. Tapi pengertian penempatan lintas provinsi itu dimaksudkan semata-mata untuk mengisi kekurangan SDM di daerah-daerah yang perlu ada penempatan,"" ujarnya. Ia juga menegaskan jika kondisi ini juga bersifat sementara. Sebab penempatan manajer Kopdes ini akan disesuaikan lagi bersama dengan PT Agrinas Pangan Nusantara selaku penanggungjawab program. ""Tapi kami kemarin juga sudah bersama PT Agrinas Pangan Nusantara akan tetap mempertahankan statusnya, dan dia tidak kita diskualifikasi, dan mempertahankan sambil menunggu bangunan Koperasi Desa/Kelurahan Merah Putih-nya selesai. Pokoknya kita carikan solusinya,"" paparnya. Simak juga Video 'Pikap Kopdes dan Fortuner Ringsek Usai Terlibat Kecelakaan di Blitar': [Gambas:Video 20detik] (igo/fdl) ... Tautan telah disalin penempatan manajer koperasi desa zulkifli hasan kopdes domisili Anda menyukai artikel ini Artikel disimpan",finance,https://finance.detik.com/berita-ekonomi-bisnis/d-8684606/zulhas-soal-penempatan-manajer-kopdes-terima-dulu-nanti-disesuaikan
FN079,"Dasco Kumpulkan 3 Bos OJK, Ada Apa? Andi Hidayat - detikFinance Selasa, 29 Sep 2026 16:28 WIB ... Tautan telah disalin Jakarta - Wakil Ketua DPR RI Sufmi Dasco Ahmad memanggil tiga petinggi Otoritas Jasa Keuangan (OJK) pada Selasa (29/9). Mereka adalah Ketua Dewan Komisioner OJK Friderica Widyasari Dewi, Kepala Eksekutif Pengawas Pasar Modal, Keuangan Derivatif, dan Bursa Karbon (PMDK) Hasan Fawzi, serta Kepala Eksekutif Pengawas Bursa Mineral dan Komoditas Strategis (BMKS) Sarjito. Pertemuan tersebut membahas stabilitas sektor keuangan untuk memastikan masyarakat tetap aman dalam menabung dan berinvestasi. Oleh karena itu, Dasco menekankan pentingnya pengawasan yang konsisten untuk menjaga kepercayaan publik. ""Perhatian kami tertuju pada stabilitas sektor keuangan agar masyarakat tetap aman menabung dan berinvestasi,"" ungkap Dasco dalam unggahan Instagram resmi @sufmi_dasco, Selasa (29/9/2029). SCROLL TO CONTINUE WITH CONTENT Baca juga: 659.419 Rekening Scam-Judol Diblokir! Dasco mengatakan masukan dari OJK akan diteruskan kepada komisi terkait di DPR. Ia juga memastikan DPR dan OJK akan terus berkoordinasi untuk memperkuat pengawasan di sektor keuangan. ADVERTISEMENT ""Pandangan yang disampaikan kami teruskan ke komisi yang membidangi. Kami di DPR RI akan memastikan koordinasi dengan OJK terus berjalan erat, agar pengawasan sektor keuangan benar-benar bekerja untuk rakyat,"" pungkasnya. Sebelumnya, Dasco juga diketahui sempat mengumpulkan Ketua Dewan Komisioner OJK Friderica Widyasari Dewi bersama dengan Menteri Sekretaris Negara Prasetyo Hadi, Menteri Keuangan Suahasil Nazara, Gubernur Bank Indonesia (BI) Destry Damayanti, hingga COO BPI Danantara Indonesia Dony Oskaria. Dalam pertemuan tersebut, Dasco disebut banyak membahas tentang kondisi ekonomi secara menyeluruh. Hanya saja, tidak ada penjelasan detail terkait pertemuan tersebut. ""Ekonomi secara umum kita lihat kondisi ekonomi,"" ujar Menteri Keuangan Suahasil Nazarasaat ditemui di Gedung DPR, Kamis (24/9/2026). Saat itu, Dasco melalui akun Instagram pribadinya menyampaikan pertemuan tersebut merupakan rapat kordinasi untuk membahas perkembangan ekonomi dan keuangan nasional serta berbagai dinamika yang perlu menjadi perhatian bersama. ""Kami di DPR RI akan terus memastikan koordinasi antar-lembaga berjalan baik agar kebijakan strategis dapat dilaksanakan secara efektif dan akuntabel,"" ujar Dasco dikutip dari Instagram @sufmi_daso. [Gambas:Instagram] Simak juga Video 'OJK Siap Beri Pendampingan ke Pemda soal Penerbitan Obligasi Daerah': [Gambas:Video 20detik] (ahi/ara) ... Tautan telah disalin ojk sufmi dasco ahmad Anda menyukai artikel ini Artikel disimpan",finance,https://finance.detik.com/moneter/d-8684544/dasco-kumpulkan-3-bos-ojk-ada-apa
FN080,"Perkuat Inovasi Transisi Energi, PGN Raih Platinum Award InTechSEA 2026 Annisa Sekar Melati - detikFinance Selasa, 29 Sep 2026 16:26 WIB ... Tautan telah disalin Jakarta - PT Perusahaan Gas Negara (Persero) Tbk (PGN) meraih Platinum Award pada ajang Innovation Technology for Social and Environmental Awards (InTechSEA) 2026. Penghargaan ini menjadi apresiasi atas upaya PGN dalam mengembangkan solusi inovatif pendukung energi berkelanjutan. Penghargaan prestisius tersebut diserahkan langsung oleh Menteri Energi dan Sumber Daya Mineral (ESDM) Bahlil Lahadalia. Acara penganugerahan bergengsi ini diselenggarakan secara meriah oleh Universitas Hasanuddin di Jakarta, Senin (14/9). Penganugerahan tahun ini secara khusus mengusung tema inovasi kolaboratif demi mewujudkan masa depan yang inklusif dan ramah lingkungan. Wujud PGN dalam mendukung transisi energi dibuktikan melalui pelaksanaan 37 inisiatif dekarbonisasi di berbagai entitas perusahaan. Serangkaian inisiatif tersebut sukses berkontribusi signifikan pada upaya penurunan jumlah emisi secara nasional. PGN mencatat adanya estimasi penurunan emisi hingga kurang lebih 22 ribu ton CO2 ekuivalen (CO2e) per Juni 2026. SCROLL TO CONTINUE WITH CONTENT Direktur Utama PGN Arief K. Risdianto mengatakan capaian positif tersebut menunjukkan inovasi dan keberlanjutan dapat berjalan secara beriringan. Kesuksesan ini terwujud tanpa mengesampingkan upaya perusahaan dalam menjaga standar keandalan operasional sehari-hari. PGN terbukti mampu menciptakan nilai tambah ganda bagi kemajuan bisnis perusahaan maupun kepuasan para pelanggan. ""Bagi PGN, inovasi tidak berhenti pada pengembangan teknologi, tetapi harus dapat diimplementasikan dan memberikan dampak nyata. Upaya dekarbonisasi yang kami jalankan menunjukkan aspek lingkungan dapat berjalan seiring dengan efisiensi operasional dan penciptaan nilai bisnis,"" ujar Arief pada keterangan tertulisnya, Selasa (29/9/2026). ADVERTISEMENT Kolaborasi antara aspek ekologi dan ekonomi ini dipastikan akan terus menjadi pilar utama strategi bisnis perusahaan. Baca juga: 269 Ribu Mangrove Ditanam di Pantura, Lahan Mati Disulap Jadi Sawah ""Penghargaan ini menjadi motivasi bagi PGN untuk terus menghadirkan inovasi yang relevan dengan kebutuhan industri, masyarakat, dan perkembangan transisi energi,"" sambungnya. Dorongan motivasi ini siap memacu seluruh jajaran internal PGN untuk melahirkan lebih banyak terobosan baru ke depannya. Sebagai perusahaan di sektor midstream dan downstream gas bumi, PGN terus memperkuat perannya dalam mendukung sistem energi ramah lingkungan. Upaya strategis ini dieksekusi secara terukur melalui pengembangan infrastruktur lanjutan dan peningkatan konektivitas jaringan. Perusahaan juga rutin melakukan digitalisasi operasional serta menghadirkan solusi energi yang pas dengan karakteristik setiap pelanggannya. Layanan penyaluran gas bumi PGN saat ini telah menjangkau berbagai segmen penting mulai dari rumah tangga, komersial, hingga industri. Suplai energi bersih ini juga disalurkan secara andal untuk menyokong kebutuhan operasional pembangkit listrik dan transportasi darat. PGN turut memaksimalkan pemanfaatan teknologi Compressed Natural Gas (CNG) dan Liquefied Natural Gas (LNG) guna memperluas jangkauan ke wilayah terpencil. Dalam memperkuat konektivitas infrastruktur, PGN terus mengoptimalkan pemanfaatan Pipa Transmisi Cirebon-Semarang (Cisem) serta Floating Storage Regasification Unit (FSRU). Perusahaan plat merah ini juga ikut memaksimalkan fungsi LNG Hub beserta berbagai fasilitas infrastruktur lainnya. Penguatan jaringan terintegrasi ini diarahkan secara khusus untuk meningkatkan fleksibilitas sekaligus keandalan pasokan energi nasional. Baca juga: Perkuat Strategi Komersial, PGN Raih Best CMO Award 2026 Sejalan dengan agenda besar tersebut, PGN kini mulai mempersiapkan infrastrukturnya agar semakin adaptif menyambut sumber energi masa depan. Salah satu langkah konkretnya diwujudkan melalui pengembangan injection point di wilayah Sumatera Selatan. Fasilitas canggih ini dirancang untuk mendukung penyaluran energi alternatif seperti Coal Bed Methane (CBM) dan biometana. ""Transformasi energi membutuhkan infrastruktur yang semakin terintegrasi dan adaptif. Karena itu, PGN tidak hanya memperkuat infrastruktur yang ada, tetapi juga mempersiapkannya agar dapat mengakomodasi sumber energi yang semakin beragam,"" jelas Arief. Infrastruktur adaptif ini menjadi kunci penentu kesuksesan jalannya program transisi menuju energi bersih. ""Langkah ini penting untuk memperkuat fleksibilitas pasokan sekaligus mendukung ketahanan energi nasional dalam jangka panjang,"" tambah Arief. Kapasitas pasokan yang fleksibel akan memastikan roda perekonomian negara tetap berputar stabil di segala situasi. Seluruh proses transformasi bisnis ini juga didukung penuh oleh sistem digitalisasi dalam pengelolaan infrastruktur gas bumi. PGN saat ini telah mengoperasikan teknologi Supervisory Control and Data Acquisition (SCADA) yang sangat mutakhir. Baca juga: Dorong Pemanfaatan Gas Bumi, PGN Optimalkan Jargas di Gresik-Sidoarjo Sistem pintar ini memungkinkan aktivitas pemantauan, pengendalian, dan pengelolaan seluruh jaringan gas bumi dilakukan secara real-time dari jarak jauh. Integrasi data operasional melalui SCADA sangat membantu manajemen dalam mengambil sebuah keputusan bisnis secara cepat dan akurat. Di sisi lain, PGN terus menjaga tingkat keandalan dan keselamatan jaringan pipa transmisi sepanjang lebih dari 33.000 kilometer. Seluruh aset vital ini selalu dirawat dengan standar mitigasi perubahan iklim dan tata kelola keamanan lingkungan yang sangat ketat. ""Upaya dekarbonisasi harus berjalan seiring dengan keandalan dan keselamatan operasional. Karena itu, PGN terus mendorong inovasi yang dapat menekan emisi dan meningkatkan efisiensi, dengan tetap memastikan seluruh infrastruktur dan layanan gas bumi beroperasi secara andal serta memenuhi standar keamanan dan keselamatan,"" ujar Arief. Prioritas prosedur keselamatan kerja ini mutlak dipertahankan di setiap lini operasional perusahaan tanpa terkecuali. Ke depannya, PGN berkomitmen akan terus memperkuat inovasi dan jalinan kolaborasi strategis bersama berbagai pemangku kepentingan terkait. Lewat optimalisasi infrastruktur dan digitalisasi sistem, PGN siap tampil menjadi garda terdepan pendukung ketahanan energi nasional. Perusahaan optimis langkah komprehensif ini mampu menciptakan nilai tambah berkelanjutan bagi kemajuan masyarakat, kelestarian lingkungan, serta masa depan bisnis. The Classroom Batch 3 Tutup Rangkaian Penguatan Komunikasi Digital KLH/BPLH The Classroom Batch 3 Tutup Rangkaian Penguatan Komunikasi Digital KLH/BPLH (anl/ega) ... Tautan telah disalin pgn inovasi energi dekarbonisasi transisi energi penghargaan lingkungan infrastruktur gas Anda menyukai artikel ini Artikel disimpan",finance,https://finance.detik.com/berita-ekonomi-bisnis/d-8684548/perkuat-inovasi-transisi-energi-pgn-raih-platinum-award-intechsea-2026
FN081,"DJP Kejar Pajak Platform Asing Lewat Sistem Ini Retno Ayuningrum - detikFinance Selasa, 29 Sep 2026 16:22 WIB ... Tautan telah disalin Jakarta - Direktorat Jenderal Pajak (DJP) Kementerian Keuangan (Kemenkeu) telah mengimplementasikan Sistem Pemungutan Pajak atas Transaksi Digital Luar Negeri (SPP TDLN) sejak Kamis (10/9) lalu. Kebijakan ini disiapkan untuk menyasar ribuan platform perdagangan digital asing yang selama ini belum tersentuh pemungutan Pajak Pertambahan Nilai Perdagangan Melalui Sistem Elektronik (PPN PMSE). Direktur Jenderal Pajak Bimo Wijayanto menjelaskan pada awal implementasi ini, pemungutan pajak ini telah melibatkan 5 perbankan dan perusahaan fintech. ""Ada 5 bank, satu fintech,"" ujar Bimo saat ditemui di Gedung DPR RI, Jakarta Pusat, Selasa (29/9/2026). SCROLL TO CONTINUE WITH CONTENT Baca juga: Restitusi Pajak Kini Bisa Diaudit Khusus, Suahasil Jawab Begini Bimo menjelaskan pemungutan SPPT DLN berada di luar lingkup PPN PMSE yang sudah berjalan sebelumnya. Menurut Bimo, masih ada banyak sekali platform luar negeri penyedia barang dan jasa digital yang dikonsumsi oleh masyarakat Indonesia, tapi belum terjangkau aturan PPN PMSE. ADVERTISEMENT ""Di luar yang sudah dipungut PPN PMSE, ada beberapa, ada banyak masih banyak sekali platform luar negeri yang menyediakan barang dan jasa yang dibeli oleh konsumen dari Indonesia. Jadi, source of payment-nya dari Indonesia sehingga dari payment gateway-nya itu kita ambil hak pemajakannya,"" beber Bimo. Ketika mengenai proyeksi besaran potensi penerimaan dari kebijakan tersebut, Bimo belum menyebut angka pasti. Kendati demikian, sistem baru ini diyakini mampu mendongkrak penerimaan yang selama ini bersumber dari setoran para pelaku usaha digital. ""Besarannya nanti saya coba akan saya detailkan, tapi yang jelas harapan kita akan menambah yang sekarang kan di antara sekitar Rp 12 triliun ya yang sudah kita pungut yang dari pemungutan mereka. Akan tetapi dengan adanya sistem SPP TDLN tentu akan semakin lebih akurat,"" terangnya. Bimo memastikan langkah tersebut sudah sesuai dengan koridor hukum yang berlaku. Menurut ia, pemerintah punya hak untuk memungut atas transaksi jasa maupun barang. Saat ini jumlah platform global yang telah mendaftarkan diri secara mandiri untuk memungut pajak tercatat ada sekitar 260 entitas. Namun, Bimo menilai masih sangat sedikit jika dibandingkan dengan ribuan platform digital asing yang beroperasi. ""Toh kalau, karena gini yang yang mendaftarkan diri untuk memungut kan kalau tidak salah 260, ini masih sangat sedikit karena platform itu ada ribuan,"" tambah Bimo. Simak juga Video 'Suahasil Jamin Kanal Aduan Cukai-Pajak Tetap Dibuka': [Gambas:Video 20detik] (acd/acd) ... Tautan telah disalin platform asing pajak transaksi digital spp tdln ppn pmse Anda menyukai artikel ini Artikel disimpan",finance,https://finance.detik.com/berita-ekonomi-bisnis/d-8684543/djp-kejar-pajak-platform-asing-lewat-sistem-ini
FN082,"Truk Obesitas Masih Lewat Tol, Sebanyak Ini Jumlahnya Ilyas Fadilah - detikFinance Selasa, 29 Sep 2026 16:14 WIB ... Tautan telah disalin Jakarta - Badan Pengatur Jalan Tol (BPJT) mencatat 5.698 kendaraan kelebihan muatan atau overload terdeteksi melintas setiap hari di jalan tol. Angka tersebut merupakan hasil pemantauan di ruas tol Jasa Marga Group dan Hutama Karya Group sepanjang Januari-Agustus 2026. Kepala BPJT Ni Komang Rasminiati mengatakan, pemantauan dilakukan menggunakan Weight in Motion (WIM) sebagai salah satu instrumen untuk mengendalikan kendaraan Over Dimension Over Load (ODOL). Pada ruas tol Jasa Marga Group, rata-rata terdapat 20.627 kendaraan non-Golongan I yang melintas setiap hari. Dari jumlah tersebut, sebanyak 3.657 kendaraan per hari atau 17,73% terdeteksi overload. SCROLL TO CONTINUE WITH CONTENT ""Untuk ruas jalan tol Jasa Marga Grup ini terdata bahwa kendaraan yang lewat per hari itu 20.627 kendaraan non-golongan 1 di mana terdata yang overload itu adalah sejumlah 3.657 kendaraan per hari atau sebesar 17,73% dari total kendaraan non-golongan 1 yang melimtas,"" kata Ni Komang dalam rapat dengan Komisi V DPR RI di Kompleks Parlemen, Jakarta, Selasa (29/9/2026). Baca juga: Proyek Tol Binjai-Langsa Terganjal Masalah Lahan, Begini Penyelesaiannya ADVERTISEMENT Sementara pada ruas tol Hutama Karya Group, rata-rata terdapat 7.823 kendaraan non-Golongan I yang melintas setiap hari. Sebanyak 2.041 kendaraan per hari atau 26,99% di antaranya terdeteksi overload. Dengan demikian, total kendaraan ODOL yang terdeteksi dari kedua ruas tol tersebut tembus 5.698. Rasminiati mengatakan sistem pendeteksian pelanggaran telah tersedia dan terintegrasi dengan sistem penegakan hukum elektronik. Namun, penegakan hukum terhadap temuan pelanggaran masih perlu diperkuat. Saat ini telah terpasang 47 unit WIM di sejumlah jalan tol. Sebanyak 38 titik dipasang sebelum gerbang tol, sedangkan sembilan titik lainnya berada di jalur utama. Di Sumatera terdapat 33 titik WIM, dengan 28 titik telah terintegrasi dengan ETLE milik Kepolisian. BPJT juga berencana menambah lima titik WIM baru di jalan tol Sumatera. Sementara di Pulau Jawa terdapat 14 titik WIM yang tersebar di 10 ruas jalan tol. Enam titik di antaranya telah terintegrasi dengan ETLE dan direncanakan ada tambahan 11 titik WIM baru. ""Selanjutnya untuk di Pulau Jawa, sebarannya saat ini sudah terpasang 14 titik WIM pada 10 ruas jalan tol di Jawa. Dan 6 dari 14 titik tersebut sudah terintegrasi dengan ETLE dan akan direncanakan penambahan 11 titik WIM baru di Pulau Jawa,"" tutup Rasminiati. Lihat juga Video 'Detik-detik Truk Diduga Rem Blong Tabrak 4 Kendaraan di Lampung': [Gambas:Video 20detik] (acd/acd) ... Tautan telah disalin truk obesitas kendaraan overload jalan tol bpjt odol Anda menyukai artikel ini Artikel disimpan",finance,https://finance.detik.com/infrastruktur/d-8684534/truk-obesitas-masih-lewat-tol-sebanyak-ini-jumlahnya
FN083,"Foto Bisnis Buruh Gelar Aksi di Depan DPR, Kawal RUU Perlindungan Ketenagakerjaan Rifki Afifan - detikFinance Selasa, 29 Sep 2026 15:54 WIB ... Tautan telah disalin Jakarta - Massa buruh menggelar aksi di depan Gedung DPR/MPR RI, Jakarta. Mereka menyuarakan tuntutan soal kepastian kerja, upah layak, dan perlindungan pekerja. ... Tautan telah disalin demo buruh ruu ketenagakerjaan fotodetikfinance fotodetikcom Anda menyukai artikel ini Artikel disimpan",finance,https://finance.detik.com/foto-bisnis/d-8684461/buruh-gelar-aksi-di-depan-dpr-kawal-ruu-perlindungan-ketenagakerjaan
FN084,"Restitusi Pajak Kini Bisa Diaudit Khusus, Suahasil Jawab Begini Heri Purnomo - detikFinance Selasa, 29 Sep 2026 15:23 WIB ... Tautan telah disalin Jakarta - Menteri Keuangan Suahasil Nazara buka suara soal adanya wewenang pemeriksaan dan audit khusus terhadap proses pengembalian kelebihan pembayaran pajak atau restitusi yang tertuang dalam Undang-Undang Anggaran Pendapatan dan Belanja Negara (UU APBN) 2027 yang telah disahkan DPR RI dalam Rapat Paripurna, Selasa (29/9/2026). Pasal 37 UU APBN 2027 disebutkan, dalam rangka optimalisasi penerimaan negara, Menteri Keuangan berwenang melakukan pemeriksaan dan/atau audit penerimaan negara. Kewenangan itu termasuk melakukan pemeriksaan dan/atau audit khusus dalam rangka pengembalian kelebihan pembayaran pajak. Suahasil mengatakan kewenangan tersebut merupakan bagian dari manajemen restitusi yang dimiliki pemerintah melalui Kementerian Keuangan dan Direktorat Jenderal Pajak (DJP) untuk memastikan proses restitusi berjalan sesuai aturan. SCROLL TO CONTINUE WITH CONTENT Di satu sisi, Suahasil mengatakan, pemerintah tetap menghormati hak wajib pajak yang mengajukan restitusi. ""Karena itu saya ingin menegaskan di sini, saya tegaskan terakhir juga ketika kita melakukan press conference APBN Kita, pemerintah akan menghormati seluruh hak wajib pajak yang mengajukan restitusi,"" kata Suahasil di Gedung DPR, Jakarta, Selasa (29/9/2026). ADVERTISEMENT Suahasil menambahkan, pada yang sama, pemerintah juga memastikan kepatuhan wajib pajak dalam proses pengajuan restitusi. ""Namun pada saat yang bersamaan kita juga ingin memastikan kepatuhannya kepatuhannya mengenai faktur, kepatuhannya mengenai transaksi kepatuhannya mengenai hubungan antar wajib pajak yang harus di-establish dalam rangka mendapatkan restitusi tersebut,"" ujarnya. Sementara itu, Suahasil mengatakan pemerintah juga mempertimbangkan kondisi ekonomi dalam pengelolaan restitusi pajak. Di mana industri yang berorientasi ekspor dan industri padat karya menjadi sektor yang dinilai penting untuk didukung. ""Tentu kami sangat melihat sekali kondisi ekonomi yang ada dan saya merasa bahwa industri kita sebagai salah satu komponen yang kita ingin dorong untuk menjalankan ekspor ini sangat penting untuk kita bantu, industri padat karya juga sangat penting untuk kita bantu, karena tadi dia konsisten dengan menciptakan lapangan kerja dan mendorong ekspor,"" ungkapnya. Simak juga Video 'Suahasil Jamin Kanal Aduan Cukai-Pajak Tetap Dibuka': [Gambas:Video 20detik] (hrp/fdl) ... Tautan telah disalin restitusi pajak wewenang audit menteri keuangan suahasil nazara Anda menyukai artikel ini Artikel disimpan",finance,https://finance.detik.com/berita-ekonomi-bisnis/d-8684385/restitusi-pajak-kini-bisa-diaudit-khusus-suahasil-jawab-begini
FN085,"Dolar AS Diramal Masih Rp 18.000 sampai Akhir Tahun, Setelah Itu? Ignacio Geordi Oswaldo - detikFinance Selasa, 29 Sep 2026 15:05 WIB ... Tautan telah disalin Jakarta - Nilai tukar rupiah terhadap dolar Amerika Serikat (AS) diramal akan terus berada di sekitar 18.000 hingga akhir tahun. Kondisi ini utamanya dikarenakan penguatan mata uang Paman Sam secara global seiring dengan tren kenaikan suku bunga oleh Bank Sentral AS (Federal Reserve/The Fed). Chief Asia Economist & Co-head Global Investment Research Asia HSBC, Frederic Neumann, mengatakan penguatan mata uang Paman Sam tersebut tidak hanya berdampak pada rupiah, namun juga pada berbagai mata uang utama dunia seperti Yen Jepang, Dolar Selandia Baru, hingga Euro. ""Terkait rupiah, kita harus mengakui bahwa The Fed saat ini sedang menaikkan suku bunga, sehingga dolar mendapatkan banyak dukungan. Kita melihat dolar menguat terhadap berbagai mata uang, misalnya mata uang Jepang, Selandia Baru, dan juga Euro,"" kata Frederic dalam Media Briefing HSBC Indonesia Summit 2026, Jakarta Selatan, Selasa (29/9/2026). SCROLL TO CONTINUE WITH CONTENT ""Mengingat waktu yang tersisa hanya tiga bulan hingga akhir tahun, kita melihat posisi rupiah cenderung stabil, mungkin sedikit melemah, namun tidak signifikan. Hal ini lebih mencerminkan kekuatan dolar daripada kelemahan fundamental rupiah,"" jelasnya lagi. Dalam hal ini, ia memperkirakan tingkat pergerakan mata uang Garuda akan berada di kisaran Rp 18.000 per dolar AS hingga akhir tahun ini, bisa sedikit di bawah atau di atas. Menurutnya kisaran ini merupakan target yang masuk akal dan menunjukkan penguatan dolar AS secara keseluruhan daripada pelemahan fundamental rupiah. ADVERTISEMENT ""Jadi jika Anda menanyakan target kepada saya, sekitar 18.000 misalnya, akan menjadi target yang masuk akal. Itu lebih menunjukkan kekuatan dolar dibandingkan kelemahan rupiah,"" ujarnya. Namun pergerakan nilai tukar ini diperkirakan akan berbalik pada awal tahun depan ketika penguatan dolar AS mulai mereda. Artinya mulai 2027, rupiah diramal akan kembali menguat. ""Tahun depan situasi itu bisa saja berbalik, karena pada titik tertentu nilai dolar akan melemah dan saat itulah rupiah akan mendapat dorongan positif. Pesan utamanya adalah bahwa pelemahan khusus pada rupiah yang kita alami di awal tahun sudah tidak ada lagi. Kondisi itu sudah teratasi,"" tambahnya. Lebih lanjut, Frederic mengatakan penguatan rupiah mulai 2027 mendatang juga didorong oleh berbagai langkah tegas dan agresif dari Bank Indonesia (BI) dalam menaikkan suku bunga acuan pada awal tahun ini, yang memberikan kepastian bagi para investor. ""Kita hampir mencapai akhir siklus pengetatan moneter di Indonesia. Kita telah melihat Bank Indonesia mengambil langkah yang sangat agresif pada awal tahun ini, sehingga mereka telah melakukan sebagian besar upaya untuk menstabilkan nilai tukar rupiah dan hal tersebut sangat berperan dalam meyakinkan para investor mengenai stabilitas mata uang,"" ungkapnya. Di luar itu, ia memperkirakan BI hanya akan menaikkan suku bunga acuan satu kali lagi menjelang akhir tahun sebelum akhirnya menghentikan siklus pengetatan. Karena itu, menurutnya pergerakan nilai tukar mata uang Garuda akan sangat terbatas. ""Anda sudah melihat adanya stabilitas pada nilai tukar rupiah dan kembalinya arus masuk modal. Jadi kami memperkirakan bahwa pada tahun depan, pergerakan nilai tukar rupiah akan berada dalam kisaran yang relatif sempit,"" pungkas Frederic. Simak juga Video 'Upaya Pemerintah Kurangi Ketergantungan Terhadap Dolar AS': [Gambas:Video 20detik] (igo/fdl) ... Tautan telah disalin nilai tukar rupiah dolar as penguatan mata uang suku bunga Anda menyukai artikel ini Artikel disimpan",finance,https://finance.detik.com/bursa-dan-valas/d-8684344/dolar-as-diramal-masih-rp-18-000-sampai-akhir-tahun-setelah-itu
FN086,"Aduan Warga ke Pemerintah Tembus 73.000, Paling Banyak soal Jalan Andi Hidayat - detikFinance Selasa, 29 Sep 2026 14:16 WIB ... Tautan telah disalin Jakarta - Wakil Menteri Dalam Negeri (Wamendagri), Bima Arya Sugiarto, mengatakan ada sekitar 73 ribu aduan terkait layanan publik. Keluhan paling banyak menyangkut kondisi dan kualitas jalan di berbagai daerah. Ia mengatakan partisipasi masyarakat melalui platform pengaduan terus meningkat. Pada 2021, laporan yang masuk melalui kanal SP4N-LAPOR! tercatat sekitar 33 ribu aduan. Tindak lanjut atas pengaduan masyarakat juga kini diklaim lebih cepat, dari sebelumnya 30 hari menjadi sekitar 4 hari. Aduan yang masuk paling banyak berkaitan dengan infrastruktur jalan, ketertiban umum, lingkungan hidup, kependudukan, hingga hak kerja. SCROLL TO CONTINUE WITH CONTENT Menurutnya, penyelesaian pengaduan tidak bisa dilakukan secara insidental karena banyak laporan yang membutuhkan penanganan lebih lanjut dan tidak bersifat kasus khusus. ""Infrastruktur jalanan ini kan tentang perencanaan, tentang penganggaran, tentang desain, dan lain-lain. Ketentraman dan ketertiban umum bukan hanya sekadar kasuistis, tapi ini membutuhkan satu sistem kolaboratif. Jadi saya kira isu besar hari ini adalah bagaimana kita bersinergi untuk menguatkan sistem ini,"" ucap Bima dalam sambutannya di Kementerian PAN-RB, Jakarta Selatan, Selasa (29/9/2026). ADVERTISEMENT Baca juga: Aturan Belanja Pegawai 30% & Infrastruktur 40% di Daerah Resmi Ditunda Bima menambahkan, baru 62% pemerintah daerah (pemda) yang mengikuti evaluasi kinerja pengelolaan pengaduan. Sementara pemda yang sudah memiliki tim khusus untuk menangani aduan baru mencapai 12%. Di sisi lain, pemanfaatan sistem pelaporan oleh pemda baru mencapai 45%. Menurutnya, masih banyak pemda yang memiliki kanal pengaduan hanya sebagai formalitas dan belum digunakan secara optimal. ""Baru 45% pemerintah daerah yang memanfaatkan data pengaduan untuk perbaikan kebijakan,"" jelasnya. Dalam kesempatan yang sama, Menteri Pendayagunaan Aparatur Negara dan Reformasi Birokrasi (MenPAN-RB), Rini Widyantini, menjelaskan kanal SP4N-LAPOR! merupakan platform pengawasan warga terhadap pemerintah. Kanal ini juga menjadi acuan bagi pemerintah untuk merespons laporan masyarakat. Rini menegaskan, kanal ini menjadi bagian dari upaya pemerintah untuk meningkatkan layanan publik. Kanal SP4N-LAPOR! juga menjadi wadah untuk menjembatani masyarakat kepada pemerintah. ""SP4N-LAPOR! itu tentunya tidak hanya menjadi tempat masuknya laporan. Dia itu harus memastikan bahwa suara masyarakat itu pertama didengar, kemudian juga ditangani, diselesaikan, dan kemudian dijadikan bahan untuk membenahi pelayanan dan kebijakan berikutnya,"" terangnya. Baca juga: Menteri PU Turun Gunung Cek Irigasi Sawah Kering Dalam kesempatan ini, Kementerian PAN-RB, Kementerian Dalam Negeri (Kemendagri), Kementerian Komunikasi dan Digital (Komdigi), Kantor Staf Presiden (KSP), dan Ombudsman, memperbarui komitmen kerja sama sistem pengaduan. Dalam kerja sama tersebut, pemerintah menyetujui untuk menjadikan SP4N-LAPOR! sebagai aplikasi umum kanal aduan layanan publik. Saat ini, terang Rini, sebanyak 718 instansi telah terhubung dengan sistem pengaduan. Lebih dari 1 juta aduan juga telah dikelola melalui sistem tersebut. Jumlah ini meningkat signifikan dibandingkan setelah penandatanganan nota kesepahaman (MoU) pertama, ketika aduan yang dikelola baru mencapai 392. Setelah MoU kedua, jumlahnya naik menjadi lebih dari 700 ribu aduan. Rata-rata aduan yang masuk setiap hari juga meningkat dari 225 menjadi 494 laporan. ""Semakin tinggi aduan terhadap pemerintah pusat itu bukan hanya menyampaikan masyarakat, pemerintah itu menjadi semakin rendah kinerja pemerintah, justru ini menunjukkan semakin aktifnya partisipasi masyarakat dalam proses penyelenggaraan pelayanan publik,"" pungkasnya. Tonton juga video ""Pantau Jalan Tendean Jaksel: Aspal Baru, Jebakan Baru?"" [Gambas:Video 20detik] (ahi/ara) ... Tautan telah disalin aduan warga pengaduan publik infrastruktur jalan sp4n-lapor! Anda menyukai artikel ini Artikel disimpan",finance,https://finance.detik.com/berita-ekonomi-bisnis/d-8684240/aduan-warga-ke-pemerintah-tembus-73-000-paling-banyak-soal-jalan
FN087,"Rincian Anggaran Progam Prabowo 2027, Rp 4.106 T Siap Dibelanjakan Heri Purnomo - detikFinance Selasa, 29 Sep 2026 14:03 WIB ... Tautan telah disalin Jakarta - Pemerintah dan DPR RI telah menyepakati Anggaran Pendapatan dan Belanja Negara (APBN) Tahun Anggaran 2027. APBN 2027 dirancang untuk menghadapi ketidakpastian global sekaligus mempercepat berbagai agenda pembangunan nasional. Hal tersebut diungkapkan oleh Menteri Keuangan Suahasil Nazara dalam Rapat Paripurna DPR RI Ke-7 Masa Persidangan I Tahun 2026-2027, Selasa (29/9/2026). ""Arsitektur RAPBN 2027 didesain untuk menjawab dua kebutuhan sekaligus, merespons ketidakpastian global dan mempercepat pencapaian agenda prioritas pembangunan nasional tanpa mengorbankan keberlanjutan fiskal. Pondasi yang kuat tersebut harus kita jaga dan terus diperkuat,"" ujar Suahasil. SCROLL TO CONTINUE WITH CONTENT Suahasil memaparkan bahwa kebijakan fiskal 2027 dirancang tetap ekspansif secara kolaboratif, terarah, dan terukur dengan defisit sebesar 2,4% terhadap PDB. Pendapatan negara diperkirakan sebesar Rp 3.435,1 triliun. Sedangkan belanja negara diperkirakan sebesar Rp 4.106,3 triliun dan ditopang oleh pembiayaan yang inovatif dan terukur sebesar Rp 671,2 triliun. ADVERTISEMENT ""Angka-angka ini bukan sekadar target fiskal. Di baliknya terdapat tanggung jawab pemerintah untuk menjaga momentum pembangunan, sekaligus memastikan setiap rupiah dikelola secara hati-hati dan memberikan manfaat nyata bagi seluruh masyarakat Indonesia,"" terangnya. Suahasil menambahkan, negara akan hadir dalam kehidupan masyarakat Indonesia melalui berbagai program. Ia mengatakan dalam APBN 2027, porsi alokasi anggaran pendidikan mencapai Rp 824 triliun. Di mana anggaran akan digunakan untuk Program Indonesia Pintar, Program KIP Kuliah, renovasi sekolah dan madrasah, pengembangan Sekolah Rakyat dan Sekolah Unggul Garuda, serta dukungan beasiswa dan pengembangan talenta melalui Lembaga Pengelola Dana Pendidikan atau LPDP. ""Ini bukan hanya sekadar memenuhi amanat konstitusi, tetapi kita pahami adalah investasi langsung untuk masa depan generasi Indonesia,"" katanya. Kemudian, untuk anggaran Perlindungan Sosial, pemerintah mengalokasikan sebesar Rp 539,7 triliun yang ditujukan untuk melindungi masyarakat berpenghasilan rendah, masyarakat miskin, dan rentan, sekaligus mengakselerasi pengentasan kemiskinan. Ia mengatakan anggaran tersebut akan disalurkan melalui berbagai bantuan sosial seperti Program Keluarga Harapan (PKH), bantuan pangan, Kartu Sembako, bantuan iuran Jaminan Kesehatan Nasional (JKN). Pemerintah juga menyiapkan anggaran ketahanan pangan sebesar Rp 195,3 triliun untuk memperkuat swasembada pangan, sekaligus mewujudkan petani makmur dan nelayan sejahtera. Selanjutnya, pemerintah meningkatkan Transfer ke Daerah sebesar Rp 735 triliun dibandingkan transfer pada tahun ini. Ia mengatakan peningkatan ini dilakukan guna memastikan agenda pembangunan dan penguatan pelayanan publik dapat dirasakan merata di seluruh pelosok negeri. ""APBN dan APBD adalah satu kesatuan, bekerja dalam satu tarikan napas bersama agar setiap Rupiah anggaran memberikan manfaat yang makin nyata dan merata bagi masyarakat,"" ujarnya. Adapun dalam kerangka APBN 2027 difokuskan untuk mendukung 8 klaster Program Kerja Prioritas Nasional (PKPN) dan 1 program pendukung enabler yang keseluruhannya meliputi 60 program kerja. Kedelapan klaster PKPN tersebut adalah kedaulatan pangan, kemandirian energi dan air, pendidikan, kesehatan, hilirisasi dan industrialisasi, infrastruktur, perumahan dan ketahanan bencana, penguatan ekonomi kerakyatan dan pembangunan desa, serta penurunan kemiskinan. Sementara itu, program pendukung atau enabler adalah penguatan di bidang pertahanan dan keamanan, penegakan hukum, tata kelola pemerintahan, percepatan digitalisasi, dan diplomasi ekonomi. ""Berbagai agenda pembangunan tersebut dapat dijalankan secara efektif apabila ditopang APBN yang sehat, kredibel, dan berkelanjutan melalui optimalisasi pendapatan negara, peningkatan kualitas belanja, serta pembiayaan yang inovatif dan terukur,"" jelasnya. Tonton juga video ""Kabar Gembira! Arahan Prabowo Pangkas Antrean Haji dari 49 Jadi 14 Tahun"" [Gambas:Video 20detik] (hrp/fdl) ... Tautan telah disalin apbn 2027 pembangunan nasional anggaran 2027 Anda menyukai artikel ini Artikel disimpan",finance,https://finance.detik.com/berita-ekonomi-bisnis/d-8684212/rincian-anggaran-progam-prabowo-2027-rp-4-106-t-siap-dibelanjakan
FN088,"Subsidi BBM-Listrik Dipangkas Jadi Rp 261 T Tahun Depan Retno Ayuningrum - detikFinance Selasa, 29 Sep 2026 13:55 WIB ... Tautan telah disalin Jakarta - Pemerintah bersama dengan Dewan Perwakilan Rakyat (DPR) telah menyepakati pemangkasan subsidi energi dalam Anggaran Pendapatan Belanja Negara (APBN) 2027. Di tahun depan, subsidi energi dipangkas menjadi Rp 261,50 triliun dari sebelumnya Rp 272,94 triliun. Ketua Badan Anggaran DPR Said Abdullah membeberkan besaran subsidi BBM dan LPG pada 2027 disepakati mencapai Rp 131,39 triliun. Dari total tersebut, terdiri dari subsidi jenis BBM tertentu sebesar Rp 28,34 triliun dan subsidi LPG tabung 3 kilogram sebesar Rp 103,05 triliun. Sementara, subsidi listrik ditetapkan sebesar Rp 130,10 triliun. Angka tersebut terdiri dari subsidi tahun berjalan sebesar Rp 117,84 triliun dan kurang bayar pada 2025 sebesar Rp 12,26 triliun. SCROLL TO CONTINUE WITH CONTENT Baca juga: Pemerintah Mulai Coba Olah Batu Bara Jadi Bahan Campuran BBM ""(besaran) subsidi energi A (BBM dan LPG 3 kg) plus (subsidi) B (listrik) Rp 261,502 triliun,"" ujar Said dalam Rapat Paripurna DPR RI, Jakarta Pusat, Selasa (29/9/2026). ADVERTISEMENT Besaran subsidi tersebut berdasarkan parameter subsidi energi yang telah disepakati. Pada 2027, volume BBM sebesar 1,95 juta kiloliter yang terdiri atas minyak tanah 561 ribu kiloliter dan minyak solar 19.000 ribu kiloliter. Lalu, volume LPG tabung 3 kilogram disepakati sebesar 8.000 ribu metrik ton dengan subsidi tetap minyak solar sebesar Rp 1.000 per liter. Said menjelaskan penurunan jumlah anggaran subsidi terjadi pada minyak tanah, solar, dan LPG 3 kilogram (kg). Sebagai perbandingan dalam RAPBN 2027, anggaran subsidi BBM dan LPG 3 kg sebesar Rp 142,8 triliun, dengan rincian subsidi jenis BBM Rp 28,6 triliun dan subsidi tabung LPG 3 kg Rp 114,14 triliun. Menurut Said, Penurunan jumlah anggaran subsidi energi dikarenakan pembenahan data penerima subsidi yang sedang dilakukan pemerintah. Namun, tidak menurunkan perhatian pemerintah pada masyarakat miskin. ""Kami menyepakati penurunan sejumlah anggaran subsidi seperti minyak tanah, solar, dan LPG 3 kg tidak berarti perhatian kita terhadap rakyat miskin menurun. Penurunan subsidi tersebut karena disertai dengan pembenahan data penerima subsidi, sehingga akan lebih tepat sasaran dan mengefisienkan anggaran subsidi energi kita,"" beber Said. Said menilai dengan pembenahan data penerima subsidi yang lebih tepat akan memperbaiki kesalahan penerima subsidi energi yang berjalan bertahun-tahun. ""Mereka yang berada di desil bawah malah cenderung kurang mendapat manfaat atas pelaksanaan subsidi energi. Oleh sebab itu, penyempurnaan DTSEN sebagai basis penerima subsidi juga akan terus disempurnakan oleh pemerintah,"" jelas Said. Tonton juga video ""Kemensos soal Bansos Dipangkas Lewat Pedesilan: Kuotanya Tetap"" [Gambas:Video 20detik] (acd/acd) ... Tautan telah disalin subsidi energi apbn 2027 bbm lpg 3 kg Anda menyukai artikel ini Artikel disimpan",finance,https://finance.detik.com/energi/d-8684189/subsidi-bbm-listrik-dipangkas-jadi-rp-261-t-tahun-depan
FN089,"Dihantam 3 Guncangan Dunia, Seperti Ini Nasib Ekonomi Indonesia Ignacio Geordi Oswaldo - detikFinance Selasa, 29 Sep 2026 13:49 WIB ... Tautan telah disalin Jakarta - Salah satu bank terbesar di dunia, HSBC, memproyeksikan pertumbuhan ekonomi Indonesia akan mencapai 5,4% sepanjang 2026. Proyeksi ini berlandaskan pada kinerja ekonomi nasional yang berhasil mencatatkan rata-rata pertumbuhan sebesar 5,4% pada semester pertama 2026. Meski begitu Chief Asia Economist & Co-head Global Investment Research Asia HSBC, Frederic Neumann, memperkirakan laju pertumbuhan ekonomi Indonesia akan sedikit melambat pada 2027 mendatang jadi 5,2%. Namun tingkat pertumbuhan tersebut dinilai masih tergolong sangat kuat di tengah tren penyesuaian ekonomi global. ""Pada semester pertama tahun ini, ekonomi tumbuh sebesar 5,4%. Kami memperkirakan pertumbuhan sepanjang tahun juga akan mencapai 5,4% dan untuk tahun depan kami memproyeksikan angka 5,2%. Jadi sedikit melambat, namun tetap merupakan pertumbuhan yang sangat kuat mengingat adanya berbagai guncangan tersebut,"" kata Frederic dalam Media Briefing HSBC Indonesia Summit 2026, Jakarta Selatan, Selasa (29/9/2026). SCROLL TO CONTINUE WITH CONTENT Capaian pertumbuhan ekonomi yang solid ini menjadi cerminan ekonomi Indonesia masih sangat tangguh alias resilient meski situasi global penuh dengan ketidakpastian dan berbagai macam tantangan. Frederic memaparkan kondisi ekonomi global tengah menghadapi sejumlah tekanan berat akibat tiga guncangan utama yaitu kenaikan harga energi imbas perang, fenomena kemarau kering atau El Nino yang mendorong harga pangan naik, serta lonjakan suku bunga global. ADVERTISEMENT ""Jika kita melihat Indonesia, negara ini cukup rentan terhadap berbagai guncangan tersebut, dan sekarang pertanyaannya adalah seberapa kuat perekonomian Indonesia mampu bertahan? Dan sejauh ini, kesimpulannya adalah perekonomian Indonesia sangat tangguh dalam menghadapi semua guncangan tersebut,"" tegas Frederic. Ia menjelaskan terkait dengan guncangan energi, pemerintah Indonesia dinilai berhasil mengelola dampak kenaikan harga minyak dunia melalui skema subsidi dan kontrol harga. Kebijakan ini dinilai menjadi poin penting bagi stabilitas ekonomi nasional. ""Berkat adanya subsidi dan dukungan harga, kita tidak melihat dampak penuh terhadap konsumen sebagaimana yang terjadi di negara-negara lain. Sejauh ini, pemerintah Indonesia mampu menanggung biaya pengendalian harga tersebut. Menurut saya, hal itu menjadi jangkar penting bagi stabilitas ekonomi,"" ujar Frederic. Kemudian dalam menghadapi guncangan harga pangan imbas kemarau, inflasi di Indonesia saat ini relatif rendah jika dibandingkan dengan periode El Nino sebelumnya. Menurutnya kondisi ini didukung oleh perbaikan sistem distribusi pangan di seluruh wilayah Indonesia serta status Indonesia sebagai eksportir bersih pangan (net food exporter). ""Indonesia adalah eksportir bersih pangan. Artinya, Indonesia tidak terlalu bergantung pada impor pangan. Memang ada beberapa komoditas yang diimpor, namun secara keseluruhan, Indonesia tetap merupakan eksportir bersih pangan. Hal ini juga sedikit banyak melindungi Indonesia dari dampak El NiÃ±o,"" jelasnya. Sementara terkait gangguan imbas suku bunga global yang tinggi, pelaku usaha di Indonesia dinilai sudah terbiasa mengelola risiko suku bunga. Selain itu, pengelolaan utang dan defisit anggaran oleh pemerintah yang tergolong konservatif selama bertahun-tahun juga ikut mencegah kenaikan suku bunga global menjadi penghambat utama pertumbuhan ekonomi nasional. Atas dasar inilah Frederic kemudian memproyeksikan pertumbuhan ekonomi Indonesia sebesar 5,4% pada 2026 dan 5,2% pada 2027. Di mana HSBC optimistis arah pertumbuhan ekonomi Indonesia tetap berada di jalur yang kuat dan stabil. ""Itulah salah satu alasan mengapa kami berpendapat bahwa ketiga guncangan tersebut pada akhirnya akan dapat diserap oleh Indonesia, dan negara ini akan terus menunjukkan ketahanan yang cukup kuat,"" pungkasnya. Tonton juga video ""Prabowo soal Iklim Investasi RI Dibandingkan dengan Malaysia-Vietnam"" [Gambas:Video 20detik] (igo/fdl) ... Tautan telah disalin ekonomi indonesia guncangan global pertumbuhan ekonomi inflasi harga energi Anda menyukai artikel ini Artikel disimpan",finance,https://finance.detik.com/berita-ekonomi-bisnis/d-8684183/dihantam-3-guncangan-dunia-seperti-ini-nasib-ekonomi-indonesia
FN090,"Kapal BBM Terkendala Sungai Surut, Pertamina Siapkan Alternatif untuk Sintang Chayyara Zulghifary - detikFinance Selasa, 29 Sep 2026 13:11 WIB ... Tautan telah disalin Jakarta - Pertamina Patra Niaga memastikan kelancaran dan kesinambungan pasokan Bahan Bakar Minyak (BBM) bagi masyarakat di Kabupaten Sintang dan wilayah sekitarnya, di tengah kondisi muka air Sungai Kapuas yang mengalami penyusutan. Penyusutan muka air Sungai Kapuas berdampak pada akses kapal pengangkut BBM menuju Fuel Terminal Sintang. Sebagai langkah antisipasi, Pertamina Patra Niaga melakukan penyesuaian pola distribusi dengan mengoptimalkan fasilitas penyangga di Tayan, Kabupaten Sanggau, sebagai salah satu titik suplai alternatif untuk mendukung kebutuhan BBM di wilayah Sintang. VP Corporate Communication Pertamina Patra Niaga, Kitty Andhora, menjelaskan optimalisasi fasilitas Tayan merupakan bagian dari langkah kontingensi plan Pertamina dalam menjaga kesinambungan distribusi BBM, khususnya ketika terdapat kendala pada jalur logistik utama. SCROLL TO CONTINUE WITH CONTENT ""Kondisi Sungai Kapuas yang surut berdampak pada akses distribusi BBM melalui jalur sungai. Untuk mengantisipasi hal tersebut, Pertamina telah menyiapkan alternatif distribusi melalui fasilitas penyangga di Tayan. Fasilitas ini terus kami optimalkan agar penyaluran BBM ke Sintang dan wilayah sekitarnya tetap berjalan sesuai kebutuhan,"" ujar Kitty dalam keterangan tertulis, Selasa (29/9/2026). Melalui fasilitas penyangga Tayan, BBM dapat dilakukan direct loading dari kapal ke mobil tangki untuk selanjutnya didistribusikan menuju SPBU sesuai kebutuhan dan kondisi di lapangan. Skema tersebut memberikan fleksibilitas bagi Pertamina Patra Niaga dalam menyesuaikan pola distribusi sekaligus mendekatkan titik suplai ke wilayah yang membutuhkan. ADVERTISEMENT Selain mengoptimalkan fasilitas penyangga Tayan, Pertamina Patra Niaga juga terus memantau kondisi Sungai Kapuas, kebutuhan BBM, serta perkembangan distribusi di lapangan. Koordinasi dengan pemerintah daerah dan pemangku kepentingan terkait juga terus dilakukan untuk memastikan proses penyaluran BBM berjalan aman, lancar, dan optimal. ""Kami memahami bahwa BBM merupakan kebutuhan penting bagi mobilitas masyarakat maupun aktivitas perekonomian. Oleh karena itu, Pertamina terus menyiapkan dan menjalankan berbagai alternatif distribusi dengan menyesuaikan kondisi lapangan agar kebutuhan masyarakat tetap terpenuhi. Kami juga mengimbau masyarakat untuk membeli BBM sesuai kebutuhan dan tidak melakukan pembelian secara berlebihan,"" tambah Kitty. Kitty melanjutkan Pertamina Patra Niaga berkomitmen menjaga ketersediaan dan kelancaran distribusi BBM bagi masyarakat Sintang dan wilayah Kalimantan Barat dengan mengoptimalkan seluruh alternatif logistik yang tersedia, termasuk fasilitas penyangga Tayan. Informasi terkini terkait Pertamina Patra Niaga dapat mengunjungi www.pertaminapatraniaga.com, sosial media resmi @pertaminapatraniaga, atau menghubungi Pertamina Contact Center 135. Tonton juga video ""Bahlil ke Masyarakat Mampu: Mohon Pakai Hati, Jangan Pakai BBM Subsidi!"" [Gambas:Video 20detik] Video: Update Harga BBM Pertamina 1 September, Ada yang Naik Video: Update Harga BBM Pertamina 1 September, Ada yang Naik (prf/ega) ... Tautan telah disalin pertamina bbm sungai kapuas sintang Anda menyukai artikel ini Artikel disimpan",finance,https://finance.detik.com/energi/d-8684113/kapal-bbm-terkendala-sungai-surut-pertamina-siapkan-alternatif-untuk-sintang
FN091,"Pemerintah Mulai Coba Olah Batu Bara Jadi Bahan Campuran BBM Heri Purnomo - detikFinance Selasa, 29 Sep 2026 13:05 WIB ... Tautan telah disalin Jakarta - Kementerian Energi dan Sumber Daya Mineral (ESDM) terus melakukan pengembangan terhadap potensi sumber daya mineral yang ada di Indonesia. Salah satunya, ialah mengembangkan batu bara kalori rendah untuk diolah menjadi metanol. Wakil Menteri ESDM, Yuliot Tanjung, mengatakan produk tersebut nantinya dapat digunakan sebagai bahan campuran bahan bakar minyak (BBM). Yuliot bilang, pengembangan batu bara kalori rendah ini telah dilakukan di Kutai Timur ""Jadi untuk batubara, ini tempo hari kan kita sudah mulai kegiatan investasi batubara menjadi metanol yang di Kutai Timur. Ini saya yang melakukan ground breaking untuk kegiatan itu. Jadi ini ada beberapa yang di Kalimantan Timur itu sudah mulai,"" ujar Yuliot saat ditemui di Taman Makam Pahlawan Kalibata, Jakarta, Selasa (29/9/2026). SCROLL TO CONTINUE WITH CONTENT Yuliot mengatakan pihaknya pun mendorong proyek pemanfaatan batu bara kalori rendah untuk diolah menjadi metanol dikembang di wilayah Sumatra Selatan. Menurutnya, wilayah tersebut banyak menyimpan potensi batu bara kalori rendah. ""Yang kita dorong kegiatannya itu ada juga yang di Sumatera Selatan, ada daerah-daerah yang potensi batu baranya cukup besar. Itu terutama kita menggunakan batubara kalori rendah. Jadi metanol itu kan bisa digunakan untuk sebagai pencampuran Bahan Bakar minyak,"" terangnya. ADVERTISEMENT Sebelumnya, Yuliot telah meresmikan Proyek Strategis Nasional (PSN) Gasifikasi batu bara menjadi Metanol di Batuta Chemical Industrial Park (BCIP), Kutai Timur, Kalimantan Timur, Senin (31/8/2026). Proyek ini ditargetkan menghasilkan sekitar 1,3 juta ton metanol per tahun dengan potensi menghemat devisa hingga Rp 7,1 triliun per tahun. Ia menegaskan proyek ini menjadi bagian dari upaya pemerintah meningkatkan nilai tambah melalui hilirisasi batu baru. Groundbreaking ini juga menandai pembangunan industri methanol berbasis hilirisasi batu bara. ""Proyek ini merupakan bagian dari upaya kita untuk meningkatkan nilai tambah sumber daya alam, memperkuat industri dalam negeri, mengurangi ketergantungan terhadap impor, serta mendukung ketahanan dan kemandirian energi nasional,"" kata Yuliot dalam keterangan tertulisnya, dikutip dari keterangan tertulis Kementerian ESDM, Senin (31/8/2026). Proyek ini dikembangkan oleh PT Bumi Etam Chemical (BEC), perusahaan patungan PT Arutmin Indonesia dan PT Kaltim Prima Coal (KPC). Pembangunannya akan memanfaatkan lahan sekitar 943 hektare di kawasan BCIP. Yuliot berharap hilirisasi BEC dapat menjadi model bagi perusahaan batu bara lainnya, mengingat besarnya potensi batu bara berkalori rendah di Kalimantan dan Sumatera. Proyek ini akan mengolah sekitar 7,70-7,78 juta ton batubara berkalori 3.300-3.400 kcal/kg per tahun menjadi metanol berstandar internasional, yaitu International Methanol Producers and Consumers Association (IMPCA) Grade. Produksinya ditargetkan mencapai 1,3 juta ton per tahun untuk memenuhi sebagian kebutuhan domestik dan mengurangi impor. ""Kami berharap dengan proyek yang memberikan multiplier effect yang nyata bagi seluruh stakeholder baik penciptaan lapangan kerja tumbuhnya industri pendukung serta peningkatan aktivitas ekonomi,"" jelas Yuliot. Proyek ini dilengkapi fasilitas gasifikasi, reaktor sintesis, pembangkit listrik, pengolahan air, dan terminal pelabuhan. Teknologinya juga dilengkapi pengendalian emisi dan terintegrasi dengan Carbon Capture and Storage (CCS). Metanol yang dihasilkan akan digunakan untuk memenuhi kebutuhan industri, terutama petrokimia dan formaldehida, serta mendukung pengembangan FAME dan program B50. Tonton juga video ""Bahlil ke Masyarakat Mampu: Mohon Pakai Hati, Jangan Pakai BBM Subsidi!"" [Gambas:Video 20detik] (hrp/fdl) ... Tautan telah disalin esdm batu bara metanol Anda menyukai artikel ini Artikel disimpan",finance,https://finance.detik.com/energi/d-8684103/pemerintah-mulai-coba-olah-batu-bara-jadi-bahan-campuran-bbm
FN092,"Foto Bisnis Rupiah Tertekan, Dolar AS Tembus Rp18.000 Lagi Gilang Faturahman - detikFinance Selasa, 29 Sep 2026 13:00 WIB ... Tautan telah disalin Jakarta - Dolar AS kembali menembus Rp18.000 terhadap rupiah pada 29 September 2026. BI menyebut tekanan global dan kebutuhan valas ikut memengaruhi pelemahan rupiah. ... Tautan telah disalin dolar as nilai tukar dolar fotodetikfinance fotodetikcom kurs dolar rupiah Anda menyukai artikel ini Artikel disimpan",finance,https://finance.detik.com/foto-bisnis/d-8684048/rupiah-tertekan-dolar-as-tembus-rp18-000-lagi
FN093,"95% RKAB Batu Bara 2026 Disetujui, Produksi Sekitar 720 Juta Ton Heri Purnomo - detikFinance Selasa, 29 Sep 2026 12:51 WIB ... Tautan telah disalin Jakarta - Kementerian Energi dan Sumber Daya Mineral (ESDM) menyampaikan bahwa hampir seluruh perusahaan batu bara telah mendapatkan persetujuan dari revisi Rencana Kerja dan Anggaran Biaya (RKAB) tahun 2026. Direktur Jenderal Mineral dan Batu Bara (Minerba) Kementerian ESDM, Tri Winarno menyampaikan bahwa pihaknya telah menyetujui 95% Rencana Kerja dan Anggaran Biaya (RKAB) perusahaan pertambangan. ""95% RKAB keluar, sudah selesai,"" ujar Tri saat ditemui di Taman Makam Pahlawan, Kalibata, Jakarta, Selasa (29/9/2026). SCROLL TO CONTINUE WITH CONTENT Saat ditanya soal berapa jumlah perkiraan atau forecast produksi batu bara secara keseluruhan di tahun 2026 ini, Tri tak menjelaskan detailnya. Tri mengatakan bahwa jumlahnya ada di sekitar 720 juta ton. ""Ya in between (720 juta ton) lah,"" kata Tri. ADVERTISEMENT Sebelumnya, Kementerian Energi dan Sumber Daya Mineral (ESDM) melalui Direktorat Jenderal Mineral dan Batubara (Ditjen Minerba) melakukan pengetatan atas kelengkapan persyaratan perizinan dan kewajiban bagi setiap badan usaha sebelum kegiatan pertambangan dilaksanakan. Hal itu dilakukan untuk memperkuat sektor minerba. Kementerian ESDM memastikan seluruh proses perizinan dan pengawasan kegiatan pertambangan berjalan melalui sistem yang baku, terukur, dan terdigitalisasi. Direktur Jenderal Mineral dan Batubara Kementerian ESDM, Tri Winarno menegaskan bahwa kegiatan pertambangan tidak dapat dilakukan hanya dengan memiliki Izin Usaha Pertambangan (IUP) saja. Ia menjelaskan, perusahaan juga wajib menyusun rencana kegiatan yang jelas, memenuhi aspek teknis, lingkungan, keselamatan, serta kewajiban penerimaan negara sebelum memperoleh persetujuan untuk menjalankan operasionalnya. ""Setiap kegiatan pertambangan harus memiliki dasar hukum, perencanaan yang jelas, dan memenuhi seluruh ketentuan yang berlaku. Karena itu pemerintah melakukan evaluasi secara menyeluruh terhadap berbagai persyaratan yang menjadi bagian dari tata kelola pertambangan,"" ujar Tri dalam keterangannya, dikutip Sabtu (13/6/2026). Sesuai Pasal 111 Undang-Undang Nomor 3 Tahun 2020 tentang Pertambangan Mineral dan Batubara, RKAB merupakan dokumen wajib bagi pemegang Izin Usaha Pertambangan (IUP) dan IUP Khusus (IUPK) yang memuat rencana kegiatan usaha pertambangan, mulai dari aspek pengusahaan, teknis, finansial, hingga lingkungan. Dokumen RKAB menjadi acuan perusahaan dalam menjalankan kegiatan pertambangan pada tahap eksplorasi, operasi produksi, pengolahan dan/atau pemurnian, hingga kegiatan pasca tambang. Oleh karena itu, setiap pengajuan RKAB harus melalui proses evaluasi sebelum memperoleh persetujuan dari pemerintah.Seluruh proses pengajuan, evaluasi hingga persetujuan diproses secara online dan terintegrasi melalui sistem informasi MinerbaOne. Dalam proses evaluasi tersebut, Direktorat Jenderal Minerba melakukan pemeriksaan terhadap berbagai aspek, antara lain kelengkapan administrasi dan legalitas perizinan, kesesuaian rencana penambangan dengan kaidah teknik pertambangan yang baik (Good Mining Practice), pemenuhan kewajiban lingkungan termasuk jaminan reklamasi, aspek keselamatan pertambangan, serta kemampuan perusahaan dalam memenuhi kewajiban penerimaan negara. ""Kami terus melakukan koreksi dan evaluasi terhadap dokumen yang diajukan agar kegiatan pertambangan berjalan sesuai rencana dan memenuhi prinsip tata kelola pertambangan yang baik. Setiap persetujuan diberikan setelah seluruh aspek yang dipersyaratkan dinyatakan memenuhi ketentuan,"" jelas Tri. Pengaturan mengenai RKAB diperkuat melalui Peraturan Pemerintah Nomor 39 Tahun 2025 dan Peraturan Menteri ESDM Nomor 17 Tahun 2025. Seluruh penyampaian RKAB juga dilakukan secara elektronik melalui sistem informasi terintegrasi e-RKAB sebagai bagian dari transformasi digital tata kelola minerba. Melalui kebijakan ini, matriks RKAB disederhanakan menjadi tiga matriks untuk tahap eksplorasi dan sepuluh matriks untuk tahap operasi produksi. Penyederhanaan dilakukan tanpa mengurangi pengawasan terhadap aspek keselamatan pertambangan, pemenuhan kewajiban PNBP, penggunaan jasa pertambangan, pengembangan dan pemberdayaan masyarakat (PPM), serta kewajiban reklamasi. ""Matrik lain yang tidak digunakan lagi, dipindahkan ke dalam matrik pelaporan realisasi yang secara berkala harus disampaikan"", sambung Tri. Bagi badan usaha yang dokumen RKAB-nya masih memerlukan penyempurnaan, pemerintah memberikan kesempatan untuk melakukan perbaikan sesuai mekanisme yang berlaku. ""Kalau memang masih ada yang perlu diperbaiki, kami berikan ruang untuk dilengkapi. Kami juga terus melakukan pendampingan melalui coaching clinic agar perusahaan memahami aspek-aspek yang perlu disesuaikan sehingga dokumennya dapat memenuhi ketentuan,"" ujar Tri. Ratusan pendampingan sudah dilakukan, berdasarkan hasil evaluasi, beberapa aspek yang masih memerlukan penyempurnaan antara lain data eksplorasi dan sumber daya cadangan, rencana penambangan dan penimbunan overburden, aspek pengolahan dan pemurnian, rencana pemasaran, serta kelengkapan legalitas perusahaan. Tonton juga video ""84 KK di Batu Bara Terima Bantuan Perbaikan Rumah Senilai Total Rp 1,86 M"" [Gambas:Video 20detik] (hrp/fdl) ... Tautan telah disalin kementerian esdm rkab batu bara persetujuan rkab pertambangan indonesia Anda menyukai artikel ini Artikel disimpan",finance,https://finance.detik.com/energi/d-8684084/95-rkab-batu-bara-2026-disetujui-produksi-sekitar-720-juta-ton
FN094,"Biodiesel Disebut Hemat Devisa Ratusan Triliun, Pengamat Ungkap Hal Ini Ilyas Fadilah - detikFinance Selasa, 29 Sep 2026 12:51 WIB ... Tautan telah disalin Jakarta - Akademisi sekaligus Peneliti Senior Transisi Bersih, Aimatul Yumna menyoroti klaim penghematan devisa dari penerapan program mandatori biodiesel. Menurutnya, perhitungan manfaat biodiesel tidak bisa hanya dihitung dari berkurangnya impor solar. Yumna mengatakan, penggunaan biodiesel memang telah menekan impor solar dalam beberapa tahun terakhir. Pada 2024, nilai penghematan dari berkurangnya impor solar disebut mencapai Rp 153 triliun. ""Jadi memang ada penghematan impor solar dalam beberapa waktu dari tahun 2015-2024. Penghematannya cukup signifikan, misalnya pada tahun 2024 dapat kita menghemat sebesar Rp 153 triliun, itu luar biasa penghematannya,"" kata Yumna dalam acara Peluncuran Kajian Bersama ""Menakar Ambisi dan Realitas: Masa Depan Biofuel Indonesia dalam Kerangka Transisi Energi yang Berkeadilan"" di kawasan Jakarta Pusat, Selasa (29/9/2026). SCROLL TO CONTINUE WITH CONTENT Baca juga: Bicara di Forum PBB, Menteri LH Beberkan Aksi Iklim Era Prabowo Namun, menurutnya terdapat biaya lain yang perlu diperhitungkan, yakni potensi devisa yang hilang karena minyak kelapa sawit mentah atau crude palm oil (CPO) digunakan di dalam negeri dan tidak diekspor. Selain itu, terdapat subsidi yang harus dikeluarkan untuk menjalankan program biodiesel. ADVERTISEMENT Ia menjelaskan, opportunity cost muncul karena CPO yang digunakan untuk kebutuhan biodiesel domestik sebenarnya memiliki potensi untuk diekspor dan menghasilkan devisa. Berdasarkan perhitungannya, pada 2024 potensi devisa dari ekspor CPO yang hilang mencapai Rp 197,8 triliun. Pada saat yang sama, menurut Yumna, subsidi yang dikeluarkan mencapai Rp 28,8 triliun. Jika kedua komponen tersebut diperhitungkan bersama penghematan impor solar, ia menyebut terdapat kerugian bersih sebesar Rp 73,5 triliun pada 2024. ""Jadi artinya ini akan menghasilkan kerugian bersih buat negara, kalau kita lihat sebesar Rp 73,5 triliun,"" katanya. Yumna mengatakan nilai tersebut semakin besar apabila dihitung secara kumulatif. Berdasarkan perhitungannya, akumulasi kerugian selama periode 2014-2024 mencapai Rp 409,6 triliun. ""Nah ini kalau kita akumulasikan, dari tahun 2014 sampai 2024, akumulasinya mencapai Rp 409,6 triliun,"" ungkapnya. Menurut Yumna, besarnya nilai tersebut perlu menjadi pertimbangan dalam mengevaluasi kebijakan biodiesel. Ia menilai pemerintah tidak cukup hanya menggunakan narasi penghematan devisa tanpa memperhitungkan potensi penerimaan ekspor yang hilang serta subsidi yang dikeluarkan. Tonton juga video ""Prabowo Teken Aturan DHE, Dolar Wajib Parkir 100% di Indonesia Setahun"" [Gambas:Video 20detik] (acd/acd) ... Tautan telah disalin biodiesel penghematan devisa impor solar minyak kelapa sawit crude palm oil subsidi biodiesel Anda menyukai artikel ini Artikel disimpan",finance,https://finance.detik.com/energi/d-8684068/biodiesel-disebut-hemat-devisa-ratusan-triliun-pengamat-ungkap-hal-ini
FN095,"Aturan Belanja Pegawai 30% & Infrastruktur 40% di Daerah Resmi Ditunda Retno Ayuningrum - detikFinance Selasa, 29 Sep 2026 12:37 WIB ... Tautan telah disalin Jakarta - Pemerintah pusat dan Dewan Perwakilan Rakyat (DPR) telah menyepakati penundaan kewajiban belanja pegawai maksimal 30% dan belanja infrastruktur 40% dari alokasi Anggaran Pendapatan dan Belanja Daerah (APBD) oleh pemerintah daerah (Pemda). Kebijakan itu sejatinya berlaku mulai 2027 sesuai Pasal 146 Undang-Undang Nomor 1 Tahun 2022 tentang Hubungan Keuangan antara Pemerintah Pusat dan Pemerintahan Daerah (HKPD). Ketua Badan Anggaran DPR RI Said Abdullah mengatakan kebijakan tersebut mulanya berlaku selambat-lambatnya 5 tahun sejak UU HKPD diundangkan. Namun, berdasarkan evaluasi, pihaknya dengan pemerintah sepakat untuk menunda kebijakan tersebut. Langkah ini sebagai upaya untuk mengamankan ruang fiskal daerah. ""Dari evaluasi atas mandat tersebut, kami sepakat untuk memberikan penundaan pemberlakuan mandatory spending tersebut agar ruang fiskal daerah terselamatkan,"" ujar Said dalam Rapat Paripurna di Gedung DPR RI, Jakarta Pusat, Selasa (29/9/2026). SCROLL TO CONTINUE WITH CONTENT Baca juga: Daerah Kebagian Rp 735 T dari APBN 2027, Naik Rp 38 T Penundaan kebijakan ini sudah dibahas dalam Rapat Tingkat Menteri (RTM) Pengelolaan Kepegawaian dan Keuangan Daerah pada Kamis (7/5/2026). Direktur Jenderal Perimbangan Keuangan Kemenkeu, Askolani mengatakan pihaknya sudah mengusulkan agar batasan tersebut direlaksasi dalam Anggaran Pendapatan dan Belanja Negara (APBN) 2027 karena banyak daerah kesulitan menerapkan. Dengan begitu diharapkan dapat memberikan solusi yang konkret untuk meredam keresahan di daerah. ADVERTISEMENT ""Selain 30% belanja pegawai, UU HKPD juga mengamanatkan belanja infrastruktur minimal 40%. Itu tampaknya di banyak daerah agak sulit dilakukan sehingga dua kebijakan itu kami akan usulkan di UU APBN 2027 untuk direlaksasi sehingga itu akan membuat stabilitas dan ketenangan dalam pelaksanaan APBN dan APBD di 2027,"" kata Askolani dalam rapat panja dengan Badan Anggaran (Banggar) DPR RI, Selasa (23/6/2026). Tonton juga video ""Pramono Paparkan APBD Jakarta Surplus Rp 3,89 T"" [Gambas:Video 20detik] (rea/ara) ... Tautan telah disalin apbd kebijakan fiskal penundaan belanja pegawai Anda menyukai artikel ini Artikel disimpan",finance,https://finance.detik.com/berita-ekonomi-bisnis/d-8684038/aturan-belanja-pegawai-30-infrastruktur-40-di-daerah-resmi-ditunda
FN096,"Pegadaian Sabet 4 Penghargaan di Ajang KESGI Award 2026 Inkana Putri - detikFinance Selasa, 29 Sep 2026 12:37 WIB ... Tautan telah disalin Jakarta - PT Pegadaian (Persero) meraih empat penghargaan sekaligus dalam Katadata ESG Insight (KESGI) Award 2026. Penghargaan tersebut terdiri dari ESG Sektor Inklusi Keuangan, Pilar Lingkungan Sektor Inklusi Keuangan, Pilar Sosial Sektor Inklusi Keuangan, serta Pilar Tata Kelola Sektor Inklusi Keuangan. Direktur Jaringan dan Operasi PT Pegadaian (Persero), Eka Pebriansyah menyampaikan capaian tersebut merupakan apresiasi atas konsistensi seluruh Insan Pegadaian dalam memperkuat penerapan prinsip keberlanjutan di berbagai lini perusahaan. Capaian ini juga sejalan dengan tren peningkatan kinerja ESG Pegadaian dalam lima tahun terakhir. Berdasarkan Dashboard KESGI, skor ESG Pegadaian menunjukkan peningkatan secara konsisten sepanjang periode 2021-2025 dan berada di atas rata-rata Sektor Inklusi Keuangan, dengan peningkatan yang semakin terlihat dalam dua tahun terakhir. SCROLL TO CONTINUE WITH CONTENT ""Empat penghargaan ini menjadi apresiasi atas kerja bersama seluruh Insan Pegadaian. Capaian ini menunjukkan bahwa upaya yang kami bangun secara konsisten mulai memberikan hasil. Bagi kami, ESG harus semakin melekat dalam cara Pegadaian menjalankan bisnis, melayani masyarakat, mengelola dampak lingkungan, serta menjaga tata kelola perusahaan,"" ujar Eka dalam keterangannya, Selasa (29/9/2026). Hal tersebut disampaikannya pada rangkaian Katadata Sustainability Action for the Future Economy (SAFE) 2026 yang diselenggarakan di Jakarta, pada Kamis (17/9). ADVERTISEMENT KESGI merupakan inisiatif Katadata Green yang menyediakan data, analisis, serta penilaian independen terhadap kinerja ESG perusahaan di Indonesia. Penilaian dilakukan secara sektoral untuk mempertimbangkan karakteristik serta isu keberlanjutan yang relevan pada masing-masing industri. KESGI Scoring memetakan kinerja perusahaan melalui skor ESG secara keseluruhan, skor pada masing-masing pilar Lingkungan, Sosial, dan Tata Kelola, serta sejumlah indikator tematik. Dalam hal ini, Pegadaian terus memperkuat implementasi ESG melalui perluasan akses layanan keuangan, pemberdayaan UMKM dan masyarakat, pengelolaan dampak lingkungan, serta penguatan tata kelola dan pengelolaan risiko perusahaan. ""Kami ingin pertumbuhan Pegadaian selalu berjalan beriringan dengan dampak yang dapat dirasakan masyarakat. Semangat Melayani Sepenuh Hati kami wujudkan melalui layanan yang semakin inklusif dan berbagai inisiatif yang menciptakan nilai bagi masyarakat, lingkungan, serta seluruh pemangku kepentingan. Penghargaan ini menjadi penyemangat bagi kami untuk terus meningkatkan standar tersebut,"" lanjut Eka. Raihan penghargaan KESGI Award 2026 menjadi dorongan bagi Pegadaian untuk mempertahankan momentum peningkatan kinerja ESG. Ke depan, Pegadaian akan terus memperkuat implementasi keberlanjutan untuk menciptakan pertumbuhan yang inklusif, bertanggung jawab, dan memberikan nilai jangka panjang bagi perusahaan, masyarakat, serta seluruh pemangku kepentingan. Sebagai informasi, pada rangkaian SAFE 2026, Eka juga menjadi pembicara dalam sesi ""Growing with Purpose: Business Leadership for Sustainable Impact"". Sesi ini membahas peran ESG dalam mendorong pertumbuhan yang memberikan dampak berkelanjutan. Tonton juga video ""Hidup yang Tenang-Tenang Saja, #MulaiDariTring!"" Perkuat Pasar Bullion Nasional, Indonesia Resmi Membentuk IBMA Perkuat Pasar Bullion Nasional, Indonesia Resmi Membentuk IBMA (ega/ega) ... Tautan telah disalin pegadaian kesgi award 2026 penghargaan esg Anda menyukai artikel ini Artikel disimpan",finance,https://finance.detik.com/berita-ekonomi-bisnis/d-8684033/pegadaian-sabet-4-penghargaan-di-ajang-kesgi-award-2026
FN097,"PPPK Daerah Digaji Pemerintah Pusat 2027, Anggaran Rp 23 T Retno Ayuningrum - detikFinance Selasa, 29 Sep 2026 12:32 WIB ... Tautan telah disalin Jakarta - Pemerintah pusat resmi mengambil alih pembayaran gaji Pegawai Pemerintah dengan Perjanjian Kerja (PPPK) yang selama ini menjadi tanggungan pemerintah daerah (Pemda) mulai tahun depan. Hal ini disepakati pemerintah dan Dewan Perwakilan Rakyat (DPR) dalam postur Rancangan Anggaran Pendapatan dan Belanja Negara (RAPBN) 2027. Ketua Badan Anggaran DPR Said Abdullah mengatakan pihaknya dengan pemerintah telah sepakat untuk menanggung kebutuhan gaji atau honorarium PPPK di lingkungan daerah yang sebagian besar tenaga pendidik dan tenaga kesehatan. Jumlah anggaran yang disiapkan untuk kebijakan tersebut mencapai Rp 23 triliun. ""Kami anggarkan pada RAPBN 2027 sebesar Rp 23 triliun,"" ujar Said dalam Rapat Paripurna di Gedung DPR RI, Jakarta Pusat, Selasa (29/9/2026). SCROLL TO CONTINUE WITH CONTENT Baca juga: PPPK Daerah Bakal Digaji Pemerintah Pusat, Purbaya Siapkan Rp 31 T Said menilai tanggungan gaji pegawai yang dialihkan pemerintah pusat ini mengurangi beban kebutuhan anggaran pegawai dari pemda. ""Penganggaran ini akan mengurangi beban kebutuhan anggaran pegawai dari pemerintah daerah,"" jelas ia. ADVERTISEMENT Tak hanya itu, ia mendorong percepatan penyelesaian kurang bayar Dana Bagi Hasil (DBH) dengan memanfaatkan operator investasi pemerintah. Upaya ini dilakukan guna membangun infrastruktur daerah tanpa menyebabkan tambahan beban dalam Anggaran Pendapatan dan Belanja Daerah (APBD). ""Percepatan penyelesaian kurang bayar dana bagi hasil, antara lain dengan memanfaatkan operator investasi pemerintah,"" katanya. Tonton juga video ""Program MBG Sudah Telan Anggaran Rp 139,77 T"" [Gambas:Video 20detik] (rea/ara) ... Tautan telah disalin pppk gaji pegawai pemerintah pusat Anda menyukai artikel ini Artikel disimpan",finance,https://finance.detik.com/berita-ekonomi-bisnis/d-8684029/pppk-daerah-digaji-pemerintah-pusat-2027-anggaran-rp-23-t
FN098,"ASN Papua Asal Toraja Minta Pindah Gara-gara OPM, Menteri PAN-RB Buka Suara Andi Hidayat - detikFinance Selasa, 29 Sep 2026 12:28 WIB ... Tautan telah disalin Daftar Isi ASN Papua Minta Dimutasi Jakarta - Aparatur Sipil Negara (ASN) asal Toraja Utara di Papua dikabarkan mengajukan mutasi ke daerah asalnya. Hal tersebut dilakukan menyusul kekhawatiran terhadap rentetan aksi Organisasi Papua Merdeka (OPM). Menteri Pendayagunaan Aparatur Negara dan Reformasi Birokrasi (PAN-RB), Rini Widyantini, mengatakan mutasi dimungkinkan dilakukan karena kondisi tertentu. Namun, mutasi biasanya hanya dilakukan dalam satu instansi yang sesuai dengan tempat ASN tersebut bertugas. Rini menjelaskan, ASN pemerintah daerah (pemda) bisa mengajukan mutasi ke instansi lain di wilayah berbeda. Sementara itu, ASN di luar pemda terikat masa kerja selama 10 tahun, meski tetap bisa dimutasi dalam kondisi tertentu. SCROLL TO CONTINUE WITH CONTENT ""Misalnya kerja di Papua, terus kemudian dia akan pindah instansi, misalnya gitu. Itu terikat kerja 10 tahun. Kecuali memang ada kasus-kasus khusus kayak kemarin ya, ada beberapa kasus itu mungkin kita dapat pertimbangan, ada yang sakit dan sebagainya,"" ungkap Rini di Kantor Kementerian PAN-RB, Jakarta Selatan, Selasa (29/9/2026). Baca juga: OJK Buka Suara soal Isu Gaji ASN Dipindah dari BPD ke Bank BUMN ADVERTISEMENT ""Harus dilihat dulu tentunya, mutasi itu memang dimungkinkan kalau dia dalam satu instansi boleh, kalau memang satu instansi, tapi memang masalahnya kan kadang-kadang mereka, misalnya beda instansi, kan harus dipastikan dulu apakah instansinya mau menerima atau tidak,"" tambahnya. Selain itu, Rini mengatakan mutasi juga harus mempertimbangkan ketersediaan formasi ASN di wilayah tujuan. Menurutnya, mutasi tetap dimungkinkan selama formasi di instansi tujuan masih tersedia karena sifatnya tidak permanen. ""Mutasi itu sangat dimungkinkan, ASN itu. Nggak harga mati, tidak boleh mutasi,"" pungkasnya. Baca juga: 3 ASN Jayawijaya Gugur Ditembak KKB Dapat Kenaikan Pangkat ASN Papua Minta Dimutasi Dikutip dari detikSulsel , pengajuan mutasi ramai dilakukan ASN usai insiden tragis dialami sopir travel asal Toraja Utara, Aris Sanda. Bupati Toraja Utara, Frederik Victor Palimbong, menyebut pengajuan yang masuk banyak berkaitan dengan aksi kelompok separatis tersebut. Berdasarkan arsip kepolisian, Frederik mengatakan ada 13 warga Toraja yang menjadi korban pembunuhan OPM sepanjang tahun 2021-2026. Hal ini juga mendorong kekhawatiran dan mendorong pengajuan mutasi ASN. ""Sampai saat ini banyak yang minta pindah karena merasa takut, terancam keselamatannya,"" bebernya dikutip dari detiksulsel, Sabtu (26/9/2016). Frederik mengatakan pemerintah Toraja Utara sementara mempertimbangkan hal tersebut. Menurutnya, keselamatan dan keamanan masyarakat maupun ASN adalah prioritas utama. Kendati begitu, ia menyampaikan ada beberapa faktor yang perlu diperhatikan sebelum menerima ASN masuk ke Toraja Utara. Di antaranya ialah penempatan kerja yang memperhatikan analisis jabatan (Anjab), analisis beban kerja (ABK), dan rasio belanja pegawai. Tonton juga video ""Pengemudi Agya Terobos Jalan Cor Basah"" [Gambas:Video 20detik] (ahi/ara) ... Tautan telah disalin mutasi asn asn papua menteri pan-rb Anda menyukai artikel ini Artikel disimpan",finance,https://finance.detik.com/berita-ekonomi-bisnis/d-8684013/asn-papua-asal-toraja-minta-pindah-gara-gara-opm-menteri-pan-rb-buka-suara
FN099,"Daerah Kebagian Rp 735 T dari APBN 2027, Naik Rp 38 T Heri Purnomo - detikFinance Selasa, 29 Sep 2026 12:12 WIB ... Tautan telah disalin Jakarta - Menteri Keuangan (Menkeu) Suahasil Nazara menyampaikan pemerintah mengalokasikan anggaran transfer ke daerah (TKD) pada APBN 2027 sebesar Rp 735 triliun. Angka ini meningkat 5,5% dibandingkan dengan outlook 2026 sebesar Rp 696,9 triliun. ""Transfer ke daerah dialokasikan Rp 735 triliun, meningkat dibandingkan transfer pada tahun ini,"" ujar Suahasil dalam Rapat Paripurna DPR RI Ke-7 Masa Persidangan I Tahun 2026-2027, Selasa (29/9/2026). Suahasil mengatakan peningkatan anggaran tersebut dilakukan untuk mendukung agenda pembangunan sekaligus memperkuat pelayanan publik di daerah. SCROLL TO CONTINUE WITH CONTENT ""Guna memastikan agenda pembangunan dan penguatan pelayanan publik dapat dirasakan merata di seluruh pelosok negeri,"" katanya. Suahasil menegaskan bahwa APBN dan APBD merupakan satu kesatuan yang harus berjalan beriringan agar agar setiap rupiah anggaran memberikan manfaat yang semakin nyata bagi masyarakat. ADVERTISEMENT ""APBN dan APBD adalah satu kesatuan, bekerja dalam satu tarikan napas bersama agar setiap Rupiah anggaran memberikan manfaat yang makin nyata dan merata bagi masyarakat,"" katanya. ""Sinergi pusat dan daerah diarahkan untuk membangkitkan ekonomi, melindungi rakyat, meningkatkan kualitas layanan publik, dan menghadirkan kesejahteraan dari Sabang sampai Merauke, dari Pulau Miangas sampai Pulau Rote,"" sambungnya. Tonton juga video ""Tok! DPR Tetapkan APBN 2027, Belanja Negara Rp 4.106 Triliun"" [Gambas:Video 20detik] (hrp/fdl) ... Tautan telah disalin transfer ke daerah anggaran apbn 2027 peningkatan anggaran pelayanan publik pembangunan daerah sinergi pusat dan daerah Anda menyukai artikel ini Artikel disimpan",finance,https://finance.detik.com/berita-ekonomi-bisnis/d-8683986/daerah-kebagian-rp-735-t-dari-apbn-2027-naik-rp-38-t
FN100,"BI Ungkap Penyebab Dolar AS Tembus Rp 18.000 Herdi Alif Al Hikam - detikFinance Selasa, 29 Sep 2026 12:06 WIB ... Tautan telah disalin Jakarta - Nilai tukar rupiah kembali melemah terhadap dolar Amerika Serikat (AS). Pagi ini nilai tukar rupiah telah mencapai Rp 18.000 per dolar AS. Kepala Departemen Pengelolaan Moneter dan Aset Sekuritas Bank Indonesia (BI), Erwin Gunawan Hutapea menjelaskan pelemahan nilai tukar rupiah dipengaruhi oleh berlanjutnya kekhawatiran atas tekanan inflasi global dan risiko fiskal, sejalan dengan kenaikan harga minyak hingga di atas US$ 108 per barel di tengah belum tercapainya kesepakatan terkait pembukaan Selat Hormuz. Hal ini mendorong ekspektasi pengetatan kebijakan moneter Amerika Serikat (AS) lebih lanjut, sehingga yield UST tenor 10 tahun kembali naik ke level 5,23%, tertinggi sejak 2007. SCROLL TO CONTINUE WITH CONTENT ""Tekanan nilai tukar juga didorong oleh kebutuhan valas importir menjelang akhir triwulan III, serta arus keluar dana dari portofolio aset negara emerging markets di tengah kenaikan yield obligasi,"" lanjut Erwin menjelaskan dalam keterangan resminya, Selasa (29/9/2026). Baca juga: Dolar AS Tembus Rp 18.000 Lagi ADVERTISEMENT Secara umum, Bank Indonesia juga menilai pergerakan Rupiah masih sejalan dengan pergerakan mata uang kawasan regional, dengan pelemahan terbatas secara quarter-to-date (qtd) sebesar 0,67%. Sementara itu, cadangan devisa tercatat meningkat ke level USD146,5 miliar pada akhir Agustus 2026. BI akan tetap hadir di pasar untuk memastikan mekanisme pasar berjalan dengan baik dan stabilitas nilai tukar Rupiah terjaga sesuai fundamentalnya. Selain itu, BI mengelola struktur suku bunga di pasar uang dengan penguatan strategi operasi moneter pro-market. Efektivitas stabilisasi nilai tukar juga diperkuat dan kecukupan likuiditas dijaga dengan meningkatkan insentif untuk instrumen Swap dan Domestic Non-Deliverable Forward (DNDF) Lindung Nilai kepada Bank Indonesia dalam rangka pendanaan luar negeri. Intervensi akan terus dilakukan secara konsisten dan berkesinambungan melalui transaksi Non-Deliverable Forward (NDF) di pasar offshore , transaksi spot dan DNDF di pasar domestik, disertai pembelian Surat Berharga Negara (SBN) di pasar sekunder. ""Koordinasi dan komunikasi dengan korporasi dan pelaku pasar terus dilakukan secara intensif,"" beber Erwin. Tonton juga video ""Tok! DPR Tetapkan Destry Damayanti Jadi Gubernur BI 2026-2031"" [Gambas:Video 20detik] (hal/ara) ... Tautan telah disalin dolar as nilai tukar rupiah bank indonesia Anda menyukai artikel ini Artikel disimpan",finance,https://finance.detik.com/bursa-dan-valas/d-8683972/bi-ungkap-penyebab-dolar-as-tembus-rp-18-000
