id,isi_berita,label
SP001,"{""abu"": 0.23200457, ""adalah"": 0.03235354, ""advertisement"": 0.00915957, ""agar"": 0.02127065, ""air"": 0.02998946, ""akibat"": 0.05581456, ""aktif"": 0.03549041, ""aktivitas"": 0.1849537, ""anak"": 0.14239261, ""anda"": 0.0079362, ""antara"": 0.02271759, ""apabila"": 0.05846611, ""arahan"": 0.03404347, ""bagi"": 0.05213091, ""banten"": 0.0328201, ""barat"": 0.05708503, ""belum"": 0.04151692, ""benar"": 0.02577829, ""berada"": 0.0541584, ""beraktivitas"": 0.07908884, ""berapi"": 0.03954442, ""berasal"": 0.06165123, ""berkendara"": 0.03954442, ""bersih"": 0.03726132, ""bmkg"": 0.03726132, ""bnpb"": 0.03404347, ""content"": 0.00855092, ""continue"": 0.00855092, ""cuci"": 0.04276227, ""cukup"": 0.02127065, ""daerah"": 0.02532466, ""dampak"": 0.0267716, ""dekat"": 0.0267716, ""demi"": 0.06352073, ""dentuman"": 0.04276227, ""dibatalkan"": 0.03549041, ""digital"": 0.0328201, ""diketahui"": 0.03082562, ""dipengaruhi"": 0.03404347, ""dipercaya"": 0.03954442, ""dipertanggungjawabkan"": 0.03954442, ""disarankan"": 0.03954442, ""disimpan"": 0.0079362, ""diterima"": 0.03726132, ""ditimbulkan"": 0.03549041, ""dki"": 0.03549041, ""erupsi"": 0.08195744, ""gak"": 0.15817769, ""getaran"": 0.04276227, ""gunakan"": 0.08552454, ""gunung"": 0.15194799, ""hafid"": 0.04276227, ""hal"": 0.01675421, ""harus"": 0.03127704, ""hindari"": 0.04276227, ""iii"": 0.03549041, ""imbau"": 0.04276227, ""informasi"": 0.18703459, ""instansi"": 0.0328201, ""isu"": 0.03549041, ""jakarta"": 0.01855085, ""jalan"": 0.03404347, ""jangan"": 0.05708503, ""jarak"": 0.02532466, ""jawa"": 0.07098082, ""jelas"": 0.02489558, ""jelasnya"": 0.02923306, ""jumat"": 0.02489558, ""kacamata"": 0.04276227, ""kanal"": 0.03176037, ""kata"": 0.01590308, ""kawah"": 0.04276227, ""kawasan"": 0.02625941, ""keakuratan"": 0.04276227, ""kebenarannya"": 0.04276227, ""kebencanaan"": 0.04276227, ""kecepatan"": 0.02923306, ""kedua"": 0.01823115, ""keempat"": 0.02854252, ""kekhawatiran"": 0.04276227, ""kelima"": 0.02731915, ""kepanikan"": 0.03954442, ""keperluan"": 0.04276227, ""keresahan"": 0.04276227, ""kesehatan"": 0.05846611, ""keselamatan"": 0.08372184, ""keterangan"": 0.0237321, ""ketiga"": 0.02181819, ""kewaspadaan"": 0.17104909, ""kewenangan"": 0.03726132, ""khawatir"": 0.03549041, ""khususnya"": 0.03082562, ""kilometer"": 0.03404347, ""kini"": 0.02304156, ""kita"": 0.01737697, ""komdigi"": 0.07908884, ""komunikasi"": 0.03549041, ""kondisi"": 0.0588188, ""kontak"": 0.03954442, ""krakatau"": 0.14937346, ""kurangi"": 0.07908884, ""lain"": 0.0184136, ""lainnya"": 0.02489558, ""langkah"": 0.02271759, ""lanjut"": 0.0237321, ""lensa"": 0.04276227, ""level"": 0.02854252, ""licin"": 0.03954442, ""luar"": 0.05354321, ""malam"": 0.02304156, ""mana"": 0.02337932, ""masih"": 0.01477638, ""masker"": 0.07098082, ""masyarakat"": 0.24910153, ""melakukan"": 0.03381075, ""melalui"": 0.01898755, ""memantau"": 0.03404347, ""memastikan"": 0.01960627, ""membantu"": 0.02923306, ""membatasi"": 0.03726132, ""membuat"": 0.04009456, ""memiliki"": 0.01879158, ""meminta"": 0.05155657, ""mendekati"": 0.02998946, ""mendesak"": 0.03954442, ""mendorong"": 0.02790728, ""menghindari"": 0.03549041, ""mengikuti"": 0.05846611, ""mengimbau"": 0.09846029, ""mengingatkan"": 0.0328201, ""mengurangi"": 0.07452264, ""menimbulkan"": 0.07452264, ""meningkatkan"": 0.04820259, ""menjadi"": 0.0128209, ""menjaga"": 0.04608313, ""menkomdigi"": 0.08552454, ""menteri"": 0.01982371, ""menunjukkan"": 0.02410129, ""menyaring"": 0.04276227, ""menyebabkan"": 0.06808694, ""menyebar"": 0.04276227, ""menyebarkan"": 0.04276227, ""menyesatkan"": 0.03954442, ""menyukai"": 0.0079362, ""menyusul"": 0.0328201, ""meutya"": 0.38486045, ""minggu"": 0.03964742, ""misinformasi"": 0.04276227, ""mudah"": 0.02854252, ""namun"": 0.0368272, ""nelayan"": 0.04276227, ""otoritas"": 0.03726132, ""paling"": 0.02489558, ""pandang"": 0.03954442, ""panik"": 0.04276227, ""paparan"": 0.07098082, ""partikel"": 0.04276227, ""pastikan"": 0.0952811, ""pelindung"": 0.03726132, ""pemerintah"": 0.03878925, ""penerbangan"": 0.0267716, ""penggunaan"": 0.02998946, ""penting"": 0.02271759, ""percaya"": 0.02790728, ""perkembangan"": 0.02790728, ""perlu"": 0.04979115, ""permukaan"": 0.03954442, ""pertama"": 0.01823115, ""pihak"": 0.05463829, ""potensi"": 0.0328201, ""pun"": 0.04151692, ""pungka"": 0.04276227, ""pvmbg"": 0.08552454, ""radius"": 0.04276227, ""rekomendasi"": 0.03954442, ""resmi"": 0.07468673, ""ruang"": 0.0267716, ""ruangan"": 0.08552454, ""rumah"": 0.0267716, ""sangat"": 0.01939462, ""saring"": 0.04276227, ""scroll"": 0.00855092, ""sebagian"": 0.0328201, ""sebaran"": 0.02923306, ""sebelum"": 0.02127065, ""sejak"": 0.01960627, ""sejumlah"": 0.05696265, ""selain"": 0.02210681, ""selalu"": 0.02790728, ""selama"": 0.01939462, ""selat"": 0.03726132, ""sementara"": 0.01563852, ""sempat"": 0.02004728, ""sep"": 0.0114811, ""seperti"": 0.04614747, ""serta"": 0.05637475, ""sesuai"": 0.02271759, ""setelah"": 0.01660586, ""sharing"": 0.04276227, ""siaga"": 0.04276227, ""signifikan"": 0.03082562, ""situasi"": 0.02790728, ""sls"": 0.08552454, ""softlens"": 0.04276227, ""sport"": 0.01338801, ""statusnya"": 0.04276227, ""sumber"": 0.19692059, ""sumbernya"": 0.04276227, ""sunda"": 0.04276227, ""tangan"": 0.0328201, ""tegas"": 0.02790728, ""tenang"": 0.14904528, ""tepat"": 0.02790728, ""terbuka"": 0.02854252, ""terdampak"": 0.05463829, ""terdeteksi"": 0.03726132, ""terima"": 0.03176037, ""terjadi"": 0.02051425, ""terkait"": 0.10138666, ""terlindungi"": 0.03954442, ""termasuk"": 0.02051425, ""terpercaya"": 0.08552454, ""tertulis"": 0.02790728, ""terutama"": 0.0267716, ""terverifikasi"": 0.04276227, ""tetap"": 0.12395386, ""tetapi"": 0.01960627, ""tinggal"": 0.02923306, ""tingkatkan"": 0.03726132, ""tsunami"": 0.04276227, ""turut"": 0.03082562, ""udara"": 0.02731915, ""ungkapnya"": 0.04276227, ""utama"": 0.01879158, ""vulkanik"": 0.23200457, ""wajah"": 0.03954442, ""warga"": 0.06352073, ""waspada"": 0.07908884, ""waspadai"": 0.04276227, ""wib"": 0.0079362, ""wilayah"": 0.08562755, ""wilayahnya"": 0.03954442, ""wisatawan"": 0.03726132, ""with"": 0.00855092}",1
SP002,"{""adalah"": 0.03193162, ""advertisement"": 0.00904012, ""aff"": 0.02416915, ""aichi"": 0.03239209, ""akhir"": 0.0191417, ""akhirnya"": 0.02242133, ""anda"": 0.0078327, ""arab"": 0.03902873, ""asa"": 0.04220461, ""asia"": 0.03502758, ""asian"": 0.33465985, ""athlete"": 0.03502758, ""atlet"": 0.09127087, ""atletnya"": 0.04220461, ""backup"": 0.03902873, ""bagaimana"": 0.02499441, ""bagian"": 0.02274108, ""bagusnya"": 0.03902873, ""bahwa"": 0.03709305, ""baik"": 0.03563475, ""basket"": 0.28022064, ""beberapa"": 0.02099326, ""belum"": 0.02048775, ""berada"": 0.01781738, ""berangkat"": 0.03239209, ""beregu"": 0.0367754, ""berkompetisi"": 0.08440923, ""bersama"": 0.0562198, ""bertanding"": 0.03359951, ""besar"": 0.03165918, ""betul"": 0.06084725, ""bibit"": 0.07355079, ""bidik"": 0.0367754, ""bola"": 0.03902873, ""budi"": 0.16881845, ""bukan"": 0.02048775, ""bulutangkis"": 0.03359951, ""cdm"": 0.24519306, ""content"": 0.00843941, ""continue"": 0.00843941, ""cukup"": 0.02099326, ""datang"": 0.02544211, ""delegasi"": 0.04220461, ""diperkuat"": 0.03239209, ""disimpan"": 0.0078327, ""djiwandono"": 0.04220461, ""doakan"": 0.04220461, ""dukungan"": 0.02817029, ""emas"": 0.03239209, ""endorsement"": 0.03902873, ""games"": 0.32558202, ""grup"": 0.09717628, ""hadapi"": 0.03359951, ""hadir"": 0.03134618, ""hanya"": 0.01596581, ""harapannya"": 0.07005516, ""harus"": 0.01543458, ""hasil"": 0.01715036, ""hebat"": 0.03502758, ""indonesia"": 0.14135977, ""ingin"": 0.02274108, ""jakarta"": 0.01830893, ""jepang"": 0.05919673, ""kabar"": 0.02885183, ""kali"": 0.02024673, ""kami"": 0.09747349, ""kata"": 0.04708708, ""kawasan"": 0.02591697, ""keluarga"": 0.03042362, ""kemarin"": 0.02457091, ""kepada"": 0.01731186, ""ketahui"": 0.03902873, ""ketika"": 0.02378699, ""ketua"": 0.02817029, ""keyakinan"": 0.07805745, ""kita"": 0.13720288, ""kombinasi"": 0.0367754, ""kompleks"": 0.02754334, ""korea"": 0.03359951, ""langsung"": 0.01731186, ""latihan"": 0.03134618, ""layanan"": 0.02817029, ""lolosnya"": 0.03902873, ""maksimal"": 0.03239209, ""manfaatkan"": 0.04220461, ""masuk"": 0.09096432, ""matahari"": 0.04220461, ""mcy"": 0.03502758, ""medali"": 0.03902873, ""melakoni"": 0.03902873, ""melepas"": 0.0367754, ""melihat"": 0.02181852, ""memastikan"": 0.01935058, ""membawa"": 0.02696288, ""memberi"": 0.03134618, ""memberikan"": 0.09675292, ""memiliki"": 0.01854652, ""meminta"": 0.02544211, ""mengaku"": 0.02642248, ""menghadapi"": 0.02242133, ""mengikuti"": 0.02885183, ""meninjau"": 0.04220461, ""menitipkan"": 0.04220461, ""menjadi"": 0.0253074, ""menyala"": 0.03902873, ""menyukai"": 0.0078327, ""mercy"": 0.03502758, ""merupakan"": 0.01764522, ""momentum"": 0.03502758, ""muda"": 0.03042362, ""mudah"": 0.02817029, ""mulai"": 0.01715036, ""nagoya"": 0.03134618, ""namun"": 0.05452041, ""nanti"": 0.06545556, ""negeri"": 0.02696288, ""neraka"": 0.11032619, ""official"": 0.0367754, ""optimistis"": 0.05919673, ""panjang"": 0.02591697, ""pasaribu"": 0.1561149, ""pastikan"": 0.03134618, ""pelatih"": 0.03902873, ""pembukaan"": 0.06084725, ""pengalaman"": 0.05919673, ""perbasi"": 0.07805745, ""percaya"": 0.05508669, ""perjuangan"": 0.03502758, ""persatuan"": 0.03902873, ""persiapan"": 0.09127087, ""pertama"": 0.0179934, ""positif"": 0.02416915, ""pulang"": 0.03134618, ""pun"": 0.0409755, ""punya"": 0.06822324, ""putra"": 0.15853487, ""putri"": 0.03134618, ""raih"": 0.03239209, ""rasa"": 0.02959837, ""raya"": 0.03239209, ""rezeki"": 0.04220461, ""sabtu"": 0.04914183, ""sana"": 0.02642248, ""saudi"": 0.03902873, ""scroll"": 0.00843941, ""sebagus"": 0.03902873, ""sebelum"": 0.02099326, ""sehingga"": 0.01978585, ""sekaligus"": 0.02099326, ""selatan"": 0.05088422, ""seluruh"": 0.02024673, ""semangat"": 0.10508274, ""sementara"": 0.01543458, ""sendiri"": 0.02499441, ""senin"": 0.01530721, ""sep"": 0.01133138, ""september"": 0.02048775, ""sisi"": 0.02378699, ""slot"": 0.07355079, ""sport"": 0.01321342, ""stand"": 0.03902873, ""tadi"": 0.03359951, ""tadinya"": 0.03502758, ""tahu"": 0.02416915, ""team"": 0.02696288, ""tegas"": 0.02754334, ""tegasnya"": 0.03502758, ""terbaik"": 0.0777509, ""terbang"": 0.07355079, ""terbuka"": 0.05634059, ""terkualifikasi"": 0.04220461, ""tetap"": 0.01747677, ""tetapi"": 0.01935058, ""tim"": 0.24663466, ""timnas"": 0.24519306, ""tinggi"": 0.02457091, ""todotua"": 0.3122298, ""ujarnya"": 0.04548216, ""umum"": 0.02959837, ""village"": 0.03902873, ""voli"": 0.03902873, ""wib"": 0.0078327, ""with"": 0.00843941, ""yakin"": 0.11017338}",1
SP003,"{""advertisement"": 0.00922431, ""aff"": 0.02466159, ""aichi"": 0.03305207, ""aku"": 0.27939142, ""alih"": 0.0574885, ""anda"": 0.00799229, ""antusias"": 0.07504936, ""apalagi"": 0.06610414, ""arena"": 0.03428409, ""arenanya"": 0.04306451, ""asian"": 0.40356538, ""atmosfer"": 0.04306451, ""ayal"": 0.04306451, ""bagus"": 0.02320442, ""bagusnya"": 0.03982392, ""bakal"": 0.02696082, ""ballooners"": 0.04306451, ""banget"": 0.03752468, ""banyaknya"": 0.03574125, ""basket"": 0.10722376, ""begitu"": 0.02354457, ""benar"": 0.25960484, ""berada"": 0.0181804, ""berarti"": 0.02696082, ""berasal"": 0.03104349, ""berbicara"": 0.03982392, ""berbinar"": 0.04306451, ""berikutnya"": 0.02507154, ""bermain"": 0.10722376, ""bernaung"": 0.03982392, ""bersemangat"": 0.03982392, ""beruntung"": 0.03982392, ""berusia"": 0.03198485, ""besar"": 0.04845633, ""bidik"": 0.03752468, ""bilang"": 0.02874425, ""buat"": 0.02507154, ""bung"": 0.03982392, ""cdm"": 0.03574125, ""content"": 0.00861136, ""continue"": 0.00861136, ""datang"": 0.02596048, ""debutnya"": 0.04306451, ""derrick"": 0.39823918, ""dia"": 0.03499958, ""digelar"": 0.02696082, ""disimpan"": 0.00799229, ""ditemui"": 0.02874425, ""dukungan"": 0.08623276, ""excited"": 0.04306451, ""full"": 0.03982392, ""games"": 0.39261844, ""gelora"": 0.03982392, ""gentar"": 0.03982392, ""grup"": 0.06610414, ""hanya"": 0.03258222, ""impianku"": 0.04306451, ""indonesia"": 0.07211996, ""ingat"": 0.03982392, ""ingin"": 0.02320442, ""iya"": 0.03982392, ""jakarta"": 0.03736394, ""jangan"": 0.02874425, ""jepang"": 0.15100709, ""jersey"": 0.04306451, ""justru"": 0.02550366, ""kali"": 0.02065924, ""kalinya"": 0.04306451, ""kami"": 0.08288289, ""karno"": 0.03982392, ""kata"": 0.03203097, ""kawan"": 0.08612903, ""kecil"": 0.06040284, ""kecilnya"": 0.04306451, ""kemarin"": 0.02507154, ""kepada"": 0.01766459, ""kini"": 0.02320442, ""klub"": 0.04306451, ""kontribusi"": 0.03305207, ""lakukan"": 0.02550366, ""langsung"": 0.01766459, ""latihan"": 0.03198485, ""league"": 0.07504936, ""lolos"": 0.03428409, ""makin"": 0.02943967, ""masa"": 0.05100731, ""masih"": 0.01488082, ""masuk"": 0.02320442, ""masyarakat"": 0.02090518, ""mata"": 0.03198485, ""mcy"": 0.03574125, ""melawan"": 0.06610414, ""membeberkan"": 0.03574125, ""memberikan"": 0.05923453, ""membuat"": 0.02018897, ""membutuhkan"": 0.02810453, ""memenangkan"": 0.03982392, ""memperkuat"": 0.02751224, ""menang"": 0.02256469, ""mendukung"": 0.05502447, ""mendukungmu"": 0.04306451, ""mendukungnya"": 0.04306451, ""mengaku"": 0.02696082, ""menghadapi"": 0.02287816, ""mengizinkannya"": 0.04306451, ""menonton"": 0.11947176, ""menyukai"": 0.00799229, ""merah"": 0.02810453, ""merasakannya"": 0.04306451, ""mercy"": 0.03574125, ""merupakan"": 0.01800473, ""mewujudkan"": 0.03574125, ""michael"": 0.11947176, ""mimpi"": 0.14296501, ""nagoya"": 0.03198485, ""nanti"": 0.02226306, ""neraka"": 0.03752468, ""optimistis"": 0.03020142, ""pastinya"": 0.03752468, ""pebasket"": 0.04306451, ""pebulutangkis"": 0.03574125, ""pemain"": 0.03020142, ""penontonnya"": 0.04306451, ""penuh"": 0.06040284, ""pertama"": 0.01836001, ""pertandingan"": 0.03020142, ""pertandinganmu"": 0.04306451, ""pribadi"": 0.03752468, ""pribadinya"": 0.04306451, ""pun"": 0.02090518, ""putih"": 0.02810453, ""putra"": 0.02696082, ""putri"": 0.03198485, ""raya"": 0.03305207, ""rekan"": 0.03020142, ""rekannya"": 0.03752468, ""rumah"": 0.02696082, ""sabtu"": 0.05014307, ""saga"": 0.08612903, ""salah"": 0.05923453, ""sana"": 0.05392165, ""sangat"": 0.07812681, ""satu"": 0.05016969, ""scroll"": 0.00861136, ""sebagus"": 0.03982392, ""sebanyak"": 0.02427164, ""sebulan"": 0.03752468, ""secara"": 0.01549121, ""sejak"": 0.01974484, ""sekitar"": 0.02115893, ""selatan"": 0.02596048, ""semakin"": 0.02389984, ""semangat"": 0.03574125, ""semoga"": 0.03752468, ""sempat"": 0.02018897, ""semua"": 0.02142099, ""semuanya"": 0.02751224, ""sep"": 0.01156225, ""seperti"": 0.01549121, ""september"": 0.02090518, ""setengah"": 0.07964784, ""setiap"": 0.02226306, ""setidaknya"": 0.03574125, ""sma"": 0.03982392, ""soal"": 0.02169194, ""sport"": 0.01348263, ""suasananya"": 0.04306451, ""support"": 0.03982392, ""tahu"": 0.02466159, ""tahun"": 0.01536535, ""tampil"": 0.05192097, ""tantangan"": 0.03198485, ""target"": 0.06040284, ""teman"": 0.0714825, ""tempat"": 0.03198485, ""terakhir"": 0.02287816, ""terbaik"": 0.02644501, ""terbesar"": 0.03198485, ""terbiasa"": 0.04306451, ""terwujud"": 0.04306451, ""tetap"": 0.01783285, ""tim"": 0.04575632, ""timnas"": 0.0714825, ""tuan"": 0.03305207, ""ucapnya"": 0.03752468, ""ujarnya"": 0.06961326, ""voli"": 0.03982392, ""waktu"": 0.01766459, ""walaupun"": 0.03982392, ""wib"": 0.00799229, ""with"": 0.00861136, ""wujudkan"": 0.03982392, ""xzavierro"": 0.04306451}",1
SP004,"{""abraham"": 0.04836188, ""adalah"": 0.05488524, ""advertisement"": 0.01035899, ""aff"": 0.02769521, ""aichi"": 0.07423561, ""ali"": 0.03711781, ""anda"": 0.00897542, ""andakara"": 0.04836188, ""arab"": 0.04472266, ""asia"": 0.04013779, ""asian"": 0.27889723, ""atlet"": 0.06972431, ""bagi"": 0.03930488, ""bagir"": 0.04836188, ""baik"": 0.04083354, ""banyak"": 0.02217366, ""baru"": 0.04294784, ""basket"": 0.3211023, ""beberapa"": 0.04811198, ""belajar"": 0.03591931, ""belum"": 0.02347673, ""berada"": 0.08166708, ""beradaptasi"": 0.03850137, ""bergabung"": 0.04013779, ""berikut"": 0.03228009, ""berikutnya"": 0.02815559, ""bermain"": 0.04013779, ""bersaing"": 0.0661221, ""bertemu"": 0.04013779, ""besar"": 0.07255593, ""bram"": 0.04836188, ""camp"": 0.04836188, ""catatan"": 0.02915389, ""cdm"": 0.04013779, ""content"": 0.00967064, ""continue"": 0.00967064, ""daftar"": 0.03089652, ""dame"": 0.04836188, ""dave"": 0.04836188, ""david"": 0.09918315, ""dbl"": 0.04836188, ""derrick"": 0.13416799, ""diagne"": 0.04836188, ""diri"": 0.03156167, ""disampaikan"": 0.03089652, ""disapa"": 0.04836188, ""disimpan"": 0.00897542, ""dkk"": 0.04472266, ""dulu"": 0.02969802, ""dunia"": 0.04752337, ""fhirdan"": 0.04836188, ""fokus"": 0.03027728, ""gambas"": 0.02376169, ""games"": 0.27133199, ""garuda"": 0.04214059, ""grahita"": 0.04836188, ""grup"": 0.03711781, ""guntara"": 0.04836188, ""hadapi"": 0.03850137, ""hal"": 0.03789625, ""harinya"": 0.04214059, ""hendrick"": 0.04836188, ""indonesia"": 0.06479315, ""ingin"": 0.0260588, ""istirahat"": 0.04836188, ""itulah"": 0.03591931, ""jajaran"": 0.04013779, ""jakarta"": 0.01049002, ""jepang"": 0.0339165, ""kali"": 0.02320054, ""kami"": 0.27923497, ""karib"": 0.04836188, ""kata"": 0.01798555, ""kecil"": 0.0339165, ""keesokan"": 0.04836188, ""kehadiran"": 0.04013779, ""kekuatan"": 0.03850137, ""keluar"": 0.0339165, ""kemudian"": 0.0438686, ""kepada"": 0.01983751, ""kesempatan"": 0.02864087, ""kompetisi"": 0.07423561, ""korea"": 0.07700275, ""kosasih"": 0.04836188, ""laga"": 0.07700275, ""langkah"": 0.0256924, ""langsung"": 0.01983751, ""lanjut"": 0.02683976, ""lanjutnya"": 0.03850137, ""lawan"": 0.07423561, ""lester"": 0.09672377, ""level"": 0.09684026, ""lima"": 0.02644079, ""lingkungan"": 0.06972431, ""mampu"": 0.02405599, ""mana"": 0.02644079, ""masa"": 0.02864087, ""masuk"": 0.05211759, ""mcy"": 0.04013779, ""melangkah"": 0.04013779, ""melawan"": 0.07423561, ""melihat"": 0.07500493, ""memang"": 0.04752337, ""memberi"": 0.03591931, ""membuat"": 0.02267242, ""memenangkan"": 0.08944533, ""memiliki"": 0.02125229, ""menang"": 0.02534038, ""menangi"": 0.04013779, ""menegaskan"": 0.02644079, ""menentukan"": 0.03486215, ""mengawali"": 0.03850137, ""menghadapi"": 0.0513848, ""menjalani"": 0.02969802, ""menyoal"": 0.04836188, ""menyukai"": 0.00897542, ""merasa"": 0.0339165, ""mercy"": 0.04013779, ""merupakan"": 0.0202195, ""michael"": 0.08944533, ""miliki"": 0.04472266, ""mimpi"": 0.04013779, ""muncul"": 0.03591931, ""nagoya"": 0.07183861, ""namun"": 0.02082481, ""negara"": 0.02467523, ""neraka"": 0.04214059, ""optimistis"": 0.067833, ""pandu"": 0.04836188, ""pelatih"": 0.08944533, ""pemahaman"": 0.04472266, ""pemain"": 0.16958249, ""pengalaman"": 0.0339165, ""penting"": 0.0256924, ""per"": 0.02815559, ""percaya"": 0.03156167, ""peringkat"": 0.0339165, ""perjuangan"": 0.04013779, ""pertama"": 0.12371083, ""pertandingan"": 0.13566599, ""pertanyaan"": 0.04214059, ""peta"": 0.04836188, ""pewarta"": 0.04472266, ""pikir"": 0.0339165, ""poin"": 0.02347673, ""prastawa"": 0.09672377, ""prosesnya"": 0.08027557, ""prosper"": 0.04836188, ""putra"": 0.12110911, ""rasa"": 0.0339165, ""ratusan"": 0.04013779, ""raya"": 0.03711781, ""realistis"": 0.04472266, ""rumah"": 0.03027728, ""sambil"": 0.04214059, ""sana"": 0.03027728, ""sangat"": 0.0219343, ""saputera"": 0.08944533, ""satu"": 0.07512142, ""saudi"": 0.04472266, ""scroll"": 0.00967064, ""sebuah"": 0.03486215, ""sedikit"": 0.03027728, ""sehari"": 0.0339165, ""sejauh"": 0.03486215, ""sekarang"": 0.02467523, ""sekelas"": 0.04472266, ""selalu"": 0.03156167, ""selasa"": 0.01894813, ""selatan"": 0.05830777, ""sendiri"": 0.02864087, ""sep"": 0.01298452, ""seperti"": 0.01739679, ""september"": 0.02347673, ""siap"": 0.02534038, ""singleton"": 0.2901713, ""skuad"": 0.04472266, ""skuadnya"": 0.04836188, ""sport"": 0.01514114, ""tambahan"": 0.06179304, ""tampil"": 0.05830777, ""tangguh"": 0.04472266, ""target"": 0.13566599, ""tegas"": 0.03156167, ""tentang"": 0.03089652, ""terlambat"": 0.04214059, ""tetapi"": 0.04434732, ""tim"": 0.10276961, ""timnas"": 0.20068894, ""timnya"": 0.04214059, ""tinggi"": 0.02815559, ""tonton"": 0.03306105, ""tuan"": 0.03711781, ""turnamen"": 0.11550412, ""ujarnya"": 0.05211759, ""usai"": 0.02769521, ""video"": 0.03239658, ""vincent"": 0.09672377, ""wib"": 0.00897542, ""wiguna"": 0.04836188, ""with"": 0.00967064, ""wujudkan"": 0.04472266, ""yaitu"": 0.03228009, ""yonga"": 0.04836188, ""yudha"": 0.08944533}",1
SP005,"{""adalah"": 0.03816739, ""adaptasi"": 0.04665045, ""adapun"": 0.03222832, ""advertisement"": 0.01080552, ""aff"": 0.02888902, ""alwi"": 0.04186794, ""anda"": 0.00936231, ""apalagi"": 0.03871778, ""asian"": 0.29091918, ""athlete"": 0.08373588, ""aturannya"": 0.05044654, ""awal"": 0.04677196, ""backup"": 0.04665045, ""bagi"": 0.02049957, ""bagian"": 0.02718207, ""baik"": 0.04259368, ""basket"": 0.41867939, ""batas"": 0.04016099, ""berada"": 0.02129684, ""berangkat"": 0.07743556, ""berkaitan"": 0.03746762, ""berlangsung"": 0.02607935, ""bertanding"": 0.04016099, ""bertolak"": 0.05044654, ""besar"": 0.01892087, ""betul"": 0.0363649, ""cabang"": 0.04395708, ""cabor"": 0.08791416, ""cdm"": 0.25120763, ""content"": 0.0100875, ""continue"": 0.0100875, ""datang"": 0.03041057, ""dikabarkan"": 0.03871778, ""dimanfaatkan"": 0.03448616, ""dimulai"": 0.03537848, ""disimpan"": 0.00936231, ""ditemui"": 0.03367153, ""dkk"": 0.04665045, ""dua"": 0.04344495, ""dukungan"": 0.03367153, ""dulu"": 0.03097816, ""empat"": 0.05516105, ""endorsement"": 0.04665045, ""farhan"": 0.03746762, ""games"": 0.28302784, ""gelombang"": 0.05044654, ""grup"": 0.03871778, ""hal"": 0.01976489, ""harapan"": 0.04186794, ""harapannya"": 0.04186794, ""hari"": 0.02129684, ""harus"": 0.01844872, ""indonesia"": 0.10137912, ""jadirata"": 0.05044654, ""jakarta"": 0.02188439, ""jepang"": 0.03537848, ""kabar"": 0.03448616, ""kali"": 0.02420061, ""kami"": 0.0582543, ""kamis"": 0.02758053, ""kata"": 0.03752165, ""kawasan"": 0.03097816, ""keberangkatan"": 0.08032198, ""kebetulan"": 0.04665045, ""keluarga"": 0.0363649, ""kemudian"": 0.02287979, ""kepada"": 0.02069261, ""keseluruhan"": 0.03746762, ""ketika"": 0.02843223, ""khusus"": 0.03448616, ""kita"": 0.10249783, ""kloter"": 0.10089307, ""kompleks"": 0.06584429, ""kontingen"": 0.13995134, ""kurang"": 0.03537848, ""laga"": 0.04016099, ""lalu"": 0.02263659, ""lampaui"": 0.05044654, ""langsung"": 0.02069261, ""lima"": 0.05516105, ""lolosnya"": 0.04665045, ""maksimal"": 0.03871778, ""malam"": 0.02718207, ""masuk"": 0.13591035, ""mcy"": 0.04186794, ""melihat"": 0.02607935, ""memang"": 0.02478594, ""memastikan"": 0.02312946, ""memberikan"": 0.04625892, ""membuat"": 0.02364972, ""menangi"": 0.04186794, ""mengikuti"": 0.03448616, ""menjadi"": 0.01512478, ""menurutnya"": 0.02643268, ""menyambut"": 0.04016099, ""menyebut"": 0.02718207, ""menyukai"": 0.00936231, ""merah"": 0.03292214, ""mercy"": 0.04186794, ""momentum"": 0.04186794, ""nagoya"": 0.14987048, ""nanti"": 0.02607935, ""official"": 0.04395708, ""olahraga"": 0.03448616, ""paling"": 0.02936924, ""pasaribu"": 0.13995134, ""pembukaan"": 0.10909469, ""penyisihan"": 0.04665045, ""perbasi"": 0.04665045, ""percaya"": 0.03292214, ""persiapan"": 0.0727298, ""pertama"": 0.15055066, ""pertandingan"": 0.10613544, ""pewarta"": 0.04665045, ""positif"": 0.02888902, ""pun"": 0.0244887, ""pungkas"": 0.04016099, ""punya"": 0.05436414, ""putih"": 0.03292214, ""putra"": 0.09474717, ""rata"": 0.03367153, ""raya"": 0.03871778, ""rombongan"": 0.10089307, ""rombongannya"": 0.05044654, ""sampai"": 0.04527319, ""sana"": 0.06316478, ""saputera"": 0.04665045, ""scroll"": 0.0100875, ""sebab"": 0.03448616, ""sebelum"": 0.05018586, ""secara"": 0.01814668, ""sehingga"": 0.02364972, ""sekitar"": 0.02478594, ""selasa"": 0.03952978, ""selatan"": 0.03041057, ""sementara"": 0.01844872, ""semoga"": 0.04395708, ""sendiri"": 0.05975088, ""senin"": 0.01829648, ""sep"": 0.01354422, ""september"": 0.0244887, ""setelah"": 0.01958989, ""setiap"": 0.02607935, ""singapura"": 0.04395708, ""slot"": 0.08791416, ""sport"": 0.0157938, ""stand"": 0.04665045, ""surabaya"": 0.04016099, ""tapi"": 0.04099913, ""team"": 0.03222832, ""tekad"": 0.04665045, ""terbaik"": 0.03097816, ""terbang"": 0.08791416, ""terbuka"": 0.03367153, ""tiap"": 0.04186794, ""tiba"": 0.03746762, ""tiga"": 0.02216838, ""tim"": 0.08039964, ""timnas"": 0.33494351, ""timnya"": 0.04395708, ""todotua"": 0.23325224, ""transit"": 0.05044654, ""tuturnya"": 0.03871778, ""village"": 0.09330089, ""walaupun"": 0.04665045, ""wib"": 0.00936231, ""with"": 0.0100875, ""yakin"": 0.03292214, ""yudha"": 0.04665045}",1
SP006,"{""anda"": 0.03230458, ""atas"": 0.0855237, ""bagnaia"": 0.20986289, ""bikin"": 0.25095359, ""blunder"": 0.11899421, ""cuma"": 0.08160319, ""detiktv"": 0.17406538, ""disimpan"": 0.03230458, ""dtv"": 0.17406538, ""dua"": 0.14990645, ""finis"": 0.07894652, ""francesco"": 0.1068899, ""ganti"": 0.32193401, ""gigit"": 0.17406538, ""jakarta"": 0.03775596, ""jari"": 0.160967, ""jorge"": 0.33799228, ""kali"": 0.16700801, ""keunggulannya"": 0.15167356, ""klasemen"": 0.083504, ""langsung"": 0.07139969, ""marino"": 0.24414634, ""martin"": 0.33401602, ""menyukai"": 0.03230458, ""misano"": 0.11120357, ""motogp"": 0.21024286, ""motor"": 0.17997317, ""papan"": 0.15167356, ""poin"": 0.16899614, ""saja"": 0.08449807, ""san"": 0.24414634, ""senin"": 0.06313187, ""sep"": 0.04673424, ""setelah"": 0.06759476, ""sport"": 0.05449638, ""terpangkas"": 0.160967, ""video"": 0.05830131, ""wib"": 0.03230458}",1
SP007,"{""adalah"": 0.01305564, ""advertisement"": 0.00739233, ""albon"": 0.03451175, ""alex"": 0.01976371, ""alias"": 0.02563254, ""alonso"": 0.03191475, ""alpine"": 0.10353524, ""amg"": 0.06902349, ""anda"": 0.00640499, ""angka"": 0.04087708, ""antara"": 0.01833447, ""antonelli"": 0.35106221, ""apalagi"": 0.02648781, ""app"": 0.06902349, ""aramco"": 0.06902349, ""arteta"": 0.04975629, ""arvid"": 0.06902349, ""aston"": 0.06902349, ""atlassian"": 0.06902349, ""audi"": 0.06902349, ""bagus"": 0.01859594, ""baik"": 0.0145697, ""balapan"": 0.05885457, ""bay"": 0.02420331, ""bearman"": 0.03451175, ""belanda"": 0.05495029, ""bendera"": 0.03191475, ""berhasil"": 0.01738385, ""berlalu"": 0.03191475, ""besar"": 0.02588848, ""bortoleto"": 0.03451175, ""bottas"": 0.03451175, ""bull"": 0.05728582, ""bulls"": 0.06902349, ""bwt"": 0.06902349, ""cadillac"": 0.06902349, ""car"": 0.03191475, ""carlos"": 0.03451175, ""cash"": 0.06382949, ""champions"": 0.04975629, ""charles"": 0.06902349, ""colapinto"": 0.06902349, ""content"": 0.00690111, ""continue"": 0.00690111, ""dia"": 0.01402427, ""dihelat"": 0.03451175, ""dinding"": 0.03451175, ""disimpan"": 0.00640499, ""disusul"": 0.07077855, ""dnf"": 0.20707048, ""driver"": 0.03451175, ""dua"": 0.01486089, ""duo"": 0.03451175, ""esteban"": 0.03451175, ""fernando"": 0.03451175, ""ferrari"": 0.09574424, ""finis"": 0.03130527, ""formula"": 0.02747514, ""franco"": 0.04975629, ""gabriel"": 0.03451175, ""gasly"": 0.13804699, ""george"": 0.09574424, ""grid"": 0.02747514, ""haas"": 0.06902349, ""hamilton"": 0.12765899, ""harus"": 0.0378637, ""hasil"": 0.04207281, ""hulkenberg"": 0.03451175, ""insiden"": 0.03451175, ""italia"": 0.11024104, ""jauh"": 0.02252287, ""juara"": 0.01548626, ""kandang"": 0.04504574, ""kedua"": 0.07356822, ""keduanya"": 0.02420331, ""keempat"": 0.06910662, ""keenam"": 0.02420331, ""kehilangan"": 0.02487814, ""kelima"": 0.04409641, ""kemenangan"": 0.01599894, ""kendali"": 0.03191475, ""ketiga"": 0.03521721, ""ketujuh"": 0.02864291, ""kimi"": 0.12028858, ""klasemen"": 0.01655624, ""kualifikasi"": 0.02252287, ""kuat"": 0.04160928, ""kukuh"": 0.02864291, ""lama"": 0.02303554, ""lance"": 0.03451175, ""lando"": 0.09574424, ""lap"": 0.15433745, ""laps"": 0.03451175, ""lawson"": 0.03451175, ""leclerc"": 0.13804699, ""lengkap"": 0.02747514, ""lewis"": 0.06902349, ""liam"": 0.03451175, ""liga"": 0.04975629, ""lima"": 0.01886853, ""lindblad"": 0.06902349, ""makin"": 0.02359285, ""malam"": 0.01859594, ""mampu"": 0.03433341, ""martin"": 0.03311249, ""masih"": 0.01192543, ""mastercard"": 0.06902349, ""masuknya"": 0.03191475, ""max"": 0.06902349, ""mclaren"": 0.13804699, ""melajukan"": 0.03451175, ""melengkapi"": 0.02359285, ""membuat"": 0.01617937, ""memimpin"": 0.02160631, ""memperbaiki"": 0.02648781, ""menabrak"": 0.03451175, ""menang"": 0.01808327, ""mendapat"": 0.02119294, ""mendekati"": 0.02420331, ""menempatkan"": 0.03007214, ""mengejar"": 0.02563254, ""mengejutkan"": 0.03191475, ""mengunci"": 0.03007214, ""menjaga"": 0.01859594, ""menyalip"": 0.04975629, ""menyukai"": 0.00640499, ""merah"": 0.02252287, ""mercedes"": 0.15957373, ""merebut"": 0.02303554, ""miliknya"": 0.03451175, ""minggu"": 0.03199788, ""mobilnya"": 0.03451175, ""mohammad"": 0.02420331, ""monza"": 0.06382949, ""mrp"": 0.02252287, ""muncul"": 0.05126508, ""naik"": 0.03616653, ""nama"": 0.02160631, ""napoli"": 0.04975629, ""nico"": 0.03451175, ""norris"": 0.12765899, ""ocon"": 0.03451175, ""oliver"": 0.03451175, ""oracle"": 0.06902349, ""oscar"": 0.06902349, ""out"": 0.03191475, ""pasti"": 0.02420331, ""pebalap"": 0.04645879, ""pebalapnya"": 0.03451175, ""pelan"": 0.03191475, ""pemenang"": 0.02252287, ""penalti"": 0.03007214, ""perez"": 0.03191475, ""petronas"": 0.06902349, ""piastri"": 0.13804699, ""pierre"": 0.06902349, ""poin"": 0.01675334, ""pole"": 0.0471857, ""pos"": 0.02648781, ""posisi"": 0.14713643, ""posisinya"": 0.02864291, ""position"": 0.03191475, ""pratama"": 0.02080464, ""puas"": 0.02359285, ""puncak"": 0.02420331, ""punya"": 0.01859594, ""racing"": 0.08321856, ""rebut"": 0.02747514, ""red"": 0.05728582, ""rekan"": 0.04840662, ""rekor"": 0.04607108, ""resha"": 0.02420331, ""revolut"": 0.06902349, ""rumah"": 0.02160631, ""russell"": 0.28723272, ""safety"": 0.03191475, ""sainz"": 0.03451175, ""salip"": 0.03451175, ""sampai"": 0.01548626, ""scroll"": 0.00690111, ""scuderia"": 0.06902349, ""sebelum"": 0.01716671, ""secara"": 0.0124146, ""sehingga"": 0.03235874, ""sejatinya"": 0.03191475, ""semakin"": 0.01915325, ""sep"": 0.00926595, ""sepertiga"": 0.03451175, ""sergio"": 0.03451175, ""serta"": 0.01516595, ""setelah"": 0.02680387, ""setimnya"": 0.05728582, ""siap"": 0.03616653, ""sirkuit"": 0.01886853, ""sport"": 0.01080494, ""start"": 0.03952741, ""strip"": 0.03451175, ""stroll"": 0.03451175, ""tantang"": 0.04975629, ""tapi"": 0.01402427, ""team"": 0.39686773, ""terdepan"": 0.02252287, ""terjadi"": 0.03311249, ""tgr"": 0.06902349, ""tim"": 0.01833447, ""tsunoda"": 0.06902349, ""tuan"": 0.02648781, ""tujuh"": 0.02119294, ""turun"": 0.01886853, ""unggul"": 0.02303554, ""urutan"": 0.12816271, ""valtteri"": 0.03451175, ""verstappen"": 0.10353524, ""video"": 0.02311867, ""virtual"": 0.02747514, ""visa"": 0.06902349, ""wib"": 0.01280999, ""williams"": 0.06902349, ""with"": 0.00690111, ""yakni"": 0.02009224, ""yuki"": 0.06902349}",1
SP008,"{""advertisement"": 0.0124023, ""akhir"": 0.02626084, ""alias"": 0.04300439, ""alih"": 0.03864733, ""anda"": 0.01074582, ""angka"": 0.06858055, ""antonelli"": 0.69607465, ""arteta"": 0.08347742, ""bak"": 0.0535442, ""balapan"": 0.09874186, ""bantuan"": 0.04609577, ""banyak"": 0.02654741, ""baru"": 0.02570965, ""beberapa"": 0.02880103, ""belanda"": 0.04609577, ""bersama"": 0.02570965, ""besar"": 0.02171689, ""biasa"": 0.11097256, ""bikin"": 0.08347742, ""boleh"": 0.04173871, ""butuh"": 0.05045282, ""champions"": 0.08347742, ""comeback"": 0.0535442, ""content"": 0.01157817, ""continue"": 0.01157817, ""cuma"": 0.05428911, ""dilansir"": 0.0326338, ""dipertahankan"": 0.0535442, ""disimpan"": 0.01074582, ""dua"": 0.02493251, ""dulu"": 0.03555595, ""ferrari"": 0.0535442, ""formula"": 0.04609577, ""george"": 0.0535442, ""grid"": 0.04609577, ""hamilton"": 0.0535442, ""hari"": 0.0977759, ""harus"": 0.02117497, ""hasil"": 0.04705777, ""hebatnya"": 0.05790126, ""italia"": 0.25893597, ""jemawa"": 0.05790126, ""juara"": 0.02598171, ""kami"": 0.06686281, ""kandang"": 0.07557441, ""kedua"": 0.02468546, ""keikutsertaan"": 0.05045282, ""keluarga"": 0.04173871, ""kemenangan"": 0.08052551, ""kemudian"": 0.02626084, ""ketiga"": 0.02954242, ""ketujuh"": 0.04805496, ""kimi"": 0.15135847, ""klasemen"": 0.02777684, ""kuat"": 0.06980897, ""kukuh"": 0.04805496, ""lagi"": 0.02518536, ""lando"": 0.0535442, ""lap"": 0.07398171, ""liga"": 0.08347742, ""luar"": 0.1087484, ""ludovico"": 0.05790126, ""malam"": 0.03119889, ""mamma"": 0.05790126, ""masih"": 0.02000761, ""melakukan"": 0.02289033, ""memasuki"": 0.04060652, ""membayangkan"": 0.05790126, ""memenangi"": 0.03429027, ""menang"": 0.06067753, ""mendapat"": 0.03555595, ""mendekati"": 0.04060652, ""mendukung"": 0.03699085, ""mengambil"": 0.03624947, ""menikmati"": 0.05045282, ""menyudahi"": 0.04805496, ""menyukai"": 0.01074582, ""mercedes"": 0.16063261, ""merupakan"": 0.02420779, ""mewujudkannya"": 0.05790126, ""mia"": 0.05790126, ""mimpi"": 0.04805496, ""minggu"": 0.02684184, ""mohammad"": 0.04060652, ""monza"": 0.21417682, ""mrp"": 0.0377872, ""musim"": 0.02993322, ""naik"": 0.03033877, ""namun"": 0.02493251, ""napoli"": 0.08347742, ""nds"": 0.04300439, ""norris"": 0.0535442, ""nyata"": 0.04805496, ""orang"": 0.0321339, ""paling"": 0.03370928, ""panjang"": 0.03555595, ""pebalap"": 0.12990855, ""penalti"": 0.05045282, ""pernah"": 0.03864733, ""pertama"": 0.02468546, ""podium"": 0.0326338, ""poin"": 0.02810751, ""posisi"": 0.12342732, ""pratama"": 0.03490449, ""puasa"": 0.0535442, ""puncak"": 0.04060652, ""rekan"": 0.04060652, ""rekor"": 0.11594199, ""resha"": 0.04060652, ""reuters"": 0.04805496, ""russell"": 0.0535442, ""sambungnya"": 0.04173871, ""sampai"": 0.02598171, ""scarfiotti"": 0.05790126, ""scroll"": 0.01157817, ""sehingga"": 0.02714455, ""sejak"": 0.02654741, ""sejarah"": 0.04060652, ""sekali"": 0.03958234, ""sekaligus"": 0.02880103, ""semua"": 0.02880103, ""senang"": 0.04300439, ""senin"": 0.02100024, ""sep"": 0.01554572, ""sepanjang"": 0.03555595, ""seperti"": 0.0208283, ""setelah"": 0.02248478, ""setim"": 0.0535442, ""siap"": 0.06067753, ""sini"": 0.03370928, ""sirkuit"": 0.03165623, ""sport"": 0.01812772, ""start"": 0.03315809, ""tahun"": 0.04131815, ""tampil"": 0.03490449, ""tanpa"": 0.03958234, ""tantang"": 0.08347742, ""tapi"": 0.04705777, ""terakhir"": 0.03076023, ""termuda"": 0.05790126, ""tim"": 0.03076023, ""ujar"": 0.02248478, ""unggul"": 0.03864733, ""usia"": 0.0535442, ""video"": 0.0387868, ""wib"": 0.02149165, ""with"": 0.01157817}",1
SP009,"{""anda"": 0.03683327, ""berakhir"": 0.14306704, ""berlangsung"": 0.10260156, ""dini"": 0.17293625, ""disimpan"": 0.03683327, ""ditutup"": 0.13567568, ""foto"": 0.13247077, ""fotodetikcom"": 0.14740538, ""france"": 0.19846713, ""hari"": 0.08378618, ""kacper"": 0.19846713, ""menyukai"": 0.03683327, ""meriah"": 0.19846713, ""meriahnya"": 0.19846713, ""paralimpiade"": 0.55059758, ""paris"": 0.36706505, ""pempel"": 0.19846713, ""penutupan"": 0.27837254, ""resmi"": 0.11554469, ""reuters"": 0.16471715, ""senin"": 0.14396431, ""sep"": 0.05328578, ""sport"": 0.12427215, ""stade"": 0.19846713, ""upacara"": 0.18353253, ""wib"": 0.07366654}",1
SP010,"{""anda"": 0.0304314, ""antara"": 0.08711074, ""berakhir"": 0.11820101, ""berupa"": 0.10265587, ""cetak"": 0.15163332, ""delapan"": 0.11499474, ""disimpan"": 0.0304314, ""emas"": 0.12584886, ""foto"": 0.21889289, ""fotodetikcom"": 0.12178531, ""indonesia"": 0.0549207, ""lima"": 0.08964816, ""medali"": 0.30326663, ""mencetak"": 0.16397219, ""menyukai"": 0.0304314, ""merah"": 0.10701063, ""paralimpiade"": 0.45489995, ""paris"": 0.45489995, ""perak"": 0.16397219, ""perunggu"": 0.16397219, ""prancis"": 0.26107976, ""putih"": 0.10701063, ""raihan"": 0.12178531, ""rekor"": 0.21889289, ""resmi"": 0.09546223, ""reuters"": 0.13608818, ""rincian"": 0.13608818, ""satu"": 0.06367527, ""senin"": 0.05947116, ""sep"": 0.04402435, ""sport"": 0.1026728, ""terbanyak"": 0.15163332, ""usai"": 0.09390131, ""wib"": 0.0304314}",1
SP011,"{""agu"": 0.05435788, ""anda"": 0.02319285, ""azzam"": 0.12496903, ""belinda"": 0.12496903, ""bencic"": 0.12496903, ""campuran"": 0.21778595, ""ceko"": 0.12496903, ""cobolli"": 0.12496903, ""disimpan"": 0.02319285, ""flavio"": 0.12496903, ""foto"": 0.08341303, ""fotodetikcom"": 0.09281692, ""fotodetiksport"": 0.09948908, ""ganda"": 0.17528316, ""jakarta"": 0.02710663, ""jakub"": 0.37490709, ""juara"": 0.05607666, ""juarai"": 0.12496903, ""kalahkan"": 0.09948908, ""kamis"": 0.06832405, ""karolina"": 0.37490709, ""mensik"": 0.37490709, ""menyukai"": 0.02319285, ""muchova"": 0.37490709, ""muhammad"": 0.08341303, ""open"": 0.39795633, ""pasangan"": 0.10889297, ""republik"": 0.12496903, ""setelah"": 0.04852919, ""sport"": 0.07825059, ""wib"": 0.02319285}",1
SP012,"{""agu"": 0.07392962, ""aichi"": 0.130448, ""anda"": 0.03154351, ""asian"": 0.36756198, ""atlet"": 0.12252066, ""berlaga"": 0.15717475, ""bertanding"": 0.13531045, ""day"": 0.31434949, ""disimpan"": 0.03154351, ""foto"": 0.11344616, ""fotodetikcom"": 0.12623595, ""fotodetiksport"": 0.13531045, ""games"": 0.35759166, ""indonesia"": 0.28463889, ""jakarta"": 0.03686646, ""khairunissa"": 0.16996454, ""kontingen"": 0.31434949, ""membakar"": 0.15717475, ""membela"": 0.14810024, ""mengadakan"": 0.15717475, ""menyala"": 0.15717475, ""menyukai"": 0.03154351, ""nagoya"": 0.12623595, ""noc"": 0.16996454, ""obor"": 0.16996454, ""sabtu"": 0.0989509, ""sebanyak"": 0.09579391, ""sebelum"": 0.08454313, ""semangat"": 0.14106151, ""siap"": 0.08905704, ""sport"": 0.10642497, ""tim"": 0.18058839, ""tsaltsabillah"": 0.16996454, ""wib"": 0.03154351}",1
SP013,"{""agu"": 0.05646338, ""ahmad"": 0.09641208, ""anda"": 0.0240912, ""antusias"": 0.11311083, ""antusiasme"": 0.21547006, ""bekasi"": 0.53867516, ""berolahraga"": 0.12980957, ""car"": 0.12004143, ""cfd"": 0.38942872, ""day"": 0.12004143, ""dipadati"": 0.12004143, ""disimpan"": 0.0240912, ""foto"": 0.08664394, ""fotodetikcom"": 0.09641208, ""fotodetiksport"": 0.10334269, ""free"": 0.10773503, ""jalan"": 0.20668537, ""kota"": 0.09103629, ""memenuhi"": 0.08664394, ""menyukai"": 0.0240912, ""minggu"": 0.06017705, ""nugroho"": 0.11311083, ""pagi"": 0.10334269, ""pelari"": 0.25961915, ""pesepeda"": 0.25961915, ""rifkianto"": 0.12980957, ""ruas"": 0.12980957, ""sejak"": 0.05951698, ""sport"": 0.08128155, ""surut"": 0.12980957, ""tetap"": 0.05375365, ""tinggi"": 0.07557326, ""warga"": 0.28923624, ""wib"": 0.0240912, ""yani"": 0.10773503}",1
SP014,"{""adu"": 0.17405414, ""agu"": 0.07570847, ""ajang"": 0.12927337, ""ambil"": 0.13856622, ""anda"": 0.03230249, ""atlet"": 0.12546869, ""bagian"": 0.09378546, ""bibit"": 0.15166376, ""disimpan"": 0.03230249, ""dki"": 0.43336699, ""foto"": 0.11617584, ""fotodetikcom"": 0.12927337, ""fotodetiksport"": 0.13856622, ""jakarta"": 0.15101409, ""kemampuan"": 0.11898652, ""mengasah"": 0.17405414, ""menjadi"": 0.05218456, ""menjaring"": 0.17405414, ""menyukai"": 0.03230249, ""muda"": 0.12546869, ""panggung"": 0.1609566, ""pelajar"": 0.34810828, ""popprov"": 0.52216241, ""pradita"": 0.17405414, ""prestasi"": 0.14445566, ""ribuan"": 0.15166376, ""sekaligus"": 0.08657737, ""senin"": 0.06312779, ""sport"": 0.10898572, ""utama"": 0.07648689, ""wib"": 0.03230249}",1
SP015,"{""ajang"": 0.11233545, ""anda"": 0.02807009, ""berlangsung"": 0.07819112, ""budaya"": 0.13986741, ""disimpan"": 0.02807009, ""foto"": 0.100954, ""fotodetikcom"": 0.11233545, ""fotodetiksport"": 0.12041071, ""games"": 0.31821536, ""gorge"": 0.3024977, ""grandyos"": 0.15124885, ""issyk"": 0.15124885, ""jumat"": 0.08805489, ""kul"": 0.15124885, ""kyrchyn"": 0.3024977, ""kyrgyzstan"": 0.3024977, ""menyukai"": 0.02807009, ""nomad"": 0.45374655, ""nomaden"": 0.15124885, ""olahraga"": 0.10339642, ""panggung"": 0.13986741, ""pemandangan"": 0.15124885, ""sep"": 0.0406083, ""sport"": 0.09470596, ""terlihat"": 0.12041071, ""udara"": 0.09662698, ""venue"": 0.15124885, ""wib"": 0.02807009, ""world"": 0.3270878, ""zafna"": 0.15124885}",1
SP016,"{""advertisement"": 0.0112917, ""agu"": 0.02293006, ""aktivitas"": 0.03800109, ""alih"": 0.07037307, ""amerika"": 0.03915343, ""anda"": 0.00978356, ""aplikasi"": 0.04375173, ""arteta"": 0.07600218, ""asal"": 0.0330034, ""bagaimana"": 0.03121965, ""bagian"": 0.02840509, ""bahkan"": 0.02689695, ""bahwa"": 0.02316582, ""band"": 0.05271632, ""banyak"": 0.02417014, ""baru"": 0.0234074, ""baseball"": 0.10543263, ""berawal"": 0.05271632, ""berbagai"": 0.0537939, ""berbasis"": 0.04375173, ""bergabung"": 0.04375173, ""berinteraksi"": 0.04874942, ""berkembang"": 0.07830685, ""berlangsung"": 0.02725276, ""bermain"": 0.08750347, ""bersama"": 0.0468148, ""besar"": 0.01977219, ""bidik"": 0.04593487, ""bung"": 0.04874942, ""cabang"": 0.04593487, ""cara"": 0.03440343, ""champions"": 0.07600218, ""content"": 0.01054137, ""continue"": 0.01054137, ""contoh"": 0.10543263, ""cukup"": 0.02622195, ""disimpan"": 0.00978356, ""dki"": 0.04375173, ""ekosistem"": 0.03697029, ""flaming"": 0.10543263, ""gaya"": 0.04196798, ""gbk"": 0.04874942, ""gelora"": 0.04874942, ""hadirnya"": 0.05271632, ""hans"": 0.15814895, ""hidup"": 0.03915343, ""ikut"": 0.0660068, ""indonesia"": 0.03531351, ""jadwal"": 0.03177886, ""jakarta"": 0.09147621, ""kalau"": 0.02559054, ""kamis"": 0.02882148, ""kandang"": 0.06880687, ""karno"": 0.04874942, ""kasual"": 0.05271632, ""kata"": 0.01960494, ""kawasan"": 0.03237198, ""kelompok"": 0.04045984, ""kepada"": 0.02162365, ""kepengurusan"": 0.05271632, ""keterangan"": 0.02925637, ""ketersediaan"": 0.03800109, ""kian"": 0.04593487, ""komisi"": 0.03518654, ""kompetisi"": 0.04045984, ""komunitas"": 0.2625104, ""konser"": 0.05271632, ""kuat"": 0.06355772, ""kultur"": 0.05271632, ""kunci"": 0.03697029, ""langsung"": 0.02162365, ""lapangan"": 0.06474397, ""league"": 0.09186974, ""liga"": 0.07600218, ""lintas"": 0.07037307, ""lips"": 0.10543263, ""little"": 0.05271632, ""lokal"": 0.03800109, ""luang"": 0.05271632, ""luas"": 0.04196798, ""masyarakat"": 0.10236215, ""match"": 0.04874942, ""melalui"": 0.0468148, ""memadai"": 0.04874942, ""memilih"": 0.03697029, ""memiliki"": 0.02316582, ""memperkenalkan"": 0.05271632, ""memungkinkan"": 0.04375173, ""menemukan"": 0.04196798, ""menikmati"": 0.04593487, ""menilai"": 0.02925637, ""menjadi"": 0.06322119, ""menunjukkan"": 0.0297115, ""menurutnya"": 0.02762199, ""menyambut"": 0.04196798, ""menyukai"": 0.00978356, ""merupakan"": 0.02204003, ""mulai"": 0.04284384, ""muncul"": 0.03915343, ""napoli"": 0.07600218, ""negara"": 0.02689695, ""ntb"": 0.04593487, ""ntt"": 0.04874942, ""olahraga"": 0.25226472, ""orang"": 0.02925637, ""organik"": 0.04874942, ""panthers"": 0.15814895, ""pecinta"": 0.04593487, ""pegiat"": 0.10543263, ""pemain"": 0.03697029, ""pemanfaatan"": 0.04375173, ""pemimpin"": 0.04196798, ""peminat"": 0.04874942, ""pengelolaan"": 0.04045984, ""perbasasi"": 0.10543263, ""perhatian"": 0.03915343, ""perkembangan"": 0.03440343, ""perkembangannya"": 0.05271632, ""permainan"": 0.04874942, ""perserikatan"": 0.04874942, ""persnya"": 0.04874942, ""personel"": 0.09749885, ""pertemuan"": 0.04874942, ""pertumbuhan"": 0.06880687, ""pickup"": 0.04593487, ""platform"": 0.04593487, ""pon"": 0.05271632, ""positif"": 0.03018885, ""potensi"": 0.04045984, ""prasatya"": 0.04196798, ""prestasi"": 0.04375173, ""publik"": 0.03603782, ""punya"": 0.05681018, ""ran"": 0.03518654, ""randy"": 0.04196798, ""reclub"": 0.05271632, ""rekor"": 0.07037307, ""rock"": 0.05271632, ""ruang"": 0.0330034, ""salah"": 0.04834028, ""satu"": 0.04094262, ""scroll"": 0.01054137, ""secara"": 0.03792634, ""sekadar"": 0.03915343, ""sela"": 0.05271632, ""seluruh"": 0.02528948, ""senayan"": 0.04593487, ""sendirinya"": 0.05271632, ""seperti"": 0.01896317, ""serikat"": 0.04045984, ""serius"": 0.04593487, ""sesi"": 0.03177886, ""siap"": 0.05524398, ""siregar"": 0.05271632, ""slowpitch"": 0.57987947, ""softball"": 0.05271632, ""spontan"": 0.05271632, ""sport"": 0.01650442, ""ssl"": 0.05271632, ""tantang"": 0.07600218, ""teladan"": 0.05271632, ""tempat"": 0.03915343, ""terbuka"": 0.03518654, ""terhadap"": 0.02293006, ""terlebih"": 0.03800109, ""termasuk"": 0.02528948, ""terpadu"": 0.04375173, ""the"": 0.22182174, ""tigers"": 0.05271632, ""tim"": 0.02800571, ""tua"": 0.05271632, ""tumbuh"": 0.07600218, ""turun"": 0.02882148, ""unik"": 0.05271632, ""urban"": 0.05271632, ""video"": 0.03531351, ""waktu"": 0.02162365, ""wib"": 0.00978356, ""with"": 0.01054137, ""yna"": 0.03697029}",1
SP017,"{""advertisement"": 0.01158821, ""akademisi"": 0.10820121, ""algadri"": 0.0541006, ""anda"": 0.01004046, ""arteta"": 0.07799794, ""athlete"": 0.04490062, ""atlet"": 0.35099072, ""bahasan"": 0.0541006, ""bakal"": 0.03387004, ""banyak"": 0.04960966, ""bedah"": 0.0541006, ""belakang"": 0.03530684, ""berbagai"": 0.02760324, ""berbakat"": 0.0541006, ""berbasis"": 0.04490062, ""berbeda"": 0.03611051, ""berdiri"": 0.04714109, ""berkelanjutan"": 0.08304457, ""berupa"": 0.03387004, ""besar"": 0.02029139, ""brilian"": 0.0541006, ""bukan"": 0.13131263, ""buku"": 0.27050302, ""champions"": 0.07799794, ""content"": 0.01081818, ""continue"": 0.01081818, ""cukup"": 0.02691052, ""cuma"": 0.02536278, ""dbon"": 0.10820121, ""desain"": 0.04714109, ""development"": 0.04490062, ""dia"": 0.02198444, ""digelar"": 0.03387004, ""diperhitungkan"": 0.0541006, ""disimpan"": 0.01004046, ""dunia"": 0.0265813, ""ekosistem"": 0.0758822, ""fakto"": 0.0541006, ""faktor"": 0.0379411, ""filsuf"": 0.0541006, ""forum"": 0.0541006, ""gagasan"": 0.05002955, ""gbk"": 0.05002955, ""gedung"": 0.03899897, ""gerung"": 0.0541006, ""gibran"": 0.0541006, ""hanya"": 0.04093202, ""hebat"": 0.04490062, ""ilmu"": 0.0541006, ""indonesia"": 0.14496328, ""infrastruktur"": 0.04307003, ""ingin"": 0.02915099, ""insan"": 0.0541006, ""internasional"": 0.03530684, ""isi"": 0.05002955, ""jakarta"": 0.02346958, ""jargon"": 0.10820121, ""judo"": 0.0541006, ""kamis"": 0.02957831, ""kandang"": 0.07061368, ""karya"": 0.0541006, ""kata"": 0.04023951, ""kebijakan"": 0.03530684, ""kekuatan"": 0.04307003, ""kelola"": 0.04152228, ""kemajuan"": 0.10820121, ""kemampuan"": 0.03698414, ""kertas"": 0.16230181, ""kita"": 0.02198444, ""kompetisi"": 0.08304457, ""kuat"": 0.13045339, ""kunci"": 0.0379411, ""lahir"": 0.0541006, ""latar"": 0.05002955, ""liga"": 0.07799794, ""long"": 0.04714109, ""mantan"": 0.04152228, ""masalah"": 0.03611051, ""megah"": 0.0541006, ""melalui"": 0.02402206, ""melihat"": 0.02796839, ""memajukan"": 0.0541006, ""membangun"": 0.10592053, ""membedah"": 0.0541006, ""membelenggu"": 0.0541006, ""membongkar"": 0.0541006, ""membutuhkan"": 0.07061368, ""memiliki"": 0.02377414, ""mempengaruhi"": 0.05002955, ""mempertemukan"": 0.0541006, ""memproduksi"": 0.0541006, ""mencoba"": 0.03261335, ""menerbitkan"": 0.04490062, ""mengelola"": 0.04490062, ""meningkatkan"": 0.03049171, ""menjadi"": 0.048661, ""menpora"": 0.0541006, ""menumpuk"": 0.0541006, ""menyukai"": 0.01004046, ""merasa"": 0.0758822, ""mulai"": 0.04396888, ""mutakhir"": 0.0541006, ""namun"": 0.02329593, ""napoli"": 0.07799794, ""nasional"": 0.10900364, ""negara"": 0.02760324, ""negeri"": 0.10368829, ""olahraga"": 0.44380971, ""otot"": 0.15008864, ""pelengkap"": 0.0541006, ""pembinaan"": 0.04714109, ""pengetahuan"": 0.05002955, ""penggembira"": 0.0541006, ""penting"": 0.02874112, ""percaya"": 0.03530684, ""persoalan"": 0.08614005, ""pesan"": 0.04714109, ""pimpin"": 0.04714109, ""praktisi"": 0.0541006, ""prasatya"": 0.04307003, ""prestasi"": 0.13470186, ""produk"": 0.0379411, ""profesional"": 0.04490062, ""pungkasnya"": 0.04018157, ""punya"": 0.02915099, ""ran"": 0.03611051, ""randy"": 0.04307003, ""rapat"": 0.03002462, ""regulasi"": 0.04018157, ""rekor"": 0.07222102, ""rocky"": 0.16230181, ""rujukan"": 0.05002955, ""sabtu"": 0.03149659, ""sadik"": 0.16230181, ""salah"": 0.02480483, ""sambungnya"": 0.03899897, ""satu"": 0.04201774, ""satunya"": 0.03456276, ""science"": 0.10820121, ""scroll"": 0.01081818, ""sejajar"": 0.0541006, ""sejumlah"": 0.02402206, ""sekadar"": 0.08036313, ""sekaligus"": 0.02691052, ""selama"": 0.02453707, ""senior"": 0.05002955, ""sep"": 0.01452529, ""serbaguna"": 0.0541006, ""serta"": 0.02377414, ""siap"": 0.05669464, ""sistem"": 0.03530684, ""soal"": 0.02725091, ""solusi"": 0.04714109, ""sport"": 0.05081344, ""suatu"": 0.0541006, ""tandasnya"": 0.04714109, ""tantang"": 0.07799794, ""tapi"": 0.02198444, ""tata"": 0.03899897, ""teknokratis"": 0.0541006, ""terbaik"": 0.03322205, ""term"": 0.0541006, ""tetapi"": 0.02480483, ""tokoh"": 0.0541006, ""turut"": 0.07799794, ""undang"": 0.08304457, ""video"": 0.03624082, ""wapres"": 0.0541006, ""wartawan"": 0.04714109, ""wib"": 0.01004046, ""with"": 0.01081818, ""yna"": 0.0379411}",1
SP018,"{""aau"": 0.04025266, ""acara"": 0.03507454, ""adalah"": 0.0152274, ""advertisement"": 0.00862201, ""aeromodelling"": 0.08050531, ""agenda"": 0.03204554, ""agustus"": 0.02822944, ""air"": 0.02822944, ""aji"": 0.04025266, ""akademi"": 0.04025266, ""amanat"": 0.03722365, ""anda"": 0.00747044, ""angkasa"": 0.04025266, ""angkatan"": 0.0744473, ""arjuna"": 0.04025266, ""askomlek"": 0.04025266, ""atas"": 0.03955475, ""atlet"": 0.11606614, ""bagus"": 0.02168931, ""bangsa"": 0.03722365, ""bapak"": 0.02901653, ""bay"": 0.02822944, ""berbagai"": 0.02053773, ""bergengsi"": 0.04025266, ""berikut"": 0.02686742, ""berlangsung"": 0.1248565, ""bersama"": 0.01787322, ""bibit"": 0.07014908, ""bukan"": 0.0195402, ""cabang"": 0.10522362, ""cabor"": 0.07014908, ""content"": 0.00804909, ""continue"": 0.00804909, ""cup"": 0.04025266, ""daerah"": 0.02383842, ""delapan"": 0.02822944, ""dibina"": 0.04025266, ""didampingi"": 0.04025266, ""dilaksanakan"": 0.08050531, ""dimanfaatkan"": 0.02751744, ""dimeriahkan"": 0.04025266, ""dirancang"": 0.03340756, ""diselenggarakan"": 0.03507454, ""disimpan"": 0.00747044, ""drone"": 0.04025266, ""halim"": 0.11291778, ""hanya"": 0.0152274, ""harapan"": 0.03340756, ""hari"": 0.01699332, ""hut"": 0.12075797, ""ida"": 0.04025266, ""internasional"": 0.02626947, ""jakarta"": 0.04365537, ""kami"": 0.01549423, ""kasau"": 0.04025266, ""kaskoopsudnas"": 0.04025266, ""kawasan"": 0.02471831, ""kebanggaan"": 0.03722365, ""kejuaraan"": 0.15120265, ""kepada"": 0.03302239, ""kesempatan"": 0.07151526, ""ketum"": 0.04025266, ""kita"": 0.01635716, ""komando"": 0.04025266, ""kompetisi"": 0.06178793, ""konferensi"": 0.03340756, ""koopsudnas"": 0.12075797, ""kotama"": 0.04025266, ""lalu"": 0.01806235, ""lanud"": 0.04025266, ""lapangan"": 0.07415493, ""laut"": 0.05979285, ""lengkap"": 0.03204554, ""leo"": 0.03089396, ""lokal"": 0.02901653, ""mardika"": 0.04025266, ""marsda"": 0.04025266, ""marsdya"": 0.12075797, ""marsma"": 0.04025266, ""mds"": 0.04025266, ""melahirkan"": 0.04025266, ""melainkan"": 0.03204554, ""memberikan"": 0.03691124, ""memperebutkan"": 0.06178793, ""memperingati"": 0.03722365, ""mencari"": 0.02901653, ""mendapat"": 0.02471831, ""mengagendakan"": 0.04025266, ""menggelar"": 0.0744473, ""menghadirkan"": 0.02989643, ""menjadi"": 0.01206847, ""menurut"": 0.02053773, ""menyukai"": 0.00747044, ""minggit"": 0.12075797, ""modern"": 0.09613661, ""mpi"": 0.04025266, ""muda"": 0.02901653, ""mulai"": 0.01635716, ""mungkin"": 0.02109135, ""nasional"": 0.16220469, ""ngurah"": 0.04025266, ""oktober"": 0.08060227, ""olahraga"": 0.13758718, ""open"": 0.19227322, ""operasi"": 0.02901653, ""panahan"": 0.20126328, ""pangkoopsudnas"": 0.08050531, ""panglima"": 0.24151593, ""paralayang"": 0.04025266, ""pelosok"": 0.03722365, ""pembinaan"": 0.03507454, ""pentathlon"": 0.12075797, ""perdanakusuma"": 0.11291778, ""pers"": 0.03204554, ""piala"": 0.24151593, ""pilates"": 0.08050531, ""prabowo"": 0.02471831, ""prasatya"": 0.03204554, ""pungkas"": 0.03204554, ""purwoko"": 0.04025266, ""putra"": 0.02520044, ""race"": 0.02138435, ""ran"": 0.02686742, ""randy"": 0.03204554, ""rangka"": 0.03722365, ""rangkaian"": 0.02901653, ""resmi"": 0.02343451, ""ruang"": 0.02520044, ""rutin"": 0.04025266, ""sarana"": 0.02989643, ""scroll"": 0.00804909, ""sebelumnya"": 0.01666847, ""sehingga"": 0.01887075, ""sekadar"": 0.02989643, ""selasa"": 0.03154188, ""seluruh"": 0.03862064, ""semaksimal"": 0.03722365, ""sep"": 0.0108073, ""sepakbola"": 0.08050531, ""september"": 0.07816078, ""serangkaian"": 0.04025266, ""solo"": 0.04025266, ""sport"": 0.0126023, ""tahun"": 0.02872416, ""tanah"": 0.03340756, ""tenis"": 0.11167096, ""termasuk"": 0.01931032, ""tetapi"": 0.01845562, ""timur"": 0.02520044, ""tingkat"": 0.15446982, ""tni"": 0.56119265, ""tribowo"": 0.12075797, ""udara"": 0.07714755, ""ujar"": 0.0156313, ""ulang"": 0.03340756, ""video"": 0.02696438, ""view"": 0.08050531, ""watimena"": 0.04025266, ""wib"": 0.00747044, ""with"": 0.00804909, ""yacht"": 0.08050531, ""yogyakarta"": 0.02989643}",1
SP019,"{""advertisement"": 0.01217439, ""akhirnya"": 0.03019495, ""alasan"": 0.03490255, ""alhasil"": 0.04952566, ""anda"": 0.01054835, ""angka"": 0.03366013, ""antara"": 0.03019495, ""apa"": 0.02899952, ""apalagi"": 0.04362264, ""atas"": 0.05585177, ""autosport"": 0.05683722, ""bagnaia"": 0.13705222, ""baik"": 0.0959791, ""balapan"": 0.07269548, ""belakang"": 0.0370928, ""bencana"": 0.03490255, ""berada"": 0.02399477, ""berbelok"": 0.05683722, ""berganti"": 0.09905133, ""berhenti"": 0.09905133, ""berjalan"": 0.03062556, ""bermodalkan"": 0.05256024, ""berpikir"": 0.05256024, ""besar"": 0.02131781, ""bicara"": 0.04717187, ""blunder"": 0.03885494, ""briliannya"": 0.11367445, ""buyar"": 0.05683722, ""content"": 0.0113654, ""continue"": 0.0113654, ""cuaca"": 0.05683722, ""cukup"": 0.02827176, ""cuma"": 0.02664573, ""datang"": 0.03426306, ""depannya"": 0.04952566, ""dia"": 0.0692895, ""dibuatnya"": 0.05683722, ""dikutip"": 0.03986031, ""disimpan"": 0.01054835, ""dulu"": 0.06980509, ""finis"": 0.07733475, ""francesco"": 0.03490255, ""gagal"": 0.06980509, ""hal"": 0.04453751, ""harapannya"": 0.04717187, ""harus"": 0.04157169, ""hujan"": 0.21024094, ""ikuti"": 0.04524868, ""itulah"": 0.04221411, ""jarak"": 0.03366013, ""jauh"": 0.0370928, ""jorge"": 0.13795493, ""kaget"": 0.11367445, ""kalau"": 0.02759099, ""kali"": 0.05453279, ""kami"": 0.04375606, ""kedua"": 0.0969273, ""kemenangan"": 0.02634857, ""keputusannya"": 0.05683722, ""kering"": 0.04952566, ""kesalahan"": 0.03793712, ""kesalahannya"": 0.05683722, ""kesalahpahaman"": 0.05683722, ""kesulitan"": 0.03490255, ""ketiga"": 0.02899952, ""ketika"": 0.06406819, ""ketimbang"": 0.05256024, ""keunggulan"": 0.04097169, ""klasemen"": 0.10906559, ""lagi"": 0.04944507, ""lain"": 0.04894865, ""langsung"": 0.023314, ""lebat"": 0.05683722, ""maaf"": 0.04952566, ""maka"": 0.03558332, ""makin"": 0.03885494, ""malam"": 0.03062556, ""marino"": 0.15944124, ""marquez"": 0.02447433, ""martin"": 0.54532793, ""masuk"": 0.12250223, ""melakukan"": 0.02246968, ""melihat"": 0.02938314, ""melorot"": 0.04362264, ""membicarakan"": 0.05256024, ""membuat"": 0.02664573, ""meminta"": 0.03426306, ""memutuskan"": 0.04952566, ""menang"": 0.02978124, ""menatap"": 0.05256024, ""mendapat"": 0.03490255, ""mendung"": 0.05683722, ""mengakui"": 0.03631108, ""mengganti"": 0.05256024, ""menggelayuti"": 0.05683722, ""menguntit"": 0.05256024, ""menjaga"": 0.03062556, ""menunggu"": 0.03885494, ""menyukai"": 0.01054835, ""minggu"": 0.02634857, ""misano"": 0.07262216, ""mohammad"": 0.03986031, ""motogp"": 0.20595055, ""motor"": 0.08814942, ""mrp"": 0.0370928, ""mungkin"": 0.05956248, ""murni"": 0.05683722, ""naik"": 0.02978124, ""paddock"": 0.05683722, ""pecco"": 0.05256024, ""pede"": 0.05256024, ""pepet"": 0.05683722, ""pit"": 0.19810266, ""podium"": 0.06406819, ""poin"": 0.13795493, ""posisi"": 0.07269548, ""pramac"": 0.04221411, ""pratama"": 0.03426306, ""pun"": 0.08277296, ""puncak"": 0.07972062, ""punya"": 0.06125112, ""race"": 0.03019495, ""racing"": 0.03426306, ""rasa"": 0.03986031, ""rencana"": 0.03793712, ""resha"": 0.03986031, ""rintik"": 0.05683722, ""rival"": 0.08442821, ""rivalnya"": 0.04952566, ""saja"": 0.08277296, ""salahku"": 0.05683722, ""sama"": 0.02862937, ""sampai"": 0.02550425, ""san"": 0.15944124, ""satu"": 0.02207158, ""sayangnya"": 0.04952566, ""scroll"": 0.0113654, ""sebab"": 0.07770989, ""sebelumnya"": 0.02353608, ""sedari"": 0.05256024, ""sehari"": 0.03986031, ""sekalipun"": 0.05256024, ""selisih"": 0.07972062, ""sempat"": 0.02664573, ""sendiri"": 0.06732026, ""senin"": 0.02061432, ""sep"": 0.01526004, ""seperti"": 0.02044555, ""sesaat"": 0.05256024, ""setelah"": 0.02207158, ""setelan"": 0.05683722, ""sirkuit"": 0.03107449, ""soal"": 0.0858881, ""sport"": 0.01779459, ""sprint"": 0.03154338, ""start"": 0.09764625, ""stop"": 0.10512047, ""strategi"": 0.03631108, ""tahu"": 0.0650975, ""tapi"": 0.0230965, ""terjadi"": 0.0272664, ""terpotong"": 0.11367445, ""tertinggal"": 0.04097169, ""tikungan"": 0.03793712, ""tim"": 0.06038991, ""trek"": 0.04221411, ""tujuh"": 0.03490255, ""turun"": 0.12429797, ""ujar"": 0.02207158, ""unggul"": 0.03793712, ""wib"": 0.0210967, ""with"": 0.0113654, ""yna"": 0.03986031}",1
SP020,"{""adalah"": 0.02739264, ""advertisement"": 0.01551019, ""agu"": 0.03149655, ""akhir"": 0.03284153, ""aku"": 0.10439599, ""alcaniz"": 0.05078209, ""anda"": 0.01343861, ""antara"": 0.03846842, ""aprilia"": 0.1123025, ""aragon"": 0.30569378, ""back"": 0.14482142, ""bagus"": 0.03901701, ""bahwa"": 0.03182038, ""baik"": 0.03056938, ""balapan"": 0.09261415, ""bangkit"": 0.06009703, ""banyak"": 0.03319991, ""beberapa"": 0.03601827, ""begitu"": 0.03958895, ""berjarak"": 0.04725628, ""berkendara"": 0.06696182, ""bersaing"": 0.14850377, ""berturut"": 0.06309577, ""blunder"": 0.09900251, ""buat"": 0.04215647, ""catatan"": 0.04365119, ""cemerlang"": 0.07241071, ""content"": 0.01447954, ""continue"": 0.01447954, ""crash"": 0.04288306, ""dekat"": 0.0453332, ""demikian"": 0.0453332, ""dia"": 0.02942498, ""dibandingkan"": 0.04365119, ""didukung"": 0.06009703, ""dikutip"": 0.05078209, ""diri"": 0.04725628, ""disimpan"": 0.01343861, ""dua"": 0.06236066, ""ducati"": 0.07115524, ""dunia"": 0.03557762, ""edisi"": 0.05764688, ""empat"": 0.03958895, ""fatal"": 0.10756167, ""fernandez"": 0.04725628, ""finis"": 0.13136612, ""gagal"": 0.0444659, ""grand"": 0.04833194, ""grid"": 0.05764688, ""hari"": 0.03056938, ""hat"": 0.05378083, ""inggris"": 0.05378083, ""jauh"": 0.04725628, ""jeblok"": 0.07241071, ""jelang"": 0.06009703, ""jorge"": 0.03515096, ""juara"": 0.03249246, ""kali"": 0.06947486, ""kami"": 0.08361793, ""kamis"": 0.03958895, ""kampiun"": 0.06696182, ""kanan"": 0.05557531, ""karakteristik"": 0.06009703, ""karina"": 0.04833194, ""keduanya"": 0.05078209, ""keenam"": 0.05078209, ""kelas"": 0.05219799, ""kemampuan"": 0.04950126, ""kemenangan"": 0.06713624, ""kesembilan"": 0.07241071, ""kesempatan"": 0.04288306, ""kesuksesan"": 0.06696182, ""ketujuh"": 0.12019406, ""kupunya"": 0.07241071, ""lagi"": 0.06299309, ""lakukan"": 0.08576611, ""lalu"": 0.09747737, ""lanjutkan"": 0.07241071, ""lengan"": 0.05557531, ""mampu"": 0.03601827, ""marc"": 0.28346892, ""marquez"": 0.43652461, ""martin"": 0.03473743, ""masa"": 0.04288306, ""maupun"": 0.04288306, ""memaksimalkan"": 0.06309577, ""memperoleh"": 0.05557531, ""menambahkan"": 0.04018632, ""menang"": 0.03794134, ""menatap"": 0.06696182, ""mencoba"": 0.04365119, ""mengukir"": 0.06309577, ""menunggangi"": 0.06696182, ""menyaingi"": 0.06696182, ""menyamai"": 0.07241071, ""menyiksanya"": 0.06309577, ""menyukai"": 0.01343861, ""merasa"": 0.05078209, ""meski"": 0.03557762, ""minggu"": 0.03356812, ""motogp"": 0.29153479, ""motor"": 0.03743417, ""mugello"": 0.06696182, ""musim"": 0.03743417, ""okdwitya"": 0.05078209, ""optimistis"": 0.05078209, ""pantas"": 0.06696182, ""pebalap"": 0.06498491, ""pekan"": 0.11705102, ""pemulihan"": 0.05557531, ""pendek"": 0.06309577, ""pengakuan"": 0.10439599, ""penting"": 0.03846842, ""penunggang"": 0.14482142, ""percaya"": 0.04725628, ""posisi"": 0.06174276, ""positif"": 0.04146716, ""premier"": 0.06009703, ""prix"": 0.04626037, ""raul"": 0.04950126, ""raw"": 0.05557531, ""rekor"": 0.04833194, ""rin"": 0.05078209, ""saatnya"": 0.05764688, ""sambung"": 0.06009703, ""sari"": 0.05078209, ""scroll"": 0.01447954, ""sebelum"": 0.03601827, ""sejak"": 0.03319991, ""sekali"": 0.04950126, ""sembilan"": 0.05557531, ""setelah"": 0.02811923, ""silverstone"": 0.10156419, ""sport"": 0.02267034, ""sprint"": 0.04018632, ""start"": 0.04146716, ""tahun"": 0.02583602, ""tambahan"": 0.04626037, ""tekad"": 0.06696182, ""terakhir"": 0.07693683, ""terburuknya"": 0.07241071, ""terdepan"": 0.04725628, ""termasuk"": 0.03473743, ""terutama"": 0.0453332, ""tiga"": 0.03182038, ""trackhouse"": 0.05378083, ""trek"": 0.05378083, ""tren"": 0.05557531, ""trick"": 0.05378083, ""tujuh"": 0.0444659, ""turut"": 0.05219799, ""ungkap"": 0.0453332, ""usai"": 0.04146716, ""utama"": 0.03182038, ""video"": 0.04850636, ""waktu"": 0.02970207, ""wib"": 0.01343861, ""with"": 0.01447954, ""yakin"": 0.04725628}",1
SP021,"{""absen"": 0.22683119, ""adanya"": 0.0323717, ""advertisement"": 0.01170838, ""agu"": 0.02377621, ""agustus"": 0.03833455, ""akhir"": 0.02479152, ""akibat"": 0.03567297, ""alih"": 0.03648497, ""anda"": 0.01014458, ""aprilia"": 0.08477527, ""aragon"": 0.23076309, ""assen"": 0.04762994, ""bahkan"": 0.02788949, ""bahwa"": 0.02402067, ""balapan"": 0.06991286, ""berada"": 0.06922893, ""berikutnya"": 0.03182321, ""berkesempatan"": 0.05466163, ""berlangsung"": 0.02825842, ""berlatih"": 0.05054835, ""beruntun"": 0.08703332, ""besar"": 0.02050181, ""bezzecchi"": 0.0275335, ""cedera"": 0.28418772, ""content"": 0.01093036, ""continue"": 0.01093036, ""crash"": 0.0323717, ""dekat"": 0.06844255, ""demikian"": 0.06844255, ""dijadwalkan"": 0.04351666, ""dijalaninya"": 0.05054835, ""diketahui"": 0.03940339, ""dilansir"": 0.0308079, ""dipastikan"": 0.04762994, ""disimpan"": 0.01014458, ""dua"": 0.02353751, ""dunia"": 0.02685694, ""eropa"": 0.09073247, ""espargaro"": 0.03833455, ""fabio"": 0.03648497, ""fern\u00e3"": 0.10932325, ""finis"": 0.02479152, ""gagal"": 0.03356656, ""giannantonio"": 0.03736767, ""hari"": 0.02307631, ""harus"": 0.07996085, ""ibu"": 0.09525987, ""impresif"": 0.04536624, ""inggris"": 0.04059825, ""jadwal"": 0.03295155, ""jakarta"": 0.01185648, ""jari"": 0.1010967, ""jepang"": 0.0766691, ""jorge"": 0.02653487, ""juara"": 0.02452801, ""juni"": 0.04762994, ""kaki"": 0.05466163, ""kamis"": 0.08965509, ""kapan"": 0.03736767, ""kecelakaan"": 0.13609871, ""kedua"": 0.02330429, ""kejuaraan"": 0.03422127, ""kemenangan"": 0.02534001, ""kemiringan"": 0.05466163, ""kesalahan"": 0.07296994, ""ketiga"": 0.02788949, ""kiri"": 0.13609871, ""kirinya"": 0.05054835, ""klasemen"": 0.0524454, ""kris"": 0.03130286, ""krs"": 0.05977006, ""lalu"": 0.02452801, ""langsung"": 0.02242159, ""latihan"": 0.04059825, ""lorenzo"": 0.12179474, ""marc"": 0.02377621, ""marco"": 0.02718958, ""marquez"": 0.02353751, ""martin"": 0.0262227, ""masih"": 0.01888817, ""maverick"": 0.04536624, ""medis"": 0.04762994, ""melewatkan"": 0.05054835, ""membutuhkan"": 0.03567297, ""memerlukan"": 0.05054835, ""memimpin"": 0.03422127, ""mendampingi"": 0.05054835, ""mendekati"": 0.03833455, ""mengakui"": 0.03492118, ""mengalami"": 0.08711748, ""mengambil"": 0.03422127, ""menggantikannya"": 0.05466163, ""mengoleksi"": 0.04195287, ""menjadi"": 0.03277707, ""menjalani"": 0.06713311, ""menunjukkan"": 0.0308079, ""menyalipnya"": 0.05466163, ""menyambut"": 0.04351666, ""menyiapkan"": 0.03422127, ""menyukai"": 0.01014458, ""meraih"": 0.0323717, ""milik"": 0.04059825, ""motogp"": 0.24208218, ""motor"": 0.08477527, ""motorland"": 0.0323717, ""musim"": 0.05651684, ""ndez"": 0.10932325, ""net"": 0.04059825, ""nomor"": 0.03422127, ""ogura"": 0.47284064, ""operasi"": 0.23642032, ""patah"": 0.09525987, ""pebalap"": 0.07358402, ""pekan"": 0.05890656, ""pembalap"": 0.04351666, ""pemeriksaan"": 0.04762994, ""pengereman"": 0.05054835, ""pengganti"": 0.09073247, ""penguji"": 0.05054835, ""pernyataan"": 0.04536624, ""persaingan"": 0.03356656, ""pertamanya"": 0.09073247, ""podium"": 0.0308079, ""poin"": 0.02653487, ""pol"": 0.03736767, ""posisi"": 0.04660857, ""ra\u00e3"": 0.10932325, ""rekan"": 0.03833455, ""rivalnya"": 0.04762994, ""savadori"": 0.12179474, ""scroll"": 0.01093036, ""sebelum"": 0.02718958, ""sebelumnya"": 0.02263517, ""sehingga"": 0.05125158, ""sejatinya"": 0.05054835, ""sempat"": 0.02562579, ""sendiri"": 0.0323717, ""sepanjang"": 0.03356656, ""seperti"": 0.01966294, ""seri"": 0.05890656, ""setelah"": 0.02122673, ""setibanya"": 0.05466163, ""setimnya"": 0.04536624, ""silverstone"": 0.0766691, ""sport"": 0.01711346, ""superfile"": 0.05466163, ""tahun"": 0.03900636, ""tampil"": 0.06590309, ""tangan"": 0.1258586, ""team"": 0.03492118, ""terjadi"": 0.0262227, ""tertinggal"": 0.03940339, ""tiba"": 0.04059825, ""tiga"": 0.02402067, ""tim"": 0.05807832, ""tindakan"": 0.04762994, ""trackhouse"": 0.16239298, ""tulang"": 0.09525987, ""utama"": 0.02402067, ""vinales"": 0.04536624, ""wib"": 0.01014458, ""with"": 0.01093036}",1
SP022,"{""absen"": 0.03981943, ""adalah"": 0.01814997, ""advertisement"": 0.01027683, ""agu"": 0.02086916, ""akhir"": 0.02176033, ""akibat"": 0.03131133, ""aldeguer"": 0.43383973, ""anda"": 0.00890423, ""antusias"": 0.04180635, ""aragon"": 0.06076449, ""assen"": 0.04180635, ""bagi"": 0.01949657, ""bagian"": 0.02585211, ""baginya"": 0.04180635, ""balapan"": 0.0613648, ""ban"": 0.03364749, ""baru"": 0.06391079, ""belajar"": 0.03563441, ""berada"": 0.02025483, ""beradaptasi"": 0.038196, ""bergabung"": 0.07963886, ""berharganya"": 0.0479783, ""berikutnya"": 0.02793227, ""berjalan"": 0.02585211, ""berkat"": 0.038196, ""berkembang"": 0.03563441, ""bersama"": 0.06391079, ""bersiap"": 0.04436794, ""besar"": 0.03599022, ""bezzecchi"": 0.02416705, ""biasa"": 0.03065146, ""catalunya"": 0.04436794, ""cedera"": 0.07126882, ""comeback"": 0.04436794, ""content"": 0.00959394, ""continue"": 0.00959394, ""crash"": 0.0284137, ""debut"": 0.04180635, ""depan"": 0.02176033, ""desmosedici"": 0.13310382, ""dia"": 0.01949657, ""diberlakukannya"": 0.0479783, ""digadang"": 0.04436794, ""dijadwalkan"": 0.038196, ""dilansir"": 0.0270411, ""dinobatkan"": 0.0479783, ""diraih"": 0.03981943, ""diraihnya"": 0.0479783, ""disimpan"": 0.00890423, ""dua"": 0.04131928, ""ducati"": 0.16501253, ""enduro"": 0.09595659, ""era"": 0.04180635, ""fermin"": 0.12014852, ""franco"": 0.03458564, ""gabung"": 0.03458564, ""gadang"": 0.04436794, ""gresini"": 0.12260583, ""hal"": 0.01879784, ""hari"": 0.02025483, ""identik"": 0.04436794, ""idola"": 0.0479783, ""indonesia"": 0.01606981, ""italia"": 0.06130292, ""jadwal"": 0.02892265, ""jakarta"": 0.01040682, ""kamis"": 0.02623107, ""kapan"": 0.03279882, ""karier"": 0.08873588, ""kata"": 0.0178429, ""keberadaannya"": 0.0479783, ""kedelapan"": 0.038196, ""kelahiran"": 0.0479783, ""kelas"": 0.03458564, ""kembali"": 0.02152903, ""kemenangan"": 0.02224175, ""kepindahan"": 0.04436794, ""kesempatan"": 0.08524109, ""klasemen"": 0.04603304, ""kris"": 0.02747554, ""krs"": 0.05246214, ""langkah"": 0.02548862, ""langsung"": 0.01968016, ""lintasan"": 0.03563441, ""luar"": 0.03003713, ""luca"": 0.03202405, ""maju"": 0.0368234, ""marco"": 0.02386519, ""marini"": 0.03202405, ""melangkah"": 0.03981943, ""melewatkan"": 0.04436794, ""membantu"": 0.09839647, ""membela"": 0.04180635, ""mencuri"": 0.04436794, ""mendapat"": 0.08838739, ""mengakhiri"": 0.04180635, ""mengaku"": 0.03003713, ""mengalami"": 0.02548862, ""mengendarai"": 0.12541905, ""menggunakan"": 0.03003713, ""menghadapi"": 0.02548862, ""mengumumkan"": 0.03981943, ""menjadi"": 0.05753902, ""menjalani"": 0.02946246, ""menjanjikan"": 0.04180635, ""menjelang"": 0.038196, ""menurut"": 0.02447951, ""menutup"": 0.03279882, ""menyambut"": 0.038196, ""menyukai"": 0.00890423, ""meraih"": 0.0284137, ""milik"": 0.07126882, ""morbidelli"": 0.03458564, ""motogp"": 0.27043347, ""motor"": 0.1240167, ""muda"": 0.10375692, ""musim"": 0.19842673, ""nasihat"": 0.09595659, ""net"": 0.03563441, ""non"": 0.04180635, ""pabrikan"": 0.18411701, ""paling"": 0.02793227, ""panutan"": 0.0479783, ""pebalap"": 0.02152903, ""pekan"": 0.02585211, ""pembalap"": 0.22917598, ""pengembangan"": 0.038196, ""perhatian"": 0.03563441, ""pertama"": 0.02045493, ""pertamanya"": 0.07963886, ""pertamina"": 0.0736468, ""perubahan"": 0.03065146, ""podium"": 0.05408221, ""posisi"": 0.04090987, ""premier"": 0.03981943, ""punggung"": 0.0479783, ""rabu"": 0.03279882, ""racing"": 0.14461324, ""regulasi"": 0.10690322, ""rookie"": 0.11945829, ""rossi"": 0.28786977, ""salah"": 0.04399557, ""sangat"": 0.0870413, ""satu"": 0.07452559, ""scroll"": 0.00959394, ""sebelumnya"": 0.01986763, ""sekaligus"": 0.02386519, ""selalu"": 0.03131133, ""selama"": 0.02176033, ""sempat"": 0.02249259, ""senang"": 0.07126882, ""sendiri"": 0.0284137, ""sepanjang"": 0.02946246, ""seperti"": 0.0172588, ""seri"": 0.02585211, ""setelah"": 0.0186314, ""setempat"": 0.04436794, ""spanyol"": 0.03003713, ""spek"": 0.14393489, ""sport"": 0.01502104, ""sulit"": 0.03131133, ""sungguh"": 0.0479783, ""talenta"": 0.04180635, ""team"": 0.09195438, ""tengah"": 0.0270411, ""termasuk"": 0.02301652, ""the"": 0.06729497, ""tiga"": 0.04216746, ""tim"": 0.1274431, ""tujuan"": 0.038196, ""ujarnya"": 0.02585211, ""valentino"": 0.19191318, ""waktu"": 0.01968016, ""wib"": 0.00890423, ""with"": 0.00959394, ""year"": 0.09595659}",1
SP023,"{""adp"": 0.04795589, ""agu"": 0.02808519, ""ajang"": 0.04795589, ""akhir"": 0.17570698, ""anda"": 0.01198309, ""apa"": 0.03294391, ""aragon"": 0.24532596, ""asal"": 0.04042321, ""bagus"": 0.03479111, ""balapan"": 0.13763867, ""baru"": 0.02866984, ""berbeda"": 0.04309716, ""berharap"": 0.04654448, ""berikutnya"": 0.07518109, ""berkembang"": 0.04795589, ""berlatih"": 0.05970925, ""bersama"": 0.08600953, ""bersiap"": 0.05970925, ""bertekad"": 0.06456798, ""biasa"": 0.04124996, ""bmw"": 0.06456798, ""crash"": 0.03823844, ""digelar"": 0.04042321, ""dilansir"": 0.03639123, ""disimpan"": 0.01198309, ""ekspektasi"": 0.15420962, ""empat"": 0.03530111, ""finis"": 0.0292845, ""fokus"": 0.04042321, ""hadir"": 0.04795589, ""hari"": 0.02725844, ""hasil"": 0.05247597, ""indah"": 0.06456798, ""jadwal"": 0.03892337, ""jakarta"": 0.01400523, ""jeda"": 0.06456798, ""jumlah"": 0.04042321, ""kali"": 0.03097505, ""kami"": 0.04970757, ""kamis"": 0.03530111, ""kapan"": 0.04413983, ""kata"": 0.02401252, ""kembali"": 0.02897323, ""kemenangan"": 0.05986478, ""kenangan"": 0.32283989, ""kesempatan"": 0.03823844, ""ketika"": 0.03639123, ""kita"": 0.02623799, ""kris"": 0.03697589, ""krs"": 0.03530111, ""lagi"": 0.02808519, ""lakukan"": 0.03823844, ""lalu"": 0.02897323, ""langkah"": 0.03430194, ""lihat"": 0.03211717, ""manis"": 0.11941851, ""marc"": 0.02808519, ""marquez"": 0.02780322, ""memanfaatkan"": 0.04955601, ""membantu"": 0.04413983, ""membawa"": 0.04124996, ""memberi"": 0.04795589, ""memberikan"": 0.02960407, ""memprediksi"": 0.05140321, ""menang"": 0.03383196, ""mencari"": 0.04654448, ""mencatat"": 0.04528194, ""mencoba"": 0.03892337, ""menemukan"": 0.05140321, ""mengambil"": 0.04042321, ""mengejar"": 0.04795589, ""mengenai"": 0.03892337, ""mengendarai"": 0.05626193, ""menjadi"": 0.03871728, ""menjalani"": 0.03964984, ""menuju"": 0.042138, ""menyukai"": 0.01198309, ""meraih"": 0.03823844, ""motogp"": 0.23396306, ""motor"": 0.20027826, ""motorland"": 0.07647687, ""net"": 0.04795589, ""pekan"": 0.20874669, ""pembalap"": 0.05140321, ""penting"": 0.03430194, ""performa"": 0.04654448, ""perkembangan"": 0.042138, ""pernah"": 0.08619432, ""pesaing"": 0.05970925, ""posisi"": 0.02752773, ""positif"": 0.03697589, ""pramac"": 0.14386766, ""punya"": 0.06958223, ""razgatlioglu"": 0.09056387, ""realistis"": 0.11941851, ""rider"": 0.05986478, ""sadar"": 0.06456798, ""saja"": 0.03134379, ""segera"": 0.04309716, ""selama"": 0.0292845, ""sementara"": 0.02361305, ""sepenuhnya"": 0.04528194, ""seperti"": 0.04645292, ""seri"": 0.10437334, ""sesuatu"": 0.04654448, ""setelah"": 0.05014733, ""setiap"": 0.03337971, ""sini"": 0.03759054, ""sinyal"": 0.05970925, ""sirkuit"": 0.07060222, ""situasinya"": 0.06456798, ""spesial"": 0.05970925, ""sport"": 0.02021494, ""suka"": 0.05626193, ""sulit"": 0.084276, ""superbike"": 0.17912776, ""tahun"": 0.02303775, ""tapi"": 0.02623799, ""terakhir"": 0.06860388, ""terbaik"": 0.03964984, ""terdekatnya"": 0.06456798, ""terus"": 0.0292845, ""terutama"": 0.04042321, ""tes"": 0.06456798, ""tetap"": 0.02673735, ""tetapi"": 0.05920813, ""timnya"": 0.05626193, ""tinggi"": 0.03759054, ""toprak"": 0.41890033, ""trek"": 0.04795589, ""turki"": 0.06456798, ""tutur"": 0.05626193, ""ujarnya"": 0.03479111, ""upgrade"": 0.06456798, ""utama"": 0.02837395, ""wib"": 0.01198309, ""world"": 0.09308896, ""worldsbk"": 0.06456798, ""yamaha"": 0.27169162}",1
SP024,"{""adalah"": 0.02004237, ""advertisement"": 0.01134834, ""aff"": 0.03034027, ""agu"": 0.02304507, ""akhir"": 0.07208747, ""akhirnya"": 0.02814618, ""aldeguer"": 0.03193826, ""anda"": 0.00983263, ""australia"": 0.04397119, ""bagi"": 0.02152937, ""bahkan"": 0.05406372, ""bahwa"": 0.02328202, ""balapan"": 0.06776298, ""ban"": 0.03715573, ""baru"": 0.07057443, ""beberapa"": 0.02635348, ""begitu"": 0.02896604, ""belum"": 0.07715669, ""berada"": 0.02236669, ""berakhir"": 0.0381917, ""beralih"": 0.04899395, ""berkapasitas"": 0.05298073, ""berlaku"": 0.03621858, ""berpeluang"": 0.04397119, ""berpisah"": 0.04899395, ""bersama"": 0.04704962, ""bertahan"": 0.03536303, ""bicara"": 0.04397119, ""bulan"": 0.034576, ""content"": 0.01059425, ""continue"": 0.01059425, ""cukup"": 0.02635348, ""cyclenews"": 0.05298073, ""datang"": 0.03193826, ""depan"": 0.12014579, ""dikutip"": 0.03715573, ""dirinya"": 0.03621858, ""disebut"": 0.04397119, ""disimpan"": 0.00983263, ""dua"": 0.02281371, ""ducati"": 0.02603107, ""era"": 0.04616527, ""fermin"": 0.03316894, ""gabung"": 0.0381917, ""hanya"": 0.02004237, ""harus"": 0.0193755, ""hubungan"": 0.04899395, ""ingin"": 0.0856427, ""jack"": 0.11146718, ""jakarta"": 0.01149188, ""jelas"": 0.06168923, ""jika"": 0.03034027, ""juli"": 0.04397119, ""kamis"": 0.02896604, ""katanya"": 0.03384732, ""kejuaraan"": 0.03316894, ""kelas"": 0.0381917, ""kemampuannya"": 0.05298073, ""kemungkinan"": 0.0381917, ""kepastian"": 0.04066278, ""kerja"": 0.03193826, ""kesepakatan"": 0.04899395, ""kini"": 0.02854757, ""kompetitif"": 0.04217849, ""kontrak"": 0.08794237, ""kris"": 0.03034027, ""krs"": 0.02896604, ""kuat"": 0.03193826, ""lain"": 0.02281371, ""lingkungan"": 0.0381917, ""mana"": 0.05793208, ""masa"": 0.1568812, ""masih"": 0.03661468, ""memang"": 0.02603107, ""memasuki"": 0.03715573, ""membalap"": 0.04616527, ""membuat"": 0.04967555, ""membuka"": 0.0381917, ""memiliki"": 0.02328202, ""memperkuat"": 0.03384732, ""memperpanjang"": 0.04616527, ""mendekati"": 0.03715573, ""mengakhiri"": 0.04616527, ""mengaku"": 0.03316894, ""mengakui"": 0.06769464, ""mengatakan"": 0.02352481, ""mengenai"": 0.03193826, ""mengetahui"": 0.03934982, ""mengumumkan"": 0.04397119, ""menikmati"": 0.04616527, ""meninggalkan"": 0.04217849, ""menjadi"": 0.0635383, ""menunjukkan"": 0.02986053, ""menuntaskan"": 0.04899395, ""menyiapkan"": 0.03316894, ""menyukai"": 0.00983263, ""menyukainya"": 0.04899395, ""mesin"": 0.04616527, ""meski"": 0.02603107, ""miller"": 0.55733591, ""morbidelli"": 0.0381917, ""motogp"": 0.1919765, ""motor"": 0.02738945, ""musim"": 0.24650506, ""opsi"": 0.04616527, ""pabrikan"": 0.04066278, ""paket"": 0.04899395, ""paling"": 0.03084462, ""peluang"": 0.03034027, ""pembalap"": 0.04217849, ""penggunaan"": 0.03715573, ""penghujung"": 0.09798789, ""penting"": 0.02814618, ""perpisahan"": 0.10596147, ""persaingannya"": 0.04899395, ""pertimbangannya"": 0.04899395, ""perubahan"": 0.03384732, ""pindah"": 0.13191356, ""pirelli"": 0.04899395, ""pramac"": 0.11804945, ""premier"": 0.04397119, ""prima"": 0.09798789, ""profesional"": 0.04397119, ""proyek"": 0.04397119, ""punya"": 0.02854757, ""rasanya"": 0.04616527, ""razgatlioglu"": 0.03715573, ""regulasi"": 0.07869963, ""resmi"": 0.03084462, ""rider"": 0.04912156, ""saja"": 0.0257189, ""salah"": 0.04858275, ""sama"": 0.02668682, ""sangat"": 0.02402916, ""satu"": 0.04114798, ""scroll"": 0.01059425, ""sebelum"": 0.02635348, ""sebenarnya"": 0.03621858, ""sejujurnya"": 0.05298073, ""sejumlah"": 0.02352481, ""semakin"": 0.05880624, ""sendiri"": 0.03137624, ""seperti"": 0.01905829, ""september"": 0.0257189, ""seri"": 0.02854757, ""setelah"": 0.02057399, ""sisi"": 0.02986053, ""situasi"": 0.034576, ""soal"": 0.02668682, ""sport"": 0.0165872, ""sulit"": 0.034576, ""superbike"": 0.14698184, ""susunan"": 0.04899395, ""tahu"": 0.03034027, ""tahun"": 0.01890344, ""tanda"": 0.04899395, ""tanya"": 0.04899395, ""tentu"": 0.03536303, ""terakhir"": 0.08443854, ""termasuk"": 0.02541633, ""tetap"": 0.06581736, ""tetapi"": 0.04858275, ""tim"": 0.05629236, ""tipis"": 0.04066278, ""toprak"": 0.0381917, ""ujar"": 0.02057399, ""wib"": 0.00983263, ""with"": 0.01059425, ""world"": 0.0763834, ""wsbk"": 0.1589422, ""yamaha"": 0.408713}",1
SP025,"{""aff"": 0.03390456, ""agu"": 0.02575235, ""akhir"": 0.02685204, ""anda"": 0.01098774, ""antar"": 0.05474963, ""aprilia"": 0.06121418, ""aragon"": 0.22494846, ""asal"": 0.03706554, ""atas"": 0.05817826, ""awal"": 0.02744612, ""bagi"": 0.02405858, ""bagus"": 0.03190126, ""bahkan"": 0.03020749, ""bakal"": 0.03706554, ""balap"": 0.04047344, ""balapan"": 0.15144719, ""berani"": 0.05474963, ""berikutnya"": 0.06893632, ""bersaing"": 0.04047344, ""bersama"": 0.02628844, ""berusaha"": 0.04267836, ""besarnya"": 0.05158865, ""betapa"": 0.05474963, ""biasa"": 0.07564723, ""box"": 0.05158865, ""bukan"": 0.02874029, ""catatan"": 0.10707084, ""cervera"": 0.05920477, ""chiacchiere"": 0.05920477, ""content"": 0.01183883, ""continue"": 0.01183883, ""cukup"": 0.02944942, ""datang"": 0.03569028, ""dia"": 0.04811716, ""dilansir"": 0.03336847, ""disimpan"": 0.01098774, ""ditanya"": 0.04267836, ""ducati"": 0.17453479, ""eks"": 0.04913681, ""fase"": 0.05158865, ""finis"": 0.05370408, ""gelar"": 0.03863789, ""hanya"": 0.02239689, ""hasil"": 0.04811716, ""identik"": 0.05474963, ""inggris"": 0.04397253, ""jadwal"": 0.03569028, ""jakarta"": 0.01284192, ""jarak"": 0.07012448, ""jelang"": 0.04913681, ""jorge"": 0.05748057, ""kamis"": 0.0323689, ""kanal"": 0.04397253, ""kandidat"": 0.05158865, ""kapan"": 0.04047344, ""kariernya"": 0.04913681, ""kebangkitan"": 0.05474963, ""kecepatan"": 0.08094688, ""kembali"": 0.02656663, ""kemenangan"": 0.02744612, ""kemungkinan"": 0.04267836, ""kepercayaan"": 0.04913681, ""kesuksesan"": 0.05474963, ""kesulitan"": 0.03635641, ""ketat"": 0.04047344, ""ketika"": 0.03336847, ""keunggulan"": 0.04267836, ""klasemen"": 0.02840217, ""kompetitif"": 0.0471335, ""kris"": 0.03390456, ""krs"": 0.0323689, ""kualifikasi"": 0.03863789, ""kuat"": 0.10707084, ""lagi"": 0.02575235, ""lain"": 0.0254938, ""lainnya"": 0.06893632, ""lalu"": 0.02656663, ""langsung"": 0.02428514, ""lima"": 0.09710669, ""lintasan"": 0.08794506, ""luar"": 0.07413108, ""mampu"": 0.02944942, ""marc"": 0.28327584, ""marco"": 0.05889884, ""marquez"": 0.12746901, ""martin"": 0.14201087, ""mart\u00e3"": 0.05920477, ""masih"": 0.02045804, ""melandri"": 0.56747514, ""melihat"": 0.03060709, ""memang"": 0.02908913, ""memangkas"": 0.0471335, ""memasuki"": 0.04152068, ""membicarakan"": 0.05474963, ""membuat"": 0.02775565, ""memenangi"": 0.03506224, ""memprediksi"": 0.0471335, ""menang"": 0.09306532, ""menemukan"": 0.0471335, ""mengenai"": 0.03569028, ""menggagalkan"": 0.05920477, ""menilai"": 0.03285732, ""meninggalkan"": 0.0471335, ""menjadi"": 0.05325196, ""menjagokan"": 0.05920477, ""menjalani"": 0.03635641, ""menjelang"": 0.0471335, ""menunjukkan"": 0.03336847, ""menurutnya"": 0.03102177, ""menyebut"": 0.03190126, ""menyoroti"": 0.0471335, ""menyukai"": 0.01098774, ""motogp"": 0.21452939, ""motorland"": 0.07012448, ""motosan"": 0.04543974, ""mulai"": 0.04811716, ""mungkin"": 0.03102177, ""musim"": 0.03060709, ""nama"": 0.03706554, ""pebalap"": 0.02656663, ""pekan"": 0.03190126, ""penting"": 0.03145272, ""perebutan"": 0.04267836, ""performa"": 0.04267836, ""persaingan"": 0.14542563, ""pertama"": 0.0252412, ""pikir"": 0.04152068, ""podium"": 0.03336847, ""positif"": 0.03390456, ""prediksi"": 0.20760342, ""punya"": 0.09570378, ""ragu"": 0.05920477, ""rider"": 0.05489223, ""rival"": 0.08794506, ""saatnya"": 0.0471335, ""salah"": 0.05429013, ""sambil"": 0.05158865, ""sangat"": 0.02685204, ""satu"": 0.04598194, ""scroll"": 0.01183883, ""sebelumnya"": 0.02451647, ""sejumlah"": 0.02628844, ""sekitar"": 0.02908913, ""selain"": 0.03060709, ""sementara"": 0.02165168, ""sempat"": 0.02775565, ""sepanjang"": 0.03635641, ""seperti"": 0.0212972, ""seri"": 0.03190126, ""sesuatu"": 0.04267836, ""setelah"": 0.02299097, ""silverstone"": 0.04152068, ""sinyal"": 0.05474963, ""sirkuit"": 0.0323689, ""spektakuler"": 0.05920477, ""sport"": 0.01853583, ""sprint"": 0.03285732, ""tanpa"": 0.04047344, ""telak"": 0.05474963, ""terhadap"": 0.02575235, ""terkini"": 0.05158865, ""terlebih"": 0.04267836, ""tersenyum"": 0.05920477, ""tetapi"": 0.02714506, ""trek"": 0.04397253, ""ujar"": 0.04598194, ""untuknya"": 0.05920477, ""wawancaranya"": 0.05920477, ""wib"": 0.01098774, ""with"": 0.01183883, ""youtube"": 0.05920477}",1
SP026,"{""acosta"": 0.03783552, ""adalah"": 0.04661616, ""advertisement"": 0.01319744, ""agu"": 0.02680005, ""alasan"": 0.03783552, ""aldeguer"": 0.3714229, ""alex"": 0.03528392, ""anda"": 0.01143476, ""aragon"": 0.02601113, ""asal"": 0.0385735, ""aset"": 0.04112509, ""bagi"": 0.02503737, ""bagnaia"": 0.03714229, ""baik"": 0.05202226, ""bakat"": 0.06161344, ""baru"": 0.02735795, ""berani"": 0.05697704, ""berinvestasi"": 0.05368746, ""berpegang"": 0.06161344, ""bersama"": 0.0547159, ""bertahan"": 0.08225019, ""bertahun"": 0.05368746, ""besar"": 0.06932763, ""besaran"": 0.04728839, ""biasa"": 0.03936242, ""bologna"": 0.06161344, ""ceo"": 0.05697704, ""cerah"": 0.06161344, ""claudio"": 0.06161344, ""content"": 0.01232048, ""continue"": 0.01232048, ""corse"": 0.05697704, ""crash"": 0.10946609, ""dall"": 0.11395408, ""debut"": 0.05368746, ""dengannya"": 0.06161344, ""depan"": 0.19561135, ""dia"": 0.02503737, ""dianggap"": 0.09810213, ""diperpanjang"": 0.04576149, ""disampaikan"": 0.03936242, ""disimpan"": 0.01143476, ""ditinggal"": 0.06161344, ""domenicali"": 0.06161344, ""dua"": 0.05306196, ""ducati"": 0.39354359, ""ducatio"": 0.06161344, ""dunia"": 0.03027258, ""empat"": 0.03368578, ""fabio"": 0.04112509, ""fermin"": 0.154294, ""filosofi"": 0.06161344, ""francesco"": 0.03783552, ""franco"": 0.04441467, ""gabung"": 0.04441467, ""giannantonio"": 0.04212005, ""gigi"": 0.05368746, ""gresini"": 0.03936242, ""hal"": 0.02414007, ""hanya"": 0.02330808, ""horor"": 0.12322687, ""hungaria"": 0.11395408, ""ilgna"": 0.06161344, ""inilah"": 0.05697704, ""italia"": 0.03936242, ""itulah"": 0.09152298, ""juara"": 0.02764745, ""kali"": 0.02955768, ""kami"": 0.11858255, ""kamis"": 0.03368578, ""kata"": 0.02291374, ""keduanya"": 0.0432099, ""kemampuan"": 0.04212005, ""kemenangan"": 0.08568817, ""kepada"": 0.02527315, ""kesuskesan"": 0.06161344, ""keyakinan"": 0.05697704, ""kontraknya"": 0.06161344, ""lagi"": 0.0536001, ""lalu"": 0.05529491, ""llgna"": 0.06161344, ""luar"": 0.0385735, ""lumayan"": 0.05368746, ""manajer"": 0.05368746, ""mandalika"": 0.04905107, ""marc"": 0.0536001, ""marquez"": 0.18571687, ""masa"": 0.21893218, ""masih"": 0.02129034, ""maupun"": 0.0364887, ""melakukan"": 0.02435788, ""melandri"": 0.05368746, ""melepas"": 0.05368746, ""memang"": 0.06054517, ""memasuk"": 0.06161344, ""membalap"": 0.05368746, ""membawa"": 0.03936242, ""membimbing"": 0.06161344, ""memperkuat"": 0.03936242, ""menang"": 0.03228385, ""mencapai"": 0.03368578, ""menegaskan"": 0.03368578, ""meneruskan"": 0.06161344, ""mengapa"": 0.11395408, ""menggunakan"": 0.0385735, ""menyukai"": 0.01143476, ""meraih"": 0.0364887, ""mewakil"": 0.06161344, ""mohammad"": 0.0432099, ""morbidelli"": 0.04441467, ""motogp"": 0.12403179, ""motor"": 0.0318523, ""mrp"": 0.08041965, ""muda"": 0.08882934, ""musim"": 0.1911138, ""naik"": 0.03228385, ""nama"": 0.077147, ""nanti"": 0.0318523, ""pabrikan"": 0.14186517, ""pebalap"": 0.08294236, ""pedro"": 0.03783552, ""pemimpin"": 0.04905107, ""pencapaiannya"": 0.06161344, ""percaya"": 0.08041965, ""perdana"": 0.10227174, ""perombakan"": 0.06161344, ""podium"": 0.03472602, ""potensinya"": 0.06161344, ""pratama"": 0.03714229, ""prediksi"": 0.0432099, ""privat"": 0.06161344, ""proyek"": 0.05113587, ""racing"": 0.11142687, ""resha"": 0.0432099, ""sambungnya"": 0.04441467, ""satu"": 0.07177898, ""scroll"": 0.01232048, ""sebab"": 0.04212005, ""selaku"": 0.05697704, ""selama"": 0.02794448, ""sempurna"": 0.05697704, ""senada"": 0.05697704, ""seperti"": 0.02216365, ""setelah"": 0.04785265, ""sosok"": 0.05113587, ""sport"": 0.01928993, ""tahun"": 0.08793429, ""takhta"": 0.05697704, ""talenta"": 0.05368746, ""tandem"": 0.06161344, ""tapi"": 0.02503737, ""team"": 0.03936242, ""teguh"": 0.06161344, ""terbaiknya"": 0.05113587, ""terbilang"": 0.06161344, ""terus"": 0.02794448, ""tetap"": 0.05102778, ""top"": 0.06161344, ""ujar"": 0.02392633, ""umum"": 0.0432099, ""usia"": 0.05697704, ""video"": 0.0412735, ""visi"": 0.06161344, ""warnai"": 0.11395408, ""wib"": 0.01143476, ""with"": 0.01232048, ""yakin"": 0.04020982, ""yakni"": 0.03587045}",1
SP027,"{""adalah"": 0.01806011, ""advertisement"": 0.01022595, ""agu"": 0.02076584, ""akhir"": 0.0216526, ""aldeguer"": 0.02877946, ""alonso"": 0.04414829, ""amat"": 0.0396223, ""anda"": 0.00886015, ""august"": 0.04774077, ""bagi"": 0.01940004, ""banyak"": 0.02188888, ""baskoro"": 0.04774077, ""bay"": 0.03348091, ""bayu"": 0.04774077, ""begitu"": 0.02610121, ""belajar"": 0.03545799, ""belum"": 0.06952565, ""berada"": 0.02015456, ""beradaptasi"": 0.0380069, ""bergabungnya"": 0.09548154, ""berikutnya"": 0.02779399, ""berpisah"": 0.04414829, ""bertahun"": 0.04159938, ""berterima"": 0.04774077, ""berusia"": 0.03545799, ""betapa"": 0.04414829, ""blu"": 0.04774077, ""breaking"": 0.04774077, ""buat"": 0.02779399, ""com"": 0.0366411, ""content"": 0.00954644, ""continue"": 0.00954644, ""cru"": 0.04774077, ""daftar"": 0.06099942, ""daniel"": 0.0366411, ""david"": 0.03263644, ""debut"": 0.08319876, ""depan"": 0.0216526, ""dia"": 0.05820013, ""diisi"": 0.0396223, ""direkrut"": 0.09548154, ""disampaikan"": 0.03049971, ""disimpan"": 0.00886015, ""disyukuri"": 0.04774077, ""ducati"": 0.02345651, ""dulu"": 0.0293166, ""fermin"": 0.02988843, ""gabung"": 0.06882883, ""gresini"": 0.03049971, ""guevara"": 0.52514846, ""holgado"": 0.04774077, ""honda"": 0.10324325, ""hrc"": 0.0380069, ""ingin"": 0.02572412, ""izan"": 0.28644461, ""jack"": 0.06696181, ""jakarta"": 0.0103553, ""jawara"": 0.04774077, ""jump"": 0.04774077, ""jymksndnb"": 0.04774077, ""kabar"": 0.03263644, ""kamis"": 0.05220241, ""kasih"": 0.03348091, ""kata"": 0.01775456, ""kelas"": 0.10324325, ""kemampuan"": 0.03263644, ""kenyataan"": 0.04774077, ""kepada"": 0.01958273, ""keras"": 0.04159938, ""kerja"": 0.02877946, ""kesempatan"": 0.02827303, ""ketiga"": 0.02435832, ""klasemen"": 0.02290257, ""kosong"": 0.04414829, ""ktm"": 0.06882883, ""kursi"": 0.08829657, ""laman"": 0.04774077, ""lcr"": 0.0396223, ""level"": 0.03186551, ""luca"": 0.03186551, ""malam"": 0.02572412, ""mantan"": 0.0366411, ""marini"": 0.03186551, ""masih"": 0.01649668, ""membela"": 0.04159938, ""memberinya"": 0.04414829, ""membuat"": 0.02238124, ""membutuhkan"": 0.03115632, ""mencapai"": 0.05220241, ""mencoba"": 0.02877946, ""menggantikan"": 0.04414829, ""meningkatkan"": 0.02690723, ""menjadi"": 0.05725416, ""menyisakan"": 0.0396223, ""menyukai"": 0.00886015, ""menyusul"": 0.0366411, ""merupakan"": 0.01995982, ""mewujudkan"": 0.0396223, ""miller"": 0.06696181, ""mimpi"": 0.07924459, ""moto"": 0.22305857, ""motogp"": 0.32675777, ""motogp\u00e2"": 0.04774077, ""muluk"": 0.09548154, ""mungkin"": 0.05002986, ""musim"": 0.07404164, ""nds"": 0.03545799, ""orang"": 0.02649506, ""pabrikan"": 0.0366411, ""pebalap"": 0.06426735, ""pengorbanan"": 0.04774077, ""per"": 0.02779399, ""pic"": 0.04774077, ""poin"": 0.02317522, ""pramac"": 0.24820595, ""premier"": 0.07924459, ""prima"": 0.08829657, ""promosi"": 0.09548154, ""pula"": 0.03545799, ""racing"": 0.05755892, ""razgatlioglu"": 0.03348091, ""rekan"": 0.03348091, ""rekrut"": 0.04774077, ""resmi"": 0.02779399, ""rider"": 0.1106582, ""rookie"": 0.0396223, ""sampai"": 0.02142245, ""satelit"": 0.04414829, ""satu"": 0.01853916, ""scroll"": 0.00954644, ""sebelum"": 0.02374704, ""secepat"": 0.04414829, ""sekarang"": 0.02435832, ""sekitar"": 0.02345651, ""selalu"": 0.03115632, ""selama"": 0.0216526, ""sementara"": 0.0174592, ""serta"": 0.02097935, ""setinggi"": 0.04774077, ""slot"": 0.04159938, ""spanyol"": 0.02988843, ""sport"": 0.01494668, ""sulitnya"": 0.04774077, ""tahu"": 0.02733952, ""tahun"": 0.03406766, ""team"": 0.06099942, ""tech"": 0.0380069, ""tersisa"": 0.0396223, ""tiket"": 0.03545799, ""tim"": 0.1521746, ""toprak"": 0.03441442, ""tujuan"": 0.0380069, ""twitter"": 0.04159938, ""urutan"": 0.03545799, ""utama"": 0.02097935, ""video"": 0.0319805, ""wib"": 0.0177203, ""will"": 0.04414829, ""with"": 0.01909288, ""yamaha"": 0.30132816}",1
SP028,"{""adrian"": 0.06639062, ""advertisement"": 0.0142207, ""aff"": 0.03801966, ""agu"": 0.02887799, ""akhirnya"": 0.03527023, ""alcaniz"": 0.04656017, ""almansa"": 0.1585627, ""almasa"": 0.06639062, ""alvaro"": 0.06139474, ""anda"": 0.01232135, ""aragon"": 0.2522511, ""awal"": 0.03077733, ""balapan"": 0.0283048, ""belakang"": 0.04332749, ""benchmark"": 0.06639062, ""berakhirnya"": 0.06639062, ""berhasil"": 0.06688298, ""berikutnya"": 0.03865166, ""berjarak"": 0.04332749, ""bersamaan"": 0.05510068, ""bersinar"": 0.06639062, ""brian"": 0.11570022, ""buchanan"": 0.06639062, ""carpe"": 0.06139474, ""catatan"": 0.08004422, ""content"": 0.01327574, ""continue"": 0.01327574, ""cormac"": 0.06639062, ""crash"": 0.03931784, ""cuma"": 0.03112443, ""daftar"": 0.08482875, ""david"": 0.13615746, ""digelar"": 0.04156429, ""disimpan"": 0.01232135, ""ega"": 0.28015478, ""fernandez"": 0.08665497, ""finis"": 0.03011115, ""free"": 0.05510068, ""gambas"": 0.03261976, ""gran"": 0.11020136, ""hampir"": 0.05285423, ""hasil"": 0.08093592, ""indonesia"": 0.04447364, ""jadwal"": 0.04002211, ""jelang"": 0.05510068, ""jumat"": 0.07730332, ""justru"": 0.03931784, ""kapan"": 0.04538582, ""karina"": 0.04431372, ""kembali"": 0.0297911, ""kemudian"": 0.03011115, ""kesulitan"": 0.08153818, ""klasemen"": 0.03184943, ""maximo"": 0.05510068, ""melorot"": 0.05095489, ""mematahkan"": 0.06139474, ""memimpin"": 0.04156429, ""memperbaiki"": 0.10190977, ""memuncaki"": 0.11570022, ""menempati"": 0.09312034, ""menetapkan"": 0.05095489, ""mengalahkan"": 0.04656017, ""mengawali"": 0.05285423, ""menggusur"": 0.06639062, ""menit"": 0.07730332, ""menjaga"": 0.03577321, ""menyukai"": 0.01232135, ""merebut"": 0.04431372, ""mesti"": 0.05095489, ""moto"": 0.35450977, ""motogp"": 0.02672972, ""motorland"": 0.03931784, ""naik"": 0.06957395, ""okdwitya"": 0.04656017, ""pebalap"": 0.0297911, ""pemimpin"": 0.05285423, ""peringkat"": 0.13968051, ""pertama"": 0.05660959, ""pit"": 0.05785011, ""podium"": 0.07483699, ""posisi"": 0.11321918, ""posisinya"": 0.11020136, ""practice"": 0.0493096, ""pratama"": 0.12006633, ""prix"": 0.08482875, ""quiles"": 0.05510068, ""rider"": 0.06155466, ""rin"": 0.04656017, ""sari"": 0.04656017, ""scroll"": 0.01327574, ""sedangkan"": 0.04241438, ""sehingga"": 0.06224887, ""selisih"": 0.04656017, ""sementara"": 0.0242796, ""sepanjang"": 0.04076909, ""seri"": 0.03577321, ""sesi"": 0.12006633, ""setelahnya"": 0.06139474, ""siang"": 0.05785011, ""sport"": 0.02078557, ""tercepat"": 0.08482875, ""tiga"": 0.0291749, ""tikungan"": 0.04431372, ""tujuh"": 0.04076909, ""twitter"": 0.05785011, ""uriarte"": 0.28925056, ""usai"": 0.07603932, ""veda"": 0.45859399, ""video"": 0.04447364, ""waktu"": 0.0272327, ""waktunya"": 0.11020136, ""wib"": 0.02464271, ""with"": 0.01327574}",1
SP029,"{""acosta"": 0.06162351, ""adhi"": 0.04639985, ""adp"": 0.07453271, ""advertisement"": 0.01074747, ""agu"": 0.0218249, ""alcaniz"": 0.03518844, ""aldeguer"": 0.09074165, ""alex"": 0.08620151, ""anda"": 0.00931202, ""aprilia"": 0.12969629, ""aragon"": 0.12709464, ""aus"": 0.04372095, ""bagnaia"": 0.03024722, ""bastianini"": 0.03518844, ""bebas"": 0.05017555, ""belakangnya"": 0.04639985, ""berada"": 0.02118244, ""berlangsung"": 0.02593926, ""besar"": 0.01881923, ""bezzecchi"": 0.05054766, ""binder"": 0.03518844, ""bra"": 0.04372095, ""brad"": 0.03616956, ""bull"": 0.16657214, ""castrol"": 0.13116286, ""catatan"": 0.03024722, ""content"": 0.01003331, ""continue"": 0.01003331, ""delapan"": 0.03518844, ""depan"": 0.02275688, ""diff"": 0.04639985, ""diikuti"": 0.03726635, ""diisi"": 0.08328607, ""diogo"": 0.0385098, ""disimpan"": 0.00931202, ""disusul"": 0.03430091, ""ducati"": 0.19722239, ""empat"": 0.02743237, ""enea"": 0.03616956, ""espargaro"": 0.03518844, ""fabio"": 0.13396262, ""fermin"": 0.06282548, ""fernandez"": 0.13098118, ""fra"": 0.08744191, ""francesco"": 0.03081175, ""franco"": 0.07233911, ""giannantonio"": 0.06860181, ""gresini"": 0.0961656, ""hasil"": 0.0407789, ""honda"": 0.14467822, ""hrc"": 0.07989051, ""ita"": 0.30604667, ""jack"": 0.07037687, ""joan"": 0.03726635, ""johann"": 0.03726635, ""jorge"": 0.02435715, ""jumat"": 0.05842296, ""kedua"": 0.02139171, ""ketiga"": 0.0256006, ""ktm"": 0.18084778, ""lainnya"": 0.02921148, ""latihan"": 0.03726635, ""lcr"": 0.08328607, ""lengkap"": 0.03994525, ""lenovo"": 0.07989051, ""lima"": 0.02743237, ""lorenzo"": 0.03726635, ""luca"": 0.03349065, ""marc"": 0.08729961, ""marco"": 0.04991628, ""marini"": 0.03349065, ""marquez"": 0.12963471, ""martin"": 0.02407061, ""masa"": 0.02971496, ""melengkapi"": 0.03430091, ""membukukan"": 0.0385098, ""menempati"": 0.07037687, ""mengukir"": 0.04372095, ""mengungguli"": 0.04639985, ""menit"": 0.26290333, ""menjadi"": 0.01504353, ""menyukai"": 0.00931202, ""miller"": 0.07037687, ""mir"": 0.03726635, ""monster"": 0.08744191, ""morbidelli"": 0.07233911, ""moreira"": 0.03616956, ""motogp"": 0.14140924, ""motorland"": 0.02971496, ""nat"": 0.04639985, ""pebalap"": 0.04502999, ""pedro"": 0.06162351, ""pertama"": 0.02139171, ""pertamina"": 0.0770196, ""pol"": 0.03430091, ""pos"": 0.0385098, ""posisi"": 0.06417512, ""pramac"": 0.11179906, ""prasetya"": 0.04639985, ""pro"": 0.04164304, ""putaran"": 0.03994525, ""quartararo"": 0.07453271, ""racing"": 0.12098886, ""raih"": 0.0385098, ""raihan"": 0.03726635, ""raul"": 0.10290272, ""razgatlioglu"": 0.03518844, ""red"": 0.16657214, ""rider"": 0.09304142, ""rins"": 0.0385098, ""rsa"": 0.04372095, ""saja"": 0.02435715, ""savadori"": 0.03726635, ""scroll"": 0.01003331, ""selama"": 0.02275688, ""selisih"": 0.03518844, ""sembilan"": 0.0385098, ""sesi"": 0.03024722, ""spa"": 0.39348858, ""sport"": 0.01570896, ""team"": 0.0320552, ""tech"": 0.07989051, ""tercepat"": 0.0961656, ""time"": 0.04639985, ""toprak"": 0.03616956, ""torehan"": 0.05017555, ""trackhouse"": 0.11179906, ""tujuh"": 0.03081175, ""tur"": 0.04372095, ""urutan"": 0.14906541, ""waktu"": 0.10290728, ""wib"": 0.00931202, ""with"": 0.01003331, ""yakni"": 0.02921148, ""yamaha"": 0.17594218, ""yzr"": 0.17488381, ""zarco"": 0.0385098}",1
SP030,"{""adalah"": 0.04952465, ""advertisement"": 0.01402086, ""aff"": 0.03748537, ""agu"": 0.02847217, ""akhir"": 0.089064, ""aku"": 0.23592902, ""alcaniz"": 0.04590586, ""ancaman"": 0.06053197, ""anda"": 0.02429641, ""apa"": 0.03339784, ""apakah"": 0.04861666, ""aprilia"": 0.06767928, ""aragon"": 0.19343818, ""bagiku"": 0.06545764, ""bagus"": 0.10581147, ""bahwa"": 0.05752981, ""balap"": 0.04474802, ""balapan"": 0.02790703, ""beda"": 0.10047765, ""begitu"": 0.03578751, ""belakang"": 0.17087444, ""berusaha"": 0.0471858, ""bezzecchi"": 0.03297154, ""bukan"": 0.03177567, ""cetus"": 0.06053197, ""content"": 0.01308918, ""continue"": 0.01308918, ""cuma"": 0.06137409, ""dia"": 0.10639805, ""dikalahkan"": 0.06545764, ""disimpan"": 0.0121482, ""ditanya"": 0.0471858, ""dua"": 0.02818631, ""dunia"": 0.06432272, ""empat"": 0.03578751, ""enam"": 0.04271861, ""favorit"": 0.05703715, ""finis"": 0.118752, ""fokusku"": 0.06545764, ""free"": 0.05432636, ""gelar"": 0.04271861, ""grand"": 0.04369098, ""hari"": 0.02763403, ""hasil"": 0.10639805, ""jorge"": 0.28598104, ""juara"": 0.05874489, ""jumat"": 0.07621698, ""justru"": 0.03876531, ""kali"": 0.03140185, ""kan"": 0.03578751, ""karina"": 0.04369098, ""kedua"": 0.08372109, ""kembali"": 0.02937244, ""kemudian"": 0.029688, ""kepada"": 0.02685, ""kita"": 0.02659951, ""klasemen"": 0.03140185, ""konsentrasi"": 0.06545764, ""konsisten"": 0.05211148, ""kudeta"": 0.1140743, ""kukuh"": 0.05432636, ""kurang"": 0.04590586, ""lalu"": 0.02937244, ""lihat"": 0.0325597, ""lugas"": 0.06053197, ""mana"": 0.03578751, ""marc"": 0.25624949, ""marco"": 0.0325597, ""marquez"": 0.36642206, ""martin"": 0.34542036, ""martinator"": 0.06545764, ""masih"": 0.0226187, ""melandri"": 0.05703715, ""melanjutkan"": 0.05432636, ""memastikan"": 0.03001197, ""membukukan"": 0.05023882, ""memenangi"": 0.03876531, ""memuncaki"": 0.05703715, ""menang"": 0.03429812, ""mencoba"": 0.03945968, ""mendapatkan"": 0.03945968, ""mendapatkannya"": 0.06545764, ""menerima"": 0.04861666, ""menerimanya"": 0.06053197, ""mengakui"": 0.04181833, ""mengalahkan"": 0.04590586, ""menghuni"": 0.06053197, ""mengirim"": 0.06053197, ""meningkat"": 0.04861666, ""menjawab"": 0.05703715, ""menyabet"": 0.06545764, ""menyukai"": 0.0121482, ""meski"": 0.03216136, ""meskipun"": 0.0471858, ""minggu"": 0.03034482, ""motogp"": 0.21083268, ""motor"": 0.03383964, ""motorland"": 0.03876531, ""motosan"": 0.05023882, ""musim"": 0.03383964, ""namun"": 0.02818631, ""okdwitya"": 0.04590586, ""pasalnya"": 0.05211148, ""pastinya"": 0.05703715, ""pebalap"": 0.02937244, ""pekerjaanku"": 0.06545764, ""penguasa"": 0.06053197, ""penting"": 0.03477458, ""peringkat"": 0.04590586, ""pernah"": 0.08738197, ""pertama"": 0.02790703, ""pertamanya"": 0.05432636, ""poin"": 0.15887836, ""posisi"": 0.02790703, ""practice"": 0.04861666, ""prediksi"": 0.04590586, ""prix"": 0.04181833, ""pun"": 0.06355134, ""puncak"": 0.04590586, ""raih"": 0.05023882, ""rekan"": 0.04590586, ""rekor"": 0.04369098, ""rin"": 0.04590586, ""rival"": 0.04861666, ""rivalnya"": 0.05703715, ""saja"": 0.03177567, ""sana"": 0.04098019, ""sangat"": 0.089064, ""sari"": 0.04590586, ""scroll"": 0.01308918, ""seandainya"": 0.05703715, ""sekali"": 0.04474802, ""sekarang"": 0.03339784, ""sekompetitif"": 0.06545764, ""selisih"": 0.04590586, ""sementara"": 0.0239384, ""sesi"": 0.03945968, ""setelah"": 0.02541915, ""setimnya"": 0.05432636, ""siap"": 0.06859623, ""silverstone"": 0.04590586, ""sini"": 0.03810849, ""spanyol"": 0.08196038, ""sport"": 0.02049347, ""sulit"": 0.08543722, ""superstar"": 0.06053197, ""tahu"": 0.03748537, ""tahun"": 0.02335518, ""tapi"": 0.05319902, ""terbaik"": 0.08039233, ""tercecer"": 0.06545764, ""tercepat"": 0.04181833, ""terjadi"": 0.03140185, ""terus"": 0.029688, ""tetap"": 0.02710576, ""unggul"": 0.04369098, ""usai"": 0.03748537, ""video"": 0.04384865, ""waktu"": 0.02685, ""wib"": 0.0121482, ""with"": 0.01308918}",1
SP031,"{""adalah"": 0.05435704, ""adp"": 0.05336044, ""advertisement"": 0.01538895, ""aff"": 0.04114302, ""afif"": 0.06260256, ""agu"": 0.03125034, ""akhir"": 0.03258481, ""almansa"": 0.40037388, ""amankan"": 0.07184469, ""anda"": 0.01333357, ""aragon"": 0.18198254, ""asal"": 0.04497884, ""awal"": 0.06661145, ""bahkan"": 0.03665664, ""bertahan"": 0.04795414, ""besar"": 0.02694662, ""besok"": 0.06260256, ""buat"": 0.04182694, ""catatan"": 0.08661995, ""catatkan"": 0.14368938, ""content"": 0.01436636, ""continue"": 0.01436636, ""crash"": 0.04254785, ""danish"": 0.06643839, ""david"": 0.19645726, ""dekati"": 0.07184469, ""dirinya"": 0.09822863, ""disalip"": 0.05962727, ""disimpan"": 0.01333357, ""dua"": 0.0309366, ""duluan"": 0.06643839, ""eddie"": 0.07184469, ""ega"": 0.25985984, ""farhan"": 0.05336044, ""finis"": 0.06516963, ""gorman"": 0.07184469, ""hakim"": 0.05962727, ""hari"": 0.03033042, ""harus"": 0.0525484, ""hasil"": 0.0875849, ""indonesia"": 0.0240636, ""jakarta"": 0.0155836, ""jumat"": 0.08365388, ""kanan"": 0.05514089, ""kesulitan"": 0.04411832, ""kukuh"": 0.05962727, ""lagi"": 0.03125034, ""lama"": 0.04795414, ""langsung"": 0.05893979, ""lengan"": 0.05514089, ""lewati"": 0.14368938, ""malaysia"": 0.06260256, ""marc"": 0.03125034, ""marquez"": 0.0309366, ""menit"": 0.12548082, ""menyiksanya"": 0.06260256, ""menyukai"": 0.01333357, ""moto"": 0.33567901, ""motorland"": 0.04254785, ""perebutan"": 0.05178997, ""pertengahan"": 0.07184469, ""pole"": 0.04911432, ""posisi"": 0.06126013, ""practice"": 0.2668022, ""pratama"": 0.08661995, ""rider"": 0.09991717, ""sampai"": 0.03223847, ""sayang"": 0.05962727, ""scroll"": 0.01436636, ""sempat"": 0.06736268, ""sesi"": 0.17323989, ""shea"": 0.07184469, ""spanyol"": 0.04497884, ""sport"": 0.02249313, ""sulit"": 0.04688689, ""tapi"": 0.02919497, ""tembus"": 0.05178997, ""tercepat"": 0.27539259, ""tergeser"": 0.07184469, ""terus"": 0.03258481, ""tiket"": 0.05336044, ""tuntaskan"": 0.13287679, ""veda"": 0.33084534, ""waktu"": 0.11787958, ""wib"": 0.01333357, ""with"": 0.01436636, ""yamanaka"": 0.07184469}",1
SP032,"{""advertisement"": 0.01283988, ""aerox"": 0.15669874, ""agu"": 0.02607396, ""agustus"": 0.04203922, ""air"": 0.04203922, ""akhir"": 0.08156214, ""aksi"": 0.05223291, ""akumulasi"": 0.05994415, ""akun"": 0.05223291, ""akurat"": 0.11086673, ""anda"": 0.01112496, ""angelina"": 0.05994415, ""anl"": 0.05223291, ""apa"": 0.03058474, ""aragon"": 0.10122565, ""artinya"": 0.04600721, ""bagian"": 0.03229966, ""balapan"": 0.07666927, ""berhak"": 0.04772213, ""berhenti"": 0.05223291, ""berikut"": 0.04001089, ""bersaing"": 0.04097889, ""bertepatan"": 0.05994415, ""besar"": 0.04496623, ""biarkan"": 0.05994415, ""bold"": 0.17284539, ""boldriderspodiumpicks"": 0.05994415, ""cara"": 0.07824085, ""com"": 0.04600721, ""connect"": 0.05994415, ""content"": 0.01198668, ""continue"": 0.01198668, ""cukup"": 0.0298172, ""detikcom"": 0.07100022, ""diakumulasikan"": 0.1198883, ""dibuka"": 0.04452168, ""dikirimkan"": 0.05994415, ""dilakukan"": 0.0268984, ""dimulai"": 0.08407843, ""diprediksi"": 0.09201442, ""disimpan"": 0.01112496, ""ditantang"": 0.05543336, ""dua"": 0.02581218, ""ega"": 0.036136, ""favoritmu"": 0.05994415, ""finis"": 0.05437476, ""galaxy"": 0.1198883, ""gembira"": 0.05994415, ""grand"": 0.08002179, ""hadiah"": 0.15669874, ""hadir"": 0.04452168, ""ikut"": 0.03752843, ""insting"": 0.05543336, ""jakarta"": 0.01300229, ""jangan"": 0.04001089, ""juara"": 0.13449202, ""jumat"": 0.03489862, ""kabar"": 0.04097889, ""kamu"": 0.05543336, ""kedua"": 0.02555642, ""kesempatan"": 0.07100022, ""keseruan"": 0.11086673, ""ketepatan"": 0.05994415, ""ketiga"": 0.03058474, ""khusus"": 0.04097889, ""kini"": 0.03229966, ""kirim"": 0.04772213, ""kirimkan"": 0.05994415, ""klasemen"": 0.05751375, ""kompetisi"": 0.18402884, ""konsisten"": 0.04772213, ""kunjungi"": 0.05994415, ""lagi"": 0.02607396, ""langkah"": 0.06369103, ""lewat"": 0.04452168, ""lintasan"": 0.04452168, ""login"": 0.05994415, ""masing"": 0.07227199, ""masuk"": 0.03229966, ""mau"": 0.036136, ""melalui"": 0.02661675, ""membawa"": 0.11488792, ""memilih"": 0.04203922, ""menangkan"": 0.04600721, ""menariknya"": 0.05543336, ""mendapatkan"": 0.036136, ""mengajak"": 0.05994415, ""menggunakan"": 0.03752843, ""menghasilkan"": 0.04975045, ""mengikuti"": 0.04097889, ""mengikutinya"": 0.05994415, ""menguji"": 0.04772213, ""menjadi"": 0.053917, ""menyaksikan"": 0.05543336, ""menyalurkan"": 0.04772213, ""menyukai"": 0.01112496, ""merasakan"": 0.04975045, ""microsite"": 0.17983244, ""motogp"": 0.19307426, ""mudah"": 0.04001089, ""mulai"": 0.02435904, ""musim"": 0.12395731, ""pecinta"": 0.05223291, ""peluang"": 0.06865596, ""pemuncak"": 0.10446583, ""penggemar"": 0.04975045, ""perlu"": 0.03489862, ""perolehan"": 0.04975045, ""pertama"": 0.02555642, ""peserta"": 0.26116457, ""picks"": 0.22173346, ""pilih"": 0.04772213, ""podium"": 0.16892596, ""poin"": 0.11639683, ""posisi"": 0.02555642, ""prediksi"": 0.21019608, ""prediksimu"": 0.1198883, ""prediksinya"": 0.05994415, ""price"": 0.05994415, ""prize"": 0.05994415, ""pula"": 0.04452168, ""pulang"": 0.13356503, ""race"": 0.09553655, ""raih"": 0.04600721, ""rangkaian"": 0.04321135, ""rider"": 0.08336663, ""riders"": 0.18402884, ""saja"": 0.02909921, ""samsung"": 0.1198883, ""satu"": 0.02327809, ""scroll"": 0.01198668, ""sebelum"": 0.05963439, ""sebuah"": 0.04321135, ""sekaligus"": 0.0298172, ""sekarang"": 0.03058474, ""selain"": 0.03098933, ""seluruh"": 0.05751375, ""semakin"": 0.13307063, ""sementara"": 0.02192207, ""senilai"": 0.05223291, ""sepanjang"": 0.03681044, ""seri"": 0.09689898, ""setiap"": 0.12395731, ""sia"": 0.1198883, ""sini"": 0.03489862, ""sport"": 0.01876731, ""submit"": 0.05994415, ""tajammu"": 0.05994415, ""tanah"": 0.04975045, ""tanggal"": 0.04772213, ""tebak"": 0.04975045, ""terbuang"": 0.05994415, ""tercepat"": 0.03829597, ""tersedia"": 0.04321135, ""tertinggi"": 0.09544426, ""terus"": 0.05437476, ""tiap"": 0.04975045, ""tiga"": 0.05268408, ""tunggu"": 0.04772213, ""utamanya"": 0.04452168, ""vioni"": 0.05994415, ""voucher"": 0.05543336, ""waktu"": 0.02458842, ""wib"": 0.01112496, ""with"": 0.01198668, ""yaitu"": 0.04001089, ""yamaha"": 0.12611765}",1
SP033,"{""acosta"": 0.06184362, ""adhi"": 0.04656559, ""adp"": 0.07479893, ""advertisement"": 0.01078586, ""aerox"": 0.04387712, ""agu"": 0.02190286, ""alcaniz"": 0.03531412, ""aldegueer"": 0.05035477, ""aldeguer"": 0.03035526, ""alex"": 0.08650941, ""anda"": 0.00934528, ""aprilia"": 0.15619145, ""aragon"": 0.1488067, ""atas"": 0.02474086, ""aus"": 0.04387712, ""bagnaia"": 0.06071051, ""bagus"": 0.02713262, ""bastianini"": 0.07062825, ""belakang"": 0.03286226, ""berada"": 0.0212581, ""berlangsung"": 0.02603191, ""bersaudara"": 0.08017587, ""besar"": 0.01888645, ""bez"": 0.05035477, ""bezzecchi"": 0.10145642, ""binder"": 0.03531412, ""bra"": 0.04387712, ""brad"": 0.03629875, ""bull"": 0.16716712, ""castrol"": 0.13163136, ""catatan"": 0.09106577, ""content"": 0.01006915, ""continue"": 0.01006915, ""delapan"": 0.03531412, ""diff"": 0.04656559, ""diikuti"": 0.03739946, ""diisi"": 0.04179178, ""diogo"": 0.03864735, ""disimpan"": 0.00934528, ""disusul"": 0.03442342, ""ditempati"": 0.05035477, ""ducati"": 0.14844513, ""dulu"": 0.03092181, ""empat"": 0.02753036, ""enea"": 0.0725975, ""espargaro"": 0.03531412, ""fabio"": 0.13444112, ""fermin"": 0.06304988, ""fernandez"": 0.06572451, ""finis"": 0.02283817, ""fra"": 0.08775424, ""francesco"": 0.06184362, ""franco"": 0.0725975, ""giannantonio"": 0.06884685, ""gresini"": 0.0643394, ""hasil"": 0.04092455, ""honda"": 0.14519499, ""hrc"": 0.08017587, ""ita"": 0.30713983, ""jack"": 0.03531412, ""joan"": 0.07479893, ""johann"": 0.07479893, ""jorge"": 0.07333246, ""juara"": 0.02259542, ""jumat"": 0.05863164, ""kedua"": 0.02146812, ""ktm"": 0.14519499, ""kualifikasi"": 0.03286226, ""langsung"": 0.02065497, ""lcr"": 0.08358356, ""lenovo"": 0.08017587, ""lima"": 0.02753036, ""lolos"": 0.04008793, ""lorenzo"": 0.03739946, ""luca"": 0.03361028, ""malam"": 0.02713262, ""marc"": 0.06570857, ""marco"": 0.07514186, ""marini"": 0.03361028, ""marquez"": 0.15178071, ""martin"": 0.07246975, ""melengkapi"": 0.03442342, ""menangkan"": 0.03864735, ""mencatat"": 0.03531412, ""mencatatkan"": 0.03629875, ""menempati"": 0.03531412, ""mengukir"": 0.04387712, ""menit"": 0.23452656, ""menjadi"": 0.01509727, ""menjalani"": 0.03092181, ""menyukai"": 0.00934528, ""miller"": 0.03531412, ""mir"": 0.07479893, ""monster"": 0.08775424, ""morbidelli"": 0.0725975, ""moreira"": 0.03629875, ""motogp"": 0.16218781, ""motorland"": 0.02982109, ""nama"": 0.06304988, ""nat"": 0.04656559, ""pebalap"": 0.04519084, ""pedro"": 0.06184362, ""pertamina"": 0.0772947, ""pol"": 0.03442342, ""pos"": 0.03864735, ""posisi"": 0.02146812, ""practice"": 0.11219839, ""pramac"": 0.07479893, ""prasetya"": 0.04656559, ""pro"": 0.04179178, ""qualifying"": 0.04387712, ""quartararo"": 0.07479893, ""racing"": 0.09106577, ""raul"": 0.06884685, ""razgatlioglu"": 0.03531412, ""red"": 0.16716712, ""rider"": 0.04668688, ""rins"": 0.03864735, ""rsa"": 0.04387712, ""sangat"": 0.02283817, ""savadori"": 0.03739946, ""scroll"": 0.01006915, ""selama"": 0.02283817, ""sembilan"": 0.03864735, ""seperti"": 0.01811367, ""sesi"": 0.06071051, ""setelah"": 0.01955425, ""sini"": 0.02931582, ""spa"": 0.39489407, ""sport"": 0.01576507, ""team"": 0.0321697, ""tebak"": 0.04179178, ""tech"": 0.08017587, ""tercepat"": 0.0321697, ""time"": 0.04656559, ""tipis"": 0.03864735, ""toprak"": 0.03629875, ""trackhouse"": 0.07479893, ""tujuh"": 0.03092181, ""tur"": 0.04387712, ""unggul"": 0.06722056, ""ungguli"": 0.04656559, ""urutan"": 0.14959786, ""waktu"": 0.12392982, ""wib"": 0.01869056, ""with"": 0.01006915, ""yamaha"": 0.17657062, ""yzr"": 0.17550847, ""zarco"": 0.0772947}",1
SP034,"{""acosta"": 0.09041457, ""adalah"": 0.01856624, ""aff"": 0.0281057, ""afif"": 0.04276519, ""agu"": 0.0213478, ""aldeguer"": 0.02958599, ""alex"": 0.0843171, ""anda"": 0.00910845, ""antaranya"": 0.03907203, ""apes"": 0.04907869, ""aprilia"": 0.10148884, ""aragon"": 0.18647441, ""aus"": 0.04276519, ""bagnaia"": 0.11834398, ""balapan"": 0.02092407, ""bastianini"": 0.06883839, ""berhak"": 0.07814406, ""bersaudara"": 0.03907203, ""besar"": 0.01840783, ""bezzecchi"": 0.17304931, ""binder"": 0.0344192, ""bold"": 0.03537887, ""bra"": 0.04276519, ""brad"": 0.03537887, ""buat"": 0.0285729, ""bull"": 0.16293078, ""castrol"": 0.12829556, ""catatan"": 0.05917199, ""content"": 0.00981398, ""continue"": 0.00981398, ""diisi"": 0.0407327, ""dimulai"": 0.06883839, ""diogo"": 0.07533591, ""dirinya"": 0.03355107, ""disimpan"": 0.00910845, ""disusul"": 0.10065321, ""dua"": 0.04226694, ""ducati"": 0.14468325, ""dulu"": 0.03013819, ""duluan"": 0.09077105, ""empat"": 0.02683268, ""enea"": 0.07075774, ""espargaro"": 0.0344192, ""fabio"": 0.09827559, ""farhan"": 0.03645169, ""fermin"": 0.03072604, ""fernandez"": 0.03202946, ""fra"": 0.08553038, ""francesco"": 0.06027638, ""franco"": 0.03537887, ""gaspol"": 0.04907869, ""giannantonio"": 0.03355107, ""gresini"": 0.06270891, ""hanya"": 0.01856624, ""hasil"": 0.07977489, ""honda"": 0.14151547, ""hrc"": 0.07814406, ""ita"": 0.29935632, ""jack"": 0.0344192, ""jadwal"": 0.02958599, ""jakarta"": 0.0106455, ""joan"": 0.03645169, ""johann"": 0.03645169, ""jorge"": 0.02382469, ""kanan"": 0.03766795, ""kapan"": 0.03355107, ""kedua"": 0.04184814, ""kembali"": 0.02202281, ""ketiga"": 0.02504096, ""ktm"": 0.14151547, ""kualifikasi"": 0.19217679, ""lagi"": 0.0213478, ""lama"": 0.06551706, ""lcr"": 0.08146539, ""lengan"": 0.03766795, ""lenovo"": 0.07814406, ""lorenzo"": 0.03645169, ""luca"": 0.03275853, ""maju"": 0.07533591, ""malah"": 0.03907203, ""marc"": 0.08539119, ""marco"": 0.09765016, ""marini"": 0.03275853, ""marquez"": 0.19020124, ""martin"": 0.02354441, ""melebar"": 0.04907869, ""menggesernya"": 0.04907869, ""menit"": 0.0857187, ""menyiksanya"": 0.04276519, ""menyukai"": 0.00910845, ""miller"": 0.0344192, ""mir"": 0.03645169, ""monster"": 0.08553038, ""morbidelli"": 0.03537887, ""moreira"": 0.1061366, ""motogp"": 0.19759708, ""motorland"": 0.02906537, ""mulai"": 0.01994372, ""pedro"": 0.06027638, ""perbagus"": 0.04907869, ""percobaan"": 0.04907869, ""perebutan"": 0.03537887, ""pertamina"": 0.07533591, ""pol"": 0.03355107, ""pole"": 0.13420427, ""posisi"": 0.08369629, ""pramac"": 0.07290338, ""pro"": 0.0407327, ""qualifying"": 0.04276519, ""quartararo"": 0.07290338, ""racing"": 0.05917199, ""ran"": 0.03275853, ""raul"": 0.03355107, ""razgatlioglu"": 0.0344192, ""rebut"": 0.07814406, ""red"": 0.16293078, ""rider"": 0.06825561, ""rins"": 0.03766795, ""rsa"": 0.04276519, ""sabtu"": 0.0571458, ""sampai"": 0.02202281, ""savadori"": 0.03645169, ""scroll"": 0.00981398, ""selanjutnya"": 0.07814406, ""sempat"": 0.02300846, ""seri"": 0.02644503, ""sesi"": 0.05917199, ""sirkut"": 0.04538553, ""sore"": 0.03072604, ""spa"": 0.38488669, ""spanyol"": 0.03072604, ""sport"": 0.01536555, ""tech"": 0.07814406, ""terakhir"": 0.02607321, ""tercepat"": 0.12541782, ""terjatuh"": 0.07814406, ""tipis"": 0.07533591, ""toprak"": 0.03537887, ""trackhouse"": 0.07290338, ""tuntaskan"": 0.09077105, ""tur"": 0.04276519, ""waktu"": 0.02013153, ""waktunya"": 0.0407327, ""wib"": 0.01821691, ""with"": 0.00981398, ""yamaha"": 0.13767679, ""yzr"": 0.17106075, ""zarco"": 0.03766795}",1
SP035,"{""advertisement"": 0.01324974, ""aff"": 0.03542375, ""agu"": 0.02690625, ""akhirnya"": 0.03286204, ""almansa"": 0.19698179, ""ambil"": 0.04924545, ""anda"": 0.01148008, ""aragon"": 0.15668525, ""asal"": 0.03872636, ""awal"": 0.02867591, ""bagian"": 0.03333068, ""bakal"": 0.03872636, ""berada"": 0.02611421, ""berat"": 0.04924545, ""berhasil"": 0.03115817, ""berjalan"": 0.03333068, ""berlangsung"": 0.03197852, ""berselang"": 0.05720283, ""besar"": 0.02320079, ""besok"": 0.05390022, ""brian"": 0.05390022, ""catatan"": 0.07457896, ""content"": 0.0123693, ""continue"": 0.0123693, ""cuma"": 0.02899932, ""david"": 0.08457392, ""digeser"": 0.0618576, ""disimpan"": 0.01148008, ""dramatis"": 0.0618576, ""ega"": 0.41018425, ""empat"": 0.03381927, ""enam"": 0.04036917, ""finis"": 0.02805522, ""gagal"": 0.03798545, ""gambas"": 0.03039255, ""gran"": 0.10267702, ""hasil"": 0.10054636, ""indonesia"": 0.06215559, ""jakarta"": 0.01341733, ""kedelapan"": 0.04924545, ""kualifikasi"": 0.20184584, ""lagi"": 0.02690625, ""lama"": 0.04128806, ""langsung"": 0.0253733, ""lanjut"": 0.03432958, ""marco"": 0.03076898, ""maximo"": 0.05133851, ""membuat"": 0.05799863, ""memulainya"": 0.0618576, ""menempati"": 0.04338113, ""menit"": 0.1440504, ""menjadi"": 0.05563806, ""menyisakan"": 0.05133851, ""menyukai"": 0.01148008, ""meraih"": 0.03663329, ""merebut"": 0.08257613, ""morelli"": 0.05720283, ""moto"": 0.33030452, ""motorland"": 0.03663329, ""naik"": 0.06482357, ""namun"": 0.02663612, ""periode"": 0.03872636, ""perjuangan"": 0.05133851, ""pertama"": 0.0527444, ""podium"": 0.1045909, ""pole"": 0.12686089, ""posisi"": 0.15823319, ""practice"": 0.09188567, ""prasatya"": 0.04924545, ""pratama"": 0.11186843, ""prix"": 0.07903681, ""putaran"": 0.04924545, ""quiles"": 0.05133851, ""ran"": 0.04128806, ""randy"": 0.04924545, ""rebut"": 0.04924545, ""rider"": 0.11470365, ""sabtu"": 0.0720252, ""sangat"": 0.05611043, ""scroll"": 0.0123693, ""secara"": 0.02225148, ""sekaligus"": 0.03076898, ""selama"": 0.02805522, ""sempat"": 0.02899932, ""sengit"": 0.04924545, ""sesi"": 0.03728948, ""setelah"": 0.02402114, ""sirkut"": 0.05720283, ""situasi"": 0.04036917, ""sore"": 0.03872636, ""sport"": 0.01936637, ""start"": 0.0708475, ""terakhir"": 0.03286204, ""terbaiknya"": 0.10267702, ""tercepat"": 0.15807361, ""tuntas"": 0.05390022, ""twitter"": 0.05390022, ""uriarte"": 0.10780043, ""veda"": 0.52223364, ""video"": 0.04143706, ""waktu"": 0.0761199, ""wib"": 0.02296015, ""with"": 0.0123693}",1
SP036,"{""acosta"": 0.11821868, ""advertisement"": 0.01374532, ""aff"": 0.03674871, ""agu"": 0.02791263, ""akhirnya"": 0.03409119, ""aksinya"": 0.06417127, ""aldeguer"": 0.07736844, ""alex"": 0.22049224, ""anda"": 0.01190947, ""aprilia"": 0.03317462, ""aragon"": 0.27090961, ""arifin"": 0.05934239, ""bagnaia"": 0.03868422, ""baris"": 0.05934239, ""bastianini"": 0.04500372, ""bawahnya"": 0.05934239, ""beberapa"": 0.03191983, ""belakangnya"": 0.05934239, ""berada"": 0.02709096, ""bersaudara"": 0.10217476, ""bezzecchi"": 0.1939415, ""bezzechi"": 0.12834253, ""binder"": 0.04500372, ""brad"": 0.04625851, ""content"": 0.01283195, ""continue"": 0.01283195, ""crash"": 0.03800349, ""cukup"": 0.03191983, ""depan"": 0.05820914, ""diggia"": 0.06417127, ""diogo"": 0.09850306, ""disimpan"": 0.01190947, ""disusul"": 0.13160588, ""dua"": 0.02763239, ""ducati"": 0.03152933, ""empat"": 0.03508422, ""enea"": 0.04625851, ""espargaro"": 0.04500372, ""fabio"": 0.1284971, ""fermin"": 0.08034969, ""fernandez"": 0.0837582, ""finis"": 0.11641828, ""francesco"": 0.03940623, ""franco"": 0.04625851, ""harus"": 0.04693593, ""hasil"": 0.07823033, ""interval"": 0.05591625, ""italia"": 0.04099652, ""jack"": 0.04500372, ""joan"": 0.04766124, ""johann"": 0.04766124, ""jorge"": 0.09345365, ""juaranya"": 0.05108738, ""kalahkan"": 0.10217476, ""keluar"": 0.04500372, ""kempat"": 0.06417127, ""kemudian"": 0.02910457, ""ketiga"": 0.0327415, ""kualifikasi"": 0.16751641, ""langsung"": 0.10528937, ""lap"": 0.12298955, ""lorenzo"": 0.04766124, ""luca"": 0.08566474, ""marc"": 0.19538841, ""marco"": 0.03191983, ""marini"": 0.08566474, ""marquez"": 0.35922112, ""martin"": 0.09235422, ""melesat"": 0.11183251, ""melorot"": 0.04925153, ""memimpin"": 0.04017485, ""memulai"": 0.04925153, ""mendapat"": 0.03940623, ""menggeser"": 0.05591625, ""menghentikan"": 0.05591625, ""mengungguli"": 0.05934239, ""meninggalkan"": 0.05108738, ""menyalip"": 0.04625851, ""menyudahi"": 0.05325873, ""menyukai"": 0.01190947, ""menyusul"": 0.04925153, ""merangsek"": 0.06417127, ""merebut"": 0.04283237, ""miller"": 0.04500372, ""mir"": 0.04766124, ""morbidelli"": 0.04625851, ""moreira"": 0.09251702, ""motogp"": 0.23252557, ""motor"": 0.03317462, ""ngacir"": 0.10217476, ""ngebul"": 0.06417127, ""nyaman"": 0.05591625, ""out"": 0.05934239, ""pedro"": 0.07881246, ""pemenang"": 0.0418791, ""perlawanan"": 0.04925153, ""persaingan"": 0.07881246, ""pertama"": 0.0820758, ""pol"": 0.04386863, ""pole"": 0.17547451, ""posisi"": 0.0820758, ""quartararo"": 0.09532248, ""race"": 0.17045593, ""raul"": 0.08773725, ""razgatlioglu"": 0.04500372, ""rider"": 0.11899393, ""rins"": 0.04925153, ""sabtu"": 0.07471917, ""savadori"": 0.04766124, ""scroll"": 0.01283195, ""sejak"": 0.02942217, ""sementara"": 0.02346797, ""sengit"": 0.05108738, ""seru"": 0.05325873, ""sesi"": 0.07736844, ""sirkuit"": 0.03508422, ""sport"": 0.02009074, ""sprint"": 0.17806807, ""start"": 0.07349741, ""sukses"": 0.04925153, ""terbendung"": 0.05591625, ""terdepan"": 0.0418791, ""terjatuh"": 0.05108738, ""terkejar"": 0.05591625, ""tetap"": 0.02657308, ""tiga"": 0.02819962, ""tikungan"": 0.04283237, ""toptak"": 0.06417127, ""tuntas"": 0.05591625, ""turn"": 0.06417127, ""unggul"": 0.04283237, ""usai"": 0.07349741, ""video"": 0.04298694, ""wib"": 0.01190947, ""with"": 0.01283195, ""yamaha"": 0.04500372, ""yanu"": 0.05934239, ""yna"": 0.04500372, ""zarco"": 0.04925153}",1
SP037,"{""acosta"": 0.07502118, ""advertisement"": 0.0130841, ""aff"": 0.03498091, ""agu"": 0.02656989, ""alcaniz"": 0.04283881, ""aldeguer"": 0.03682331, ""alex"": 0.10494272, ""alien"": 0.04403324, ""anda"": 0.01133656, ""andai"": 0.0610843, ""aragon"": 0.18051424, ""arifin"": 0.05648772, ""artinya"": 0.04688228, ""augusto"": 0.0610843, ""awal"": 0.02831743, ""baby"": 0.04403324, ""bagnaia"": 0.07364663, ""bastianini"": 0.04283881, ""bawah"": 0.04283881, ""bawahnya"": 0.05648772, ""berikut"": 0.08154383, ""berlangsung"": 0.03157875, ""berpeluang"": 0.05069672, ""bezzecchi"": 0.18461193, ""bikin"": 0.04403324, ""binder"": 0.04283881, ""cal"": 0.0532264, ""content"": 0.01221467, ""continue"": 0.01221467, ""crutchlow"": 0.05069672, ""disimpan"": 0.01133656, ""disusul"": 0.04175832, ""dua"": 0.02630314, ""ducati"": 0.0300126, ""dunia"": 0.0300126, ""esparagaro"": 0.0610843, ""fabio"": 0.08154383, ""fernadnez"": 0.0610843, ""fernandez"": 0.07972901, ""folger"": 0.0610843, ""francesco"": 0.07502118, ""gagal"": 0.03751059, ""giannantonio"": 0.08351665, ""hasil"": 0.02482235, ""iker"": 0.05648772, ""jack"": 0.04283881, ""joan"": 0.04536849, ""johann"": 0.04536849, ""jonas"": 0.0610843, ""jorge"": 0.05930537, ""juara"": 0.10964008, ""juaranya"": 0.04862982, ""kali"": 0.02930384, ""kemenangan"": 0.02831743, ""kenudian"": 0.0610843, ""klasemen"": 0.26373455, ""langsung"": 0.0250561, ""lecuona"": 0.05648772, ""lenovo"": 0.04862982, ""lima"": 0.03339649, ""lorenzo"": 0.04536849, ""luca"": 0.08154383, ""marc"": 0.15941934, ""marco"": 0.06076866, ""marini"": 0.08154383, ""marquez"": 0.31563763, ""martin"": 0.05860768, ""masih"": 0.04221501, ""maverick"": 0.05069672, ""melesat"": 0.0532264, ""memenangi"": 0.07235067, ""mengemas"": 0.05648772, ""menggeser"": 0.0532264, ""menyalip"": 0.04403324, ""menyelesaikan"": 0.04688228, ""menyukai"": 0.01133656, ""merebut"": 0.04077191, ""michele"": 0.0610843, ""miller"": 0.04283881, ""minggu"": 0.02831743, ""mir"": 0.04536849, ""moreira"": 0.04403324, ""motogp"": 0.36889984, ""motorland"": 0.03617533, ""mugello"": 0.11297545, ""naik"": 0.0320066, ""ngacir"": 0.04862982, ""ogura"": 0.08806648, ""pedro"": 0.07502118, ""peringkat"": 0.12851644, ""pertama"": 0.05208503, ""pirro"": 0.0610843, ""poin"": 0.08895805, ""pol"": 0.04175832, ""posisi"": 0.07812754, ""quartararo"": 0.04536849, ""race"": 0.32451227, ""raul"": 0.08351665, ""razgatlioglu"": 0.04283881, ""rider"": 0.05663486, ""sabtu"": 0.07112479, ""savadori"": 0.04536849, ""scroll"": 0.01221467, ""sejak"": 0.05601364, ""sementara"": 0.04467808, ""sesi"": 0.03682331, ""setelahnya"": 0.05648772, ""spanyol"": 0.03824223, ""sport"": 0.01912427, ""sprint"": 0.30510376, ""start"": 0.03498091, ""team"": 0.03902437, ""terbendung"": 0.0532264, ""terkejar"": 0.0532264, ""tertahan"": 0.05069672, ""the"": 0.04283881, ""tiga"": 0.02684307, ""tikungan"": 0.04077191, ""toprak"": 0.04403324, ""tujuh"": 0.03751059, ""update"": 0.15967919, ""usai"": 0.17490454, ""video"": 0.04091905, ""vinales"": 0.05069672, ""wib"": 0.01133656, ""with"": 0.01221467, ""yanu"": 0.05648772, ""yna"": 0.04283881, ""zarco"": 0.04688228}",1
SP038,"{""adalah"": 0.09635309, ""advertisement"": 0.0136392, ""agu"": 0.02769713, ""aku"": 0.13770409, ""alcaniz"": 0.04465626, ""alex"": 0.07292997, ""anda"": 0.07090511, ""aragon"": 0.16129081, ""area"": 0.05069295, ""awal"": 0.0295188, ""bagian"": 0.0343104, ""bagus"": 0.0343104, ""bahwa"": 0.0279819, ""baik"": 0.0268818, ""balapan"": 0.16288425, ""ban"": 0.04465626, ""belakang"": 0.04155577, ""berhasil"": 0.03207403, ""berisiko"": 0.22193818, ""berkukuh"": 0.06367582, ""berlomba"": 0.06367582, ""bersaudara"": 0.05069295, ""bezzecchi"": 0.28866623, ""cara"": 0.08311154, ""content"": 0.01273288, ""continue"": 0.01273288, ""cota"": 0.11096909, ""crash"": 0.03771008, ""cuma"": 0.08955514, ""depan"": 0.08663959, ""dia"": 0.02587545, ""disimpan"": 0.01181752, ""dominan"": 0.05284754, ""ducati"": 0.0625718, ""enggak"": 0.05069295, ""finis"": 0.05775973, ""grid"": 0.05069295, ""hasil"": 0.02587545, ""itulah"": 0.04729327, ""jika"": 0.03646498, ""juara"": 0.0857187, ""juaranya"": 0.05069295, ""kakak"": 0.06367582, ""kandungnya"": 0.06367582, ""kariernya"": 0.05284754, ""karina"": 0.04250167, ""kecepatan"": 0.04352993, ""kedua"": 0.02714738, ""kelima"": 0.08135999, ""kemenangan"": 0.0295188, ""kemudian"": 0.02887986, ""kepada"": 0.02611912, ""kesalahan"": 0.04250167, ""kesempatanku"": 0.06367582, ""ketiga"": 0.03248872, ""ketika"": 0.10766522, ""king"": 0.11776847, ""klasemen"": 0.03054706, ""kuat"": 0.03838555, ""kulakukan"": 0.06367582, ""langsung"": 0.02611912, ""lunak"": 0.05888423, ""malam"": 0.0343104, ""mana"": 0.03481334, ""manuver"": 0.11096909, ""marc"": 0.22157701, ""marco"": 0.12669357, ""marquez"": 0.38386676, ""melakukan"": 0.02517321, ""melihat"": 0.03291849, ""melorot"": 0.04887128, ""memang"": 0.1251436, ""memenangi"": 0.03771008, ""memimpin"": 0.03986467, ""mempertahankan"": 0.04465626, ""memulai"": 0.04887128, ""menambahkan"": 0.03533865, ""menangkan"": 0.04887128, ""mengakui"": 0.04068, ""mengalahkan"": 0.04465626, ""mengendalikan"": 0.05888423, ""mengerem"": 0.12735165, ""mengungkapkan"": 0.04465626, ""menyalip"": 0.04590136, ""menyerang"": 0.22193818, ""menyodok"": 0.06367582, ""menyudahi"": 0.05284754, ""menyukai"": 0.01181752, ""meraih"": 0.03771008, ""merasa"": 0.04465626, ""meskipun"": 0.04590136, ""minggu"": 0.0295188, ""motogp"": 0.17945692, ""motorland"": 0.03771008, ""mrp"": 0.04155577, ""mudah"": 0.04250167, ""namun"": 0.02741905, ""ngacir"": 0.05069295, ""off"": 0.06367582, ""okdwitya"": 0.04465626, ""overtaking"": 0.06367582, ""pebalap"": 0.1142916, ""pendek"": 0.05548454, ""pertama"": 0.08144213, ""pole"": 0.04352993, ""posisi"": 0.02714738, ""posisinya"": 0.05284754, ""punya"": 0.0343104, ""race"": 0.16913991, ""rencanaku"": 0.12735165, ""rencananya"": 0.05548454, ""rin"": 0.04465626, ""rival"": 0.04729327, ""run"": 0.06367582, ""sabtu"": 0.03707114, ""sana"": 0.03986467, ""sang"": 0.04887128, ""sari"": 0.04465626, ""satu"": 0.07418164, ""satunya"": 0.08135999, ""scroll"": 0.01273288, ""seandainya"": 0.05548454, ""sebelum"": 0.03167339, ""sedikit"": 0.03986467, ""sejak"": 0.02919502, ""sekaligus"": 0.03167339, ""sekalipun"": 0.05888423, ""selisih"": 0.04465626, ""seperti"": 0.02290554, ""sisa"": 0.05069295, ""sitter"": 0.05888423, ""sport"": 0.01993562, ""sprint"": 0.17669327, ""start"": 0.03646498, ""startku"": 0.06367582, ""strategi"": 0.04068, ""tahu"": 0.03646498, ""tampil"": 0.03838555, ""tapi"": 0.0517509, ""terlalu"": 0.04887128, ""terlambat"": 0.05548454, ""tikungan"": 0.1700067, ""ucap"": 0.05284754, ""usai"": 0.07292997, ""video"": 0.04265505, ""wib"": 0.02363504, ""with"": 0.01273288, ""yeah"": 0.06367582}",1
SP039,"{""advertisement"": 0.01245567, ""agu"": 0.02529375, ""aku"": 0.29342835, ""alcaniz"": 0.04078128, ""alex"": 0.06660157, ""anda"": 0.01079207, ""aprilia"": 0.03006204, ""aragon"": 0.12274585, ""bagus"": 0.03133316, ""bahkan"": 0.02966955, ""bahwa"": 0.07666143, ""baik"": 0.09819668, ""balapan"": 0.0247917, ""ban"": 0.3670315, ""baris"": 0.05377464, ""bekerja"": 0.05066995, ""belakang"": 0.11384947, ""belum"": 0.02822847, ""benar"": 0.0701094, ""berakhir"": 0.04191834, ""berisiko"": 0.05066995, ""bersaing"": 0.03975268, ""bersaudara"": 0.04629414, ""bertahan"": 0.03881365, ""besar"": 0.02181035, ""bezzecchi"": 0.380781, ""buatku"": 0.04629414, ""bukan"": 0.02822847, ""buruk"": 0.04463054, ""content"": 0.011628, ""continue"": 0.011628, ""cota"": 0.1013399, ""crash"": 0.03443784, ""cukup"": 0.02892498, ""cuma"": 0.05452275, ""depan"": 0.02637385, ""dilansir"": 0.03277424, ""diriku"": 0.05815044, ""dirinya"": 0.03975268, ""disalip"": 0.04826177, ""disimpan"": 0.01079207, ""disusul"": 0.03975268, ""dua"": 0.0250398, ""finis"": 0.07912156, ""gagal"": 0.03570897, ""garis"": 0.04629414, ""grand"": 0.03881365, ""hari"": 0.02454917, ""hasil"": 0.02363014, ""hasilnya"": 0.08926108, ""ide"": 0.05377464, ""italia"": 0.03715005, ""jika"": 0.03330079, ""juara"": 0.05218705, ""juaranya"": 0.04629414, ""justru"": 0.03443784, ""kalah"": 0.04191834, ""karina"": 0.03881365, ""kelima"": 0.07430009, ""king"": 0.10754927, ""langsung"": 0.02385267, ""lomba"": 0.05815044, ""lugas"": 0.05377464, ""lunak"": 0.21509854, ""malam"": 0.03133316, ""marc"": 0.20234997, ""marco"": 0.11569991, ""marquez"": 0.35055726, ""medium"": 0.15200985, ""melintasi"": 0.05066995, ""melorot"": 0.04463054, ""memakai"": 0.10754927, ""memilih"": 0.12234383, ""memilin"": 0.05815044, ""memperbaiki"": 0.04463054, ""menangkan"": 0.04463054, ""mengatakan"": 0.02582029, ""menilai"": 0.03227219, ""menjalani"": 0.03570897, ""menyaingi"": 0.05377464, ""menyukai"": 0.01079207, ""merasa"": 0.04078128, ""minggu"": 0.02695735, ""motogp"": 0.16388479, ""motor"": 0.03006204, ""mudah"": 0.03881365, ""namun"": 0.0250398, ""nds"": 0.04318946, ""ngacir"": 0.04629414, ""nyaman"": 0.05066995, ""okdwitya"": 0.04078128, ""pebalap"": 0.05218705, ""performanya"": 0.05377464, ""peringkat"": 0.04078128, ""pernah"": 0.03881365, ""pikiranku"": 0.05815044, ""pilihan"": 0.08383667, ""pole"": 0.03975268, ""prix"": 0.03715005, ""race"": 0.09267782, ""rider"": 0.02695735, ""rin"": 0.04078128, ""saja"": 0.05645695, ""sama"": 0.02929085, ""sampai"": 0.02609353, ""sari"": 0.04078128, ""scroll"": 0.011628, ""seandainya"": 0.05066995, ""sebagian"": 0.04463054, ""sebut"": 0.03881365, ""sedangkan"": 0.03715005, ""sekarang"": 0.02966955, ""selisih"": 0.04078128, ""sendiri"": 0.03443784, ""sepanjang"": 0.03570897, ""setelah"": 0.04516309, ""sitter"": 0.05377464, ""situasi"": 0.03794982, ""sport"": 0.01820574, ""sprint"": 0.09681657, ""start"": 0.09990236, ""strategi"": 0.03715005, ""tadi"": 0.09258829, ""tentu"": 0.03881365, ""terang"": 0.08926108, ""terdepan"": 0.03794982, ""terlintas"": 0.05815044, ""terus"": 0.05274771, ""tiga"": 0.05110762, ""tikungan"": 0.03881365, ""tinggal"": 0.03975268, ""video"": 0.03895372, ""wib"": 0.01079207, ""with"": 0.011628, ""yakin"": 0.1517993}",1
SP040,"{""advertisement"": 0.01570341, ""agenda"": 0.05836503, ""agu"": 0.03188892, ""agustus"": 0.05141472, ""alex"": 0.12595123, ""anda"": 0.01360603, ""aragon"": 0.30950203, ""balapan"": 0.06251194, ""belakang"": 0.04784499, ""berbeda"": 0.04893405, ""berpacu"": 0.07331278, ""bezzecchi"": 0.11078471, ""content"": 0.01465992, ""continue"": 0.01465992, ""digelar"": 0.04589795, ""disimpan"": 0.01360603, ""ega"": 0.13258494, ""finis"": 0.06650132, ""grand"": 0.04893405, ""hari"": 0.09285061, ""harus"": 0.02681109, ""hasil"": 0.08937463, ""indonesia"": 0.02455532, ""jadwal"": 0.17677992, ""jakarta"": 0.01590204, ""juara"": 0.03289724, ""kedua"": 0.06251194, ""ketiga"": 0.07481138, ""ketiganya"": 0.0608457, ""klasemen"": 0.03517018, ""klimaks"": 0.07331278, ""kris"": 0.04198374, ""krs"": 0.08016427, ""kualifikasi"": 0.14353496, ""lap"": 0.14051002, ""latihan"": 0.05445082, ""malam"": 0.03950307, ""marc"": 0.09566676, ""marco"": 0.10940092, ""marquez"": 0.18941259, ""melibatkan"": 0.05626765, ""menempati"": 0.05141472, ""menempatkan"": 0.0638818, ""menghadirkan"": 0.05445082, ""menjadi"": 0.04396098, ""menyisakan"": 0.0608457, ""menyukai"": 0.01360603, ""meraih"": 0.08683456, ""meski"": 0.03602083, ""minggu"": 0.1699315, ""momen"": 0.10569652, ""moto"": 0.34253835, ""motogp"": 0.38371664, ""motorland"": 0.08683456, ""mulai"": 0.02979154, ""pemenang"": 0.04784499, ""pole"": 0.05011793, ""posisi"": 0.09376791, ""pratama"": 0.08838996, ""prix"": 0.04683667, ""puas"": 0.05011793, ""race"": 0.38947645, ""rangkaian"": 0.05284826, ""rider"": 0.1019589, ""scroll"": 0.01465992, ""sebelumnya"": 0.03035854, ""sedangkan"": 0.09367334, ""sesi"": 0.08838996, ""simak"": 0.04419498, ""sini"": 0.04268164, ""sore"": 0.09179591, ""sport"": 0.02295276, ""sprint"": 0.1627478, ""start"": 0.04198374, ""susunan"": 0.06779601, ""terbaik"": 0.04501984, ""tercepat"": 0.04683667, ""termasuk"": 0.03517018, ""usai"": 0.04198374, ""utama"": 0.06443359, ""veda"": 0.16880296, ""waktu"": 0.03007209, ""warm"": 0.06779601, ""wib"": 0.08163617, ""with"": 0.01465992}",1
SP041,"{""acosta"": 0.07105436, ""adalah"": 0.02188606, ""adik"": 0.05350088, ""agu"": 0.02516498, ""ajang"": 0.04296959, ""aldeguer"": 0.03487625, ""aleix"": 0.05350088, ""alex"": 0.09939378, ""anda"": 0.01073713, ""aragon"": 0.12212099, ""assen"": 0.050412, ""awal"": 0.02682012, ""bagnaia"": 0.20925748, ""balap"": 0.03955031, ""balapan"": 0.07399647, ""banyak"": 0.02652593, ""bastianini"": 0.04057367, ""belakang"": 0.03775663, ""berada"": 0.0488484, ""berbagi"": 0.05350088, ""bertengger"": 0.05785441, ""besar"": 0.02169932, ""bezzecchi"": 0.0874252, ""binder"": 0.04057367, ""brad"": 0.04170494, ""brno"": 0.05785441, ""buriram"": 0.11570883, ""catalunya"": 0.10700177, ""cota"": 0.050412, ""daftar"": 0.11088278, ""depan"": 0.02623959, ""digelar"": 0.03622014, ""diperkenalkan"": 0.05785441, ""disimpan"": 0.01073713, ""dominan"": 0.09603216, ""dominasi"": 0.050412, ""dominasinya"": 0.05785441, ""ducati"": 0.02842566, ""dunia"": 0.02842566, ""empat"": 0.03163062, ""enam"": 0.03775663, ""enea"": 0.04170494, ""espargaro"": 0.04057367, ""fermin"": 0.03622014, ""fernandez"": 0.03775663, ""finis"": 0.05247918, ""format"": 0.050412, ""francesco"": 0.10658154, ""hanya"": 0.02188606, ""harus"": 0.02115784, ""island"": 0.05785441, ""jakarta"": 0.01254901, ""jerez"": 0.05785441, ""jorge"": 0.14042385, ""juara"": 0.05192138, ""jumlah"": 0.03622014, ""keempat"": 0.03861606, ""kelima"": 0.03696093, ""kemenangan"": 0.34866154, ""ketiga"": 0.05903703, ""ketiganya"": 0.04801608, ""kini"": 0.0623473, ""kris"": 0.03313126, ""krs"": 0.06326124, ""kuasai"": 0.050412, ""lima"": 0.03163062, ""marc"": 0.25164983, ""marco"": 0.08633319, ""marquez"": 0.24912333, ""martin"": 0.1942806, ""maverick"": 0.04801608, ""melengkapi"": 0.03955031, ""membuat"": 0.05424519, ""memenangi"": 0.06852506, ""menegaskan"": 0.03163062, ""mengoleksi"": 0.04440334, ""menjadi"": 0.01734579, ""menyukai"": 0.01073713, ""menyusul"": 0.04440334, ""merebut"": 0.03861606, ""merupakan"": 0.02418821, ""minggu"": 0.02682012, ""motogp"": 0.23292928, ""motorland"": 0.03426253, ""mulai"": 0.02350985, ""musim"": 0.029909, ""nama"": 0.03622014, ""paling"": 0.06736401, ""pedro"": 0.07105436, ""pembalap"": 0.23029236, ""pernah"": 0.03861606, ""pertama"": 0.02466549, ""phillip"": 0.05785441, ""pole"": 0.03955031, ""posisi"": 0.12332746, ""position"": 0.05350088, ""puas"": 0.03955031, ""puncak"": 0.04057367, ""race"": 0.12294136, ""raul"": 0.03955031, ""rider"": 0.05364024, ""sabtu"": 0.033682, ""sama"": 0.05828347, ""sang"": 0.04440334, ""sebelum"": 0.02877773, ""sebelumnya"": 0.04791458, ""sedangkan"": 0.03696093, ""sejak"": 0.0795778, ""sejarah"": 0.04057367, ""sendirian"": 0.05785441, ""silverstone"": 0.08114734, ""sport"": 0.01811306, ""sprint"": 0.44951063, ""start"": 0.03313126, ""statistik"": 0.04605847, ""tampil"": 0.03487625, ""tapi"": 0.02350985, ""tembus"": 0.04170494, ""terakhir"": 0.03073534, ""teratas"": 0.04440334, ""terbanyak"": 0.05350088, ""terbaru"": 0.04801608, ""tercepat"": 0.03696093, ""terdepan"": 0.03775663, ""tiga"": 0.05084744, ""ungguli"": 0.05350088, ""urutan"": 0.04296959, ""vinales"": 0.04801608, ""wib"": 0.01073713}",1
SP042,"{""aditya"": 0.05380428, ""advertisement"": 0.01643324, ""agu"": 0.033371, ""akhirnya"": 0.04075778, ""alex"": 0.30754491, ""anda"": 0.01423838, ""antara"": 0.04075778, ""apakah"": 0.05698149, ""aprilia"": 0.03966198, ""aragon"": 0.22672055, ""balapan"": 0.13083451, ""balik"": 0.05888276, ""ban"": 0.05380428, ""begitu"": 0.041945, ""berada"": 0.03238865, ""berbeda"": 0.05120832, ""berhasil"": 0.07728904, ""besok"": 0.13370157, ""bezzecchi"": 0.11593357, ""bold"": 0.11060889, ""bukan"": 0.03724289, ""cas"": 0.04901346, ""ceritanya"": 0.07672008, ""content"": 0.01534126, ""continue"": 0.01534126, ""daftar"": 0.04901346, ""diamankan"": 0.06685078, ""didukung"": 0.06367358, ""dikabarkan"": 0.05888276, ""disimpan"": 0.01423838, ""ducati"": 0.03769494, ""duel"": 0.05698149, ""durasi"": 0.07094691, ""finis"": 0.10438807, ""gaya"": 0.06107761, ""gresini"": 0.14704039, ""hari"": 0.0647773, ""ikut"": 0.09606223, ""jadwal"": 0.04624899, ""jakarta"": 0.0166411, ""jarak"": 0.04543515, ""jerman"": 0.06685078, ""juara"": 0.03442618, ""kalah"": 0.05530445, ""kalau"": 0.03724289, ""kami"": 0.14765712, ""kata"": 0.05706366, ""kedua"": 0.13083451, ""kemenangan"": 0.07113171, ""kesulitan"": 0.04711219, ""ketiga"": 0.03914417, ""keunggulan"": 0.05530445, ""krs"": 0.041945, ""kuasai"": 0.06685078, ""layar"": 0.07672008, ""lucas"": 0.05380428, ""malam"": 0.08267804, ""marc"": 0.16685499, ""marco"": 0.07632364, ""marquez"": 0.33035961, ""masih"": 0.0265104, ""melakukannya"": 0.06367358, ""melihat"": 0.03966198, ""membaik"": 0.06107761, ""memiliki"": 0.03371411, ""memperebutkan"": 0.05888276, ""memperkirakan"": 0.05888276, ""menambahkan"": 0.04257792, ""mencapai"": 0.041945, ""mencerminkan"": 0.07094691, ""mencoba"": 0.09249799, ""mencuri"": 0.07094691, ""mengamankan"": 0.05888276, ""menit"": 0.04466532, ""menjadi"": 0.02300206, ""menyelesaikan"": 0.05888276, ""menyukai"": 0.01423838, ""meramaikan"": 0.07672008, ""meski"": 0.03769494, ""minggu"": 0.07113171, ""moto"": 0.05120832, ""motogp"": 0.24710789, ""orang"": 0.04257792, ""pantas"": 0.07094691, ""pebalap"": 0.10327853, ""pemanasan"": 0.07094691, ""pemenang"": 0.05006864, ""penuh"": 0.05380428, ""perhatian"": 0.05698149, ""pertarungan"": 0.06107761, ""pilihan"": 0.05530445, ""podium"": 0.17296117, ""posisi"": 0.03270863, ""puas"": 0.15734166, ""race"": 0.28530448, ""racing"": 0.09249799, ""rider"": 0.07113171, ""riders"": 0.11776552, ""sabtu"": 0.04466532, ""sama"": 0.03864452, ""sampai"": 0.03442618, ""sangat"": 0.06959205, ""scroll"": 0.01534126, ""sebelum"": 0.03816182, ""sedikit"": 0.04803111, ""sekali"": 0.05244722, ""sektor"": 0.04324029, ""semua"": 0.03816182, ""senang"": 0.05698149, ""seperti"": 0.02759783, ""sesi"": 0.04624899, ""sesuatu"": 0.05530445, ""setelah"": 0.05958537, ""sirkuit"": 0.041945, ""situasi"": 0.05006864, ""situs"": 0.06685078, ""sore"": 0.04803111, ""sport"": 0.02401952, ""sprint"": 0.25546754, ""tahun"": 0.0273736, ""tetap"": 0.03176949, ""tetapi"": 0.03517574, ""utama"": 0.03371411, ""wib"": 0.02847677, ""with"": 0.01534126, ""yakin"": 0.05006864}",1
SP043,"{""advertisement"": 0.01624144, ""agu"": 0.0329815, ""agustus"": 0.0531763, ""akhirnya"": 0.04028207, ""aktivitas"": 0.05465896, ""anda"": 0.0140722, ""belum"": 0.11042463, ""beragam"": 0.06293041, ""berhasil"": 0.11458044, ""berikut"": 0.05061064, ""berkecil"": 0.07582463, ""berlaga"": 0.07011885, ""berlangsung"": 0.03919906, ""bersama"": 0.03366809, ""blur"": 0.15164927, ""bold"": 0.16397687, ""boldriders"": 0.07011885, ""buat"": 0.04414401, ""bukan"": 0.03680821, ""callmeverdi"": 0.07582463, ""content"": 0.01516221, ""continue"": 0.01516221, ""cukup"": 0.03771641, ""cuma"": 0.03554717, ""daftar"": 0.09688279, ""data"": 0.04747052, ""detikcom"": 0.0898097, ""detikers"": 0.19821159, ""diajak"": 0.07582463, ""diblur"": 0.07582463, ""dibuat"": 0.06036474, ""diperiksa"": 0.06607053, ""disimpan"": 0.0140722, ""ditantang"": 0.07011885, ""ega"": 0.04570919, ""event"": 0.06607053, ""follow"": 0.07011885, ""foto"": 0.10122127, ""gambas"": 0.03725498, ""hadiah"": 0.06607053, ""harus"": 0.0277297, ""hati"": 0.06607053, ""ikuti"": 0.06036474, ""informasi"": 0.08291088, ""ingatan"": 0.07582463, ""instagram"": 0.12586082, ""jakarta"": 0.01644688, ""jangan"": 0.10122127, ""jawaban"": 0.19821159, ""jenis"": 0.0581955, ""jitu"": 0.07582463, ""justru"": 0.04490485, ""kalau"": 0.03680821, ""kali"": 0.03637519, ""kamu"": 0.07011885, ""kembali"": 0.03402437, ""kenali"": 0.07582463, ""kepada"": 0.03110242, ""ketentuan"": 0.06036474, ""khairurizqi"": 0.06293041, ""kita"": 0.03081227, ""konten"": 0.06607053, ""kuis"": 0.30329854, ""kursi"": 0.1402377, ""lagu"": 0.07582463, ""lain"": 0.03265038, ""lainnya"": 0.08828801, ""langsung"": 0.03110242, ""lanjut"": 0.04208097, ""legendaris"": 0.1402377, ""legendarisnya"": 0.07582463, ""lihat"": 0.03771641, ""lintasan"": 0.11263284, ""lupa"": 0.06293041, ""masih"": 0.02620098, ""masing"": 0.18283678, ""masuk"": 0.04085653, ""memberikan"": 0.03476518, ""mendapatkan"": 0.09141839, ""menebak"": 0.07011885, ""mengenai"": 0.04570919, ""mengenali"": 0.07011885, ""mengendarainya"": 0.07582463, ""menggunakannya"": 0.07582463, ""menghubungi"": 0.07011885, ""mengingat"": 0.0531763, ""menguji"": 0.06036474, ""menyukai"": 0.0140722, ""minggu"": 0.03515074, ""motogp"": 0.15263985, ""motor"": 0.23519438, ""mungkin"": 0.03973015, ""nama"": 0.09494103, ""otomotif"": 0.18879122, ""pemenang"": 0.19793704, ""pemenangnya"": 0.07011885, ""penggemar"": 0.06293041, ""pernah"": 0.15183191, ""prf"": 0.06036474, ""priadi"": 0.07582463, ""proses"": 0.04273561, ""pun"": 0.07361642, ""punya"": 0.04085653, ""rahmat"": 0.06293041, ""ralkausarr"": 0.07582463, ""ribu"": 0.05183508, ""rider"": 0.21090446, ""riders"": 0.11639101, ""rizaldi"": 0.07582463, ""sal"": 0.06607053, ""saldo"": 0.06607053, ""scroll"": 0.01516221, ""sekaligus"": 0.03771641, ""selamat"": 0.06293041, ""seluruh"": 0.03637519, ""sementara"": 0.0277297, ""senilai"": 0.06607053, ""seputar"": 0.07582463, ""seru"": 0.06293041, ""sesuai"": 0.04028207, ""setelah"": 0.02944496, ""sosok"": 0.06293041, ""sport"": 0.02373917, ""tebak"": 0.06293041, ""tebakannya"": 0.15164927, ""tepat"": 0.04948426, ""terpilih"": 0.07582463, ""tiga"": 0.03332061, ""tim"": 0.04028207, ""update"": 0.06607053, ""verifikasi"": 0.07582463, ""video"": 0.05079328, ""wallet"": 0.07582463, ""wib"": 0.0140722, ""with"": 0.01516221, ""yakin"": 0.04948426}",1
SP044,"{""adapun"": 0.03123906, ""advertisement"": 0.01047384, ""agu"": 0.02126923, ""alih"": 0.03263797, ""almansa"": 0.35035407, ""alvaro"": 0.04521849, ""amat"": 0.04058279, ""anda"": 0.00907493, ""aragon"": 0.14450187, ""ardita"": 0.04521849, ""balapan"": 0.06254119, ""belakang"": 0.03191159, ""belum"": 0.02373701, ""berada"": 0.04128625, ""berapa"": 0.03631753, ""berhasil"": 0.02463035, ""berikutnya"": 0.02846774, ""besar"": 0.01834008, ""brian"": 0.0426078, ""buat"": 0.02846774, ""carpe"": 0.04521849, ""content"": 0.00977786, ""continue"": 0.00977786, ""david"": 0.10028277, ""dekat"": 0.03061295, ""depan"": 0.02217748, ""diikuti"": 0.07263507, ""disimpan"": 0.00907493, ""dua"": 0.02105569, ""ega"": 0.23581686, ""finis"": 0.06653244, ""gas"": 0.04889806, ""gran"": 0.08116557, ""grup"": 0.03752932, ""hasil"": 0.03974065, ""indonesia"": 0.03275575, ""inggris"": 0.03631753, ""jarak"": 0.0289584, ""jatuhnya"": 0.04889806, ""jesus"": 0.04889806, ""juara"": 0.02194175, ""keenam"": 0.03429252, ""kembali"": 0.04388351, ""kenapa"": 0.03263797, ""kesempatan"": 0.0289584, ""ketiga"": 0.0249488, ""keuntungan"": 0.04058279, ""krs"": 0.02673393, ""kualifikasi"": 0.03191159, ""langsung"": 0.02005744, ""lantas"": 0.12782339, ""lap"": 0.06247812, ""lima"": 0.05346786, ""long"": 0.0426078, ""marco"": 0.04864538, ""maximo"": 0.16233114, ""melengkapi"": 0.03342759, ""melorot"": 0.03752932, ""memangkas"": 0.03892823, ""memasuki"": 0.03429252, ""memimpin"": 0.03061295, ""memperbaiki"": 0.03752932, ""memulai"": 0.03752932, ""menang"": 0.02562132, ""mengambil"": 0.03061295, ""menjadi"": 0.01466052, ""menjanjikan"": 0.0426078, ""menuntaskan"": 0.04521849, ""menutup"": 0.03342759, ""menyalip"": 0.07049732, ""menyentuh"": 0.03892823, ""menyukai"": 0.00907493, ""merebut"": 0.03263797, ""merosot"": 0.09779612, ""meski"": 0.02402513, ""miggu"": 0.04889806, ""minggu"": 0.02266814, ""morelli"": 0.18087397, ""moto"": 0.26110374, ""naik"": 0.07686397, ""nomor"": 0.03061295, ""pebalap"": 0.02194175, ""pemenang"": 0.03191159, ""pemimpin"": 0.03892823, ""penalti"": 0.0426078, ""peringkat"": 0.03429252, ""pertama"": 0.08338826, ""podium"": 0.05511899, ""pol"": 0.03342759, ""pole"": 0.03342759, ""posisi"": 0.25016477, ""pratama"": 0.05895422, ""prix"": 0.06247812, ""punya"": 0.0263477, ""putaran"": 0.23356938, ""quiles"": 0.2840795, ""raw"": 0.03752932, ""rebut"": 0.03892823, ""rider"": 0.04533627, ""rifqi"": 0.04521849, ""rios"": 0.04889806, ""sayangnya"": 0.0426078, ""scroll"": 0.00977786, ""selepas"": 0.03892823, ""sementara"": 0.01788243, ""sempat"": 0.09169514, ""sore"": 0.03061295, ""sport"": 0.015309, ""start"": 0.05600452, ""tapi"": 0.05961097, ""terakhir"": 0.0519545, ""terdepan"": 0.06382317, ""terlempar"": 0.09779612, ""tersentuh"": 0.04889806, ""terus"": 0.02217748, ""tiga"": 0.06446374, ""turun"": 0.02673393, ""uriarte"": 0.08521559, ""urutan"": 0.03631753, ""veda"": 0.4878812, ""video"": 0.03275575, ""wib"": 0.01814986, ""widianto"": 0.04521849, ""with"": 0.00977786}",1
SP045,"{""acosta"": 0.17354347, ""aditya"": 0.03963892, ""aerox"": 0.04925059, ""agu"": 0.02458522, ""aldeguer"": 0.03407276, ""alex"": 0.16183986, ""alien"": 0.04074413, ""anda"": 0.01048976, ""aprilia"": 0.02921994, ""aragon"": 0.33406107, ""baby"": 0.04074413, ""balapan"": 0.04819448, ""bastianini"": 0.03963892, ""berjalan"": 0.06091092, ""berjarak"": 0.03688678, ""beruntun"": 0.04499736, ""besar"": 0.02119941, ""bezzecchi"": 0.25623321, ""binder"": 0.03963892, ""blunder"": 0.07727828, ""bold"": 0.04074413, ""brad"": 0.04074413, ""cas"": 0.03610941, ""catatan"": 0.03407276, ""content"": 0.01130228, ""continue"": 0.01130228, ""cuma"": 0.02649773, ""dia"": 0.06890466, ""dilengkapi"": 0.10453662, ""dilewati"": 0.05226831, ""diogo"": 0.04338036, ""disalip"": 0.09381974, ""disimpan"": 0.01048976, ""disusul"": 0.03863914, ""dua"": 0.02433839, ""ducati"": 0.02777078, ""edisi"": 0.04499736, ""empat"": 0.0309019, ""enea"": 0.04074413, ""espargaro"": 0.03963892, ""fabio"": 0.07545282, ""fatal"": 0.08395929, ""fermin"": 0.03538569, ""finis"": 0.05127015, ""front"": 0.05652154, ""garis"": 0.04499736, ""giannantonio"": 0.03863914, ""gresini"": 0.03610941, ""hasil"": 0.09187288, ""jack"": 0.03963892, ""jakarta"": 0.01225991, ""joan"": 0.04197964, ""johann"": 0.04197964, ""jorge"": 0.05487549, ""juara"": 0.0760878, ""kali"": 0.02711496, ""kedua"": 0.04819448, ""keempat"": 0.03772641, ""keenam"": 0.03963892, ""kemenangan"": 0.02620223, ""kendati"": 0.04925059, ""klasemen"": 0.02711496, ""ktm"": 0.04074413, ""lagi"": 0.02458522, ""lakukan"": 0.06694636, ""lap"": 0.14443763, ""lima"": 0.0309019, ""lorenzo"": 0.04197964, ""luca"": 0.03772641, ""lucas"": 0.03963892, ""main"": 0.08148826, ""malam"": 0.03045546, ""mampu"": 0.02811474, ""marc"": 0.34419313, ""marco"": 0.05622948, ""marini"": 0.03772641, ""marquez"": 0.4380911, ""martin"": 0.05422991, ""masih"": 0.01953086, ""melengkapi"": 0.03863914, ""memenangi"": 0.03347318, ""mempertahankan"": 0.03963892, ""menang"": 0.02961583, ""menangkan"": 0.04338036, ""mencatatkan"": 0.04074413, ""mendahului"": 0.05652154, ""menit"": 0.06581205, ""menjadi"": 0.03389235, ""menyentuh"": 0.04499736, ""menyukai"": 0.01048976, ""miller"": 0.03963892, ""minggu"": 0.05240446, ""mir"": 0.04197964, ""moreira"": 0.04074413, ""motogp"": 0.29583187, ""pebalap"": 0.0253626, ""pedro"": 0.17354347, ""pemenang"": 0.03688678, ""pengakuan"": 0.08148826, ""perlombaan"": 0.05652154, ""pertama"": 0.02409724, ""podium"": 0.03185617, ""pol"": 0.03863914, ""posisi"": 0.09638896, ""puas"": 0.03863914, ""quartararo"": 0.04197964, ""race"": 0.18016349, ""racing"": 0.03407276, ""raw"": 0.04338036, ""rider"": 0.10480891, ""rins"": 0.04338036, ""row"": 0.05652154, ""savadori"": 0.04197964, ""scroll"": 0.01130228, ""sebelumnya"": 0.02340536, ""sementara"": 0.0206704, ""sempat"": 0.02649773, ""sengit"": 0.04499736, ""sini"": 0.03290603, ""sirkuit"": 0.0309019, ""sisa"": 0.04499736, ""spanyol"": 0.03538569, ""sport"": 0.01769576, ""sprint"": 0.06273638, ""start"": 0.03236797, ""tebak"": 0.04690987, ""terdepan"": 0.14754713, ""terkejar"": 0.04925059, ""tiga"": 0.024838, ""usai"": 0.03236797, ""video"": 0.03786256, ""waktu"": 0.02318451, ""wib"": 0.02097953, ""with"": 0.01130228, ""yamaha"": 0.03963892, ""zaro"": 0.05652154}",1
SP046,"{""acosta"": 0.31437891, ""advertisement"": 0.01096588, ""agu"": 0.02226841, ""akhir"": 0.02321933, ""aldeguer"": 0.03086188, ""alex"": 0.11727099, ""anda"": 0.00950125, ""aragon"": 0.23774185, ""ardita"": 0.04734276, ""atas"": 0.02515378, ""balapan"": 0.06547925, ""balik"": 0.03929237, ""ban"": 0.03590351, ""bastianini"": 0.03590351, ""belakang"": 0.03341072, ""beradu"": 0.05119519, ""berdaya"": 0.04734276, ""berhasil"": 0.07736229, ""berjarak"": 0.03341072, ""berlalu"": 0.04734276, ""berlangsung"": 0.02646638, ""berubah"": 0.04248928, ""bezzecchi"": 0.33523657, ""binder"": 0.03590351, ""blunder"": 0.0699959, ""brad"": 0.03690457, ""bukan"": 0.02485212, ""cas"": 0.03270661, ""coba"": 0.05119519, ""content"": 0.0102372, ""continue"": 0.0102372, ""cukup"": 0.02546532, ""depan"": 0.02321933, ""dibalas"": 0.05119519, ""diego"": 0.05119519, ""diikuti"": 0.07604731, ""diikutip"": 0.05119519, ""dilewati"": 0.04734276, ""diri"": 0.03341072, ""disimpan"": 0.00950125, ""ducati"": 0.02515378, ""empat"": 0.02798983, ""enam"": 0.03341072, ""enea"": 0.03690457, ""fabio"": 0.03417123, ""fatal"": 0.07604731, ""fermin"": 0.03205109, ""fernandez"": 0.03341072, ""finis"": 0.069658, ""garis"": 0.040757, ""giannantonio"": 0.03499795, ""hasil"": 0.02080379, ""hat"": 0.07604731, ""jajaran"": 0.04248928, ""jakarta"": 0.01110458, ""jalannya"": 0.04734276, ""jarak"": 0.06063761, ""jaraknya"": 0.04734276, ""jorge"": 0.02485212, ""juara"": 0.02297253, ""juaranya"": 0.040757, ""kalah"": 0.03690457, ""kedua"": 0.04365283, ""keduanya"": 0.03590351, ""keenam"": 0.07180703, ""kembali"": 0.02297253, ""kemenangan"": 0.02373304, ""kencang"": 0.04460942, ""kesulitan"": 0.03143789, ""keteteran"": 0.05119519, ""ketiga"": 0.02612084, ""kisaran"": 0.04248928, ""kunci"": 0.03590351, ""lagi"": 0.04453683, ""laju"": 0.05119519, ""lakukan"": 0.06063761, ""langsung"": 0.0209997, ""lap"": 0.06541321, ""lima"": 0.0839695, ""lurus"": 0.04734276, ""malam"": 0.02758546, ""mampu"": 0.02546532, ""marc"": 0.20041573, ""marco"": 0.05093064, ""marquez"": 0.46294174, ""martin"": 0.09823902, ""masih"": 0.01769035, ""melakukan"": 0.02023919, ""melengkapi"": 0.03499795, ""melesat"": 0.04460942, ""melewati"": 0.040757, ""melintasi"": 0.04460942, ""memanfaatkan"": 0.03929237, ""memasuki"": 0.07180703, ""membuka"": 0.07380914, ""memenangi"": 0.0303188, ""memimpin"": 0.06410217, ""memukul"": 0.05119519, ""memulihkan"": 0.04734276, ""mencoba"": 0.03086188, ""menempel"": 0.04734276, ""mengambil"": 0.03205109, ""mengikuti"": 0.03499795, ""menguntit"": 0.04734276, ""menit"": 0.0298051, ""menyalip"": 0.07380914, ""menyerang"": 0.04460942, ""menyukai"": 0.00950125, ""meraih"": 0.0303188, ""merebut"": 0.03417123, ""minggu"": 0.04746608, ""momen"": 0.07380914, ""moreira"": 0.03690457, ""motogp"": 0.16489471, ""motorland"": 0.0303188, ""mulanya"": 0.04460942, ""mundur"": 0.04734276, ""ngacir"": 0.040757, ""pedro"": 0.15718945, ""pemimpin"": 0.040757, ""pengakuan"": 0.07380914, ""penguasa"": 0.04734276, ""pernah"": 0.03417123, ""pertama"": 0.04365283, ""perubahan"": 0.03270661, ""pilihan"": 0.03690457, ""podium"": 0.02885418, ""posisi"": 0.13095849, ""prosesnya"": 0.04248928, ""puas"": 0.03499795, ""pun"": 0.04970425, ""putaran"": 0.24454198, ""race"": 0.05439521, ""raul"": 0.03499795, ""raw"": 0.03929237, ""rider"": 0.02373304, ""rifqi"": 0.04734276, ""runner"": 0.05119519, ""sampai"": 0.02297253, ""sang"": 0.03929237, ""satu"": 0.03976122, ""scroll"": 0.0102372, ""sebelum"": 0.02546532, ""sebuah"": 0.03690457, ""sejak"": 0.02347271, ""selesai"": 0.07380914, ""sementara"": 0.01872251, ""sempat"": 0.04800139, ""serangan"": 0.18937105, ""setelah"": 0.01988061, ""setengah"": 0.04734276, ""seusai"": 0.04734276, ""sport"": 0.01602819, ""sprint"": 0.05682436, ""start"": 0.02931775, ""tapi"": 0.06241137, ""tembus"": 0.03690457, ""terakhir"": 0.0271976, ""terdepan"": 0.03341072, ""tikungan"": 0.03417123, ""trek"": 0.03802366, ""trick"": 0.07604731, ""unjuk"": 0.05119519, ""video"": 0.03429455, ""wib"": 0.0190025, ""widianto"": 0.04734276, ""with"": 0.0102372}",1
SP047,"{""acosta"": 0.08244967, ""aditya"": 0.04708065, ""advertisement"": 0.01437967, ""agu"": 0.0292008, ""aldeguer"": 0.08093902, ""alex"": 0.11533401, ""alien"": 0.04839335, ""anda"": 0.01245909, ""angka"": 0.03975737, ""aprilia"": 0.03470564, ""aragon"": 0.25507095, ""augisto"": 0.06713279, ""baby"": 0.04839335, ""bagnaia"": 0.08093902, ""balapan"": 0.02862121, ""bastianini"": 0.04708065, ""bawah"": 0.04708065, ""berjarak"": 0.08762367, ""berturut"": 0.0584968, ""berusia"": 0.04986082, ""besar"": 0.05035868, ""bezzecchi"": 0.06763065, ""binder"": 0.04708065, ""blunder"": 0.09178635, ""brad"": 0.04839335, ""cas"": 0.04288852, ""catatan"": 0.04046951, ""content"": 0.01342415, ""continue"": 0.01342415, ""daftar"": 0.04288852, ""dia"": 0.05456045, ""diogo"": 0.0515245, ""disimpan"": 0.01245909, ""ducati"": 0.03298441, ""enea"": 0.04839335, ""espargaro"": 0.04708065, ""fabio"": 0.13442728, ""fatal"": 0.09972164, ""fermin"": 0.08405785, ""fernandez"": 0.1314355, ""finis"": 0.03044775, ""francesco"": 0.08244967, ""franco"": 0.04839335, ""giannantonio"": 0.09178635, ""hasil"": 0.05456045, ""iker"": 0.06208106, ""jack"": 0.04708065, ""jakarta"": 0.01456156, ""jarak"": 0.07951473, ""joan"": 0.04986082, ""johann"": 0.04986082, ""jorge"": 0.16294426, ""juara"": 0.06024825, ""kelima"": 0.04288852, ""kemenangan"": 0.03112138, ""ketiga"": 0.03425253, ""kini"": 0.03617311, ""klasemen"": 0.19323279, ""kuasai"": 0.0584968, ""lagi"": 0.0292008, ""lakukan"": 0.07951473, ""lap"": 0.04288852, ""lecuona"": 0.06208106, ""lihat"": 0.03339294, ""lima"": 0.03670336, ""luca"": 0.04480909, ""lucas"": 0.04708065, ""malam"": 0.03617311, ""marc"": 0.32120885, ""marco"": 0.03339294, ""marini"": 0.04480909, ""marquez"": 0.37579927, ""martin"": 0.16102732, ""maverick"": 0.05571664, ""melahap"": 0.06208106, ""memangkas"": 0.05344508, ""mencatatkan"": 0.04839335, ""mengileksi"": 0.06713279, ""mengumpulkan"": 0.0515245, ""menit"": 0.03908374, ""menjadi"": 0.04025523, ""menyukai"": 0.01245909, ""miller"": 0.04708065, ""minggu"": 0.06224276, ""mir"": 0.04986082, ""morbidelli"": 0.04839335, ""moreira"": 0.04839335, ""motogp"": 0.43245632, ""ogura"": 0.0967867, ""pangkas"": 0.04986082, ""pebalap"": 0.03012412, ""pedro"": 0.08244967, ""pemenang"": 0.08762367, ""pengakuan"": 0.0967867, ""penuh"": 0.04708065, ""poin"": 0.19553311, ""pol"": 0.04589318, ""posisi"": 0.11448483, ""quartararo"": 0.04986082, ""race"": 0.0356645, ""raihan"": 0.04986082, ""raul"": 0.09178635, ""raw"": 0.0515245, ""razgatlioglu"": 0.04708065, ""rider"": 0.06224276, ""rins"": 0.0515245, ""scroll"": 0.01342415, ""sebanyak"": 0.03783679, ""sebelumnya"": 0.02779943, ""setelah"": 0.02606966, ""sirkuit"": 0.03670336, ""spanyol"": 0.04202893, ""sport"": 0.02101793, ""sprint"": 0.03725719, ""tahun"": 0.02395287, ""tambahan"": 0.04288852, ""teratas"": 0.0515245, ""toprak"": 0.04839335, ""turut"": 0.04839335, ""video"": 0.0449708, ""vinales"": 0.05571664, ""waktu"": 0.02753713, ""wib"": 0.02491818, ""with"": 0.01342415, ""zarco"": 0.0515245}",1
SP048,"{""aditya"": 0.0500731, ""advertisement"": 0.01529364, ""agu"": 0.03105681, ""alien"": 0.05146923, ""alih"": 0.04765716, ""anda"": 0.01325099, ""aprilia"": 0.03691153, ""aragon"": 0.27128325, ""awal"": 0.06619891, ""baby"": 0.05146923, ""bahwa"": 0.03137612, ""balap"": 0.09762029, ""balapan"": 0.12176148, ""baru"": 0.03170333, ""beberapa"": 0.0355154, ""berisiko"": 0.06221486, ""berusaha"": 0.05146923, ""berusia"": 0.05302997, ""besar"": 0.02677974, ""bezzecchi"": 0.07192925, ""blunder"": 0.19524058, ""cas"": 0.04561451, ""catatan"": 0.04304175, ""content"": 0.01427739, ""continue"": 0.01427739, ""device"": 0.07139975, ""dia"": 0.02901416, ""dikabarkan"": 0.05479939, ""dirinya"": 0.04881014, ""disimpan"": 0.01325099, ""ducati"": 0.0701618, ""fatal"": 0.10605994, ""gagal"": 0.04384508, ""hat"": 0.05302997, ""jakarta"": 0.01548709, ""jarak"": 0.04228434, ""jorge"": 0.0346602, ""juara"": 0.12815524, ""kata"": 0.05310644, ""kedua"": 0.03044037, ""keenam"": 0.0500731, ""kemarin"": 0.0415679, ""kemenangan"": 0.03309946, ""kemudian"": 0.03238301, ""kesalahan"": 0.04765716, ""ketika"": 0.04024169, ""klasemen"": 0.03425244, ""kunci"": 0.0500731, ""kuncinya"": 0.07139975, ""lagi"": 0.06211361, ""lakukan"": 0.08456869, ""lambat"": 0.06221486, ""langsung"": 0.02928738, ""lap"": 0.18245803, ""lucas"": 0.0500731, ""lupa"": 0.05925799, ""main"": 0.05146923, ""malam"": 0.03847227, ""mampu"": 0.0355154, ""marc"": 0.46585211, ""marco"": 0.0355154, ""marquez"": 0.46117507, ""martin"": 0.03425244, ""melahap"": 0.06602693, ""melakukan"": 0.05645348, ""melepas"": 0.06221486, ""membangun"": 0.04659651, ""mempertahankan"": 0.0500731, ""menambahkan"": 0.03962526, ""menangkan"": 0.05479939, ""mencoba"": 0.04304175, ""mengaku"": 0.04470028, ""mengambil"": 0.04470028, ""mengatakan"": 0.03170333, ""mengatakannya"": 0.07139975, ""mengatur"": 0.05684204, ""mengendalikannya"": 0.07139975, ""menit"": 0.0415679, ""menjadi"": 0.06422078, ""menjalani"": 0.04384508, ""menyalip"": 0.05146923, ""menyebut"": 0.03847227, ""menyisakan"": 0.05925799, ""menyukai"": 0.01325099, ""minggu"": 0.03309946, ""motogp"": 0.25871807, ""ngaku"": 0.06221486, ""pangkas"": 0.05302997, ""pebalap"": 0.03203881, ""pemenangnya"": 0.06602693, ""pengakuan"": 0.10293846, ""pertarungan"": 0.05684204, ""posisi"": 0.09132111, ""race"": 0.03793134, ""raw"": 0.05479939, ""rear"": 0.07139975, ""rider"": 0.06619891, ""ritme"": 0.13205386, ""sangat"": 0.03238301, ""scroll"": 0.01427739, ""sejak"": 0.03273639, ""selepas"": 0.05684204, ""sempat"": 0.10041824, ""sendiri"": 0.04228434, ""senin"": 0.02589601, ""seperti"": 0.02568399, ""sepuluh"": 0.07139975, ""seru"": 0.05925799, ""setelah"": 0.05545328, ""sirkuit"": 0.03903623, ""spanyol"": 0.04470028, ""sport"": 0.02235383, ""start"": 0.04088821, ""strategi"": 0.04561451, ""tahun"": 0.02547531, ""tapi"": 0.02901416, ""terbendung"": 0.06221486, ""terdepan"": 0.04659651, ""terjadi"": 0.03425244, ""tetapi"": 0.03273639, ""tikungan"": 0.09531431, ""titik"": 0.04881014, ""trick"": 0.05302997, ""video"": 0.04782914, ""waktu"": 0.02928738, ""wib"": 0.02650198, ""with"": 0.01427739}",1
SP049,"{""aditya"": 0.04948496, ""advertisement"": 0.01511401, ""agu"": 0.03069203, ""ajang"": 0.05240711, ""aldeguer"": 0.0425362, ""alex"": 0.36367162, ""alien"": 0.0508647, ""anda"": 0.01309535, ""aragon"": 0.29788542, ""awal"": 0.06542137, ""baby"": 0.0508647, ""bagi"": 0.02867337, ""balapan"": 0.06016566, ""ban"": 0.04948496, ""banyak"": 0.06470377, ""berhasil"": 0.0355422, ""berselang"": 0.06525141, ""bold"": 0.0508647, ""cas"": 0.04507874, ""catatan"": 0.0425362, ""content"": 0.01410969, ""continue"": 0.01410969, ""cuma"": 0.03307959, ""depan"": 0.03200266, ""dia"": 0.14336685, ""dikabarkan"": 0.05415575, ""disimpan"": 0.01309535, ""ducati"": 0.03466886, ""finis"": 0.12801062, ""garis"": 0.0561744, ""gresini"": 0.13523622, ""hari"": 0.02978854, ""harus"": 0.02580479, ""hasil"": 0.02867337, ""jakarta"": 0.01530518, ""jarak"": 0.04178769, ""jorge"": 0.0342531, ""kakaknya"": 0.07056112, ""kali"": 0.03385013, ""kami"": 0.19012482, ""kandang"": 0.04604921, ""kata"": 0.05248268, ""kedua"": 0.06016566, ""keempat"": 0.0941948, ""kehilangan"": 0.10172939, ""kelompok"": 0.05415575, ""kesalahan"": 0.0941948, ""keseluruhan"": 0.05240711, ""kesulitan"": 0.0433301, ""klasemen"": 0.03385013, ""kontak"": 0.06525141, ""krusial"": 0.05856197, ""lakukan"": 0.04178769, ""lap"": 0.04507874, ""lucas"": 0.04948496, ""main"": 0.0508647, ""manajemen"": 0.05856197, ""marc"": 0.09207608, ""marquez"": 0.36460665, ""martin"": 0.03385013, ""masa"": 0.04178769, ""melakukan"": 0.0278952, ""membatasi"": 0.06148411, ""membawa"": 0.04507874, ""menambahkan"": 0.03915984, ""menempati"": 0.04948496, ""mengantongi"": 0.13050282, ""menguntungkan"": 0.07056112, ""menit"": 0.04107966, ""menjadi"": 0.04231098, ""menjelang"": 0.0561744, ""mensyukuri"": 0.14112223, ""menyentuh"": 0.0561744, ""menyesali"": 0.07056112, ""menyukai"": 0.01309535, ""minggu"": 0.03271069, ""misano"": 0.04507874, ""motogp"": 0.34090571, ""paling"": 0.04107966, ""pangkas"": 0.05240711, ""peluang"": 0.04040796, ""pemenang"": 0.04604921, ""pendekatan"": 0.05856197, ""penting"": 0.14994326, ""poin"": 0.20551857, ""posisi"": 0.06016566, ""puas"": 0.09647369, ""pulang"": 0.10481421, ""pun"": 0.06850619, ""race"": 0.14994326, ""racing"": 0.1276086, ""raihan"": 0.15722132, ""ran"": 0.0470974, ""rider"": 0.03271069, ""riders"": 0.05415575, ""sangat"": 0.03200266, ""sayangnya"": 0.06148411, ""scroll"": 0.01410969, ""secara"": 0.02538232, ""senin"": 0.02559185, ""seperti"": 0.05076464, ""silverstone"": 0.04948496, ""sini"": 0.04107966, ""sirkuit"": 0.03857773, ""situlah"": 0.06525141, ""situs"": 0.06148411, ""sport"": 0.02209127, ""sprint"": 0.07831967, ""start"": 0.08081592, ""syukuri"": 0.06525141, ""tahun"": 0.02517609, ""tercepat"": 0.04507874, ""terdepan"": 0.04604921, ""terlepas"": 0.07056112, ""tetap"": 0.02921909, ""tetapi"": 0.03235189, ""tim"": 0.03748581, ""waktu"": 0.02894339, ""wib"": 0.01309535, ""with"": 0.01410969}",1
SP050,"{""absen"": 0.06136858, ""adalah"": 0.05594444, ""aditya"": 0.05185655, ""advertisement"": 0.01583835, ""agu"": 0.03216296, ""akhir"": 0.16768199, ""aldeguer"": 0.49032245, ""anda"": 0.01372295, ""aragon"": 0.21851321, ""asal"": 0.04629238, ""austria"": 0.06837861, ""bagi"": 0.03004756, ""bagus"": 0.07968508, ""bahkan"": 0.03772714, ""baik"": 0.03121617, ""balapan"": 0.06304913, ""beberapa"": 0.03678035, ""belanda"": 0.05886659, ""berada"": 0.03121617, ""beruntun"": 0.05886659, ""berusaha"": 0.05330241, ""bold"": 0.05330241, ""cas"": 0.04723916, ""content"": 0.0147859, ""continue"": 0.0147859, ""depan"": 0.0670728, ""dia"": 0.09014267, ""dikabarkan"": 0.05675119, ""dipetik"": 0.07394279, ""diraih"": 0.06136858, ""disimpan"": 0.01372295, ""dua"": 0.0636801, ""ducati"": 0.07266076, ""fermin"": 0.13887713, ""finis"": 0.0670728, ""fisik"": 0.10371311, ""fokuskan"": 0.07394279, ""gabung"": 0.05330241, ""gagal"": 0.04540672, ""gresini"": 0.14171749, ""hal"": 0.05794139, ""harus"": 0.08112448, ""hat"": 0.05491874, ""inggris"": 0.05491874, ""jakarta"": 0.01603869, ""jerman"": 0.06443077, ""juara"": 0.03317994, ""kali"": 0.03547241, ""kami"": 0.22769903, ""kata"": 0.05499794, ""kecelakaan"": 0.06136858, ""keenam"": 0.10371311, ""kembali"": 0.03317994, ""kemenangan"": 0.03427836, ""kerjakan"": 0.07394279, ""kini"": 0.03984254, ""klasemen"": 0.03547241, ""kondisi"": 0.03390237, ""kualifikasi"": 0.04825614, ""lagi"": 0.06432592, ""lalu"": 0.03317994, ""lama"": 0.04935456, ""luca"": 0.04935456, ""lucas"": 0.05185655, ""main"": 0.05330241, ""mampu"": 0.03678035, ""marc"": 0.03216296, ""marini"": 0.04935456, ""marquez"": 0.03184005, ""masa"": 0.04379039, ""membuat"": 0.03466495, ""menambahkan"": 0.04103659, ""mencatatkan"": 0.05330241, ""mengalami"": 0.03928234, ""menggeser"": 0.06443077, ""menghadapi"": 0.03928234, ""mengumpulkan"": 0.05675119, ""meningkatkan"": 0.04167498, ""menjadi"": 0.02216938, ""menyukai"": 0.01372295, ""meraih"": 0.04379039, ""minggu"": 0.03427836, ""misano"": 0.04723916, ""motogp"": 0.3870141, ""pabrikan"": 0.05675119, ""pebalap"": 0.03317994, ""pekan"": 0.23905523, ""pencapaian"": 0.06136858, ""peningkatan"": 0.04723916, ""performa"": 0.05330241, ""perlu"": 0.04304842, ""pertama"": 0.03152457, ""podium"": 0.04167498, ""poin"": 0.17947346, ""posisi"": 0.0945737, ""puas"": 0.20219447, ""pun"": 0.07178938, ""punya"": 0.03984254, ""race"": 0.07856468, ""racing"": 0.1337243, ""ran"": 0.04935456, ""rider"": 0.03427836, ""riders"": 0.05675119, ""sangat"": 0.0335364, ""satu"": 0.02871418, ""scroll"": 0.0147859, ""secara"": 0.02659878, ""sedikit"": 0.04629238, ""sejak"": 0.03390237, ""senin"": 0.02681835, ""seperti"": 0.02659878, ""sesuatu"": 0.05330241, ""setelah"": 0.02871418, ""siap"": 0.03874412, ""spanyol"": 0.04629238, ""sport"": 0.02315, ""sprint"": 0.08207318, ""start"": 0.04234453, ""terbaik"": 0.04540672, ""terus"": 0.0335364, ""tetapi"": 0.06780473, ""trick"": 0.05491874, ""utama"": 0.03249365, ""waktu"": 0.03033051, ""wib"": 0.01372295, ""with"": 0.0147859}",1
SP051,"{""adalah"": 0.06489431, ""advertisement"": 0.01224809, ""agu"": 0.02487221, ""akhir"": 0.07780295, ""akhirnya"": 0.03037776, ""alex"": 0.03274581, ""anda"": 0.01061221, ""apa"": 0.02917509, ""aprilia"": 0.0886831, ""aragon"": 0.24140044, ""atas"": 0.05618991, ""bagi"": 0.02323633, ""bagus"": 0.03081097, ""bahwa"": 0.05025588, ""baik"": 0.07242013, ""balap"": 0.03909018, ""balapan"": 0.29254237, ""balapannya"": 0.05718133, ""banyak"": 0.02621733, ""batasan"": 0.0498255, ""benar"": 0.06894099, ""berbeda"": 0.07633359, ""berharap"": 0.04121974, ""berikutnya"": 0.03329014, ""bersaing"": 0.11727054, ""bertarung"": 0.0498255, ""besar"": 0.06434061, ""bezzecchi"": 0.0288027, ""buruk"": 0.04388674, ""cas"": 0.03653092, ""content"": 0.01143421, ""continue"": 0.01143421, ""crash"": 0.03386392, ""daripada"": 0.04552262, ""dekat"": 0.03579875, ""dia"": 0.11618166, ""dibandingkan"": 0.03447049, ""digelar"": 0.03579875, ""dilansir"": 0.03222804, ""diraih"": 0.04745746, ""diri"": 0.03731737, ""dirinya"": 0.07818036, ""disebut"": 0.04745746, ""disimpan"": 0.01061221, ""dua"": 0.049245, ""finis"": 0.15560591, ""grip"": 0.24912752, ""hanya"": 0.02163144, ""harapkan"": 0.05287845, ""hari"": 0.07242013, ""harus"": 0.02091169, ""hasil"": 0.16265432, ""impresif"": 0.04745746, ""ingin"": 0.03081097, ""itulah"": 0.04246968, ""jakarta"": 0.01240302, ""jarak"": 0.06772783, ""jika"": 0.03274581, ""jorge"": 0.13879015, ""juara"": 0.02565866, ""jumat"": 0.06658029, ""kali"": 0.02743147, ""kata"": 0.02126546, ""katakan"": 0.05718133, ""kecepatan"": 0.07818036, ""kedua"": 0.02437853, ""kelima"": 0.07306184, ""kemarin"": 0.03329014, ""kemenangan"": 0.02650809, ""kemudian"": 0.02593432, ""kencang"": 0.0498255, ""kendala"": 0.04552262, ""keseluruhan"": 0.08493936, ""kesulitan"": 0.07022771, ""keunggulan"": 0.04121974, ""klasemen"": 0.08229442, ""kris"": 0.03274581, ""krs"": 0.03126262, ""lagi"": 0.02487221, ""lakukan"": 0.06772783, ""lima"": 0.09378787, ""maju"": 0.04388674, ""maksimal"": 0.21943371, ""mampu"": 0.08532878, ""marc"": 0.07461663, ""marco"": 0.02844293, ""marquez"": 0.09849, ""martin"": 0.30174621, ""masalah"": 0.11450039, ""masalahnya"": 0.04388674, ""masih"": 0.01975884, ""maupun"": 0.03386392, ""melaju"": 0.04388674, ""melakukan"": 0.02260572, ""melangkah"": 0.04745746, ""melihat"": 0.02956103, ""memaksakan"": 0.0498255, ""memang"": 0.02809495, ""membuat"": 0.05361409, ""memikirkan"": 0.05287845, ""memilih"": 0.08020326, ""memiliki"": 0.02512794, ""memimpin"": 0.03579875, ""memperebutkan"": 0.04388674, ""mencoba"": 0.03447049, ""mendapatkan"": 0.06894099, ""mengaku"": 0.03579875, ""mengambil"": 0.0715975, ""mengejar"": 0.04246968, ""mengenai"": 0.03447049, ""mengetahui"": 0.04246968, ""menjadi"": 0.06857596, ""menjelang"": 0.04552262, ""menurut"": 0.05835019, ""menyukai"": 0.01061221, ""meraih"": 0.03386392, ""merasa"": 0.08020326, ""misano"": 0.03653092, ""motogp"": 0.23021936, ""mungkin"": 0.08988463, ""namun"": 0.0246225, ""net"": 0.04246968, ""ngebut"": 0.0498255, ""optimistis"": 0.04010163, ""pace"": 0.05718133, ""pangkas"": 0.04246968, ""paruh"": 0.05287845, ""pebalap"": 0.05131732, ""pekan"": 0.06162194, ""pencapaian"": 0.09491492, ""pendek"": 0.0498255, ""perasaan"": 0.05287845, ""performa"": 0.04121974, ""perlu"": 0.03329014, ""podium"": 0.16114018, ""poin"": 0.05551606, ""poinnya"": 0.05718133, ""puas"": 0.03909018, ""pun"": 0.02775803, ""punya"": 0.03081097, ""racing"": 0.10341148, ""rasa"": 0.04010163, ""rekan"": 0.04010163, ""risiko"": 0.09491492, ""saja"": 0.02775803, ""sangat"": 0.02593432, ""satu"": 0.02220521, ""scroll"": 0.01143421, ""sebelumnya"": 0.07103571, ""secara"": 0.04113866, ""sedikit"": 0.10739625, ""sejak"": 0.05243465, ""sementara"": 0.02091169, ""senang"": 0.12740904, ""senin"": 0.02073913, ""sepanjang"": 0.07022771, ""seperti"": 0.06170799, ""seri"": 0.03081097, ""sesuatu"": 0.04121974, ""setelah"": 0.02220521, ""setidaknya"": 0.04745746, ""setimnya"": 0.04745746, ""silverstone"": 0.1203049, ""situasi"": 0.03731737, ""sport"": 0.01790233, ""start"": 0.03274581, ""strategi"": 0.03653092, ""sulit"": 0.1119521, ""susah"": 0.04745746, ""tahu"": 0.03274581, ""tampil"": 0.03447049, ""tapi"": 0.02323633, ""tentu"": 0.0381668, ""terjatuh"": 0.04552262, ""tetap"": 0.02367857, ""tetapi"": 0.13108663, ""tuturnya"": 0.04388674, ""ucapnya"": 0.0498255, ""utama"": 0.05025588, ""utamanya"": 0.04246968, ""wib"": 0.01061221, ""with"": 0.01143421}",1
SP052,"{""acosta"": 0.04181834, ""aerodinamika"": 0.20429783, ""agu"": 0.0296212, ""akhirnya"": 0.03617795, ""akibat"": 0.04444258, ""anda"": 0.02527692, ""antara"": 0.03617795, ""aprilia"": 0.03520529, ""aragon"": 0.14374618, ""bagus"": 0.03669388, ""bahkan"": 0.03474565, ""baik"": 0.02874924, ""balap"": 0.04655388, ""balapan"": 0.02903326, ""bendera"": 0.06297482, ""berada"": 0.08624771, ""berakselerasi"": 0.06809928, ""berdampingan"": 0.06809928, ""berduel"": 0.06809928, ""bergerak"": 0.05057865, ""bergoyang"": 0.06809928, ""berkat"": 0.05421451, ""bermula"": 0.06297482, ""bertahan"": 0.04545419, ""bezzecchi"": 0.24011508, ""biasa"": 0.04350597, ""chicane"": 0.06809928, ""crash"": 0.04032974, ""depan"": 0.0308861, ""dia"": 0.02767297, ""dikibarkan"": 0.06809928, ""dilansir"": 0.03838151, ""disalip"": 0.05651877, ""disimpan"": 0.01263846, ""duel"": 0.2023146, ""enam"": 0.04444258, ""finis"": 0.0308861, ""gigi"": 0.11867793, ""hat"": 0.05057865, ""jakarta"": 0.01477119, ""jam"": 0.13636258, ""jarak"": 0.04032974, ""jika"": 0.03899815, ""jorge"": 0.03305802, ""juara"": 0.03055781, ""kami"": 0.05242613, ""kanan"": 0.05226628, ""kata"": 0.02532579, ""kecepatan"": 0.23276942, ""kedua"": 0.08709977, ""keduanya"": 0.09551692, ""keenam"": 0.04775846, ""kehilangan"": 0.04909005, ""keluar"": 0.04775846, ""kembali"": 0.03055781, ""kemenangan"": 0.03156943, ""kemudian"": 0.0926583, ""ketat"": 0.04655388, ""ketika"": 0.03838151, ""kilometer"": 0.05421451, ""klasemen"": 0.03266912, ""kotor"": 0.06809928, ""kris"": 0.03899815, ""krs"": 0.03723177, ""lagi"": 0.0296212, ""lain"": 0.05864762, ""lap"": 0.04350597, ""luar"": 0.042634, ""lurus"": 0.06297482, ""maksud"": 0.06297482, ""mampu"": 0.03387369, ""manuver"": 0.05933896, ""marc"": 0.2073484, ""marco"": 0.10162107, ""marquez"": 0.32256191, ""martin"": 0.03266912, ""masing"": 0.08210427, ""melaju"": 0.05226628, ""melakukan"": 0.02692195, ""melihat"": 0.03520529, ""memasuki"": 0.04775846, ""memberi"": 0.05057865, ""membuat"": 0.03192546, ""memperebutkan"": 0.05226628, ""mempertahankan"": 0.04775846, ""menaikkan"": 0.06297482, ""menakutkan"": 0.13619855, ""mencoba"": 0.04105213, ""menegangkan"": 0.06809928, ""menempel"": 0.06297482, ""mengisahkan"": 0.06809928, ""mengungkap"": 0.05933896, ""menjauh"": 0.05933896, ""menyerah"": 0.05933896, ""menyeramkan"": 0.06809928, ""menyukai"": 0.01263846, ""minggu"": 0.03156943, ""momen"": 0.24545027, ""motogp"": 0.1370882, ""motor"": 0.14082114, ""motornya"": 0.06297482, ""mulai"": 0.02767297, ""muncul"": 0.05057865, ""mungkin"": 0.03568226, ""nempel"": 0.05226628, ""net"": 0.05057865, ""olahraga"": 0.04655388, ""otomotif"": 0.05651877, ""pangkas"": 0.05057865, ""pebalap"": 0.09167343, ""pedro"": 0.04181834, ""pengereman"": 0.06297482, ""penggemar"": 0.05651877, ""per"": 0.03964641, ""posisi"": 0.08709977, ""ran"": 0.04545419, ""ruang"": 0.042634, ""saatnya"": 0.05421451, ""sama"": 0.06860431, ""samping"": 0.05933896, ""satu"": 0.05288994, ""sedikit"": 0.08526801, ""sekitar"": 0.03345928, ""sempat"": 0.03192546, ""semua"": 0.03387369, ""senin"": 0.02469896, ""seperti"": 0.12248372, ""setelah"": 0.05288994, ""sisi"": 0.15352605, ""sport"": 0.04264103, ""tapi"": 0.02767297, ""tayangan"": 0.06809928, ""terdepan"": 0.08888516, ""terhadap"": 0.0296212, ""terjadi"": 0.03266912, ""terlibat"": 0.06809928, ""tertarik"": 0.12594964, ""tetap"": 0.02819965, ""tetapi"": 0.06244629, ""tiba"": 0.05057865, ""tiga"": 0.02992576, ""tikungan"": 0.04545419, ""tinggi"": 0.11893924, ""tontonan"": 0.06809928, ""trek"": 0.1011573, ""trick"": 0.05057865, ""turbulensi"": 0.20429783, ""tuturnya"": 0.05226628, ""ulangnya"": 0.06809928, ""wheelie"": 0.06809928, ""wib"": 0.01263846, ""zona"": 0.05933896}",1
SP053,"{""adalah"": 0.02516553, ""adp"": 0.04940828, ""advertisement"": 0.01424916, ""aku"": 0.09590827, ""alcaniz"": 0.04665335, ""anda"": 0.01234601, ""aragon"": 0.08425198, ""bagi"": 0.02703263, ""bahkan"": 0.03394166, ""baik"": 0.05616799, ""bak"": 0.06151762, ""balap"": 0.04547665, ""balapan"": 0.25525298, ""beda"": 0.10211373, ""belum"": 0.03229308, ""bertabrakan"": 0.06652349, ""berusia"": 0.04940828, ""bezzecchi"": 0.1675421, ""buatku"": 0.10592002, ""buruk"": 0.05105687, ""cedera"": 0.04940828, ""ceplos"": 0.06652349, ""content"": 0.01330231, ""continue"": 0.01330231, ""crash"": 0.03939653, ""cukup"": 0.03308987, ""cuma"": 0.06237345, ""demi"": 0.09881657, ""dia"": 0.05406527, ""digelar"": 0.04164747, ""dilansir"": 0.03749338, ""disimpan"": 0.01234601, ""ducati"": 0.03268505, ""duel"": 0.04940828, ""dunia"": 0.06537009, ""edisi"": 0.10592002, ""finis"": 0.03017141, ""fokus"": 0.08329495, ""gelar"": 0.0434142, ""gresini"": 0.04249926, ""hanya"": 0.02516553, ""honda"": 0.04795413, ""indonesia"": 0.04456264, ""ingin"": 0.0358448, ""jam"": 0.04440241, ""jorge"": 0.19375846, ""juara"": 0.05970143, ""kali"": 0.03191317, ""karina"": 0.04440241, ""kedua"": 0.02836144, ""kejuaraan"": 0.04164747, ""kembali"": 0.02985072, ""ketiga"": 0.03394166, ""khawatir"": 0.05521096, ""klasemen"": 0.03191317, ""koleksi"": 0.06652349, ""kudeta"": 0.11593178, ""kutukan"": 0.05796589, ""lain"": 0.05729054, ""lalu"": 0.02985072, ""mandalika"": 0.37072008, ""mantan"": 0.05105687, ""marc"": 0.23148624, ""marco"": 0.09926961, ""mari"": 0.06652349, ""marquez"": 0.31509799, ""martin"": 0.19147902, ""masalahnya"": 0.05105687, ""masing"": 0.08020442, ""mau"": 0.04010221, ""melakoni"": 0.06151762, ""membawa"": 0.04249926, ""memikirkan"": 0.06151762, ""memiliki"": 0.02923329, ""memori"": 0.06652349, ""memulihkan"": 0.06151762, ""menambahkan"": 0.03691905, ""mendapatkan"": 0.04010221, ""mendatang"": 0.05296001, ""mendekati"": 0.04665335, ""menempati"": 0.04665335, ""mengaku"": 0.04164747, ""mengalami"": 0.03534081, ""mengganggunya"": 0.06652349, ""menghuni"": 0.06151762, ""mengintai"": 0.06151762, ""menyapu"": 0.06652349, ""menyukai"": 0.01234601, ""merasa"": 0.04665335, ""meraup"": 0.05796589, ""meskipun"": 0.04795413, ""misano"": 0.04249926, ""motogp"": 0.29461531, ""motor"": 0.0687813, ""namun"": 0.02864527, ""nanti"": 0.03439065, ""nempel"": 0.05105687, ""ngebut"": 0.05796589, ""okdwitya"": 0.04665335, ""oktober"": 0.04440241, ""patah"": 0.05796589, ""pebalap"": 0.02985072, ""pemuncak"": 0.05796589, ""peringkat"": 0.04665335, ""pernah"": 0.04440241, ""persaingan"": 0.08170136, ""poin"": 0.16146538, ""posisi"": 0.02836144, ""putaran"": 0.05296001, ""rider"": 0.06167785, ""rin"": 0.04665335, ""saja"": 0.06458615, ""sampai"": 0.02985072, ""sana"": 0.04164747, ""sari"": 0.04665335, ""scroll"": 0.01330231, ""sedangkan"": 0.04249926, ""sehingga"": 0.03118672, ""sejarah"": 0.04665335, ""sejauh"": 0.04795413, ""sekarang"": 0.06788331, ""selain"": 0.03439065, ""selangka"": 0.06652349, ""selasa"": 0.02606382, ""sembilan"": 0.05105687, ""sep"": 0.01786067, ""seperti"": 0.0239299, ""seri"": 0.07168961, ""setiap"": 0.03439065, ""siap"": 0.06971319, ""sirkuit"": 0.14548098, ""sisi"": 0.03749338, ""soal"": 0.03350842, ""spanyol"": 0.04164747, ""sport"": 0.02082717, ""sukses"": 0.05105687, ""superstar"": 0.06151762, ""susah"": 0.05521096, ""tahun"": 0.07120642, ""tenaga"": 0.04795413, ""terakhir"": 0.03534081, ""terburuk"": 0.11042191, ""tersisa"": 0.05521096, ""tertinggal"": 0.04795413, ""terus"": 0.06034282, ""tiga"": 0.02923329, ""titel"": 0.05296001, ""total"": 0.0434142, ""tujuh"": 0.04085068, ""tulang"": 0.05796589, ""usai"": 0.03809575, ""video"": 0.04456264, ""waspada"": 0.06151762, ""wib"": 0.01234601, ""with"": 0.01330231}",1
SP054,"{""acosta"": 0.03902492, ""adalah"": 0.0240408, ""advertisement"": 0.01361232, ""akhir"": 0.05764589, ""akhirnya"": 0.03376131, ""anda"": 0.01179423, ""antara"": 0.03376131, ""aprilia"": 0.06570723, ""aragon"": 0.10731529, ""aspek"": 0.08688829, ""bagnaia"": 0.42140893, ""bahwa"": 0.02792675, ""balapan"": 0.05418774, ""batas"": 0.05059305, ""bay"": 0.04456825, ""belum"": 0.03084979, ""berada"": 0.02682882, ""berharap"": 0.0916218, ""berhasil"": 0.03201081, ""besar"": 0.04767135, ""bos"": 0.04720006, ""bukan"": 0.03084979, ""cara"": 0.04147387, ""cepat"": 0.08688829, ""content"": 0.01270779, ""continue"": 0.01270779, ""davide"": 0.12710066, ""demikian"": 0.03978611, ""dia"": 0.12912226, ""diharapkan"": 0.04877496, ""diragukan"": 0.06355033, ""diri"": 0.16589548, ""disimpan"": 0.01179423, ""ducati"": 0.21856967, ""ekspektasi"": 0.05059305, ""finis"": 0.02882295, ""fokus"": 0.11935832, ""francesco"": 0.07804985, ""gagal"": 0.03902492, ""harapan"": 0.05274339, ""harus"": 0.02324088, ""hasilnya"": 0.04877496, ""italia"": 0.04059982, ""jakarta"": 0.0137845, ""jarak"": 0.03763576, ""jorge"": 0.03084979, ""justru"": 0.03763576, ""kami"": 0.09784827, ""kata"": 0.02363406, ""kecepatan"": 0.04344414, ""kemampuan"": 0.04344414, ""kembali"": 0.02851659, ""kemudian"": 0.02882295, ""kena"": 0.05537519, ""kenyataannya"": 0.06355033, ""kepada"": 0.02606764, ""kepercayaan"": 0.15823016, ""khusus"": 0.04344414, ""klasemen"": 0.03048686, ""kris"": 0.03639312, ""kritik"": 0.06355033, ""krs"": 0.03474473, ""lima"": 0.06948947, ""mampu"": 0.03161097, ""manajer"": 0.05537519, ""marc"": 0.05528508, ""marquez"": 0.05473003, ""martin"": 0.03048686, ""masalah"": 0.21208955, ""mata"": 0.04720006, ""melainkan"": 0.05059305, ""melaju"": 0.04877496, ""melewati"": 0.05059305, ""melontarkan"": 0.06355033, ""memacu"": 0.05537519, ""memastikan"": 0.02913748, ""membatasi"": 0.11075039, ""memiliki"": 0.02792675, ""memperkuat"": 0.04059982, ""mencoba"": 0.07661981, ""menemukan"": 0.05059305, ""mengatasi"": 0.05876818, ""menghadapi"": 0.03376131, ""mengingat"": 0.04456825, ""menilai"": 0.03526901, ""meninggalkan"": 0.05059305, ""menjadi"": 0.01905353, ""menjalani"": 0.03902492, ""mental"": 0.14632487, ""menunjukkan"": 0.03581768, ""menurutnya"": 0.06659747, ""menutup"": 0.04344414, ""menyebut"": 0.03424278, ""menyentuh"": 0.05059305, ""menyukai"": 0.01179423, ""meragukan"": 0.06355033, ""motogp"": 0.07675853, ""motorland"": 0.03763576, ""motornya"": 0.05876818, ""mulai"": 0.02582445, ""musim"": 0.06570723, ""namun"": 0.02736502, ""pangkas"": 0.04720006, ""pebalap"": 0.05703317, ""pedro"": 0.03902492, ""pekan"": 0.03424278, ""pemanasan"": 0.11753636, ""pendekatannya"": 0.12710066, ""percaya"": 0.04147387, ""performa"": 0.0916218, ""performanya"": 0.11753636, ""perlu"": 0.03699808, ""pernyataan"": 0.05274339, ""persoalan"": 0.05059305, ""perubahan"": 0.04059982, ""pikir"": 0.04456825, ""psikologis"": 0.25420132, ""racing"": 0.07661981, ""rekan"": 0.04456825, ""scroll"": 0.01270779, ""sebelumnya"": 0.02631595, ""secara"": 0.02286039, ""sekarang"": 0.03242469, ""selasa"": 0.02489894, ""sementara"": 0.02324088, ""sempat"": 0.02979288, ""sep"": 0.01706242, ""sesi"": 0.0383099, ""sesuai"": 0.03376131, ""sesuatu"": 0.0458109, ""setelah"": 0.02467848, ""setidaknya"": 0.10548678, ""setim"": 0.05876818, ""sini"": 0.03699808, ""situasi"": 0.04147387, ""soal"": 0.03201081, ""sorotan"": 0.05876818, ""sport"": 0.01989633, ""sports"": 0.06355033, ""sulit"": 0.08294774, ""tajam"": 0.05876818, ""tantangan"": 0.04720006, ""tardozzi"": 0.38130197, ""terhadap"": 0.05528508, ""terjatuh"": 0.05059305, ""terkadang"": 0.06355033, ""terpenuhi"": 0.05876818, ""tetapi"": 0.11654991, ""tim"": 0.06752262, ""tipis"": 0.04877496, ""tnt"": 0.06355033, ""ujarnya"": 0.03424278, ""wib"": 0.01179423, ""with"": 0.01270779}",1
SP055,"{""aditya"": 0.04670113, ""advertisement"": 0.01426375, ""aff"": 0.03813476, ""akhir"": 0.03020231, ""alien"": 0.04800324, ""anda"": 0.01235866, ""apa"": 0.03397641, ""aprilia"": 0.13770348, ""aragon"": 0.25301476, ""asal"": 0.04169012, ""atas"": 0.03271852, ""baby"": 0.04800324, ""bahwa"": 0.02926322, ""baru"": 0.02956839, ""benar"": 0.08028655, ""berada"": 0.02811275, ""beri"": 0.05802525, ""berjarak"": 0.04345866, ""berkembang"": 0.04945888, ""bezzecchi"": 0.03354273, ""blunder"": 0.04552322, ""buatku"": 0.05301424, ""bukanlah"": 0.06158061, ""carlo"": 0.13318323, ""cas"": 0.04254278, ""content"": 0.01331593, ""continue"": 0.01331593, ""cuma"": 0.03121866, ""dia"": 0.08118095, ""dikabarkan"": 0.05110915, ""diri"": 0.04345866, ""disimpan"": 0.01235866, ""ducati"": 0.13087407, ""ganda"": 0.04670113, ""hat"": 0.09891776, ""jakarta"": 0.01444417, ""jelas"": 0.03876867, ""jorge"": 0.03232615, ""juara"": 0.11952514, ""kata"": 0.0495302, ""kebetulan"": 0.06158061, ""kedua"": 0.02839049, ""kemenangan"": 0.06174101, ""keraguan"": 0.06659162, ""khususnya"": 0.04800324, ""kini"": 0.03588151, ""kita"": 0.02706032, ""klasemen"": 0.15972925, ""kontrak"": 0.11053499, ""lagi"": 0.08689623, ""lalu"": 0.02988129, ""lanjut"": 0.03695685, ""lucas"": 0.04670113, ""main"": 0.09600648, ""mampu"": 0.03312376, ""mandalika"": 0.05301424, ""marc"": 0.37655034, ""marino"": 0.04670113, ""marquez"": 0.40144447, ""martin"": 0.0638917, ""mau"": 0.04014327, ""melakukan"": 0.02632592, ""memberi"": 0.04945888, ""memetik"": 0.06158061, ""memperbaiki"": 0.05110915, ""menambahkan"": 0.03695685, ""menang"": 0.03489229, ""mencatatkan"": 0.04800324, ""menghajar"": 0.06659162, ""menilai"": 0.03695685, ""menjadi"": 0.03993072, ""menobatkan"": 0.06659162, ""menyukai"": 0.01235866, ""misano"": 0.08508556, ""motogp"": 0.32172765, ""motor"": 0.06885174, ""namun"": 0.02867461, ""ngaku"": 0.05802525, ""one"": 0.06158061, ""papan"": 0.05802525, ""pebalap"": 0.14940643, ""pekan"": 0.03588151, ""pemuncak"": 0.05802525, ""pengamat"": 0.05802525, ""penuh"": 0.04670113, ""pernat"": 0.19977485, ""perpanjang"": 0.13318323, ""pesat"": 0.06659162, ""poin"": 0.09697844, ""posisi"": 0.05678097, ""pukulan"": 0.1160505, ""pun"": 0.03232615, ""race"": 0.10613101, ""raihan"": 0.04945888, ""raja"": 0.17407574, ""resmi"": 0.07753735, ""rider"": 0.09261152, ""sachsenring"": 0.13318323, ""saja"": 0.03232615, ""sajiannya"": 0.06659162, ""san"": 0.04670113, ""scroll"": 0.01331593, ""sebuah"": 0.04800324, ""sebut"": 0.04444788, ""sejumlah"": 0.02956839, ""selasa"": 0.02609051, ""sempat"": 0.06243732, ""sep"": 0.01787896, ""seperti"": 0.02395441, ""september"": 0.03232615, ""seri"": 0.03588151, ""sirkuit"": 0.07281498, ""spanyol"": 0.04169012, ""sport"": 0.0208485, ""sprint"": 0.03695685, ""tambahan"": 0.04254278, ""tangguh"": 0.06158061, ""telak"": 0.06158061, ""terburuk"": 0.05526749, ""trick"": 0.09891776, ""video"": 0.04460828, ""wib"": 0.01235866, ""with"": 0.01331593}",1
SP056,"{""aditya"": 0.03568145, ""advertisement"": 0.01089805, ""akhir"": 0.04615144, ""akhirnya"": 0.02702939, ""almansa"": 0.04050492, ""ambil"": 0.04050492, ""amerika"": 0.03778848, ""anda"": 0.00944249, ""angka"": 0.03013128, ""aragon"": 0.12887533, ""asal"": 0.03185285, ""asia"": 0.08445297, ""bagus"": 0.02741485, ""baik"": 0.02147922, ""balapan"": 0.1084571, ""barisan"": 0.04704995, ""bay"": 0.03568145, ""belanda"": 0.04050492, ""berapa"": 0.03778848, ""berjarak"": 0.03320408, ""boy"": 0.05087855, ""bukan"": 0.02469842, ""buruk"": 0.03904935, ""cas"": 0.03250432, ""content"": 0.01017388, ""continue"": 0.01017388, ""cukup"": 0.02530782, ""danish"": 0.04704995, ""depan"": 0.09230289, ""dia"": 0.08270048, ""disimpan"": 0.00944249, ""ega"": 0.42939403, ""empat"": 0.05563344, ""finis"": 0.09230289, ""gagal"": 0.18746069, ""gran"": 0.08445297, ""grip"": 0.04433352, ""grup"": 0.03904935, ""gunungkidul"": 0.05087855, ""hakim"": 0.04222649, ""harap"": 0.04704995, ""hari"": 0.04295844, ""harus"": 0.03721342, ""hasil"": 0.06202536, ""honda"": 0.07335264, ""hungaria"": 0.04704995, ""improve"": 0.05087855, ""indonesia"": 0.03408244, ""inginkan"": 0.05087855, ""jakarta"": 0.0110359, ""jalannya"": 0.04704995, ""jumat"": 0.05924151, ""kali"": 0.04881571, ""kata"": 0.03784298, ""kedelapan"": 0.04050492, ""kesalahan"": 0.03395988, ""kesulitan"": 0.1249738, ""lagi"": 0.04426137, ""lain"": 0.0219085, ""lainnya"": 0.02962076, ""lalu"": 0.02283045, ""licin"": 0.04704995, ""lucas"": 0.03568145, ""lupakan"": 0.05087855, ""mana"": 0.02781672, ""masih"": 0.01758094, ""maximo"": 0.04222649, ""melakukan"": 0.02011401, ""memang"": 0.0249982, ""memulai"": 0.03904935, ""menambahkan"": 0.02823645, ""menang"": 0.02665905, ""mencari"": 0.03667632, ""mencoba"": 0.15335501, ""menembus"": 0.03904935, ""mengejar"": 0.03778848, ""menjalani"": 0.03124345, ""menurut"": 0.02595928, ""menyukai"": 0.00944249, ""meraih"": 0.09039385, ""merasa"": 0.03568145, ""minggu"": 0.07075875, ""misano"": 0.03250432, ""moto"": 0.33959883, ""naik"": 0.0533181, ""pebalap"": 0.02283045, ""pekan"": 0.0548297, ""pelajarannya"": 0.05087855, ""pertama"": 0.04338284, ""podium"": 0.05735144, ""poin"": 0.17288891, ""posisi"": 0.06507426, ""practice"": 0.03778848, ""pratama"": 0.061342, ""prix"": 0.06500864, ""pun"": 0.02469842, ""push"": 0.15263565, ""quiles"": 0.04222649, ""race"": 0.02702939, ""raih"": 0.03904935, ""raihan"": 0.03778848, ""rider"": 0.094345, ""rocket"": 0.05087855, ""sabtu"": 0.02962076, ""sampai"": 0.02283045, ""scroll"": 0.01017388, ""secepatnya"": 0.04704995, ""sedikit"": 0.03185285, ""segera"": 0.03395988, ""sejak"": 0.02332754, ""selain"": 0.02630269, ""selasa"": 0.01993415, ""selepas"": 0.04050492, ""sempat"": 0.02385225, ""senggolan"": 0.05087855, ""sep"": 0.01366021, ""sepanjang"": 0.03124345, ""seri"": 0.0548297, ""serikat"": 0.03904935, ""sesi"": 0.030671, ""sirkuit"": 0.08345016, ""sport"": 0.01592905, ""start"": 0.02913642, ""sulit"": 0.03320408, ""tahu"": 0.02913642, ""tapi"": 0.02067512, ""team"": 0.06500864, ""tercepat"": 0.03250432, ""terealisasi"": 0.04704995, ""tertahan"": 0.04222649, ""tiga"": 0.02235823, ""tim"": 0.02702939, ""tinggal"": 0.03478149, ""titik"": 0.03478149, ""tujuh"": 0.03124345, ""veda"": 0.54669091, ""video"": 0.03408244, ""wacana"": 0.04704995, ""wib"": 0.00944249, ""with"": 0.01017388, ""yogyakarta"": 0.03778848}",1
SP057,"{""akhir"": 0.05675993, ""akhirnya"": 0.03324243, ""anda"": 0.03483888, ""antara"": 0.06648486, ""aprilia"": 0.03234868, ""artinya"": 0.04802533, ""bagi"": 0.02542755, ""bahwa"": 0.02749754, ""bakal"": 0.03917463, ""balap"": 0.08555289, ""balapan"": 0.05335493, ""banyak"": 0.02868966, ""banyaknya"": 0.05193277, ""beberapa"": 0.03112514, ""berharga"": 0.06257361, ""berlangsung"": 0.06469737, ""bukan"": 0.03037565, ""cas"": 0.03997584, ""content"": 0.01251248, ""continue"": 0.01251248, ""corse"": 0.11572993, ""dall"": 0.40505475, ""daripada"": 0.09963095, ""demi"": 0.04647463, ""dilansir"": 0.03526719, ""dimenangkan"": 0.06257361, ""dingin"": 0.06257361, ""diri"": 0.04083645, ""disimpan"": 0.01161296, ""ditentukan"": 0.06257361, ""diyakini"": 0.05452412, ""ducati"": 0.09223305, ""dunia"": 0.1229774, ""faktor"": 0.04388328, ""finis"": 0.02837996, ""gelar"": 0.1633458, ""general"": 0.05193277, ""gigi"": 0.10904825, ""harus"": 0.04576738, ""hasil"": 0.02542755, ""igna"": 0.4380153, ""italia"": 0.03997584, ""jakarta"": 0.01357264, ""jarak"": 0.03705733, ""jorge"": 0.03037565, ""juara"": 0.14039155, ""kampiun"": 0.05786496, ""kata"": 0.02327083, ""kejuaraan"": 0.03917463, ""kemampuan"": 0.08555289, ""kemenangan"": 0.05801569, ""kepala"": 0.04083645, ""kesalahan"": 0.2505959, ""ketat"": 0.04277644, ""ketenangan"": 0.12514723, ""klasemen"": 0.0300183, ""kondisi"": 0.05737932, ""konsisten"": 0.09963095, ""konsistensi"": 0.14407599, ""kris"": 0.03583379, ""krs"": 0.03421074, ""kunci"": 0.04388328, ""mampu"": 0.09337541, ""manager"": 0.05193277, ""marc"": 0.0272177, ""marquez"": 0.02694444, ""martin"": 0.0300183, ""masih"": 0.02162213, ""memaksakan"": 0.05452412, ""memang"": 0.03074435, ""membuat"": 0.02933499, ""memenangi"": 0.03705733, ""memiliki"": 0.02749754, ""meminimalkan"": 0.06257361, ""menang"": 0.06557392, ""menentukan"": 0.04510682, ""menganalisis"": 0.05786496, ""menghindari"": 0.10386553, ""mengoleksi"": 0.04802533, ""mengumpulkan"": 0.04802533, ""menilai"": 0.03472695, ""menjadi"": 0.09380347, ""menjaga"": 0.10114948, ""mental"": 0.09605066, ""menunjukkan"": 0.03526719, ""menurut"": 0.0638527, ""menurutnya"": 0.03278696, ""menyukai"": 0.01161296, ""motogp"": 0.15115763, ""motosan"": 0.04802533, ""mungkin"": 0.03278696, ""musim"": 0.09704605, ""paling"": 0.10928836, ""pangkas"": 0.04647463, ""pebalap"": 0.14039155, ""peluang"": 0.03583379, ""pembeda"": 0.05786496, ""penting"": 0.13296972, ""perburuan"": 0.05452412, ""perebutan"": 0.04510682, ""perolehan"": 0.05193277, ""persaingan"": 0.19212572, ""pikir"": 0.04388328, ""poin"": 0.06075131, ""scroll"": 0.01251248, ""sebanyak"": 0.03526719, ""secara"": 0.02250905, ""sedikit"": 0.11752388, ""sejarah"": 0.04388328, ""sekadar"": 0.04647463, ""sekaligus"": 0.03112514, ""sekarang"": 0.03192635, ""selasa"": 0.02451626, ""sembilan"": 0.04802533, ""sengit"": 0.04981547, ""sep"": 0.01680018, ""seperti"": 0.0450181, ""seri"": 0.06743299, ""setiap"": 0.03234868, ""siapa"": 0.04802533, ""sky"": 0.05786496, ""sport"": 0.01959054, ""stabil"": 0.05786496, ""strategi"": 0.03997584, ""tahun"": 0.02232616, ""tapi"": 0.02542755, ""tenang"": 0.16357237, ""terakhir"": 0.06648486, ""terbesar"": 0.04647463, ""terbuka"": 0.04176598, ""terdepan"": 0.04083645, ""terlalu"": 0.04802533, ""terpenting"": 0.05786496, ""tersisa"": 0.05193277, ""tetap"": 0.0259115, ""tetapi"": 0.02868966, ""ujarnya"": 0.03371649, ""utama"": 0.02749754, ""wawancara"": 0.05786496, ""wib"": 0.01161296, ""with"": 0.01251248}",1
SP058,"{""acosta"": 0.06974258, ""adalah"": 0.02148201, ""advertisement"": 0.01216348, ""akhir"": 0.02575516, ""aktivitas"": 0.040935, ""alex"": 0.0975588, ""alien"": 0.040935, ""alih"": 0.03790314, ""anam"": 0.11357265, ""anda"": 0.0105389, ""aragon"": 0.23973285, ""awal"": 0.05264995, ""baby"": 0.040935, ""bagi"": 0.02307582, ""baik"": 0.02397329, ""balapan"": 0.12105062, ""bareng"": 0.05678632, ""barisan"": 0.05251317, ""beberapa"": 0.02824644, ""belum"": 0.05513256, ""berarti"": 0.03555145, ""berbagai"": 0.02897355, ""berdiri"": 0.04948131, ""berhak"": 0.04520815, ""berhasil"": 0.11441491, ""berikutnya"": 0.06612035, ""berjuang"": 0.04712962, ""berjuluk"": 0.05251317, ""bezzecchi"": 0.05720746, ""blunder"": 0.07764029, ""bold"": 0.28654497, ""boldriders"": 0.05251317, ""brotherhood"": 0.05678632, ""buat"": 0.06612035, ""content"": 0.01135523, ""continue"": 0.01135523, ""dekat"": 0.03555145, ""depan"": 0.02575516, ""detikers"": 0.09896262, ""diperiksa"": 0.04948131, ""disimpan"": 0.0105389, ""dok"": 0.05678632, ""dua"": 0.04890482, ""edisi"": 0.04520815, ""ega"": 0.03423237, ""event"": 0.04948131, ""fatal"": 0.0843526, ""finis"": 0.07726549, ""follow"": 0.10502633, ""foto"": 0.03790314, ""gabung"": 0.040935, ""gagal"": 0.03487129, ""genre"": 0.05678632, ""gresini"": 0.07255713, ""hadiah"": 0.04948131, ""hanya"": 0.02148201, ""harus"": 0.04153446, ""hasil"": 0.02307582, ""hat"": 0.0421763, ""ikut"": 0.07110291, ""indonesia"": 0.01901996, ""info"": 0.05678632, ""instagram"": 0.04712962, ""insting"": 0.10502633, ""jakarta"": 0.01231734, ""jangan"": 0.03790314, ""jannah"": 0.11357265, ""justru"": 0.03362998, ""kedua"": 0.07263037, ""keduanya"": 0.03982461, ""keempat"": 0.03790314, ""keenam"": 0.03982461, ""kehilangan"": 0.08186999, ""kembali"": 0.07644423, ""kemenangan"": 0.02632497, ""kemudian"": 0.05151033, ""kesalahan"": 0.03790314, ""keseruan"": 0.05251317, ""ketemu"": 0.04948131, ""ketiga"": 0.0579471, ""ketinggalan"": 0.04948131, ""khairurizqi"": 0.04712962, ""khoirul"": 0.11357265, ""kompetisi"": 0.04358357, ""komunitas"": 0.04712962, ""konten"": 0.04948131, ""lainnya"": 0.03306018, ""lakukan"": 0.06725997, ""lap"": 0.03627856, ""lewat"": 0.0421763, ""lintasan"": 0.0421763, ""lupa"": 0.04712962, ""mampu"": 0.02824644, ""marc"": 0.17290276, ""marco"": 0.02824644, ""marquez"": 0.12226204, ""masih"": 0.01962235, ""masing"": 0.06846474, ""melengkapi"": 0.03882015, ""membaca"": 0.05251317, ""membawa"": 0.07255713, ""membuat"": 0.02662186, ""membuatnya"": 0.04712962, ""memenangi"": 0.06725997, ""memimpin"": 0.03555145, ""memperbaiki"": 0.04358357, ""mencatat"": 0.03982461, ""mendapatkan"": 0.03423237, ""menebak"": 0.05251317, ""mengakui"": 0.03627856, ""mengambil"": 0.03555145, ""mengantongi"": 0.05251317, ""mengawali"": 0.04520815, ""menguji"": 0.09041631, ""mengumpulkan"": 0.04358357, ""menjadi"": 0.03405112, ""menjaga"": 0.03059813, ""menyajikan"": 0.05678632, ""menyelesaikan"": 0.04358357, ""menyukai"": 0.0105389, ""meski"": 0.02790087, ""minggu"": 0.02632497, ""moto"": 0.03790314, ""motogp"": 0.16004031, ""motor"": 0.08807048, ""motorland"": 0.03362998, ""multi"": 0.05251317, ""musim"": 0.02935683, ""naik"": 0.02975457, ""nama"": 0.03555145, ""namun"": 0.02445241, ""nggak"": 0.03423237, ""nung"": 0.11357265, ""official"": 0.04948131, ""otomotif"": 0.04712962, ""paling"": 0.03306018, ""pecinta"": 0.04948131, ""pedro"": 0.03487129, ""pekan"": 0.03059813, ""peluang"": 0.0325196, ""pemenang"": 0.03705958, ""pengakuan"": 0.08186999, ""penggemar"": 0.04712962, ""penting"": 0.03016791, ""persaingannya"": 0.05251317, ""pertama"": 0.04842025, ""perubahan"": 0.03627856, ""peserta"": 0.04948131, ""picks"": 0.1575395, ""podium"": 0.25604325, ""poin"": 0.11026511, ""posisi"": 0.12105062, ""posisinya"": 0.04712962, ""prediksi"": 0.03982461, ""prf"": 0.04520815, ""puas"": 0.03882015, ""pulang"": 0.0843526, ""race"": 0.15083956, ""racing"": 0.06846474, ""rahmat"": 0.04712962, ""ribu"": 0.03882015, ""rider"": 0.07897492, ""riders"": 0.30508502, ""riding"": 0.05678632, ""sama"": 0.02860373, ""sampai"": 0.02548141, ""scroll"": 0.01135523, ""sebelum"": 0.02824644, ""sebelumnya"": 0.070545, ""sekaligus"": 0.02824644, ""sekarang"": 0.02897355, ""selamat"": 0.04712962, ""selasa"": 0.02224881, ""selesai"": 0.08186999, ""seluruh"": 0.02724198, ""sementara"": 0.04153446, ""sempat"": 0.05324373, ""senilai"": 0.04948131, ""sep"": 0.01524637, ""seri"": 0.03059813, ""seru"": 0.04712962, ""sesama"": 0.05678632, ""setelah"": 0.08820726, ""siapa"": 0.04358357, ""sini"": 0.03306018, ""sirkuit"": 0.03104666, ""spirit"": 0.05678632, ""sponsor"": 0.05678632, ""sport"": 0.01777866, ""sprint"": 0.03151514, ""supaya"": 0.05678632, ""tahu"": 0.0325196, ""tambahan"": 0.03627856, ""team"": 0.03627856, ""tebakan"": 0.11357265, ""terakhir"": 0.03016791, ""teratas"": 0.04358357, ""terbesar"": 0.0421763, ""tercepat"": 0.03627856, ""terjadi"": 0.02724198, ""terjawab"": 0.05251317, ""tertinggi"": 0.04520815, ""tetap"": 0.04703, ""the"": 0.03982461, ""tiga"": 0.02495436, ""total"": 0.03705958, ""trick"": 0.0421763, ""update"": 0.04948131, ""urutan"": 0.0843526, ""utama"": 0.02495436, ""video"": 0.03803992, ""voucher"": 0.05251317, ""wadah"": 0.05678632, ""waktu"": 0.02329312, ""waktunya"": 0.04712962, ""wib"": 0.0105389, ""with"": 0.01135523}",1
SP059,"{""adalah"": 0.06075901, ""advertisement"": 0.0172014, ""aff"": 0.04598869, ""afif"": 0.06997567, ""agresif"": 0.07426327, ""akui"": 0.07426327, ""anda"": 0.01490395, ""apa"": 0.04097393, ""aprilia"": 0.0830319, ""aragon"": 0.03390263, ""atas"": 0.03945696, ""bagnaia"": 0.48410865, ""bahkan"": 0.04097393, ""bahwa"": 0.03529005, ""balapan"": 0.06847513, ""banyak"": 0.03682, ""beberapa"": 0.03994566, ""belum"": 0.11695135, ""benar"": 0.09682173, ""beri"": 0.06997567, ""berjuang"": 0.06664995, ""bersaing"": 0.05489882, ""bos"": 0.05964504, ""cetusnya"": 0.07426327, ""content"": 0.01605838, ""continue"": 0.01605838, ""crash"": 0.04755898, ""cuma"": 0.03764821, ""data"": 0.15082887, ""datanya"": 0.07426327, ""depan"": 0.03642254, ""dibawa"": 0.07426327, ""dilansir"": 0.04526153, ""dirinya"": 0.05489882, ""disimpan"": 0.01490395, ""ducati"": 0.11837089, ""duduk"": 0.0803063, ""empat"": 0.08781137, ""farhan"": 0.05964504, ""fernandez"": 0.05240906, ""finis"": 0.03642254, ""fokus"": 0.05027629, ""francesco"": 0.29588647, ""gambas"": 0.03945696, ""hal"": 0.06292781, ""hanya"": 0.06075901, ""harapan"": 0.06664995, ""hilang"": 0.06997567, ""italia"": 0.05130456, ""jakarta"": 0.01741898, ""jatuh"": 0.19179791, ""jelas"": 0.09350633, ""justru"": 0.04755898, ""kali"": 0.07705033, ""karier"": 0.07426327, ""kariernya"": 0.06664995, ""kedelapan"": 0.06393264, ""kemampuan"": 0.10979765, ""kemenangan"": 0.03722835, ""kena"": 0.06997567, ""kesadaran"": 0.0803063, ""klasemen"": 0.03852516, ""lain"": 0.0345802, ""lakukan"": 0.04755898, ""lalu"": 0.0360354, ""lihat"": 0.03994566, ""malah"": 0.06393264, ""manis"": 0.07426327, ""manuver"": 0.06997567, ""marc"": 0.0349309, ""marquez"": 0.0345802, ""masalah"": 0.05360201, ""masih"": 0.02774961, ""mau"": 0.04841087, ""maupun"": 0.04755898, ""melaju"": 0.06163518, ""melakukan"": 0.0317478, ""melihat"": 0.0830319, ""memiliki"": 0.03529005, ""menangi"": 0.06664995, ""mencoba"": 0.04841087, ""menerimanya"": 0.07426327, ""mengendalikan"": 0.07426327, ""mental"": 0.06163518, ""menutup"": 0.05489882, ""menyukai"": 0.01490395, ""motogp"": 0.16166172, ""motor"": 0.0830319, ""mudah"": 0.05360201, ""musim"": 0.1660638, ""naik"": 0.04207843, ""nds"": 0.05964504, ""ogura"": 0.05788961, ""papan"": 0.06997567, ""paparnya"": 0.0803063, ""pecco"": 0.07426327, ""pelan"": 0.07426327, ""peringkat"": 0.05631932, ""pindah"": 0.06664995, ""podium"": 0.04526153, ""poin"": 0.03898378, ""pukulan"": 0.06997567, ""pun"": 0.03898378, ""rabu"": 0.05489882, ""race"": 0.04266297, ""rasakan"": 0.0803063, ""rider"": 0.11168505, ""saja"": 0.03898378, ""salah"": 0.03682, ""sambungnya"": 0.05788961, ""satu"": 0.03118532, ""scroll"": 0.01605838, ""sebab"": 0.05489882, ""sebenarnya"": 0.05489882, ""sedang"": 0.05240906, ""sekarang"": 0.04097393, ""sementara"": 0.02936868, ""sendiri"": 0.04755898, ""sep"": 0.02156117, ""seperti"": 0.02888787, ""sesi"": 0.09682173, ""sesuai"": 0.04266297, ""silverstone"": 0.05631932, ""sky"": 0.07426327, ""sport"": 0.02514229, ""sprint"": 0.04456819, ""sulit"": 0.10481811, ""tahun"": 0.02865315, ""tampil"": 0.04841087, ""tapi"": 0.03263344, ""terakhir"": 0.04266297, ""teranyar"": 0.0803063, ""terendah"": 0.20992701, ""terjatuh"": 0.12786528, ""tersedia"": 0.05788961, ""tetap"": 0.03325453, ""tiga"": 0.03529005, ""titik"": 0.16469647, ""tutup"": 0.05489882, ""ujar"": 0.03118532, ""untungnya"": 0.0803063, ""utama"": 0.07058009, ""video"": 0.05379544, ""warnai"": 0.07426327, ""wib"": 0.01490395, ""with"": 0.01605838}",1
SP060,"{""adalah"": 0.04975349, ""aditya"": 0.04611798, ""advertisement"": 0.01408564, ""aff"": 0.03765858, ""akhir"": 0.08947554, ""alien"": 0.04740384, ""anda"": 0.01220434, ""angka"": 0.07788887, ""aprilia"": 0.23797202, ""aragon"": 0.13880858, ""baby"": 0.04740384, ""bahwa"": 0.05779564, ""balapan"": 0.05607196, ""banyak"": 0.03015065, ""belajar"": 0.0488413, ""benar"": 0.03964202, ""beri"": 0.0573007, ""berjarak"": 0.042916, ""berjuang"": 0.05457738, ""bersemangat"": 0.06081167, ""besar"": 0.02466449, ""bezzecchi"": 0.06624779, ""biasa"": 0.04201156, ""blunder"": 0.08990957, ""bos"": 0.0488413, ""buatku"": 0.05235227, ""cas"": 0.04201156, ""content"": 0.01314966, ""continue"": 0.01314966, ""cukup"": 0.03271015, ""depan"": 0.02982518, ""dia"": 0.18705695, ""digelar"": 0.04116955, ""dipelajari"": 0.0657601, ""disimpan"": 0.01220434, ""ducati"": 0.06461994, ""duel"": 0.0488413, ""dunia"": 0.03230997, ""fatal"": 0.0976826, ""gelar"": 0.042916, ""hal"": 0.07729418, ""harus"": 0.04809803, ""jagoan"": 0.0657601, ""jakarta"": 0.01426381, ""jam"": 0.04389287, ""jorge"": 0.0319225, ""juara"": 0.02950817, ""kalahkan"": 0.05235227, ""kami"": 0.12656331, ""kata"": 0.04891173, ""kedua"": 0.02803598, ""kehormatan"": 0.0657601, ""kemenangan"": 0.03048503, ""kesulitan"": 0.0403819, ""ketika"": 0.07412626, ""kian"": 0.0573007, ""kini"": 0.07086693, ""klasemen"": 0.0630939, ""konsistensi"": 0.05047096, ""lagi"": 0.02860373, ""lakukan"": 0.07788887, ""lalu"": 0.02950817, ""langkah"": 0.06987052, ""lanjut"": 0.03649538, ""lima"": 0.03595288, ""luar"": 0.04116955, ""lucas"": 0.04611798, ""main"": 0.04740384, ""makin"": 0.08990957, ""mandalika"": 0.05235227, ""marc"": 0.40045219, ""marco"": 0.03271015, ""marino"": 0.04611798, ""marquez"": 0.39643175, ""martin"": 0.03154695, ""masa"": 0.03894444, ""masih"": 0.02272321, ""massimo"": 0.13152021, ""melakukan"": 0.0259972, ""melakukannya"": 0.05457738, ""melawan"": 0.05047096, ""melewati"": 0.05235227, ""memang"": 0.03230997, ""membawa"": 0.04201156, ""memenangi"": 0.03894444, ""menambahkan"": 0.03649538, ""menang"": 0.0344566, ""mencoba"": 0.03964202, ""mendapat"": 0.0403819, ""mendominasi"": 0.0573007, ""menembus"": 0.05047096, ""mengakui"": 0.04201156, ""mengalahkan"": 0.09223596, ""mengalahkannya"": 0.0657601, ""mengambil"": 0.04116955, ""menjadi"": 0.03943212, ""menyerah"": 0.0573007, ""menyukai"": 0.01220434, ""merupakan"": 0.02749348, ""motivasi"": 0.06081167, ""motogp"": 0.2647586, ""motor"": 0.033996, ""musim"": 0.033996, ""nempel"": 0.05047096, ""one"": 0.06081167, ""pebalap"": 0.05901633, ""pekan"": 0.03543347, ""pengakuan"": 0.09480767, ""perburuan"": 0.0573007, ""pesaing"": 0.06081167, ""poin"": 0.063845, ""posisi"": 0.02803598, ""pukulan"": 0.0573007, ""pulang"": 0.0488413, ""pun"": 0.0319225, ""rabu"": 0.04495478, ""race"": 0.06987052, ""raihan"": 0.0976826, ""rider"": 0.12194014, ""risiko"": 0.05457738, ""rivola"": 0.19728031, ""saatnya"": 0.05235227, ""saja"": 0.0319225, ""salah"": 0.03015065, ""sampai"": 0.02950817, ""san"": 0.04611798, ""sangat"": 0.02982518, ""satu"": 0.0255366, ""scroll"": 0.01314966, ""sebab"": 0.04495478, ""sejarah"": 0.04611798, ""sekarang"": 0.03355216, ""sep"": 0.01765571, ""seperti"": 0.04731059, ""september"": 0.0319225, ""sikapnya"": 0.0657601, ""sini"": 0.03828458, ""sirkuit"": 0.03595288, ""sisa"": 0.05235227, ""sport"": 0.02058817, ""sprint"": 0.03649538, ""tahu"": 0.07531716, ""tahun"": 0.04692619, ""tampak"": 0.06081167, ""tanpa"": 0.04495478, ""tepat"": 0.042916, ""terakhir"": 0.03493526, ""terburuk"": 0.05457738, ""terkuat"": 0.19728031, ""termotivasi"": 0.13152021, ""terpenting"": 0.06081167, ""terutama"": 0.04116955, ""tetapi"": 0.03015065, ""tinggal"": 0.04495478, ""unggul"": 0.04389287, ""video"": 0.04405127, ""wib"": 0.01220434, ""with"": 0.01314966}",1
SP061,"{""adalah"": 0.01696764, ""advertisement"": 0.00960737, ""agar"": 0.06693166, ""agent"": 0.04485288, ""airport"": 0.04485288, ""akomodasi"": 0.1794115, ""aktivitas"": 0.03233265, ""anda"": 0.00832419, ""aspek"": 0.03066223, ""association"": 0.04485288, ""awal"": 0.02079287, ""bagi"": 0.05467954, ""baik"": 0.03787077, ""balap"": 0.03066223, ""balapan"": 0.07648981, ""bank"": 0.03066223, ""banyak"": 0.0205648, ""belanja"": 0.0333131, ""berbagai"": 0.02288486, ""bergerak"": 0.0333131, ""berharap"": 0.03233265, ""berhenti"": 0.03908299, ""berikut"": 0.02993793, ""berjalan"": 0.04833608, ""berlangsung"": 0.02318759, ""berlanjut"": 0.03908299, ""bersaing"": 0.03066223, ""bersama"": 0.03983166, ""besar"": 0.01682287, ""bisnis"": 0.02865475, ""boleh"": 0.03233265, ""buatku"": 0.03570782, ""bukan"": 0.02177332, ""buktinya"": 0.04485288, ""bumn"": 0.07141564, ""cargo"": 0.04147771, ""center"": 0.03570782, ""class"": 0.04485288, ""content"": 0.00896897, ""continue"": 0.00896897, ""daerah"": 0.02656276, ""dampak"": 0.08424132, ""deluxe"": 0.04485288, ""detiksport"": 0.03908299, ""development"": 0.0372255, ""dianggap"": 0.03570782, ""diantisipasi"": 0.04485288, ""dibangun"": 0.03442464, ""digelar"": 0.08424132, ""dilakukan"": 0.02012658, ""dini"": 0.03908299, ""diprediksi"": 0.03442464, ""dirasakan"": 0.03908299, ""direktur"": 0.02808044, ""disimpan"": 0.00832419, ""disorot"": 0.04485288, ""disusun"": 0.04147771, ""ditandatangani"": 0.04485288, ""dongkrak"": 0.08970575, ""dua"": 0.01931382, ""dukungan"": 0.02993793, ""dunia"": 0.0220376, ""efeknya"": 0.04485288, ""ekonomi"": 0.09956936, ""ekosistem"": 0.03145561, ""elemen"": 0.04485288, ""event"": 0.03908299, ""faktor"": 0.03145561, ""gelaran"": 0.04147771, ""grand"": 0.02993793, ""grandstand"": 0.1794115, ""hal"": 0.0175733, ""handling"": 0.04485288, ""hanya"": 0.01696764, ""harga"": 0.04978468, ""hari"": 0.01893538, ""hospitality"": 0.1794115, ""hotel"": 0.074451, ""indonesia"": 0.15022984, ""industri"": 0.02865475, ""ingin"": 0.04833608, ""injourney"": 0.07816597, ""isu"": 0.0372255, ""itdc"": 0.1794115, ""itulah"": 0.0666262, ""jakarta"": 0.00972889, ""jangka"": 0.03442464, ""kalau"": 0.02177332, ""kami"": 0.01726496, ""karenanya"": 0.0372255, ""kargo"": 0.03908299, ""kategori"": 0.07141564, ""kebutuhan"": 0.02568572, ""kepada"": 0.01839815, ""kerjasama"": 0.04485288, ""kesulitan"": 0.05508642, ""ketat"": 0.03066223, ""kita"": 0.01822651, ""kolaborasi"": 0.07816597, ""komponen"": 0.03570782, ""konektivitas"": 0.04147771, ""krusial"": 0.0372255, ""kunjungan"": 0.04147771, ""lain"": 0.01931382, ""lainnya"": 0.0261127, ""lama"": 0.02993793, ""langsung"": 0.01839815, ""laut"": 0.0333131, ""layanan"": 0.02993793, ""length"": 0.04485288, ""level"": 0.02993793, ""lintasan"": 0.09993929, ""logistik"": 0.0646653, ""lokal"": 0.03233265, ""lombok"": 0.08295541, ""luar"": 0.08424132, ""luas"": 0.03570782, ""luxury"": 0.04485288, ""main"": 0.0646653, ""maka"": 0.02808044, ""makin"": 0.03066223, ""mampu"": 0.02231055, ""mandalika"": 0.392786, ""manfaat"": 0.0372255, ""marc"": 0.01950969, ""marquez"": 0.01931382, ""masih"": 0.01549878, ""masyarakat"": 0.06531996, ""maupun"": 0.05312552, ""melakukan"": 0.01773186, ""melalui"": 0.01991583, ""meliputi"": 0.0372255, ""memastikan"": 0.0411296, ""membangun"": 0.02927164, ""memberikan"": 0.0411296, ""memperpanjang"": 0.07816597, ""mempersiapkan"": 0.03908299, ""mencakup"": 0.0646653, ""mendorong"": 0.05854328, ""mengapa"": 0.04147771, ""mengatur"": 0.03570782, ""menghasilkan"": 0.0372255, ""menghubungkan"": 0.04485288, ""mengingat"": 0.03145561, ""mengungkit"": 0.04485288, ""menilai"": 0.02489234, ""meningkatkan"": 0.05055916, ""menjadi"": 0.0134477, ""menjalar"": 0.04485288, ""menonton"": 0.04147771, ""menurut"": 0.04576972, ""menyaksikan"": 0.04147771, ""menyiapkan"": 0.02808044, ""menyukai"": 0.00832419, ""mgpa"": 0.04485288, ""minggu"": 0.02079287, ""mitra"": 0.03570782, ""mohammad"": 0.03145561, ""motogp"": 0.3431085, ""motor"": 0.02318759, ""mrp"": 0.02927164, ""mrs"": 0.04485288, ""mulai"": 0.01822651, ""musim"": 0.02318759, ""nantinya"": 0.03908299, ""nds"": 0.0333131, ""ntb"": 0.11724896, ""oktober"": 0.05987586, ""olahraga"": 0.03066223, ""operasional"": 0.02452232, ""package"": 0.04485288, ""paket"": 0.04147771, ""panitia"": 0.08970575, ""panjang"": 0.02754321, ""pariwisata"": 0.08295541, ""partner"": 0.04485288, ""pebalap"": 0.02012658, ""pemerintah"": 0.02034281, ""penanganan"": 0.02993793, ""penerbangan"": 0.05616088, ""penting"": 0.07148469, ""penuh"": 0.06291122, ""penyelenggaraan"": 0.03908299, ""perekonomian"": 0.03066223, ""pergerakan"": 0.03908299, ""perjalanan"": 0.02927164, ""perlengkapan"": 0.04485288, ""persaingan"": 0.02754321, ""persiapan"": 0.03233265, ""pertamina"": 0.03442464, ""pertanyaan"": 0.03908299, ""pihak"": 0.02865475, ""pola"": 0.0333131, ""potongan"": 0.04147771, ""pratama"": 0.02703856, ""premium"": 0.074451, ""presale"": 0.04485288, ""prix"": 0.02865475, ""publik"": 0.03066223, ""pun"": 0.02177332, ""rabu"": 0.03066223, ""rasanya"": 0.03908299, ""regular"": 0.04485288, ""resha"": 0.03145561, ""rilis"": 0.0372255, ""rumah"": 0.02808044, ""salah"": 0.0205648, ""sambungnya"": 0.03233265, ""sana"": 0.02808044, ""sangat"": 0.02034281, ""satunya"": 0.02865475, ""scroll"": 0.00896897, ""sebelum"": 0.02231055, ""sebesar"": 0.02568572, ""sejak"": 0.0205648, ""sejumlah"": 0.03983166, ""sekadar"": 0.0333131, ""sekitar"": 0.0220376, ""sektor"": 0.02527958, ""selama"": 0.02034281, ""sep"": 0.0120424, ""seperti"": 0.01613452, ""september"": 0.02177332, ""seri"": 0.02416804, ""serta"": 0.07884114, ""siapkan"": 0.03908299, ""sirkuit"": 0.07356695, ""skema"": 0.06291122, ""sore"": 0.02808044, ""spending"": 0.04485288, ""sport"": 0.01404254, ""stay"": 0.04485288, ""strategis"": 0.03442464, ""sukses"": 0.06884928, ""swasta"": 0.07816597, ""tapi"": 0.01822651, ""tengah"": 0.02527958, ""tent"": 0.04485288, ""terburuk"": 0.0372255, ""terintegrasi"": 0.074451, ""terjawab"": 0.04147771, ""terus"": 0.02034281, ""terutama"": 0.02808044, ""tetapi"": 0.0411296, ""tiket"": 0.0666262, ""tim"": 0.02382823, ""tinggal"": 0.03066223, ""tourism"": 0.08970575, ""transportasi"": 0.13769856, ""travel"": 0.08970575, ""triliun"": 0.02754321, ""troy"": 0.22426438, ""tuan"": 0.03442464, ""udara"": 0.02865475, ""ujar"": 0.0174177, ""utama"": 0.01971029, ""video"": 0.03004597, ""vip"": 0.13455863, ""warokka"": 0.04485288, ""wib"": 0.00832419, ""wisatawan"": 0.11724896, ""with"": 0.00896897, ""zona"": 0.11724896}",1
SP062,"{""agar"": 0.03001703, ""agresif"": 0.05580487, ""akhir"": 0.05473917, ""anda"": 0.01119952, ""aragon"": 0.10190405, ""arah"": 0.04631554, ""awal"": 0.02797511, ""bagnaia"": 0.03637818, ""bagus"": 0.03251613, ""bahkan"": 0.03078971, ""bahwa"": 0.02651858, ""balap"": 0.04125353, ""balapan"": 0.0771831, ""banyak"": 0.02766826, ""bay"": 0.04232096, ""beberapa"": 0.03001703, ""belum"": 0.02929423, ""benar"": 0.21826905, ""berada"": 0.05095203, ""beradaptasi"": 0.04804196, ""berbeda"": 0.04027904, ""berharap"": 0.04350094, ""bertahan"": 0.04027904, ""berusaha"": 0.08700189, ""besar"": 0.02263379, ""bezzecchi"": 0.03039671, ""bijak"": 0.06034589, ""bikin"": 0.04350094, ""bos"": 0.04482006, ""bukan"": 0.02929423, ""buruk"": 0.04631554, ""cal"": 0.10516594, ""cedera"": 0.08964011, ""content"": 0.01206701, ""continue"": 0.01206701, ""crash"": 0.03573803, ""crutchlow"": 0.25041935, ""depan"": 0.02736959, ""dia"": 0.17165601, ""dialami"": 0.06034589, ""dianggap"": 0.04804196, ""dibutuhkan"": 0.05008387, ""dijalaninya"": 0.05580487, ""dilansir"": 0.03401162, ""dilontarkan"": 0.06034589, ""diri"": 0.0393826, ""dirinya"": 0.04125353, ""disarankan"": 0.05580487, ""disimpan"": 0.01119952, ""ducati"": 0.0296498, ""duel"": 0.04482006, ""dunia"": 0.05929959, ""endurance"": 0.06034589, ""finis"": 0.02736959, ""fisik"": 0.12696287, ""fokus"": 0.03777994, ""gelar"": 0.23629562, ""harus"": 0.04413799, ""honda"": 0.04350094, ""inggris"": 0.04482006, ""jakarta"": 0.01308943, ""jam"": 0.04027904, ""juara"": 0.1083147, ""kamis"": 0.03299277, ""kanannya"": 0.11160974, ""karakter"": 0.05008387, ""kata"": 0.02244234, ""kecepatan"": 0.04125353, ""kehilangan"": 0.04350094, ""kejuaraan"": 0.07555988, ""kemampuan"": 0.04125353, ""kena"": 0.05258297, ""kesalahan"": 0.12083713, ""ketahanan"": 0.18526217, ""keterbatasan"": 0.04804196, ""ketika"": 0.10203485, ""kiri"": 0.05008387, ""kondisi"": 0.08300478, ""kondisinya"": 0.05580487, ""konsistensi"": 0.09263109, ""kris"": 0.03455804, ""krs"": 0.03299277, ""kunci"": 0.04232096, ""lain"": 0.02598517, ""lalu"": 0.02707867, ""lengan"": 0.09263109, ""lengannya"": 0.05580487, ""mana"": 0.03299277, ""mantan"": 0.04631554, ""marc"": 0.31498441, ""marquez"": 0.10394068, ""masa"": 0.03573803, ""masalah"": 0.08055808, ""masih"": 0.10426173, ""melihat"": 0.03119701, ""memacu"": 0.10516594, ""memaksakan"": 0.05258297, ""memang"": 0.0296498, ""memastikan"": 0.02766826, ""membaik"": 0.04804196, ""membalap"": 0.05258297, ""membiarkan"": 0.05258297, ""membuat"": 0.11316246, ""memilih"": 0.04232096, ""memiliki"": 0.02651858, ""memperkirakan"": 0.04631554, ""memprediksi"": 0.04804196, ""menang"": 0.03161969, ""mengaku"": 0.03777994, ""mengalami"": 0.03205894, ""mengandalkan"": 0.05580487, ""mengatur"": 0.04804196, ""mengelola"": 0.05008387, ""mengganggu"": 0.04804196, ""menghindari"": 0.05008387, ""mengikuti"": 0.04125353, ""mengungkapkan"": 0.04232096, ""menilai"": 0.03349061, ""menjadi"": 0.07237112, ""menjalani"": 0.14822857, ""mental"": 0.04631554, ""menyerang"": 0.15774891, ""menyukai"": 0.01119952, ""momen"": 0.04350094, ""motogp"": 0.14577616, ""motor"": 0.03119701, ""mungkin"": 0.06323938, ""musim"": 0.06239403, ""nempel"": 0.04631554, ""net"": 0.04482006, ""ogura"": 0.04350094, ""operasi"": 0.08700189, ""pebalap"": 0.13539337, ""pekan"": 0.06503226, ""pendapat"": 0.05008387, ""pendekatan"": 0.10016774, ""pentingnya"": 0.05258297, ""perburuan"": 0.05258297, ""perebutan"": 0.04350094, ""perlu"": 0.0351325, ""persaingan"": 0.03705714, ""pertarungan"": 0.04804196, ""pikir"": 0.12696287, ""pulih"": 0.06034589, ""pun"": 0.05858845, ""race"": 0.03205894, ""rasa"": 0.04232096, ""rider"": 0.02797511, ""rival"": 0.04482006, ""rquez"": 0.06034589, ""sama"": 0.03039671, ""sana"": 0.03777994, ""sangat"": 0.05473917, ""scroll"": 0.01206701, ""sebelum"": 0.03001703, ""sebisa"": 0.05580487, ""sebuah"": 0.08700189, ""sedang"": 0.0393826, ""sejumlah"": 0.02679513, ""selalu"": 0.11814781, ""selayaknya"": 0.06034589, ""sep"": 0.01620207, ""sepanjang"": 0.03705714, ""sepenuhnya"": 0.04232096, ""seperti"": 0.15195381, ""setelah"": 0.0234341, ""silverstone"": 0.08464191, ""sini"": 0.0351325, ""sirkuit"": 0.06598555, ""sisa"": 0.04804196, ""situasi"": 0.07876521, ""sport"": 0.01889309, ""strategi"": 0.07710526, ""sulit"": 0.07876521, ""tahu"": 0.06911608, ""tahun"": 0.02153131, ""tapi"": 0.02452229, ""tenaga"": 0.04350094, ""terbaik"": 0.07411428, ""terbaiknya"": 0.05008387, ""terhadap"": 0.0262487, ""tetap"": 0.024989, ""tetapi"": 0.11067303, ""tikungan"": 0.04027904, ""ucapnya"": 0.05258297, ""ujarnya"": 0.03251613, ""uji"": 0.04804196, ""ujian"": 0.06034589, ""utama"": 0.02651858, ""wib"": 0.01119952, ""with"": 0.01206701}",1
SP063,"{""absennya"": 0.06583785, ""adalah"": 0.02490616, ""akhirnya"": 0.03497656, ""alasan"": 0.08085928, ""anda"": 0.01221877, ""aprilia"": 0.20421717, ""aragon"": 0.13897268, ""bagian"": 0.07095072, ""bagus"": 0.03547536, ""bahkan"": 0.03359183, ""baik"": 0.02779454, ""balapan"": 0.25262215, ""bangkit"": 0.05464191, ""bantuan"": 0.05241416, ""banyak"": 0.06037259, ""beberapa"": 0.13099528, ""belajar"": 0.04889904, ""berharap"": 0.09491976, ""berikutnya"": 0.03832984, ""bersama"": 0.0292337, ""bertahan"": 0.04394476, ""bertarung"": 0.05736845, ""bezzecchi"": 0.09948917, ""bukan"": 0.03196024, ""buruk"": 0.05053063, ""cedera"": 0.04889904, ""cepat"": 0.09001587, ""com"": 0.05053063, ""content"": 0.01316521, ""continue"": 0.01316521, ""dekat"": 0.04121822, ""diri"": 0.04296674, ""disimpan"": 0.01221877, ""duel"": 0.04889904, ""finis"": 0.02986044, ""gaya"": 0.05241416, ""gentar"": 0.06088357, ""gila"": 0.06583785, ""grip"": 0.05736845, ""hanya"": 0.02490616, ""hari"": 0.02779454, ""hasil"": 0.02675401, ""ikuti"": 0.05241416, ""jakarta"": 0.01428068, ""jam"": 0.04394476, ""jarak"": 0.03899048, ""jika"": 0.0377031, ""jorge"": 0.12784096, ""juara"": 0.05908611, ""justru"": 0.03899048, ""kami"": 0.15205553, ""kamis"": 0.03599538, ""kandidat"": 0.05736845, ""karakter"": 0.05464191, ""kata"": 0.02448478, ""katanya"": 0.04206123, ""kebangkitan"": 0.06088357, ""kejuaraan"": 0.08243645, ""kelima"": 0.04206123, ""kembali"": 0.05908611, ""kemenangan"": 0.03052108, ""kepada"": 0.02700596, ""kepemimpinan"": 0.06583785, ""kesulitan"": 0.08085928, ""keunggulannya"": 0.05736845, ""kini"": 0.03547536, ""klasemen"": 0.09475274, ""kompetitif"": 0.05241416, ""kris"": 0.0377031, ""krs"": 0.03599538, ""lalu"": 0.05908611, ""lawan"": 0.05053063, ""makin"": 0.04500793, ""mana"": 0.10798615, ""marc"": 0.2577379, ""marco"": 0.06549764, ""marquez"": 0.14175016, ""martin"": 0.44217946, ""masalahnya"": 0.05053063, ""masih"": 0.04550016, ""mau"": 0.03968888, ""melawan"": 0.05053063, ""melihat"": 0.0340362, ""memang"": 0.03234817, ""membantu"": 0.04500793, ""membuat"": 0.03086529, ""membutuhkan"": 0.04296674, ""memiliki"": 0.02893199, ""memimpin"": 0.04121822, ""mempertahankan"": 0.04617251, ""mencoba"": 0.03968888, ""mendekat"": 0.06583785, ""menegaskan"": 0.03599538, ""mengakui"": 0.04206123, ""menganalisis"": 0.06088357, ""menghadapi"": 0.03497656, ""mengincar"": 0.06583785, ""mengintai"": 0.06088357, ""mengubah"": 0.05464191, ""menilai"": 0.03653853, ""menjadi"": 0.05921811, ""menjadikan"": 0.06583785, ""menjaga"": 0.03547536, ""menurut"": 0.03359183, ""menyukai"": 0.02443753, ""menyusul"": 0.10106127, ""meraih"": 0.03899048, ""merasa"": 0.04617251, ""merupakan"": 0.05505196, ""meskipun"": 0.04745988, ""misano"": 0.12618369, ""modal"": 0.04889904, ""motogp"": 0.21205729, ""motor"": 0.06807239, ""mrp"": 0.04296674, ""mulai"": 0.02675401, ""musim"": 0.0340362, ""naik"": 0.03449734, ""namun"": 0.05670006, ""nempel"": 0.05053063, ""ngebut"": 0.05736845, ""pebalap"": 0.05908611, ""pelajari"": 0.06088357, ""pengalaman"": 0.04617251, ""penting"": 0.03497656, ""penuh"": 0.04617251, ""percaya"": 0.04296674, ""persaingan"": 0.16171857, ""pikir"": 0.18469002, ""poin"": 0.09588072, ""proses"": 0.03710695, ""puncak"": 0.04617251, ""rival"": 0.04889904, ""sama"": 0.06632611, ""sang"": 0.05053063, ""sangat"": 0.08958132, ""satu"": 0.02556679, ""scroll"": 0.01316521, ""sebelumnya"": 0.0272632, ""sederhana"": 0.06583785, ""sehingga"": 0.03086529, ""sekarang"": 0.03359183, ""selama"": 0.02986044, ""semakin"": 0.03653853, ""semua"": 0.03274882, ""semuanya"": 0.04206123, ""senang"": 0.04889904, ""sep"": 0.01767659, ""seperti"": 0.02368326, ""serta"": 0.02893199, ""siap"": 0.03449734, ""sirkuit"": 0.07199077, ""sport"": 0.02061251, ""sprint"": 0.03653853, ""strategi"": 0.04206123, ""sukai"": 0.06583785, ""susah"": 0.05464191, ""tahun"": 0.04698167, ""takut"": 0.06088357, ""tapi"": 0.02675401, ""terdekat"": 0.06583785, ""terlalu"": 0.05053063, ""terpangkas"": 0.06088357, ""tertinggal"": 0.04745988, ""tetap"": 0.13631601, ""trek"": 0.04889904, ""turun"": 0.03599538, ""ujarnya"": 0.03547536, ""wib"": 0.01221877, ""with"": 0.01316521, ""yakin"": 0.04296674}",1
SP064,"{""acosta"": 0.49797039, ""adik"": 0.05768466, ""advertisement"": 0.01336134, ""aff"": 0.03572213, ""aku"": 0.08993255, ""aleix"": 0.05768466, ""alih"": 0.08327169, ""anda"": 0.01157678, ""aprilia"": 0.06449578, ""aragon"": 0.02633418, ""austria"": 0.11536933, ""awal"": 0.02891746, ""bagaimanapun"": 0.06237864, ""bagnaia"": 0.11281073, ""bagus"": 0.06722287, ""bahwa"": 0.02741186, ""balapan"": 0.18616037, ""banyak"": 0.02860027, ""beberapa"": 0.06205631, ""belum"": 0.09084302, ""benar"": 0.03760358, ""berjuluk"": 0.05768466, ""bermodalkan"": 0.05768466, ""bersaing"": 0.04264316, ""betul"": 0.04496628, ""bintang"": 0.05768466, ""buat"": 0.03631594, ""cepat"": 0.04264316, ""content"": 0.01247349, ""continue"": 0.01247349, ""cukup"": 0.03102815, ""cuma"": 0.02924359, ""dekat"": 0.07810513, ""delapan"": 0.04374654, ""depan"": 0.02829153, ""desmosedici"": 0.11536933, ""dia"": 0.10139329, ""dicapainya"": 0.06237864, ""digadang"": 0.05768466, ""dilakoni"": 0.06237864, ""dipersenjatai"": 0.06237864, ""dipungkiri"": 0.06237864, ""disimpan"": 0.01157678, ""diyakini"": 0.05435423, ""dua"": 0.02686048, ""dunia"": 0.15324277, ""ekspektasi"": 0.04966025, ""espargaro"": 0.21873271, ""finis"": 0.05658307, ""francesco"": 0.03830541, ""gadang"": 0.05768466, ""gelar"": 0.04070921, ""grand"": 0.12490754, ""hal"": 0.02443987, ""hanya"": 0.02359756, ""hijrah"": 0.12475728, ""hiu"": 0.06237864, ""jakarta"": 0.01353035, ""jalur"": 0.04966025, ""jorge"": 0.03028101, ""juara"": 0.11196329, ""jumat"": 0.03631594, ""kali"": 0.05984954, ""kami"": 0.02401106, ""kandung"": 0.06237864, ""karina"": 0.04163585, ""kedua"": 0.02659434, ""kejuaraan"": 0.03905256, ""kelas"": 0.08993255, ""kemenangan"": 0.05783492, ""kesempatan"": 0.03694187, ""khawatir"": 0.05177095, ""kita"": 0.02534832, ""ktm"": 0.08993255, ""kuharap"": 0.06237864, ""kurasa"": 0.18713593, ""lalu"": 0.08397246, ""lambat"": 0.05435423, ""lawan"": 0.04787569, ""level"": 0.08327169, ""makin"": 0.04264316, ""mampu"": 0.03102815, ""mana"": 0.03410414, ""marc"": 0.02713289, ""marca"": 0.06237864, ""marino"": 0.04374654, ""marquez"": 0.02686048, ""martin"": 0.02992477, ""masa"": 0.03694187, ""mazarron"": 0.06237864, ""memang"": 0.03064855, ""memenangi"": 0.14776747, ""memungkinkan"": 0.05177095, ""menambahkan"": 0.03461875, ""menang"": 0.0326848, ""menangi"": 0.05177095, ""mendatang"": 0.04966025, ""menghadapi"": 0.03313885, ""mentok"": 0.06237864, ""menyukai"": 0.01157678, ""merebut"": 0.04163585, ""misano"": 0.03985128, ""moto"": 0.08327169, ""motogp"": 0.10045776, ""mulai"": 0.02534832, ""mungkin"": 0.0326848, ""okdwitya"": 0.04374654, ""pabrikan"": 0.04787569, ""pebalap"": 0.02799082, ""pedro"": 0.19152707, ""pengalaman"": 0.04374654, ""penguji"": 0.05768466, ""peningkatan"": 0.03985128, ""penyempurnaan"": 0.06237864, ""pindah"": 0.1035419, ""plus"": 0.05768466, ""podium"": 0.0351573, ""pol"": 0.21321578, ""primer"": 0.06237864, ""prix"": 0.11955383, ""punya"": 0.03361144, ""rider"": 0.05783492, ""rin"": 0.04374654, ""rookie"": 0.05177095, ""saja"": 0.03028101, ""san"": 0.04374654, ""sangat"": 0.0848746, ""sari"": 0.04374654, ""scroll"": 0.01247349, ""secepatnya"": 0.05768466, ""seharusnya"": 0.05435423, ""sejak"": 0.02860027, ""sekarang"": 0.06365374, ""sep"": 0.01674784, ""sepekan"": 0.05177095, ""sepenuhnya"": 0.04374654, ""sirkuit"": 0.06820828, ""soal"": 0.09426187, ""sport"": 0.0195295, ""tahun"": 0.0222566, ""tampil"": 0.03760358, ""tangan"": 0.09575137, ""tanpa"": 0.04264316, ""tap"": 0.06237864, ""tapi"": 0.02534832, ""tengah"": 0.0351573, ""tentang"": 0.03985128, ""terbaik"": 0.03830541, ""terendah"": 0.05435423, ""terjadi"": 0.02992477, ""termasuk"": 0.02992477, ""terobsesi"": 0.06237864, ""tinggi"": 0.03631594, ""titel"": 0.09932051, ""titik"": 0.04264316, ""tunggangan"": 0.06237864, ""tuntutan"": 0.06237864, ""ucap"": 0.05177095, ""video"": 0.0417861, ""waktu"": 0.05117405, ""wib"": 0.01157678, ""with"": 0.01247349, ""yakin"": 0.12212763}",1
SP065,"{""acosta"": 0.04837879, ""advertisement"": 0.00843752, ""akhir"": 0.03573151, ""aldeguer"": 0.02374619, ""alex"": 0.02255808, ""anda"": 0.00731059, ""aprilia"": 0.10182071, ""aragon"": 0.09977823, ""artinya"": 0.0302329, ""bagnaia"": 0.02374619, ""balapan"": 0.11755797, ""barat"": 0.02629252, ""belum"": 0.01912208, ""berada"": 0.03325941, ""berdasarkan"": 0.01935418, ""berhasil"": 0.01984174, ""berikut"": 0.05258504, ""berjarak"": 0.02570736, ""berlangsung"": 0.06109243, ""berlanjut"": 0.03432403, ""bezzecchi"": 0.09920868, ""circuit"": 0.11817402, ""content"": 0.00787685, ""continue"": 0.00787685, ""data"": 0.02466121, ""dekat"": 0.02466121, ""dicoret"": 0.03939134, ""digelar"": 0.04932242, ""dijadwalkan"": 0.03135984, ""dilanjutkan"": 0.02925671, ""dimenangi"": 0.03939134, ""dimulai"": 0.0276254, ""disimpan"": 0.00731059, ""dominan"": 0.03269271, ""ducati"": 0.09677091, ""duel"": 0.02925671, ""enam"": 0.02570736, ""fabio"": 0.02629252, ""fermin"": 0.02466121, ""fernandez"": 0.02570736, ""finis"": 0.03573151, ""francesco"": 0.0241894, ""free"": 0.19615628, ""gelar"": 0.02570736, ""giannantonio"": 0.02692863, ""grand"": 0.02629252, ""gresini"": 0.05033118, ""hanya"": 0.07450782, ""hasil"": 0.0320143, ""indonesia"": 0.0131937, ""jadwal"": 0.11873097, ""jakarta"": 0.00854425, ""jam"": 0.02629252, ""jarak"": 0.04665666, ""jorge"": 0.11473248, ""jumat"": 0.04586614, ""kalender"": 0.03432403, ""kanan"": 0.0302329, ""kedua"": 0.03358799, ""keduanya"": 0.0276254, ""kejar"": 0.03269271, ""kelas"": 0.08518694, ""kelima"": 0.05033118, ""kemenangan"": 0.01826102, ""kemudian"": 0.01786575, ""ketat"": 0.02692863, ""ketiga"": 0.04019655, ""keunggulannya"": 0.03432403, ""kilometer"": 0.06271967, ""kini"": 0.06367562, ""kiri"": 0.03269271, ""klasemen"": 0.07558848, ""kris"": 0.02255808, ""krs"": 0.02153634, ""ktm"": 0.02839565, ""kualifikasi"": 0.02570736, ""kurang"": 0.0276254, ""lap"": 0.12582794, ""lawan"": 0.0302329, ""lengkapnya"": 0.03432403, ""lenovo"": 0.06271967, ""lima"": 0.02153634, ""makin"": 0.02692863, ""marc"": 0.2227431, ""marco"": 0.07837558, ""marino"": 0.19337779, ""marquez"": 0.1356965, ""martin"": 0.22676545, ""masih"": 0.02722313, ""memangkas"": 0.03135984, ""membuat"": 0.01846696, ""memenangi"": 0.02332833, ""memiliki"": 0.01731025, ""memimpin"": 0.02466121, ""mencatat"": 0.0276254, ""mendapat"": 0.0241894, ""mengoleksi"": 0.0302329, ""mengumpulkan"": 0.0302329, ""menjadi"": 0.01181023, ""menuju"": 0.02570736, ""menyukai"": 0.00731059, ""meraih"": 0.02332833, ""merupakan"": 0.01646903, ""minggu"": 0.05478305, ""misano"": 0.15099353, ""misi"": 0.03432403, ""moto"": 0.31551025, ""motogp"": 0.38062699, ""motor"": 0.02036414, ""mulai"": 0.01600715, ""musim"": 0.04072828, ""nah"": 0.0302329, ""nempel"": 0.0302329, ""ogura"": 0.02839565, ""panjang"": 0.0241894, ""paruh"": 0.03642715, ""pebalap"": 0.05302757, ""pedro"": 0.04837879, ""pekan"": 0.02122521, ""penuh"": 0.0276254, ""perebutan"": 0.02839565, ""persaingan"": 0.07256819, ""pertama"": 0.016794, ""poin"": 0.1912208, ""pos"": 0.0302329, ""posisi"": 0.016794, ""practice"": 0.26331039, ""prix"": 0.02516559, ""pun"": 0.01912208, ""qualifying"": 0.20594415, ""race"": 0.04185355, ""racing"": 0.04749239, ""ran"": 0.02629252, ""rangkaian"": 0.02839565, ""raul"": 0.02692863, ""resmi"": 0.04586614, ""sabtu"": 0.04586614, ""san"": 0.19337779, ""sangat"": 0.01786575, ""satu"": 0.01529683, ""scroll"": 0.00787685, ""sedangkan"": 0.02516559, ""selama"": 0.01786575, ""selisih"": 0.0276254, ""semakin"": 0.02186131, ""sembilan"": 0.0302329, ""sementara"": 0.05762296, ""sempurna"": 0.03642715, ""sendiri"": 0.02332833, ""sep"": 0.01057605, ""seperti"": 0.0141699, ""september"": 0.0956104, ""seri"": 0.10612603, ""sesi"": 0.09498477, ""setelah"": 0.04589048, ""simoncelli"": 0.07878268, ""sirkuit"": 0.04307268, ""sport"": 0.01233264, ""sprint"": 0.06558393, ""tampil"": 0.04749239, ""tapi"": 0.01600715, ""team"": 0.05033118, ""teratas"": 0.0302329, ""terbuka"": 0.02629252, ""terdiri"": 0.03642715, ""tergerus"": 0.03939134, ""terpaut"": 0.03939134, ""tersisa"": 0.03269271, ""tiga"": 0.01731025, ""tikungan"": 0.07887756, ""tim"": 0.02092677, ""total"": 0.02570736, ""trackhouse"": 0.05851342, ""utama"": 0.05193075, ""waktu"": 0.06463156, ""warm"": 0.03642715, ""wib"": 0.06579531, ""with"": 0.00787685, ""world"": 0.08518694}",1
SP066,"{""absen"": 0.04118186, ""adalah"": 0.01877098, ""advertisement"": 0.01062845, ""akhir"": 0.04500973, ""alasan"": 0.03047053, ""alasannya"": 0.03950288, ""anda"": 0.01841779, ""aprilia"": 0.025652, ""aragon"": 0.04189571, ""aspek"": 0.03392104, ""awal"": 0.04600552, ""bagnaia"": 0.02991225, ""baik"": 0.02094786, ""balapan"": 0.14808365, ""balik"": 0.03808333, ""ban"": 0.17399373, ""banyak"": 0.02275045, ""belakangan"": 0.04118186, ""belanda"": 0.03950288, ""berat"": 0.03950288, ""berikutnya"": 0.02888798, ""bertanya"": 0.04323677, ""besar"": 0.01861082, ""biasa"": 0.03170021, ""bobot"": 0.09923978, ""cadangan"": 0.045886, ""cal"": 0.08647354, ""cara"": 0.06476532, ""cedera"": 0.11056095, ""cenderung"": 0.045886, ""cepat"": 0.03392104, ""content"": 0.0099222, ""continue"": 0.0099222, ""crutchlow"": 0.53536424, ""cukup"": 0.04936348, ""dampaknya"": 0.045886, ""dani"": 0.09177201, ""dia"": 0.18147283, ""dibandingkan"": 0.02991225, ""dibutuhkan"": 0.04118186, ""dilansir"": 0.02796632, ""diminta"": 0.03950288, ""diprediksi"": 0.03808333, ""disebutnya"": 0.045886, ""disimpan"": 0.00920889, ""enam"": 0.03238266, ""faktor"": 0.03479875, ""favorit"": 0.08647354, ""francesco"": 0.03047053, ""gelar"": 0.03238266, ""grid"": 0.07900577, ""harus"": 0.01814641, ""hitam"": 0.04961989, ""jakarta"": 0.01076289, ""jauh"": 0.03238266, ""jepang"": 0.03479875, ""jorge"": 0.09634965, ""juara"": 0.04453131, ""justru"": 0.02938588, ""kalau"": 0.02408741, ""kandidat"": 0.04323677, ""karakter"": 0.04118186, ""kata"": 0.05536019, ""kecepatan"": 0.03392104, ""kekurangannya"": 0.04961989, ""kelima"": 0.03170021, ""kemenangan"": 0.02300276, ""kemudian"": 0.04500973, ""kenapa"": 0.03311977, ""kepada"": 0.02035353, ""ketika"": 0.05593265, ""keunggulan"": 0.035769, ""keuntungan"": 0.04118186, ""klasemen"": 0.04760808, ""kondisi"": 0.0455009, ""konsekuensinya"": 0.045886, ""konsisten"": 0.07900577, ""konsistensi"": 0.03808333, ""kris"": 0.02841563, ""krs"": 0.02712857, ""kuda"": 0.04961989, ""lain"": 0.04273303, ""lama"": 0.03311977, ""langsung"": 0.04070706, ""latihan"": 0.03685365, ""lima"": 0.02712857, ""luar"": 0.03106486, ""marc"": 0.12949923, ""marquez"": 0.08546606, ""martin"": 0.1190202, ""masih"": 0.03429202, ""melihat"": 0.05130399, ""memacu"": 0.04323677, ""memaksimalkan"": 0.04323677, ""memang"": 0.04875957, ""membuat"": 0.04652437, ""membutuhkan"": 0.06476532, ""memilih"": 0.06959749, ""memiliki"": 0.02180512, ""memuji"": 0.04961989, ""memuncaki"": 0.04323677, ""menang"": 0.02599954, ""menarik"": 0.03950288, ""mendapatkan"": 0.02991225, ""mengaktifkan"": 0.04961989, ""mengalami"": 0.05272144, ""mengendarai"": 0.04323677, ""menghemat"": 0.045886, ""menilai"": 0.02753793, ""menjadi"": 0.0446308, ""menjelang"": 0.03950288, ""menurut"": 0.02531709, ""menyebut"": 0.02673665, ""menyukai"": 0.00920889, ""menyukainya"": 0.045886, ""meraih"": 0.02938588, ""merupakan"": 0.02074546, ""minggu"": 0.02300276, ""mirip"": 0.09923978, ""motogp"": 0.09988801, ""motor"": 0.025652, ""motosan"": 0.03808333, ""mulai"": 0.02016365, ""musim"": 0.025652, ""nama"": 0.03106486, ""namun"": 0.02136651, ""ogura"": 0.46499699, ""paling"": 0.02888798, ""panas"": 0.045886, ""pebalap"": 0.13359394, ""pedrosa"": 0.09923978, ""pengelolaan"": 0.07616665, ""penting"": 0.02636072, ""perebutan"": 0.035769, ""pilih"": 0.03950288, ""pilihannya"": 0.09923978, ""podium"": 0.02796632, ""poin"": 0.02408741, ""posisi"": 0.02115481, ""prediksi"": 0.06959749, ""pun"": 0.02408741, ""punya"": 0.05347329, ""relatif"": 0.045886, ""rider"": 0.02300276, ""ringan"": 0.04961989, ""rival"": 0.03685365, ""salah"": 0.02275045, ""sangat"": 0.04500973, ""satu"": 0.05780663, ""satunya"": 0.06340042, ""scroll"": 0.0099222, ""sebelum"": 0.02468174, ""sehingga"": 0.04652437, ""sekitar"": 0.02437978, ""selain"": 0.05130399, ""selalu"": 0.06476532, ""sementara"": 0.01814641, ""sempat"": 0.02326218, ""sep"": 0.01332228, ""seperti"": 0.03569864, ""sepertinya"": 0.04961989, ""seri"": 0.05347329, ""setelah"": 0.05780663, ""siapa"": 0.03808333, ""soal"": 0.04998788, ""sport"": 0.01553499, ""suka"": 0.04323677, ""tahap"": 0.03950288, ""tahu"": 0.02841563, ""tampil"": 0.02991225, ""tangan"": 0.03808333, ""tapi"": 0.04032729, ""teknis"": 0.03808333, ""terbaik"": 0.06094106, ""terendah"": 0.04323677, ""terhadap"": 0.0215832, ""termasuk"": 0.02380404, ""terutama"": 0.03106486, ""tetapi"": 0.02275045, ""titik"": 0.03392104, ""trackhouse"": 0.03685365, ""tubuh"": 0.04961989, ""tubuhnya"": 0.04961989, ""turun"": 0.02712857, ""ujar"": 0.01926888, ""utama"": 0.02180512, ""waktu"": 0.04070706, ""wib"": 0.00920889, ""with"": 0.0099222, ""yaitu"": 0.03311977, ""yna"": 0.03479875}",1
SP067,"{""adalah"": 0.01689078, ""advertisement"": 0.00956385, ""agustus"": 0.03131312, ""alasan"": 0.02741844, ""anda"": 0.00828648, ""antusiasme"": 0.11117062, ""apa"": 0.0227812, ""awal"": 0.04139737, ""bagaimana"": 0.02644244, ""bagi"": 0.01814395, ""bagian"": 0.04811713, ""bahwa"": 0.039242, ""baik"": 0.01884961, ""ban"": 0.03131312, ""bantu"": 0.04128982, ""baru"": 0.09912809, ""beirer"": 0.22324851, ""benar"": 0.05383216, ""berbicara"": 0.04128982, ""bergabung"": 0.07411375, ""berkomitmen"": 0.03554607, ""berpengalaman"": 0.12386947, ""bersama"": 0.01982562, ""besar"": 0.01674666, ""bukan"": 0.06502408, ""content"": 0.00892834, ""continue"": 0.00892834, ""crash"": 0.02644244, ""cuma"": 0.02093212, ""datang"": 0.02691608, ""dia"": 0.05443185, ""dianggap"": 0.03554607, ""dibutuhkan"": 0.03705687, ""dilakukan"": 0.02003541, ""dilansir"": 0.02516507, ""dinilai"": 0.02795324, ""dirancang"": 0.03705687, ""direktur"": 0.02795324, ""disertai"": 0.04128982, ""disimpan"": 0.00828648, ""diumumkan"": 0.0446497, ""dua"": 0.01922633, ""era"": 0.11671785, ""faktor"": 0.03131312, ""formula"": 0.03554607, ""gabung"": 0.03218619, ""hebat"": 0.03705687, ""honda"": 0.03218619, ""hrc"": 0.03554607, ""ideal"": 0.0446497, ""ingin"": 0.12029282, ""italia"": 0.0570499, ""jakarta"": 0.00968482, ""jelas"": 0.02599441, ""kami"": 0.10312053, ""kapasitas"": 0.02980232, ""kata"": 0.01660501, ""kemampuan"": 0.06104667, ""kembangkan"": 0.0446497, ""kemenangan"": 0.02069869, ""kepindahan"": 0.04128982, ""keputusan"": 0.06104667, ""ketertarikan"": 0.0446497, ""ketertarikannya"": 0.0446497, ""ketika"": 0.02516507, ""kombinasi"": 0.11671785, ""kris"": 0.02556937, ""krs"": 0.02441123, ""ktm"": 0.51497904, ""kuat"": 0.02691608, ""lalu"": 0.02003541, ""luca"": 0.1788139, ""marini"": 0.32782549, ""masih"": 0.01542858, ""memang"": 0.02193778, ""memastikan"": 0.02047164, ""memasuki"": 0.03131312, ""membantu"": 0.15261668, ""membawa"": 0.02852495, ""membuat"": 0.02093212, ""memiliki"": 0.039242, ""memperkuat"": 0.02852495, ""mempersiapkan"": 0.03890595, ""mencari"": 0.03218619, ""mendapat"": 0.02741844, ""mengatakan"": 0.01982562, ""mengembangkan"": 0.0778119, ""mengetahui"": 0.0331622, ""menguji"": 0.03554607, ""mengungkapkan"": 0.03131312, ""menilai"": 0.02477958, ""meninggalkan"": 0.03554607, ""menjadi"": 0.09370748, ""menunjukkan"": 0.02516507, ""menurut"": 0.0227812, ""menyebut"": 0.02405856, ""menyukai"": 0.00828648, ""merekrut"": 0.0892994, ""merupakan"": 0.01866748, ""mesin"": 0.0778119, ""minggu"": 0.02069869, ""motogp"": 0.12583579, ""motor"": 0.16157791, ""motorsport"": 0.0446497, ""muda"": 0.16093095, ""mulai"": 0.0362879, ""musim"": 0.02308256, ""nantinya"": 0.03890595, ""net"": 0.0331622, ""orang"": 0.04955917, ""pebalap"": 0.26046037, ""pengalaman"": 0.09393937, ""pengembangan"": 0.10663821, ""penggunaan"": 0.03131312, ""penting"": 0.07116088, ""perdana"": 0.03705687, ""pertimbangan"": 0.0342687, ""perubahan"": 0.02852495, ""pirelli"": 0.04128982, ""pit"": 0.03890595, ""positif"": 0.02556937, ""proyek"": 0.1482275, ""punya"": 0.04811713, ""regulasi"": 0.09948659, ""resmi"": 0.02599441, ""respons"": 0.04128982, ""rider"": 0.02069869, ""rookie"": 0.03705687, ""salah"": 0.04094329, ""sangat"": 0.06075197, ""satelit"": 0.04128982, ""satu"": 0.05201642, ""satunya"": 0.02852495, ""scroll"": 0.00892834, ""sejak"": 0.04094329, ""sejumlah"": 0.01982562, ""sekelas"": 0.04128982, ""sekitarnya"": 0.04128982, ""senang"": 0.06632439, ""sendiri"": 0.02644244, ""sengaja"": 0.03705687, ""sep"": 0.01198785, ""seperti"": 0.03212288, ""seseorang"": 0.0446497, ""setelah"": 0.01733881, ""sini"": 0.02599441, ""situasi"": 0.02913904, ""sosok"": 0.03705687, ""sport"": 0.01397893, ""suka"": 0.03890595, ""tahu"": 0.02556937, ""tech"": 0.21327642, ""teknis"": 0.0342687, ""terhadap"": 0.01942132, ""tetap"": 0.01848927, ""tetapi"": 0.02047164, ""tiga"": 0.019621, ""tim"": 0.09488118, ""tunggu"": 0.03554607, ""turun"": 0.02441123, ""ujar"": 0.01733881, ""ujarnya"": 0.02405856, ""utama"": 0.019621, ""wib"": 0.00828648, ""with"": 0.00892834, ""yna"": 0.03131312}",1
SP068,"{""adalah"": 0.02110789, ""adaptasi"": 0.05159863, ""advertisement"": 0.01195165, ""alasannya"": 0.04442084, ""anda"": 0.01035536, ""antuna"": 0.22318948, ""antu\u00e3"": 0.05579737, ""apa"": 0.02846897, ""atas"": 0.05482994, ""atlet"": 0.0402221, ""atrofi"": 0.05579737, ""baik"": 0.04711156, ""balapan"": 0.0237885, ""balik"": 0.04282455, ""bawah"": 0.03913105, ""begitu"": 0.03050597, ""berada"": 0.02355578, ""beradaptasi"": 0.08884168, ""berbagai"": 0.05693794, ""berkontribusi"": 0.05159863, ""berlaku"": 0.03814408, ""bisep"": 0.16739211, ""cedera"": 0.08288357, ""content"": 0.01115747, ""continue"": 0.01115747, ""crutchlow"": 0.04630884, ""dampak"": 0.03493231, ""dia"": 0.09069577, ""dijalani"": 0.05579737, ""dilansir"": 0.03144802, ""disimpan"": 0.01035536, ""dokter"": 0.09261769, ""dorsi"": 0.11159474, ""ducati"": 0.02741497, ""favorit"": 0.04861958, ""fisik"": 0.03913105, ""fisiknya"": 0.05159863, ""hal"": 0.04372268, ""hanya"": 0.02110789, ""harus"": 0.02040556, ""indonesia"": 0.03737745, ""jadwal"": 0.0336362, ""jakarta"": 0.01210283, ""jauh"": 0.07282835, ""jorge"": 0.0270862, ""kanan"": 0.0856491, ""kanannya"": 0.10319726, ""kapasitasnya"": 0.05579737, ""kata"": 0.02075077, ""kecelakaan"": 0.18523538, ""kehilangan"": 0.1206663, ""kejar"": 0.04630884, ""kekuatan"": 0.26652503, ""kekuatannya"": 0.05579737, ""kembali"": 0.02503764, ""kemudian"": 0.02530663, ""kendali"": 0.05159863, ""kepada"": 0.02288746, ""kesehatan"": 0.03814408, ""keterbatasan"": 0.04442084, ""kini"": 0.03006525, ""kiri"": 0.04630884, ""kirinya"": 0.05159863, ""kompetitif"": 0.04442084, ""kondisi"": 0.17907952, ""kondisinya"": 0.05159863, ""kris"": 0.03195326, ""krs"": 0.03050597, ""kuat"": 0.0336362, ""lalu"": 0.02503764, ""lanjutnya"": 0.04442084, ""latissimus"": 0.11159474, ""lemah"": 0.05579737, ""lengan"": 0.51389462, ""lengannya"": 0.05159863, ""major"": 0.11159474, ""mampu"": 0.02775452, ""marc"": 0.21843206, ""marino"": 0.03913105, ""marquez"": 0.12013281, ""martin"": 0.02676755, ""masalah"": 0.11172914, ""masih"": 0.01928062, ""mayor"": 0.05579737, ""mekanis"": 0.05579737, ""membaik"": 0.04442084, ""membuat"": 0.02615823, ""membuatnya"": 0.04630884, ""memiliki"": 0.04903954, ""memperburuk"": 0.05579737, ""memperkirakan"": 0.04282455, ""menegaskan"": 0.03050597, ""mengalami"": 0.02964253, ""mengatasi"": 0.05159863, ""mengeluhkan"": 0.05579737, ""mengoperasinya"": 0.05579737, ""mengubah"": 0.04630884, ""mengungkap"": 0.04861958, ""menjadi"": 0.01672905, ""menjalani"": 0.03426399, ""menjelaskan"": 0.0402221, ""menyukai"": 0.01035536, ""merasakan"": 0.04630884, ""merupakan"": 0.02332818, ""meski"": 0.02741497, ""misi"": 0.04861958, ""motogp"": 0.08985894, ""motor"": 0.02884557, ""motosan"": 0.04282455, ""namun"": 0.07207969, ""normal"": 0.04630884, ""ogura"": 0.0402221, ""olahraga"": 0.03814408, ""operasi"": 0.1608884, ""otot"": 0.15479589, ""pebalap"": 0.02503764, ""pektoralis"": 0.05579737, ""periodico"": 0.05579737, ""perkirakan"": 0.05159863, ""pernah"": 0.03724305, ""persen"": 0.1206663, ""perubahan"": 0.03564676, ""pilih"": 0.04442084, ""posisi"": 0.0237885, ""pun"": 0.0270862, ""radial"": 0.11159474, ""rumit"": 0.05579737, ""saja"": 0.0270862, ""sakit"": 0.05159863, ""sama"": 0.05621117, ""samuel"": 0.05579737, ""san"": 0.03913105, ""sangat"": 0.02530663, ""saraf"": 0.11159474, ""scroll"": 0.01115747, ""sebelum"": 0.02775452, ""secara"": 0.02007149, ""sedikit"": 0.03493231, ""sehingga"": 0.02615823, ""sejumlah"": 0.04955094, ""sekitar"": 0.08224491, ""semakin"": 0.03096629, ""sempat"": 0.02615823, ""semuanya"": 0.03564676, ""senin"": 0.02023718, ""sep"": 0.01498085, ""seperti"": 0.02007149, ""serpihan"": 0.05579737, ""setelah"": 0.04333555, ""sport"": 0.01746904, ""tahun"": 0.01990841, ""terbatas"": 0.0402221, ""terdampak"": 0.03564676, ""teres"": 0.11159474, ""terganggu"": 0.05159863, ""terhadap"": 0.02427023, ""tertekan"": 0.05579737, ""tertentu"": 0.04442084, ""terutama"": 0.03493231, ""tetap"": 0.04621096, ""tetapi"": 0.02558279, ""titik"": 0.03814408, ""trisep"": 0.05579737, ""tulang"": 0.04861958, ""ujar"": 0.02166778, ""utamanya"": 0.04144179, ""wib"": 0.01035536, ""with"": 0.01115747, ""yna"": 0.03913105}",1
SP069,"{""advertisement"": 0.01417435, ""ajaib"": 0.06617424, ""akhir"": 0.03001301, ""anda"": 0.03684359, ""antusiasme"": 0.16476328, ""aprilia"": 0.0342101, ""aragon"": 0.02793655, ""arti"": 0.06119464, ""bagi"": 0.08067213, ""bagus"": 0.03565661, ""bahkan"": 0.03376346, ""baik"": 0.02793655, ""balapan"": 0.1974878, ""beberapa"": 0.09874844, ""benar"": 0.07978334, ""berada"": 0.08380965, ""berbeda"": 0.04416929, ""berhasil"": 0.06666499, ""berjalan"": 0.03565661, ""berjarak"": 0.04318627, ""berjuang"": 0.05492109, ""berlangsung"": 0.0342101, ""berusaha"": 0.04770237, ""besar"": 0.02481982, ""bezzecchi"": 0.39998996, ""biasa"": 0.08455227, ""bukan"": 0.03212353, ""content"": 0.01323247, ""continue"": 0.01323247, ""cukup"": 0.03291615, ""datang"": 0.03989167, ""dekat"": 0.08285764, ""dekatnya"": 0.06617424, ""depan"": 0.03001301, ""dibandingkan"": 0.03989167, ""dilansir"": 0.03729654, ""diri"": 0.04318627, ""disimpan"": 0.0122812, ""dua"": 0.05698976, ""gelar"": 0.12955881, ""grand"": 0.04416929, ""halamannya"": 0.06617424, ""hanya"": 0.02503341, ""harus"": 0.04840094, ""hasil"": 0.02689071, ""home"": 0.12238928, ""italia"": 0.08455227, ""jadwal"": 0.03989167, ""jakarta"": 0.01435364, ""jarak"": 0.03918969, ""jorge"": 0.0963706, ""juara"": 0.029694, ""kami"": 0.02547207, ""kamis"": 0.07235859, ""kampung"": 0.06617424, ""kandang"": 0.04318627, ""kata"": 0.02460988, ""katanya"": 0.04227614, ""kedua"": 0.05642508, ""kejar"": 0.05492109, ""kelahirannya"": 0.06617424, ""kembali"": 0.029694, ""kesempatan"": 0.03918969, ""ketiga"": 0.03376346, ""khusus"": 0.04523789, ""kilometer"": 0.05268197, ""kimi"": 0.05766156, ""klasemen"": 0.06349124, ""kris"": 0.03789574, ""krs"": 0.0361793, ""lainnya"": 0.03852568, ""lawan"": 0.05078881, ""lokasinya"": 0.06617424, ""luar"": 0.08285764, ""makin"": 0.04523789, ""marc"": 0.08635159, ""marco"": 0.06583229, ""marino"": 0.23204208, ""marquez"": 0.08548464, ""martin"": 0.12698249, ""masih"": 0.02286632, ""melakukannya"": 0.05492109, ""memang"": 0.06502689, ""memangkas"": 0.05268197, ""memberikan"": 0.03034053, ""memberinya"": 0.06119464, ""memiliki"": 0.05815962, ""memimpin"": 0.04142882, ""mendapatkan"": 0.03989167, ""menghadapi"": 0.03515527, ""mengumpulkan"": 0.05078881, ""menjadi"": 0.01984022, ""menjalani"": 0.04063621, ""menyebut"": 0.03565661, ""menyukai"": 0.0122812, ""misano"": 0.25365681, ""misi"": 0.05766156, ""modal"": 0.04914889, ""motogp"": 0.21314077, ""motorhome"": 0.06617424, ""motosan"": 0.05078881, ""pebalap"": 0.08908199, ""pekan"": 0.03565661, ""pendukungnya"": 0.06617424, ""penting"": 0.03515527, ""perasaan"": 0.06119464, ""percaya"": 0.04318627, ""perebutan"": 0.04770237, ""persaingan"": 0.04063621, ""pindah"": 0.05492109, ""poin"": 0.12849414, ""posisi"": 0.05642508, ""positif"": 0.03789574, ""prix"": 0.04227614, ""punya"": 0.07131323, ""race"": 0.07031054, ""rangkaian"": 0.04770237, ""rasa"": 0.04640842, ""rimini"": 0.13234848, ""rumah"": 0.2071441, ""sabar"": 0.05268197, ""saking"": 0.06617424, ""sampai"": 0.029694, ""san"": 0.23204208, ""sangat"": 0.03001301, ""scroll"": 0.01323247, ""sebelum"": 0.03291615, ""sekadar"": 0.04914889, ""selalu"": 0.17274508, ""selisih"": 0.04640842, ""semakin"": 0.03672522, ""sementara"": 0.02420047, ""sendiri"": 0.11756908, ""senin"": 0.02400077, ""sep"": 0.0177669, ""seperti"": 0.04760854, ""september"": 0.03212353, ""seri"": 0.07131323, ""sesuatu"": 0.04770237, ""setelah"": 0.05139484, ""sirkuit"": 0.10853789, ""spesial"": 0.12238928, ""sport"": 0.02071783, ""sulit"": 0.04318627, ""tempat"": 0.04914889, ""tentu"": 0.04416929, ""terakhir"": 0.10546581, ""terasa"": 0.05766156, ""terbaik"": 0.04063621, ""tertinggal"": 0.04770237, ""tetap"": 0.0274025, ""tetapi"": 0.03034053, ""tinggal"": 0.04523789, ""ujar"": 0.02569742, ""ujarnya"": 0.03565661, ""waktu"": 0.02714394, ""wib"": 0.0122812, ""wilayah"": 0.04416929, ""with"": 0.01323247, ""yna"": 0.04640842}",1
SP070,"{""adp"": 0.05046519, ""advertisement"": 0.01455397, ""akhir"": 0.06163363, ""aku"": 0.09795987, ""anda"": 0.02522022, ""angka"": 0.04023927, ""antusiasme"": 0.05639199, ""aprilia"": 0.14050525, ""aragon"": 0.02868475, ""asal"": 0.04253837, ""ataupun"": 0.05639199, ""bagus"": 0.03661157, ""bahwa"": 0.02985863, ""balapan"": 0.11587252, ""baru"": 0.03017, ""beda"": 0.10429808, ""begitu"": 0.03714825, ""berada"": 0.02868475, ""berganti"": 0.05920585, ""bersama"": 0.03017, ""berturut"": 0.05920585, ""besar"": 0.02548455, ""bezzecchi"": 0.13690083, ""bukan"": 0.03298387, ""bukanlah"": 0.12566711, ""cetus"": 0.06283356, ""content"": 0.01358686, ""continue"": 0.01358686, ""crash"": 0.04023927, ""cuma"": 0.0637077, ""demikian"": 0.04253837, ""dibayangi"": 0.06794652, ""disimpan"": 0.01261011, ""diwartakan"": 0.06794652, ""dokter"": 0.05639199, ""dominasi"": 0.05920585, ""ducati"": 0.03338422, ""dunia"": 0.03338422, ""enggak"": 0.05409289, ""faktor"": 0.04765133, ""fans"": 0.06794652, ""fase"": 0.05920585, ""fokus"": 0.04253837, ""gelaran"": 0.06283356, ""grand"": 0.09070447, ""hanya"": 0.02570386, ""hasil"": 0.0276109, ""hebat"": 0.05639199, ""istimewa"": 0.06794652, ""italia"": 0.04340838, ""jaga"": 0.06283356, ""jelas"": 0.03955748, ""jorge"": 0.23088707, ""juara"": 0.06097853, ""kami"": 0.10461706, ""kandang"": 0.04434289, ""karina"": 0.04535223, ""kejuaraan"": 0.04253837, ""keseluruhan"": 0.05046519, ""ketat"": 0.04644946, ""ketika"": 0.03829542, ""kita"": 0.0276109, ""klasemen"": 0.16297917, ""kondisi"": 0.03115311, ""kudeta"": 0.11841171, ""kusukai"": 0.06794652, ""lengan"": 0.05214904, ""lima"": 0.03714825, ""lintasan"": 0.05046519, ""marc"": 0.14777377, ""marco"": 0.06759541, ""marino"": 0.23825664, ""marquez"": 0.17554819, ""martin"": 0.32595834, ""martinantor"": 0.06794652, ""masih"": 0.02347872, ""melakukan"": 0.05372312, ""melihat"": 0.03512631, ""memang"": 0.03338422, ""mematahkan"": 0.06283356, ""memenangi"": 0.08047855, ""mementingkan"": 0.06794652, ""memimpin"": 0.04253837, ""menambahkan"": 0.03770879, ""menempati"": 0.04765133, ""menentukan"": 0.04897994, ""mengingat"": 0.04765133, ""menjaga"": 0.03661157, ""menuju"": 0.08868577, ""menunggangi"": 0.06283356, ""menyukai"": 0.01261011, ""merupaya"": 0.06794652, ""mesti"": 0.05214904, ""misano"": 0.13022513, ""motogp"": 0.27356138, ""nanti"": 0.03512631, ""okdwitya"": 0.04765133, ""orge"": 0.06794652, ""pebalap"": 0.03048926, ""pekan"": 0.03661157, ""pekerjaan"": 0.12566711, ""pemilik"": 0.06283356, ""penting"": 0.0360968, ""percaya"": 0.04434289, ""peringkat"": 0.04765133, ""perkirakan"": 0.06283356, ""perolehan"": 0.05639199, ""persaingan"": 0.04172453, ""persen"": 0.04897994, ""poin"": 0.16491934, ""potensi"": 0.05214904, ""prancis"": 0.05409289, ""prioritas"": 0.15644711, ""prix"": 0.08681675, ""puncak"": 0.09530265, ""punya"": 0.03661157, ""rabu"": 0.04644946, ""rin"": 0.04765133, ""rumah"": 0.04253837, ""sabar"": 0.05409289, ""sambung"": 0.05639199, ""san"": 0.23825664, ""sari"": 0.04765133, ""scroll"": 0.01358686, ""sebuah"": 0.19591974, ""secara"": 0.02444179, ""sejauh"": 0.04897994, ""sekali"": 0.04644946, ""sekitar"": 0.03338422, ""selalu"": 0.04434289, ""selisih"": 0.09530265, ""semakin"": 0.03770879, ""sendiri"": 0.04023927, ""sep"": 0.01824274, ""seri"": 0.03661157, ""setelah"": 0.0527713, ""siap"": 0.07120445, ""singgasana"": 0.06794652, ""spanyol"": 0.04253837, ""sport"": 0.02127269, ""tapi"": 0.0276109, ""target"": 0.09530265, ""terakhir"": 0.0360968, ""teratas"": 0.05214904, ""terbaik"": 0.04172453, ""terus"": 0.03081682, ""tim"": 0.0721936, ""tipis"": 0.05214904, ""titel"": 0.05409289, ""turut"": 0.04897994, ""video"": 0.0455159, ""wib"": 0.01261011, ""with"": 0.01358686, ""yakin"": 0.04434289}",1
SP071,"{""advertisement"": 0.01068751, ""amerika"": 0.03705844, ""anda"": 0.00926007, ""andi"": 0.03499212, ""antara"": 0.02650721, ""arteta"": 0.07193553, ""arthur"": 0.04989562, ""aryna"": 0.04989562, ""ashe"": 0.04989562, ""australia"": 0.04141071, ""awal"": 0.02313059, ""bagi"": 0.02027569, ""baik"": 0.02106426, ""bbc"": 0.04989562, ""berarti"": 0.03123748, ""berdurasi"": 0.04989562, ""berjarak"": 0.03256261, ""berusia"": 0.03705844, ""besar"": 0.01871424, ""bouchard"": 0.04989562, ""break"": 0.04614099, ""bulan"": 0.03256261, ""champions"": 0.07193553, ""content"": 0.00997733, ""continue"": 0.00997733, ""cuma"": 0.02339145, ""dekat"": 0.03123748, ""denganku"": 0.04989562, ""dia"": 0.02027569, ""dibandingkan"": 0.03007847, ""dibebaskan"": 0.04989562, ""didapatkan"": 0.04989562, ""digelar"": 0.03123748, ""dilansir"": 0.02812173, ""dinihari"": 0.04989562, ""dinyatakan"": 0.04347703, ""disimpan"": 0.00926007, ""doping"": 0.04989562, ""dua"": 0.04297049, ""dugaan"": 0.0397224, ""eugenie"": 0.04989562, ""final"": 0.08695406, ""foto"": 0.03330381, ""fritz"": 0.2494781, ""gagal"": 0.03063985, ""gelar"": 0.09768782, ""grand"": 0.13321523, ""guillermo"": 0.04989562, ""hanya"": 0.01887529, ""hari"": 0.02106426, ""italia"": 0.06375273, ""jam"": 0.03330381, ""jannik"": 0.2494781, ""jauh"": 0.03256261, ""juara"": 0.13433631, ""kali"": 0.02393632, ""kandang"": 0.06512522, ""karierku"": 0.04989562, ""kariernya"": 0.04141071, ""karina"": 0.03330381, ""kasih"": 0.03499212, ""kedua"": 0.04254472, ""keduanya"": 0.03499212, ""kelompok"": 0.03829495, ""keluar"": 0.03499212, ""kemenangan"": 0.02313059, ""kepada"": 0.02046663, ""ketika"": 0.02812173, ""kuat"": 0.06015693, ""kurang"": 0.03499212, ""liga"": 0.07193553, ""luna"": 0.04989562, ""maret"": 0.0397224, ""masih"": 0.01724129, ""maya"": 0.04989562, ""melawan"": 0.03829495, ""membukukan"": 0.03829495, ""memenangi"": 0.05909835, ""memetik"": 0.04614099, ""menandai"": 0.04989562, ""mendukungku"": 0.04989562, ""mengakhiri"": 0.04347703, ""mengalahkan"": 0.03499212, ""menggunakan"": 0.03123748, ""mengonversi"": 0.04989562, ""menit"": 0.02904851, ""menjadi"": 0.02991921, ""menyukai"": 0.00926007, ""meraih"": 0.02954917, ""merengkuh"": 0.04989562, ""mike"": 0.04989562, ""mrp"": 0.03256261, ""mudah"": 0.03330381, ""musim"": 0.02579454, ""napoli"": 0.07193553, ""new"": 0.04989562, ""okdwitya"": 0.03499212, ""open"": 0.19861199, ""orang"": 0.0553819, ""pekan"": 0.02688522, ""peluang"": 0.02857353, ""pemenang"": 0.03256261, ""penggunaan"": 0.03499212, ""periode"": 0.03123748, ""persen"": 0.14387106, ""pertamanya"": 0.12423212, ""pertarungan"": 0.0397224, ""petenis"": 0.16564283, ""poin"": 0.04844253, ""point"": 0.04989562, ""positif"": 0.02857353, ""puasa"": 0.04614099, ""publik"": 0.03410954, ""putra"": 0.03123748, ""rebut"": 0.0397224, ""rekor"": 0.06660762, ""reuters"": 0.04141071, ""rin"": 0.03499212, ""roddick"": 0.04989562, ""sabalenka"": 0.04989562, ""saja"": 0.02422126, ""sangat"": 0.02262992, ""sari"": 0.03499212, ""satu"": 0.01937595, ""scroll"": 0.00997733, ""sebelumnya"": 0.02066159, ""sedangkan"": 0.03187636, ""segar"": 0.04614099, ""sejak"": 0.02287687, ""sementara"": 0.01824724, ""senin"": 0.03619334, ""sep"": 0.01339631, ""servis"": 0.09979124, ""set"": 0.04141071, ""setelah"": 0.05812785, ""setiap"": 0.02579454, ""siap"": 0.05228804, ""silam"": 0.04989562, ""sinner"": 0.59874745, ""slam"": 0.19958248, ""sport"": 0.03124264, ""stadion"": 0.04989562, ""straight"": 0.04614099, ""sukses"": 0.03829495, ""tahun"": 0.05340803, ""tantang"": 0.10790329, ""taylor"": 0.09979124, ""terakhir"": 0.05301441, ""teratas"": 0.03829495, ""terbuka"": 0.13321523, ""terima"": 0.03705844, ""terlarang"": 0.04989562, ""tiga"": 0.02192628, ""timku"": 0.04989562, ""titel"": 0.15888959, ""trofi"": 0.04989562, ""turnamen"": 0.0397224, ""unggulan"": 0.06998424, ""ungkap"": 0.03123748, ""untukku"": 0.04989562, ""utama"": 0.02192628, ""video"": 0.03342399, ""vilas"": 0.04989562, ""wib"": 0.01852013, ""with"": 0.00997733, ""york"": 0.04989562, ""zat"": 0.04989562}",1
SP072,"{""abullah"": 0.05632122, ""adna"": 0.11264245, ""advertisement"": 0.01206386, ""agar"": 0.02801509, ""agu"": 0.02449809, ""agustus"": 0.03949843, ""ajang"": 0.08366172, ""anda"": 0.01045259, ""antara"": 0.02992083, ""ari"": 0.11264245, ""asal"": 0.03526028, ""athlete"": 0.04674361, ""atlet"": 0.08119945, ""badminton"": 0.33792734, ""bagi"": 0.04577363, ""baik"": 0.02377694, ""bandung"": 0.04322661, ""baru"": 0.05001615, ""bay"": 0.03949843, ""berakhir"": 0.04059972, ""berasal"": 0.04059972, ""beregu"": 0.04907604, ""bergulir"": 0.04674361, ""berharap"": 0.04059972, ""berhasil"": 0.02836945, ""berjalan"": 0.03034752, ""berkontribusi"": 0.05208306, ""berpartisipasi"": 0.05632122, ""bersaing"": 0.0385022, ""bersama"": 0.02500807, ""bulutangkis"": 0.13451365, ""bwf"": 0.04907604, ""campuran"": 0.04907604, ""campus"": 0.39424856, ""ceo"": 0.05208306, ""communications"": 0.05632122, ""content"": 0.01126222, ""continue"": 0.01126222, ""corporate"": 0.04059972, ""darojat"": 0.05632122, ""diantika"": 0.05632122, ""diponegoro"": 0.05632122, ""dirancang"": 0.04674361, ""disimpan"": 0.01045259, ""dukungan"": 0.0375927, ""dunia"": 0.05534471, ""empat"": 0.03079238, ""enam"": 0.03675605, ""farrell"": 0.11264245, ""ganda"": 0.1184953, ""gelar"": 0.11026815, ""general"": 0.04674361, ""gozali"": 0.05632122, ""hadir"": 0.04183086, ""hari"": 0.02377694, ""harus"": 0.02059714, ""individual"": 0.05632122, ""indonesia"": 0.05659255, ""ingin"": 0.06069504, ""islam"": 0.05632122, ""jaga"": 0.05208306, ""jakarta"": 0.01221645, ""juara"": 0.10109084, ""kami"": 0.02167941, ""kampus"": 0.05632122, ""kata"": 0.04189118, ""kategori"": 0.08967577, ""kebanggaan"": 0.05208306, ""kebersamaan"": 0.05632122, ""kehadiran"": 0.04674361, ""kejuaraan"": 0.07052055, ""kembali"": 0.02527271, ""keterangan"": 0.03125702, ""khalil"": 0.05632122, ""kita"": 0.02288682, ""lagi"": 0.04899618, ""lahirkan"": 0.05632122, ""league"": 0.34353229, ""level"": 0.0375927, ""lihat"": 0.05603019, ""lintang"": 0.11264245, ""makassar"": 0.05632122, ""manager"": 0.04674361, ""maret"": 0.04483788, ""melalui"": 0.02500807, ""melangkah"": 0.04674361, ""memberikan"": 0.02582297, ""memboyong"": 0.05632122, ""memilih"": 0.03949843, ""memperebutkan"": 0.04322661, ""memperkuat"": 0.03598143, ""menaungi"": 0.05632122, ""menciptakan"": 0.04183086, ""mendominasi"": 0.09815208, ""menembus"": 0.04322661, ""menjadi"": 0.01688611, ""menyukai"": 0.01045259, ""meraih"": 0.06670909, ""merupakan"": 0.0235472, ""minggu"": 0.02610936, ""momen"": 0.08119945, ""muhamad"": 0.04907604, ""munawar"": 0.05632122, ""mungkin"": 0.02951087, ""nationals"": 0.05632122, ""nomor"": 0.1410411, ""nugroho"": 0.09815208, ""olahraga"": 0.07700439, ""pakai"": 0.04674361, ""paling"": 0.0327894, ""pebulutangkis"": 0.04674361, ""pelatnas"": 0.05632122, ""pendidikan"": 0.04483788, ""perguruan"": 0.11264245, ""perorangan"": 0.04907604, ""persnya"": 0.05208306, ""polytron"": 0.16896367, ""positif"": 0.03225325, ""prancis"": 0.08967577, ""prasatya"": 0.04483788, ""putra"": 0.03526028, ""putri"": 0.04183086, ""rahmawati"": 0.11264245, ""ran"": 0.0375927, ""randy"": 0.04483788, ""regional"": 0.05632122, ""ryan"": 0.05208306, ""sabtu"": 0.0327894, ""salah"": 0.02582297, ""sambungnya"": 0.04059972, ""sangat"": 0.02554422, ""satu"": 0.0218712, ""scroll"": 0.01126222, ""sebelas"": 0.05632122, ""sebenarnya"": 0.0385022, ""sejarah"": 0.07899687, ""sekaligus"": 0.02801509, ""semangat"": 0.04674361, ""semarang"": 0.09815208, ""sesuatu"": 0.04059972, ""setelah"": 0.0218712, ""sistem"": 0.03675605, ""skor"": 0.04322661, ""sport"": 0.01763304, ""stadium"": 0.05632122, ""student"": 0.05632122, ""surabaya"": 0.04483788, ""surakarta"": 0.11264245, ""talenta"": 0.14722813, ""tanaya"": 0.05632122, ""tapi"": 0.02288682, ""terus"": 0.05108844, ""the"": 0.03949843, ""tiga"": 0.07424991, ""tinggi"": 0.0655788, ""titel"": 0.04483788, ""total"": 0.03675605, ""tuntas"": 0.04907604, ""uii"": 0.11264245, ""ukir"": 0.09815208, ""unggulan"": 0.03949843, ""universitas"": 0.16896367, ""uns"": 0.11264245, ""video"": 0.03772836, ""wib"": 0.01045259, ""with"": 0.01126222, ""yafiyah"": 0.05632122, ""yogyakarta"": 0.04183086}",1
SP073,"{""abdul"": 0.04627075, ""advertisement"": 0.01071757, ""agresivitas"": 0.05003594, ""agu"": 0.02176418, ""agustus"": 0.03509053, ""alexander"": 0.04627075, ""amman"": 0.0435993, ""anda"": 0.00928611, ""anthony"": 0.0435993, ""apabila"": 0.03420547, ""aquila"": 0.05003594, ""arteta"": 0.07213783, ""ashwin"": 0.05003594, ""atas"": 0.0245842, ""australia"": 0.04152717, ""azuma"": 0.05003594, ""babak"": 0.19201325, ""bagus"": 0.02696083, ""baik"": 0.0211235, ""bali"": 0.04152717, ""baru"": 0.02221725, ""bay"": 0.03509053, ""beach"": 0.0435993, ""berdaya"": 0.04627075, ""bergulir"": 0.04152717, ""berhadiah"": 0.04627075, ""berhasil"": 0.02520351, ""berikutnya"": 0.0291302, ""berkategori"": 0.05003594, ""berlabel"": 0.05003594, ""bertemu"": 0.04152717, ""berusia"": 0.03716266, ""champions"": 0.07213783, ""championship"": 0.26159582, ""chang"": 0.04627075, ""club"": 0.0435993, ""content"": 0.01000539, ""continue"": 0.01000539, ""country"": 0.0435993, ""david"": 0.06841093, ""delapan"": 0.03509053, ""dewana"": 0.05003594, ""diikuti"": 0.07432533, ""dilangsungkan"": 0.05003594, ""dimulai"": 0.03509053, ""disimpan"": 0.00928611, ""disusul"": 0.03420547, ""ditaklukkan"": 0.05003594, ""dolar"": 0.0435993, ""dua"": 0.08618268, ""ethan"": 0.13079791, ""faktor"": 0.03509053, ""final"": 0.17439721, ""fokus"": 0.03132533, ""gagal"": 0.03072602, ""gim"": 0.04152717, ""gunawan"": 0.29069017, ""gustaman"": 0.05003594, ""hakim"": 0.04152717, ""hari"": 0.0211235, ""haruto"": 0.04627075, ""huggins"": 0.10007189, ""impresif"": 0.04152717, ""indonesia"": 0.016759, ""inndonesia"": 0.05003594, ""internasional"": 0.03265418, ""ishikawa"": 0.04627075, ""jepang"": 0.03509053, ""juara"": 0.02245235, ""kalah"": 0.07213783, ""kandang"": 0.06530837, ""kareem"": 0.0925415, ""kedua"": 0.04266437, ""kee"": 0.05003594, ""keempat"": 0.13358988, ""kehilangan"": 0.03606892, ""kejuaraan"": 0.03132533, ""kelolosan"": 0.05003594, ""kembali"": 0.0449047, ""kepada"": 0.02052419, ""keterangan"": 0.02776883, ""kian"": 0.0435993, ""kiprahnya"": 0.05003594, ""kompatriotnya"": 0.05003594, ""kualifikasi"": 0.09796255, ""kuat"": 0.06032611, ""laga"": 0.15933644, ""lainnya"": 0.0291302, ""langkah"": 0.02658175, ""langsung"": 0.04104838, ""libur"": 0.05003594, ""liga"": 0.07213783, ""main"": 0.03606892, ""maka"": 0.03132533, ""matthew"": 0.05003594, ""mau"": 0.03016306, ""media"": 0.03716266, ""meloloskan"": 0.04627075, ""membuat"": 0.02345723, ""memperebutkan"": 0.0768053, ""men"": 0.26159582, ""menang"": 0.05243509, ""menantang"": 0.05003594, ""mendapat"": 0.03072602, ""mengalahkan"": 0.07018105, ""mengawalinya"": 0.05003594, ""menghentikan"": 0.0435993, ""menichella"": 0.05003594, ""menit"": 0.0291302, ""menyerah"": 0.0435993, ""menyukai"": 0.00928611, ""meredam"": 0.05003594, ""mineral"": 0.0435993, ""minggu"": 0.02319564, ""mohammad"": 0.03509053, ""mrp"": 0.03265418, ""muda"": 0.03606892, ""nakamura"": 0.0435993, ""napoli"": 0.07213783, ""negara"": 0.02552937, ""nusa"": 0.08305434, ""panas"": 0.04627075, ""pat"": 0.05003594, ""patton"": 0.05003594, ""pemainnya"": 0.05003594, ""penyisihan"": 0.04627075, ""perlawanan"": 0.0768053, ""pertama"": 0.02133219, ""pertandingan"": 0.03509053, ""petenis"": 0.1245815, ""pratama"": 0.03016306, ""pro"": 0.04152717, ""ptt"": 0.13881225, ""putra"": 0.03132533, ""ragil"": 0.10007189, ""raphael"": 0.10007189, ""rating"": 0.04627075, ""rekor"": 0.06679494, ""ren"": 0.0435993, ""renaldi"": 0.05003594, ""renaldo"": 0.05003594, ""resha"": 0.03509053, ""ribu"": 0.03420547, ""rio"": 0.05003594, ""rumah"": 0.03132533, ""ryan"": 0.04627075, ""salim"": 0.04627075, ""scroll"": 0.01000539, ""sebastian"": 0.10007189, ""sebelumnya"": 0.02071969, ""sehingga"": 0.02345723, ""selama"": 0.02269356, ""selesai"": 0.03606892, ""semoga"": 0.0435993, ""sempat"": 0.02345723, ""senin"": 0.01814756, ""sepekan"": 0.08305434, ""seperti"": 0.01799898, ""september"": 0.02428938, ""seri"": 0.10784332, ""serta"": 0.02198795, ""set"": 0.1245815, ""setelah"": 0.01943044, ""setia"": 0.05003594, ""sharma"": 0.05003594, ""shearer"": 0.05003594, ""siap"": 0.05243509, ""sport"": 0.01566525, ""stefan"": 0.05003594, ""suryana"": 0.05003594, ""susanto"": 0.0435993, ""tahun"": 0.01785274, ""takluk"": 0.0435993, ""tantang"": 0.07213783, ""tenis"": 0.04627075, ""tennis"": 0.34879442, ""thomas"": 0.05003594, ""tiga"": 0.02198795, ""tiket"": 0.03716266, ""total"": 0.03265418, ""tour"": 0.05003594, ""trismuwantara"": 0.04627075, ""tuan"": 0.03840265, ""ujar"": 0.01943044, ""unggulan"": 0.03509053, ""universal"": 0.05003594, ""usai"": 0.02865389, ""utama"": 0.06596385, ""utr"": 0.13881225, ""video"": 0.03351799, ""visaya"": 0.05003594, ""wakil"": 0.06679494, ""waktu"": 0.02052419, ""wib"": 0.00928611, ""with"": 0.01000539, ""world"": 0.2164135, ""yakni"": 0.0291302, ""zapp"": 0.08719861}",1
SP074,"{""adalah"": 0.03506464, ""advertisement"": 0.0099271, ""agar"": 0.02305304, ""agu"": 0.02015897, ""aichi"": 0.03557029, ""alasan"": 0.02845984, ""alfian"": 0.04038366, ""ali"": 0.03557029, ""alwi"": 0.03846436, ""anda"": 0.00860122, ""arena"": 0.03689617, ""artha"": 0.04038366, ""asian"": 0.30067808, ""bahwa"": 0.02036624, ""beberapa"": 0.04610609, ""berarti"": 0.02901495, ""berdasarkan"": 0.04554202, ""berdekatan"": 0.09269115, ""bergulir"": 0.03846436, ""bertanding"": 0.07379234, ""binpres"": 0.04634557, ""bukan"": 0.02249793, ""bulutangkis"": 0.03689617, ""bwf"": 0.04038366, ""campuran"": 0.04038366, ""carnando"": 0.03846436, ""cas"": 0.02960838, ""china"": 0.33408676, ""christie"": 0.11539307, ""content"": 0.00926745, ""continue"": 0.00926745, ""cukup"": 0.02305304, ""cuma"": 0.02172716, ""daftar"": 0.05921675, ""daniel"": 0.03557029, ""devin"": 0.04038366, ""dewi"": 0.04285808, ""digarisbawahi"": 0.04634557, ""digelar"": 0.02901495, ""dirilis"": 0.08076733, ""disamaratakan"": 0.04038366, ""disebabkan"": 0.04634557, ""disebutnya"": 0.04285808, ""diselenggarakan"": 0.04038366, ""disimpan"": 0.00860122, ""ditarik"": 0.08571616, ""diturunkan"": 0.04285808, ""dunia"": 0.02277101, ""empat"": 0.05067683, ""eng"": 0.12857424, ""evaluasi"": 0.06884351, ""faathir"": 0.04038366, ""fajar"": 0.04038366, ""farhan"": 0.03442175, ""feel"": 0.04634557, ""fikri"": 0.04038366, ""fisik"": 0.03250245, ""games"": 0.29252203, ""ganda"": 0.09750734, ""gutama"": 0.04038366, ""hanya"": 0.03506464, ""harus"": 0.01694896, ""hian"": 0.12857424, ""indonesia"": 0.01552295, ""isfahani"": 0.04038366, ""jakarta"": 0.01005267, ""jaraknya"": 0.04285808, ""jepang"": 0.03250245, ""jonatan"": 0.11539307, ""kabid"": 0.04634557, ""kami"": 0.05351861, ""karyaman"": 0.04038366, ""katanya"": 0.02960838, ""kebutuhan"": 0.07962161, ""keikutsertaan"": 0.04038366, ""kirim"": 0.03689617, ""kondisi"": 0.04249838, ""kusuma"": 0.04038366, ""lalu"": 0.02079639, ""latihan"": 0.03442175, ""leo"": 0.03557029, ""list"": 0.09269115, ""long"": 0.08076733, ""marthin"": 0.03846436, ""masih"": 0.01601458, ""masing"": 0.11175359, ""masters"": 0.33206553, ""masuk"": 0.0499447, ""match"": 0.04285808, ""media"": 0.03442175, ""melihat"": 0.02395927, ""memang"": 0.02277101, ""membatalkan"": 0.04634557, ""memiliki"": 0.02036624, ""menambah"": 0.03442175, ""menarik"": 0.03689617, ""mengatakan"": 0.02057863, ""mengatur"": 0.07379234, ""mengirim"": 0.04285808, ""menjaga"": 0.0499447, ""menuju"": 0.0302458, ""menyukai"": 0.00860122, ""merupakan"": 0.0193765, ""moh"": 0.03846436, ""muhammad"": 0.03093426, ""nagoya"": 0.03442175, ""nama"": 0.05802991, ""nds"": 0.03442175, ""novitasari"": 0.04285808, ""oktober"": 0.03093426, ""optimal"": 0.03557029, ""pahlevi"": 0.04038366, ""pasti"": 0.03250245, ""pbsi"": 0.34617921, ""pekan"": 0.02497235, ""pemain"": 0.32502447, ""penarikan"": 0.08571616, ""penyelenggaraannya"": 0.04634557, ""performa"": 0.03340868, ""perlu"": 0.05396344, ""persiapan"": 0.06681735, ""persiapannya"": 0.04634557, ""pertandingan"": 0.03250245, ""pertimbangannya"": 0.04285808, ""poin"": 0.02249793, ""program"": 0.05691969, ""programnya"": 0.04634557, ""putra"": 0.05802991, ""putri"": 0.06884351, ""ranking"": 0.08571616, ""rayhan"": 0.04038366, ""recovery"": 0.04285808, ""reza"": 0.04038366, ""ritme"": 0.04285808, ""rolly"": 0.03846436, ""sabar"": 0.03689617, ""salusi"": 0.04285808, ""scroll"": 0.00926745, ""sebelum"": 0.02305304, ""sebelumnya"": 0.01919153, ""sehingga"": 0.02172716, ""sejumlah"": 0.04115726, ""sekaligus"": 0.02305304, ""sektor"": 0.02612088, ""sementara"": 0.03389792, ""senin"": 0.0336182, ""seperti"": 0.01667148, ""september"": 0.04499587, ""serta"": 0.04073248, ""shenzhen"": 0.03846436, ""shohibul"": 0.04038366, ""sosial"": 0.03340868, ""sport"": 0.01450987, ""super"": 0.03846436, ""tampil"": 0.0279384, ""tapi"": 0.01883309, ""targetnya"": 0.04634557, ""tarik"": 0.03557029, ""tawaran"": 0.04634557, ""teknis"": 0.03557029, ""terima"": 0.03442175, ""terlihat"": 0.03689617, ""termasuk"": 0.02223326, ""tetap"": 0.03838305, ""tiga"": 0.02036624, ""tim"": 0.04924246, ""tunggal"": 0.04038366, ""turnamen"": 0.07379234, ""ucap"": 0.03846436, ""undian"": 0.04285808, ""unggahan"": 0.04285808, ""wahyudi"": 0.04038366, ""wakil"": 0.09280278, ""waktu"": 0.01901044, ""wardani"": 0.04038366, ""wib"": 0.00860122, ""with"": 0.00926745, ""yakni"": 0.02698172}",1
SP075,"{""abdul"": 0.05014425, ""adalah"": 0.02051293, ""adp"": 0.04027369, ""advertisement"": 0.01161478, ""akhir"": 0.02459333, ""akhirnya"": 0.02880701, ""alexander"": 0.05014425, ""ali"": 0.08323496, ""amman"": 0.09449833, ""anda"": 0.01006348, ""anthony"": 0.09449833, ""arteta"": 0.07817676, ""asal"": 0.0339477, ""awal"": 0.02513743, ""babak"": 0.2080874, ""balas"": 0.05422464, ""bali"": 0.04500356, ""barki"": 0.05014425, ""beach"": 0.04724916, ""berhadiah"": 0.05014425, ""bertarung"": 0.04724916, ""bertemu"": 0.04500356, ""break"": 0.05014425, ""card"": 0.05422464, ""champions"": 0.07817676, ""championship"": 0.28349499, ""chang"": 0.05014425, ""club"": 0.04724916, ""content"": 0.01084298, ""continue"": 0.01084298, ""costa"": 0.05014425, ""country"": 0.04724916, ""dacosta"": 0.05422464, ""david"": 0.07413787, ""detiksport"": 0.04724916, ""dia"": 0.02203484, ""digunakan"": 0.0361933, ""dilanjutkan"": 0.04027369, ""dimulai"": 0.03802809, ""dinomor"": 0.05422464, ""disimpan"": 0.01006348, ""dolar"": 0.04724916, ""dua"": 0.07004801, ""dulu"": 0.03329821, ""enam"": 0.03538779, ""ethan"": 0.09449833, ""fasilitas"": 0.03802809, ""final"": 0.04724916, ""fokus"": 0.0339477, ""format"": 0.04724916, ""gagal"": 0.03329821, ""game"": 0.05014425, ""ganda"": 0.03802809, ""gunawan"": 0.3600285, ""hakim"": 0.04500356, ""harus"": 0.0396608, ""haruto"": 0.05014425, ""heisnam"": 0.05422464, ""impresif"": 0.04500356, ""india"": 0.04500356, ""indonesia"": 0.05448586, ""ishikawa"": 0.05014425, ""jam"": 0.07238659, ""jepang"": 0.07605617, ""juara"": 0.02433192, ""kandang"": 0.07077558, ""kareem"": 0.05014425, ""keempat"": 0.0361933, ""kejuaraan"": 0.0339477, ""kembali"": 0.02433192, ""kemenangan"": 0.02513743, ""kepada"": 0.02224235, ""keras"": 0.04724916, ""kesalahan"": 0.0361933, ""ketat"": 0.03706893, ""ketiga"": 0.05533306, ""kualifikasi"": 0.03538779, ""kuat"": 0.06537624, ""lainnya"": 0.0315688, ""lapangan"": 0.06659643, ""lewat"": 0.04027369, ""liga"": 0.07817676, ""lolos"": 0.04316877, ""masuk"": 0.02921782, ""melakukan"": 0.02143684, ""melalui"": 0.02407714, ""memang"": 0.02664224, ""memastikan"": 0.0248617, ""memberikan"": 0.0248617, ""memenangi"": 0.03211291, ""men"": 0.28349499, ""menang"": 0.02841231, ""menemani"": 0.05422464, ""menentukan"": 0.03908838, ""mengeluarkan"": 0.04724916, ""menggandeng"": 0.05422464, ""menghadapi"": 0.02880701, ""menit"": 0.0631376, ""menyukai"": 0.01006348, ""meski"": 0.02664224, ""mineral"": 0.09449833, ""mohammad"": 0.03802809, ""mrp"": 0.03538779, ""nakamura"": 0.04724916, ""namun"": 0.02334934, ""napoli"": 0.07817676, ""nathan"": 0.05014425, ""nomor"": 0.0339477, ""nusa"": 0.09000713, ""pemain"": 0.07605617, ""pemenang"": 0.03538779, ""penentuan"": 0.05014425, ""penting"": 0.02880701, ""performa"": 0.03908838, ""perlawanan"": 0.04161748, ""permain"": 0.05422464, ""pertama"": 0.04623597, ""pertandingan"": 0.07605617, ""petenis"": 0.09000713, ""poin"": 0.02632274, ""pratama"": 0.03268812, ""ptt"": 0.05014425, ""pun"": 0.02632274, ""punya"": 0.02921782, ""rafalentino"": 0.1002885, ""rekor"": 0.07238659, ""ren"": 0.04724916, ""resha"": 0.03802809, ""ribu"": 0.03706893, ""rilis"": 0.04500356, ""saling"": 0.05014425, ""satu"": 0.02105704, ""scroll"": 0.01084298, ""sejumlah"": 0.02407714, ""selain"": 0.02803251, ""selama"": 0.02459333, ""selasa"": 0.02124515, ""seluruh"": 0.02601307, ""senin"": 0.01966676, ""sep"": 0.01455859, ""seperti"": 0.01950575, ""seri"": 0.08765346, ""sering"": 0.05422464, ""serta"": 0.02382864, ""set"": 0.27002138, ""setelah"": 0.02105704, ""shanker"": 0.05422464, ""siap"": 0.05682463, ""sisa"": 0.04316877, ""skor"": 0.04161748, ""sport"": 0.01697665, ""super"": 0.09000713, ""susanto"": 0.09449833, ""tahun"": 0.03869452, ""takluk"": 0.04724916, ""tantang"": 0.07817676, ""tembus"": 0.03908838, ""tempo"": 0.05014425, ""tennis"": 0.28349499, ""terbaiknya"": 0.04500356, ""terutama"": 0.10184309, ""tie"": 0.10844928, ""tiga"": 0.02382864, ""tiket"": 0.04027369, ""total"": 0.03538779, ""trismuwantara"": 0.15043274, ""tunggal"": 0.04724916, ""turun"": 0.02964612, ""ujar"": 0.02105704, ""unggulan"": 0.03802809, ""utama"": 0.09531457, ""utr"": 0.05014425, ""video"": 0.03632391, ""wakil"": 0.07238659, ""wib"": 0.01006348, ""wild"": 0.05422464, ""with"": 0.01084298, ""world"": 0.23453029, ""zapp"": 0.09449833}",1
SP076,"{""adalah"": 0.04282804, ""akhirnya"": 0.03007244, ""alfian"": 0.04932471, ""ali"": 0.04344564, ""alwi"": 0.04698047, ""anda"": 0.01050555, ""arena"": 0.09013016, ""artha"": 0.04932471, ""atas"": 0.02781257, ""awal"": 0.02624166, ""babak"": 0.13033693, ""bay"": 0.03969858, ""berakhir"": 0.04080545, ""bertanding"": 0.04506508, ""berusaha"": 0.04080545, ""besar"": 0.08492524, ""bulu"": 0.10469395, ""bwf"": 0.09864943, ""carnando"": 0.04698047, ""china"": 0.20402723, ""christie"": 0.28188281, ""court"": 0.05234697, ""cuma"": 0.02653761, ""daftar"": 0.03616375, ""daniel"": 0.04344564, ""devin"": 0.04932471, ""disimpan"": 0.01050555, ""dua"": 0.07312507, ""empat"": 0.03094841, ""faathir"": 0.04932471, ""fajar"": 0.04932471, ""farhan"": 0.04204282, ""fikri"": 0.04932471, ""gambas"": 0.02781257, ""ganda"": 0.07939715, ""gim"": 0.28188281, ""gutama"": 0.04932471, ""hampir"": 0.04506508, ""hao"": 0.20938789, ""hasil"": 0.02300279, ""hidup"": 0.04204282, ""indonesia"": 0.07583907, ""isfahani"": 0.04932471, ""jakarta"": 0.01227836, ""jonatan"": 0.51678515, ""jun"": 0.19729886, ""kalahkan"": 0.04506508, ""karyaman"": 0.04932471, ""kedua"": 0.0241335, ""kembali"": 0.02540077, ""kemenangan"": 0.1312083, ""ketat"": 0.03869729, ""ketiganya"": 0.04698047, ""keunggulan"": 0.04080545, ""kirim"": 0.04506508, ""kris"": 0.03241668, ""krs"": 0.03094841, ""kusuma"": 0.04932471, ""lain"": 0.04875004, ""lalu"": 0.02540077, ""langsung"": 0.06965821, ""leo"": 0.04344564, ""leong"": 0.20938789, ""maju"": 0.04344564, ""malaysia"": 0.04932471, ""mampu"": 0.02815705, ""marthin"": 0.04698047, ""masters"": 0.2253254, ""masuk"": 0.03050129, ""melaju"": 0.04344564, ""memastikan"": 0.02595382, ""memberikan"": 0.02595382, ""membutuhkan"": 0.03694229, ""memiliki"": 0.02487538, ""menang"": 0.0593208, ""mengalahkan"": 0.03969858, ""mengamankan"": 0.04344564, ""mengawali"": 0.04506508, ""mengunci"": 0.04932471, ""menit"": 0.03295555, ""menjadi"": 0.01697168, ""menjaga"": 0.03050129, ""menyukai"": 0.01050555, ""moh"": 0.04698047, ""muhammad"": 0.03778319, ""nama"": 0.03543894, ""nomor"": 0.03543894, ""olahraga"": 0.03869729, ""orang"": 0.0314154, ""pahlevi"": 0.04932471, ""pasangan"": 0.04932471, ""pbsi"": 0.04698047, ""pekan"": 0.03050129, ""pemain"": 0.03969858, ""perlawanan"": 0.04344564, ""persaingan"": 0.03476093, ""pertama"": 0.04826701, ""pertandingan"": 0.07939715, ""putra"": 0.03543894, ""putri"": 0.04204282, ""rayhan"": 0.04932471, ""reza"": 0.04932471, ""rolly"": 0.04698047, ""sabar"": 0.04506508, ""sejumlah"": 0.02513479, ""selain"": 0.02926392, ""selasa"": 0.0443568, ""sempat"": 0.02653761, ""sendiri"": 0.03352355, ""sep"": 0.01519812, ""setelah"": 0.02198203, ""seumur"": 0.05660661, ""shenzhen"": 0.09396094, ""shohibul"": 0.04932471, ""simak"": 0.03412403, ""skor"": 0.13033693, ""sport"": 0.01772239, ""super"": 0.09396094, ""tampil"": 0.03412403, ""tangkis"": 0.11321321, ""tarik"": 0.04344564, ""terjadi"": 0.02715576, ""tetapi"": 0.02595382, ""tiga"": 0.02487538, ""turnamen"": 0.04506508, ""undian"": 0.05234697, ""unggulan"": 0.03969858, ""urung"": 0.05660661, ""video"": 0.03791954, ""wahyudi"": 0.04932471, ""wakil"": 0.18891594, ""waktu"": 0.0232194, ""wardani"": 0.04932471, ""wib"": 0.01050555, ""yakni"": 0.03295555}",1
SP077,"{""advertisement"": 0.00722292, ""ali"": 0.0517616, ""anda"": 0.00625821, ""angka"": 0.07988063, ""arena"": 0.02684551, ""artha"": 0.05876598, ""awal"": 0.03126459, ""babak"": 0.10352319, ""baik"": 0.01423582, ""bangkit"": 0.02798651, ""berbalik"": 0.03118337, ""berjalan"": 0.01816978, ""berlangsung"": 0.01743267, ""beruntun"": 0.02684551, ""besar"": 0.03794281, ""carnando"": 0.11194605, ""china"": 0.14584811, ""christie"": 0.02798651, ""content"": 0.00674296, ""continue"": 0.00674296, ""court"": 0.03118337, ""cuma"": 0.01580859, ""daniel"": 0.46585436, ""devin"": 0.08814898, ""diambang"": 0.03372085, ""disimpan"": 0.00625821, ""dua"": 0.01452033, ""faathir"": 0.05876598, ""fathir"": 0.03372085, ""fei"": 0.03372085, ""ganda"": 0.02364865, ""gim"": 0.2238921, ""goh"": 0.06744171, ""hanya"": 0.01275644, ""hao"": 0.03118337, ""interval"": 0.11753197, ""izzuddin"": 0.03372085, ""izzudin"": 0.03372085, ""jae"": 0.13488341, ""jejak"": 0.02938299, ""jonatan"": 0.02798651, ""juara"": 0.03026274, ""jun"": 0.02938299, ""kalah"": 0.02430802, ""kalahkan"": 0.02684551, ""kedua"": 0.10063519, ""kejar"": 0.05597302, ""kelima"": 0.02154294, ""kembali"": 0.03026274, ""kemudian"": 0.01529393, ""ketat"": 0.02305218, ""kim"": 0.23604598, ""kirim"": 0.02684551, ""korea"": 0.02684551, ""krs"": 0.01843613, ""krusial"": 0.05597302, ""kuat"": 0.04065573, ""laga"": 0.05369101, ""lagi"": 0.01466759, ""leo"": 0.46585436, ""leong"": 0.03118337, ""lima"": 0.01843613, ""maju"": 0.0258808, ""malaysia"": 0.02938299, ""marthin"": 0.11194605, ""masih"": 0.01165214, ""masters"": 0.16107303, ""melaju"": 0.0517616, ""melawan"": 0.0258808, ""membalikkan"": 0.03118337, ""memenangi"": 0.01997016, ""memimpin"": 0.02111116, ""menang"": 0.01766886, ""menawan"": 0.03372085, ""mendapatkan"": 0.0609836, ""mendulang"": 0.03118337, ""mengalahkan"": 0.0472973, ""mengamankan"": 0.0517616, ""mengejar"": 0.10018052, ""mengikuti"": 0.02305218, ""menjauh"": 0.02938299, ""mental"": 0.0258808, ""menunjukkan"": 0.01900545, ""menutup"": 0.02305218, ""menyetarakan"": 0.03372085, ""menyukai"": 0.00625821, ""momentum"": 0.02798651, ""mundur"": 0.03118337, ""namun"": 0.01452033, ""nur"": 0.03372085, ""open"": 0.05369101, ""pbsi"": 0.02798651, ""pemain"": 0.02364865, ""pertama"": 0.11501165, ""pertukar"": 0.03372085, ""poin"": 0.11458585, ""pur"": 0.03372085, ""putra"": 0.02111116, ""rankireddy"": 0.06744171, ""rayhan"": 0.05876598, ""retired"": 0.03372085, ""rolly"": 0.11194605, ""rusdi"": 0.03372085, ""saling"": 0.03118337, ""sama"": 0.03397093, ""sampai"": 0.01513137, ""sangat"": 0.01529393, ""satu"": 0.02618962, ""scroll"": 0.00674296, ""selasa"": 0.02642358, ""selatan"": 0.02032787, ""selepas"": 0.05369101, ""sempat"": 0.01580859, ""sengit"": 0.02684551, ""seo"": 0.23604598, ""sep"": 0.0090536, ""setelah"": 0.01309481, ""seung"": 0.13488341, ""shenzhen"": 0.05597302, ""shetty"": 0.06744171, ""sikat"": 0.06744171, ""singkirkan"": 0.03118337, ""situasi"": 0.04401344, ""skor"": 0.12940399, ""sport"": 0.01055732, ""sze"": 0.03372085, ""tampil"": 0.02032787, ""tarik"": 0.0258808, ""terjadi"": 0.03235366, ""tertinggal"": 0.07292406, ""thailand"": 0.05597302, ""unggul"": 0.04501529, ""unggulan"": 0.0945946, ""usai"": 0.13517552, ""video"": 0.02258887, ""wahyudi"": 0.05876598, ""wakil"": 0.02250764, ""wib"": 0.00625821, ""with"": 0.00674296, ""won"": 0.13488341}",1
SP078,"{""advertisement"": 0.00943527, ""akhirnya"": 0.02340139, ""ali"": 0.03380798, ""amman"": 0.03838288, ""anda"": 0.00817508, ""anthony"": 0.07676576, ""arang"": 0.04404941, ""arteta"": 0.06350693, ""asal"": 0.02757743, ""atp"": 0.04404941, ""babak"": 0.13523192, ""bahkan"": 0.02247492, ""baik"": 0.01859619, ""bali"": 0.03655867, ""bangkit"": 0.03655867, ""barki"": 0.12220411, ""beach"": 0.03838288, ""bergulir"": 0.03655867, ""berhasil"": 0.06656413, ""berikutnya"": 0.02564493, ""bermain"": 0.03655867, ""berpasangan"": 0.04404941, ""berperingkat"": 0.04404941, ""champions"": 0.06350693, ""championship"": 0.23029729, ""club"": 0.03838288, ""content"": 0.0088083, ""continue"": 0.0088083, ""costa"": 0.0407347, ""country"": 0.03838288, ""david"": 0.03011297, ""detiksport"": 0.03838288, ""diikuti"": 0.03271635, ""dilanjutkan"": 0.03271635, ""dimulai"": 0.03089213, ""dipertahankan"": 0.0407347, ""disimpan"": 0.00817508, ""dua"": 0.05690354, ""durasi"": 0.0407347, ""ethan"": 0.07676576, ""format"": 0.03838288, ""gagal"": 0.05409964, ""ganda"": 0.0926764, ""gunawan"": 0.03655867, ""harus"": 0.01610924, ""hsun"": 0.04404941, ""jaisinghani"": 0.04404941, ""jam"": 0.05880328, ""kai"": 0.03838288, ""kalah"": 0.06350693, ""kamboj"": 0.04404941, ""kandang"": 0.05749457, ""keadaan"": 0.03838288, ""kedelapan"": 0.03506817, ""kedua"": 0.09389953, ""keduanya"": 0.03089213, ""keempat"": 0.02940164, ""kemenangan"": 0.08168161, ""kepada"": 0.01806858, ""kesulitan"": 0.02704982, ""keterpurukannya"": 0.04404941, ""ketiga"": 0.08989967, ""keunggulan"": 0.03175347, ""kuat"": 0.05310842, ""kunci"": 0.03089213, ""laga"": 0.10520452, ""lakukan"": 0.02608693, ""langkah"": 0.02340139, ""lapangan"": 0.05409964, ""lawan"": 0.03380798, ""lawannya"": 0.04404941, ""lepas"": 0.03838288, ""lewat"": 0.03271635, ""liga"": 0.06350693, ""lin"": 0.04404941, ""lolos"": 0.07013635, ""malah"": 0.03506817, ""mampu"": 0.0219109, ""mantap"": 0.04404941, ""matang"": 0.04404941, ""memang"": 0.02164284, ""membalikkan"": 0.0407347, ""men"": 0.23029729, ""menang"": 0.02308076, ""menembus"": 0.03380798, ""mengalahkan"": 0.03089213, ""mengandaskan"": 0.04404941, ""mengawali"": 0.03506817, ""mengejutkan"": 0.0407347, ""menggunakan"": 0.02757743, ""menghadapi"": 0.02340139, ""menit"": 0.05128986, ""menutup"": 0.03011297, ""menyukai"": 0.00817508, ""merebut"": 0.05880328, ""merespon"": 0.04404941, ""merupakan"": 0.01841651, ""meski"": 0.02164284, ""meyakinkan"": 0.04404941, ""mineral"": 0.03838288, ""mohammad"": 0.03089213, ""motivasi"": 0.0407347, ""mrp"": 0.02874729, ""muda"": 0.03175347, ""mudah"": 0.02940164, ""nakamura"": 0.03838288, ""namun"": 0.01896785, ""nan"": 0.04404941, ""napoli"": 0.06350693, ""nathan"": 0.32587763, ""nusa"": 0.07311733, ""pablo"": 0.04404941, ""patah"": 0.03838288, ""perdana"": 0.03655867, ""perempatfinal"": 0.04404941, ""perez"": 0.0407347, ""perlawanan"": 0.03380798, ""persiapan"": 0.03175347, ""pertama"": 0.09389953, ""pertandingan"": 0.03089213, ""pertarungan"": 0.03506817, ""petenis"": 0.03655867, ""pratama"": 0.02655421, ""putra"": 0.02757743, ""rafalentino"": 0.08146941, ""raghav"": 0.04404941, ""ramos"": 0.13214824, ""ran"": 0.02940164, ""rekannya"": 0.03838288, ""rekor"": 0.05880328, ""ren"": 0.07676576, ""resha"": 0.03089213, ""rilis"": 0.03655867, ""rubber"": 0.08809882, ""rumah"": 0.05515485, ""sayang"": 0.03655867, ""scroll"": 0.0088083, ""sebelum"": 0.04382179, ""secara"": 0.0158455, ""sektor"": 0.02482674, ""selalu"": 0.02874729, ""selama"": 0.0199784, ""selasa"": 0.03451701, ""sempat"": 0.0413014, ""sep"": 0.01182668, ""seri"": 0.07120533, ""set"": 0.54837999, ""siap"": 0.04616151, ""skor"": 0.03380798, ""spanyol"": 0.02757743, ""sport"": 0.01379099, ""sukses"": 0.06761596, ""super"": 0.07311733, ""susanto"": 0.03838288, ""taiwan"": 0.04404941, ""takluk"": 0.03838288, ""tantang"": 0.06350693, ""tapi"": 0.01790002, ""tekanan"": 0.03655867, ""tembus"": 0.03175347, ""tennis"": 0.23029729, ""ternyata"": 0.03655867, ""tertinggal"": 0.06350693, ""tiebreak"": 0.13214824, ""tiga"": 0.01935721, ""tinggi"": 0.02564493, ""tuan"": 0.06761596, ""turnamen"": 0.03506817, ""udit"": 0.04404941, ""ujar"": 0.0171057, ""unggul"": 0.02940164, ""unggulan"": 0.03089213, ""usai"": 0.0252256, ""utama"": 0.03871442, ""video"": 0.02950774, ""wang"": 0.04404941, ""wib"": 0.00817508, ""with"": 0.0088083, ""world"": 0.19052079, ""zapp"": 0.03838288}",1
SP079,"{""adalah"": 0.03696896, ""advertisement"": 0.01046623, ""aff"": 0.02798193, ""aichi"": 0.03750207, ""alfian"": 0.04257686, ""allessya"": 0.04886256, ""alwi"": 0.08110664, ""amartya"": 0.04886256, ""amri"": 0.04886256, ""anda"": 0.00906834, ""asian"": 0.24656148, ""aspek"": 0.03340332, ""ayu"": 0.04886256, ""baik"": 0.02062814, ""baru"": 0.02169623, ""beberapa"": 0.0729151, ""beregu"": 0.2128843, ""berlangsung"": 0.02526048, ""bidang"": 0.03121638, ""bulan"": 0.03188841, ""bulutangkis"": 0.27229975, ""cabor"": 0.08515372, ""carnando"": 0.04055332, ""china"": 0.03522307, ""christie"": 0.20276659, ""city"": 0.04518566, ""content"": 0.00977076, ""continue"": 0.00977076, ""cuma"": 0.02290714, ""daftar"": 0.12486551, ""dahulu"": 0.03750207, ""daniel"": 0.03750207, ""dhinda"": 0.04886256, ""dia"": 0.0198559, ""diambil"": 0.03522307, ""dibagi"": 0.04257686, ""dibawa"": 0.04518566, ""difokuskan"": 0.04886256, ""digelar"": 0.03059073, ""dilakukan"": 0.04385165, ""dimulai"": 0.03426762, ""dinilai"": 0.03059073, ""dipertandingkan"": 0.04886256, ""dipilih"": 0.04518566, ""disimpan"": 0.00906834, ""dulu"": 0.03000547, ""dunia"": 0.07202305, ""dwipuji"": 0.04886256, ""eng"": 0.09037132, ""evaluasi"": 0.07258233, ""fadia"": 0.04886256, ""fajar"": 0.04257686, ""farhan"": 0.07258233, ""febi"": 0.04886256, ""febriana"": 0.04886256, ""fikri"": 0.04257686, ""fisik"": 0.06853525, ""fokus"": 0.03059073, ""games"": 0.23987336, ""gymnasium"": 0.04886256, ""hal"": 0.01914429, ""hian"": 0.09037132, ""ichinomiya"": 0.04886256, ""indonesia"": 0.03273196, ""ingin"": 0.02632857, ""jad"": 0.04886256, ""jakarta"": 0.01059862, ""joaquin"": 0.04886256, ""jonatan"": 0.20276659, ""kadek"": 0.04886256, ""kami"": 0.05642516, ""kebutuhan"": 0.05596386, ""kedalaman"": 0.04518566, ""kejuaraan"": 0.06118145, ""kepala"": 0.03188841, ""keputusan"": 0.03340332, ""keterangan"": 0.02711762, ""kirim"": 0.03889996, ""komposisi"": 0.04886256, ""kondisi"": 0.04480643, ""kontribusi"": 0.03750207, ""kusuma"": 0.08515372, ""lagi"": 0.04250757, ""leo"": 0.03750207, ""lihat"": 0.04861006, ""maksimal"": 0.03750207, ""mana"": 0.02671452, ""marthin"": 0.04055332, ""marwah"": 0.04886256, ""masing"": 0.05891141, ""masters"": 0.03889996, ""maupun"": 0.05787475, ""meilysa"": 0.04886256, ""melalui"": 0.04339246, ""melihat"": 0.02526048, ""memang"": 0.02400768, ""membawa"": 0.03121638, ""memberikan"": 0.02240321, ""menambah"": 0.03629116, ""mendalam"": 0.03889996, ""menentukan"": 0.03522307, ""mengumumkan"": 0.04055332, ""menjadi"": 0.01464987, ""menyeluruh"": 0.04055332, ""menyukai"": 0.00906834, ""meski"": 0.02400768, ""moh"": 0.08110664, ""mohammad"": 0.03426762, ""momen"": 0.07044614, ""mrp"": 0.03188841, ""muhamad"": 0.08515372, ""muhammad"": 0.03261427, ""mulai"": 0.0198559, ""municipal"": 0.04886256, ""mutiara"": 0.04886256, ""nagoya"": 0.03629116, ""nama"": 0.15295363, ""nikolaus"": 0.04886256, ""nita"": 0.04886256, ""nomor"": 0.21413509, ""oktober"": 0.03261427, ""paling"": 0.02844707, ""pbsi"": 0.16221327, ""pebulutangkis"": 0.20276659, ""pemain"": 0.17133811, ""pembinaan"": 0.04257686, ""pembukaan"": 0.03522307, ""penetapan"": 0.04055332, ""performa"": 0.07044614, ""perorangan"": 0.17030744, ""persatuan"": 0.04518566, ""prancis"": 0.07779993, ""pratama"": 0.0294557, ""pratiwi"": 0.04886256, ""prestasi"": 0.04055332, ""proses"": 0.02753948, ""puspitasari"": 0.09772511, ""putra"": 0.12236291, ""putri"": 0.18145582, ""rabu"": 0.03340332, ""rachel"": 0.04886256, ""ramadhani"": 0.04886256, ""ramadhanti"": 0.04886256, ""ranking"": 0.04518566, ""rata"": 0.03261427, ""resha"": 0.03426762, ""resminya"": 0.04055332, ""rolly"": 0.04055332, ""rose"": 0.04886256, ""saja"": 0.02371977, ""salah"": 0.02240321, ""sambung"": 0.04055332, ""satunya"": 0.03121638, ""scroll"": 0.00977076, ""sebelum"": 0.04861006, ""secara"": 0.01757689, ""sehari"": 0.03426762, ""sejarah"": 0.06853525, ""sektor"": 0.02753948, ""selama"": 0.02216138, ""seluruh"": 0.02344073, ""sementara"": 0.01786944, ""sep"": 0.01311895, ""september"": 0.07115932, ""serta"": 0.02147231, ""serupa"": 0.04886256, ""sesuai"": 0.02595839, ""setelah"": 0.05692434, ""setianingrum"": 0.04886256, ""shohibul"": 0.04257686, ""silva"": 0.04886256, ""siti"": 0.04886256, ""skuad"": 0.09037132, ""sport"": 0.01529789, ""syahnawi"": 0.04886256, ""tampil"": 0.05891141, ""target"": 0.03426762, ""tarik"": 0.03750207, ""teknis"": 0.07500415, ""terbaik"": 0.03000547, ""terkini"": 0.04257686, ""terlebih"": 0.03522307, ""thalita"": 0.04886256, ""tim"": 0.10383354, ""trias"": 0.04886256, ""tumpuan"": 0.09772511, ""tunggal"": 0.04257686, ""ubaidillah"": 0.09772511, ""ujar"": 0.01897478, ""ukir"": 0.08515372, ""upacara"": 0.04518566, ""utama"": 0.02147231, ""video"": 0.03273196, ""violina"": 0.04886256, ""wakil"": 0.03261427, ""wardani"": 0.04257686, ""wib"": 0.00906834, ""wiryawan"": 0.04886256, ""with"": 0.00977076, ""yakni"": 0.02844707, ""yusuf"": 0.09772511, ""zaki"": 0.09772511}",1
SP080,"{""advertisement"": 0.01025531, ""aff"": 0.02741803, ""anda"": 0.00888559, ""angka"": 0.05670843, ""arena"": 0.03811604, ""asian"": 0.03451324, ""atas"": 0.02352387, ""awal"": 0.02219519, ""babak"": 0.07349264, ""banyak"": 0.02195174, ""berbalik"": 0.04427506, ""berjalan"": 0.02579799, ""beruntun"": 0.07623208, ""besar"": 0.05387232, ""bulutangkis"": 0.11434811, ""butuh"": 0.04171884, ""china"": 0.13805296, ""content"": 0.00957385, ""continue"": 0.00957385, ""daniel"": 0.07349264, ""denmark"": 0.04787786, ""dewi"": 0.04427506, ""dia"": 0.01945575, ""disimpan"": 0.00888559, ""dominan"": 0.03973607, ""dong"": 0.04787786, ""dua"": 0.02061639, ""dunia"": 0.04704774, ""game"": 0.04427506, ""games"": 0.03357705, ""gim"": 0.15894429, ""guangdong"": 0.04787786, ""gutama"": 0.12515651, ""hanya"": 0.01811198, ""hasil"": 0.01945575, ""hyuk"": 0.04787786, ""indonesia"": 0.01603617, ""interval"": 0.08343767, ""isfahani"": 0.12515651, ""jakarta"": 0.01038503, ""kang"": 0.33514502, ""karyaman"": 0.12515651, ""kedua"": 0.02041211, ""kedudukan"": 0.04787786, ""kejuaraan"": 0.0599485, ""kemenangan"": 0.04439039, ""ketat"": 0.03273016, ""keunggulan"": 0.03451324, ""korea"": 0.03811604, ""krusial"": 0.03973607, ""lagi"": 0.04165095, ""langsung"": 0.01963897, ""leo"": 0.03674632, ""lewat"": 0.03555981, ""lihat"": 0.04763046, ""lolos"": 0.03811604, ""lundgaard"": 0.04787786, ""mads"": 0.04787786, ""masters"": 0.15246415, ""membiarkan"": 0.04171884, ""menang"": 0.02508676, ""mengamankan"": 0.03674632, ""mengejar"": 0.03555981, ""mengembangkan"": 0.04171884, ""menghadapi"": 0.05087053, ""mengunci"": 0.04171884, ""menit"": 0.0278738, ""menjaga"": 0.02579799, ""menyalip"": 0.03451324, ""menyamakan"": 0.04787786, ""menyingkirkan"": 0.04787786, ""menyudahi"": 0.03973607, ""menyukai"": 0.00888559, ""merebut"": 0.06391403, ""meski"": 0.02352387, ""min"": 0.04787786, ""moh"": 0.11920822, ""momen"": 0.06902648, ""nds"": 0.03555981, ""novitasari"": 0.04427506, ""pahlevi"": 0.12515651, ""pebulutangkis"": 0.03973607, ""perlawanan"": 0.03674632, ""permainan"": 0.04427506, ""pertama"": 0.04082423, ""pertandingan"": 0.03357705, ""poin"": 0.04648353, ""posisi"": 0.04082423, ""prancis"": 0.07623208, ""rabu"": 0.06546032, ""reza"": 0.54234487, ""sabar"": 0.4955085, ""salusi"": 0.04427506, ""scroll"": 0.00957385, ""sejak"": 0.02195174, ""sejarah"": 0.0671541, ""selepas"": 0.03811604, ""sep"": 0.01285457, ""shenzhen"": 0.03973607, ""singkirkan"": 0.04427506, ""skor"": 0.03674632, ""sore"": 0.02997425, ""sport"": 0.0149896, ""straight"": 0.04427506, ""tampil"": 0.0288621, ""tenang"": 0.04171884, ""tertinggal"": 0.03451324, ""terus"": 0.02171477, ""tiga"": 0.04207919, ""ukir"": 0.08343767, ""unggul"": 0.09587104, ""unggulan"": 0.03357705, ""vestegaard"": 0.04787786, ""video"": 0.03207234, ""wakil"": 0.06391403, ""waktu"": 0.01963897, ""wib"": 0.01777119, ""with"": 0.00957385}",1
SP081,"{""adalah"": 0.03701491, ""advertisement"": 0.01047924, ""agresif"": 0.04524182, ""akhir"": 0.02218892, ""akhirnya"": 0.02599065, ""amman"": 0.04262978, ""anda"": 0.00907961, ""anthony"": 0.2131489, ""arteta"": 0.07053369, ""asal"": 0.03062875, ""babak"": 0.18774342, ""bali"": 0.04060372, ""balik"": 0.03754868, ""banyak"": 0.02243106, ""barki"": 0.13572546, ""beach"": 0.04262978, ""berhasil"": 0.02464305, ""berusia"": 0.03633627, ""bikin"": 0.03526685, ""celah"": 0.04524182, ""champions"": 0.07053369, ""championship"": 0.25577868, ""club"": 0.04262978, ""comeback"": 0.04524182, ""content"": 0.0097829, ""continue"": 0.0097829, ""costa"": 0.04524182, ""country"": 0.04262978, ""defisit"": 0.04892329, ""detiksport"": 0.04262978, ""dia"": 0.01988057, ""diri"": 0.03192805, ""disimpan"": 0.00907961, ""dua"": 0.10533278, ""gagal"": 0.03004276, ""gaya"": 0.03894831, ""gim"": 0.04060372, ""gunawan"": 0.16241489, ""harus"": 0.03578331, ""heisnam"": 0.04892329, ""india"": 0.04060372, ""indonesia"": 0.04915897, ""jalur"": 0.03894831, ""jam"": 0.03265481, ""jauh"": 0.03192805, ""kaget"": 0.09784657, ""kalah"": 0.07053369, ""kamis"": 0.05349544, ""kandang"": 0.0638561, ""keberhasilan"": 0.04262978, ""kedua"": 0.1042891, ""keempat"": 0.03265481, ""kepada"": 0.02006779, ""keras"": 0.04262978, ""kesalahan"": 0.03265481, ""ketenangan"": 0.04892329, ""kualifikasi"": 0.03192805, ""kuat"": 0.05898463, ""laga"": 0.03894831, ""lagi"": 0.0212802, ""lalu"": 0.02195307, ""langsung"": 0.04013558, ""lapangan"": 0.03004276, ""lawan"": 0.03754868, ""lawannya"": 0.09784657, ""liga"": 0.07053369, ""lolos"": 0.15579325, ""makin"": 0.03344484, ""malah"": 0.03894831, ""mampu"": 0.02433524, ""melakukan"": 0.03868207, ""melihat"": 0.02529187, ""mematahkan"": 0.04524182, ""memberikan"": 0.02243106, ""memenangi"": 0.02897334, ""men"": 0.25577868, ""menang"": 0.05126908, ""menemukan"": 0.03894831, ""mengaku"": 0.03062875, ""mengalahkan"": 0.03431021, ""mengejar"": 0.03633627, ""menghadapi"": 0.0519813, ""menit"": 0.02848243, ""menutup"": 0.03344484, ""menyamakan"": 0.09784657, ""menyukai"": 0.00907961, ""menyusul"": 0.03754868, ""meredam"": 0.04892329, ""merupakan"": 0.02045421, ""meski"": 0.02403752, ""mineral"": 0.04262978, ""mohammad"": 0.03431021, ""mrp"": 0.03192805, ""mudah"": 0.03265481, ""mulai"": 0.01988057, ""namun"": 0.04213311, ""napoli"": 0.07053369, ""nathan"": 0.13572546, ""nusa"": 0.08120744, ""pengalaman"": 0.03431021, ""percaya"": 0.03192805, ""perempatfinal"": 0.04892329, ""permainan"": 0.04524182, ""pertama"": 0.1042891, ""pertandingan"": 0.06862043, ""petenis"": 0.16241489, ""poin"": 0.02374926, ""pola"": 0.03633627, ""pratama"": 0.02949232, ""rabu"": 0.03344484, ""rafalentino"": 0.31669275, ""ran"": 0.03265481, ""rekor"": 0.06530961, ""resha"": 0.03431021, ""rilis"": 0.04060372, ""satu"": 0.01899837, ""sayangnya"": 0.04262978, ""scroll"": 0.0097829, ""sebelum"": 0.04867048, ""sebenarnya"": 0.03344484, ""sehingga"": 0.02293561, ""sempat"": 0.06880684, ""sendiri"": 0.02897334, ""sep"": 0.01313525, ""serangan"": 0.13572546, ""seri"": 0.0527226, ""servis"": 0.04892329, ""set"": 0.32482978, ""shanker"": 0.04892329, ""siap"": 0.05126908, ""skor"": 0.22529211, ""sport"": 0.0153169, ""susanto"": 0.12788934, ""tahun"": 0.01745575, ""tantang"": 0.07053369, ""tembus"": 0.03526685, ""tennis"": 0.25577868, ""termotivasi"": 0.04892329, ""tertekan"": 0.09784657, ""tertinggal"": 0.03526685, ""tiket"": 0.03633627, ""trismuwantara"": 0.04524182, ""ujar"": 0.01899837, ""unggulan"": 0.03431021, ""usai"": 0.02801671, ""utama"": 0.021499, ""video"": 0.03277265, ""waktu"": 0.02006779, ""wib"": 0.00907961, ""with"": 0.0097829, ""world"": 0.21160108}",1
SP082,"{""aditya"": 0.05026789, ""advertisement"": 0.01535313, ""ajang"": 0.05323626, ""akhirnya"": 0.07615779, ""ali"": 0.05501257, ""anda"": 0.01330254, ""antara"": 0.03807889, ""arena"": 0.05706316, ""artha"": 0.06245688, ""asal"": 0.04487417, ""babak"": 0.11002514, ""beberapa"": 0.03565355, ""berjalan"": 0.03862193, ""berjuang"": 0.0594885, ""bertahan"": 0.04784255, ""besar"": 0.02688391, ""carnando"": 0.0594885, ""cas"": 0.04579195, ""china"": 0.36168614, ""christie"": 0.35693102, ""comeback"": 0.13256756, ""content"": 0.01433293, ""continue"": 0.01433293, ""daniel"": 0.05501257, ""denmark"": 0.14335499, ""deretan"": 0.06628378, ""devin"": 0.06245688, ""dikalahkan"": 0.0716775, ""disimpan"": 0.01330254, ""faathir"": 0.06245688, ""fase"": 0.06245688, ""ganda"": 0.05026789, ""gim"": 0.11897701, ""gunawan"": 0.11897701, ""gutama"": 0.06245688, ""habis"": 0.0594885, ""hao"": 0.06628378, ""hasil"": 0.08738107, ""indonesia"": 0.0960304, ""isfahani"": 0.06245688, ""jakarta"": 0.01554733, ""jonatan"": 0.35693102, ""juara"": 0.06432689, ""jun"": 0.06245688, ""kalahkan"": 0.05706316, ""kamis"": 0.07837616, ""karyaman"": 0.06245688, ""kedua"": 0.09167636, ""kembali"": 0.03216344, ""kemenangan"": 0.03322822, ""krs"": 0.03918808, ""krusial"": 0.0594885, ""leo"": 0.05501257, ""leong"": 0.06628378, ""lucas"": 0.05026789, ""maju"": 0.05501257, ""marthin"": 0.0594885, ""masih"": 0.0495359, ""masters"": 0.39944215, ""melawan"": 0.11002514, ""menang"": 0.03755716, ""menit"": 0.0417296, ""menjalani"": 0.08803129, ""menyudahi"": 0.0594885, ""menyukai"": 0.01330254, ""merebut"": 0.04784255, ""merupakan"": 0.02996746, ""muhammad"": 0.04784255, ""nomor"": 0.08974834, ""nyaris"": 0.0716775, ""open"": 0.11412633, ""pagi"": 0.05706316, ""pahlevi"": 0.06245688, ""pemain"": 0.10053577, ""perjuangan"": 0.0594885, ""pertama"": 0.03055879, ""pertandingan"": 0.05026789, ""pertarungan"": 0.11412633, ""prima"": 0.06628378, ""pun"": 0.03479503, ""putra"": 0.13462251, ""rayhan"": 0.06245688, ""reza"": 0.06245688, ""rolly"": 0.0594885, ""sabar"": 0.05706316, ""sampai"": 0.06432689, ""scroll"": 0.01433293, ""selama"": 0.03250898, ""sempat"": 0.03360296, ""sengit"": 0.11412633, ""sep"": 0.01924445, ""setelah"": 0.0278345, ""shenzhen"": 0.11897701, ""skor"": 0.11002514, ""sport"": 0.02244079, ""tampil"": 0.04320918, ""tapi"": 0.02912702, ""terkejar"": 0.06245688, ""tunggal"": 0.12491376, ""video"": 0.0480152, ""wahyudi"": 0.06245688, ""wakil"": 0.09568509, ""wib"": 0.02660508, ""with"": 0.01433293}",1
SP083,"{""advertisement"": 0.009388, ""aff"": 0.02509924, ""anda"": 0.00813412, ""angka"": 0.12978126, ""arena"": 0.0348925, ""awal"": 0.02031811, ""babak"": 0.10091586, ""baskoro"": 0.04382875, ""bay"": 0.03073738, ""bayu"": 0.04382875, ""berbalik"": 0.08106129, ""beruntun"": 0.069785, ""besar"": 0.04931625, ""bola"": 0.04053064, ""bwf"": 0.0381906, ""carnando"": 0.07275105, ""china"": 0.31594397, ""comeback"": 0.04053064, ""content"": 0.00876418, ""continue"": 0.00876418, ""court"": 0.04053064, ""cuma"": 0.02054725, ""daniel"": 0.47094068, ""demi"": 0.03255246, ""digelar"": 0.02743928, ""dikalahkan"": 0.04382875, ""disimpan"": 0.00813412, ""dua"": 0.01887283, ""duel"": 0.06510492, ""game"": 0.08106129, ""ganda"": 0.03073738, ""gas"": 0.04382875, ""gim"": 0.18187763, ""hasil"": 0.08905173, ""interval"": 0.07638121, ""jauh"": 0.02860328, ""jepang"": 0.03073738, ""juara"": 0.03933406, ""kamis"": 0.04792479, ""kedua"": 0.03737166, ""keduanya"": 0.03073738, ""kedudukan"": 0.13148624, ""kembali"": 0.01966703, ""kemenangan"": 0.02031811, ""kemudian"": 0.01987832, ""kena"": 0.0381906, ""ketiga"": 0.02236233, ""keunggulan"": 0.18956638, ""kirim"": 0.0348925, ""lagi"": 0.01906423, ""laju"": 0.04382875, ""langsung"": 0.01797807, ""lanjut"": 0.02432397, ""leo"": 0.47094068, ""lepas"": 0.0381906, ""mampu"": 0.04360227, ""marthin"": 0.10912658, ""masters"": 0.348925, ""match"": 0.04053064, ""memanfaatkan"": 0.03363862, ""memastikan"": 0.02009524, ""memasuki"": 0.06147476, ""memimpin"": 0.02743928, ""mempertemukan"": 0.04382875, ""menang"": 0.02296513, ""mencapai"": 0.04792479, ""mengejar"": 0.03255246, ""menjaga"": 0.02361621, ""menutup"": 0.02996212, ""menyamakan"": 0.04382875, ""menyukai"": 0.00813412, ""meraih"": 0.10382501, ""momentum"": 0.03637553, ""mulai"": 0.01781035, ""nomor"": 0.02743928, ""open"": 0.069785, ""out"": 0.04053064, ""pasangan"": 0.0381906, ""pbsi"": 0.03637553, ""pemain"": 0.03073738, ""persaingan"": 0.02691431, ""pertama"": 0.03737166, ""poin"": 0.06382851, ""point"": 0.04382875, ""putra"": 0.02743928, ""rankireddy"": 0.0876575, ""reza"": 0.0381906, ""rolly"": 0.10912658, ""rubber"": 0.0876575, ""sabar"": 0.0348925, ""scroll"": 0.00876418, ""sebelum"": 0.02180113, ""semakin"": 0.02432397, ""sempat"": 0.02054725, ""sengit"": 0.0348925, ""sep"": 0.01176744, ""setelah"": 0.01702, ""shetty"": 0.0876575, ""sikat"": 0.0876575, ""sore"": 0.02743928, ""sport"": 0.0137219, ""super"": 0.03637553, ""tapi"": 0.01781035, ""tarik"": 0.03363862, ""tekanan"": 0.03637553, ""terbendung"": 0.0381906, ""terjadi"": 0.06307761, ""thailand"": 0.07275105, ""unggul"": 0.08776307, ""usai"": 0.05019847, ""video"": 0.02935993, ""wakil"": 0.02925436, ""wib"": 0.01626825, ""with"": 0.00876418}",1
SP084,"{""advertisement"": 0.00737179, ""aff"": 0.01970881, ""ali"": 0.02641423, ""anda"": 0.0063872, ""angka"": 0.08152707, ""arena"": 0.02739882, ""artha"": 0.02998861, ""atas"": 0.01690959, ""babak"": 0.05282847, ""badminton"": 0.03441588, ""baskoro"": 0.03441588, ""bay"": 0.02413608, ""bayu"": 0.03441588, ""beruntun"": 0.02739882, ""besar"": 0.02581657, ""bola"": 0.03182609, ""bwf"": 0.02998861, ""carnando"": 0.02856335, ""china"": 0.2728994, ""christie"": 0.02856335, ""com"": 0.02641423, ""comeback"": 0.03182609, ""content"": 0.00688194, ""continue"": 0.00688194, ""court"": 0.03182609, ""daniel"": 0.0792427, ""denmark"": 0.06883176, ""devin"": 0.02998861, ""digelar"": 0.02154629, ""disimpan"": 0.0063872, ""dua"": 0.01481961, ""faathir"": 0.02998861, ""final"": 0.05997722, ""game"": 0.03182609, ""ganda"": 0.02413608, ""gim"": 0.08569005, ""gutama"": 0.02998861, ""hasil"": 0.09789719, ""indonesia"": 0.03458168, ""interval"": 0.05997722, ""isfahani"": 0.05997722, ""kamis"": 0.03763224, ""karyaman"": 0.05997722, ""kedua"": 0.02934554, ""kedudukan"": 0.06883176, ""kembali"": 0.01544325, ""kemenangan"": 0.0159545, ""kena"": 0.02998861, ""keunggulan"": 0.09923615, ""lagi"": 0.0149699, ""langsung"": 0.01411701, ""leo"": 0.05282847, ""lepas"": 0.02998861, ""lolos"": 0.02739882, ""lundgaard"": 0.17207941, ""mads"": 0.03441588, ""malam"": 0.01854428, ""mampu"": 0.03423804, ""marthin"": 0.02856335, ""masters"": 0.30138706, ""match"": 0.03182609, ""melaju"": 0.0792427, ""memastikan"": 0.01577949, ""memasuki"": 0.02413608, ""memimpin"": 0.02154629, ""mempertemukan"": 0.03441588, ""menang"": 0.0540991, ""mencapai"": 0.05644836, ""mengalahkan"": 0.02413608, ""menjadi"": 0.0103185, ""menjaga"": 0.01854428, ""menjauh"": 0.02998861, ""menutup"": 0.02352731, ""menyamakan"": 0.06883176, ""menyukai"": 0.0063872, ""merebut"": 0.04594311, ""moh"": 0.02856335, ""mohammad"": 0.02413608, ""namun"": 0.01481961, ""open"": 0.05479765, ""out"": 0.03182609, ""pahlevi"": 0.05997722, ""pasangan"": 0.02998861, ""perempatfinal"": 0.13766353, ""permainan"": 0.03182609, ""pertama"": 0.02934554, ""pertandingan"": 0.02413608, ""pic"": 0.03441588, ""poin"": 0.0334136, ""point"": 0.06883176, ""positif"": 0.01970881, ""putri"": 0.05112268, ""rayhan"": 0.02998861, ""reza"": 0.56978361, ""rolly"": 0.02856335, ""sabar"": 0.54797648, ""satu"": 0.01336471, ""satunya"": 0.02198696, ""scroll"": 0.00688194, ""selanjutnya"": 0.02739882, ""sempat"": 0.01613443, ""sep"": 0.00924021, ""september"": 0.0167068, ""setelah"": 0.01336471, ""skor"": 0.02641423, ""sport"": 0.01077492, ""super"": 0.02856335, ""tapi"": 0.01398531, ""tekanan"": 0.02856335, ""tersisa"": 0.02856335, ""twitter"": 0.02998861, ""unggul"": 0.04594311, ""usai"": 0.01970881, ""wahyudi"": 0.02998861, ""wakil"": 0.02297155, ""wib"": 0.0127744, ""with"": 0.00688194, ""work"": 0.03441588}",1
SP085,"{""advertisement"": 0.01016404, ""akhirnya"": 0.02520889, ""akibat"": 0.0309677, ""alhasil"": 0.04134754, ""ali"": 0.03641927, ""amman"": 0.08269508, ""anda"": 0.00880651, ""anthony"": 0.24808523, ""atas"": 0.02331451, ""babak"": 0.10925782, ""bali"": 0.03938242, ""barki"": 0.17552405, ""baru"": 0.04213959, ""bay"": 0.03327821, ""beach"": 0.04134754, ""beban"": 0.09490349, ""begitu"": 0.02594319, ""berhak"": 0.0377768, ""berharap"": 0.06841214, ""berlangsung"": 0.02453113, ""bermain"": 0.07876484, ""bersama"": 0.0210698, ""bertarung"": 0.04134754, ""bertemu"": 0.07876484, ""berupaya"": 0.04134754, ""berusia"": 0.03524333, ""besar"": 0.01779762, ""biasa"": 0.03031507, ""cedera"": 0.03524333, ""cepat"": 0.03243886, ""championship"": 0.24808523, ""club"": 0.04134754, ""content"": 0.00948865, ""continue"": 0.00948865, ""costa"": 0.04388101, ""country"": 0.04134754, ""david"": 0.09731659, ""detiksport"": 0.04134754, ""dia"": 0.0192826, ""disimpan"": 0.00880651, ""dua"": 0.04086581, ""duel"": 0.03524333, ""ethan"": 0.20673769, ""fokus"": 0.02970748, ""game"": 0.04388101, ""ganda"": 0.03327821, ""gembira"": 0.04745175, ""hari"": 0.02003254, ""harus"": 0.0173535, ""india"": 0.03938242, ""indonesia"": 0.01589345, ""jam"": 0.06334519, ""kali"": 0.02276392, ""kami"": 0.03653066, ""kamis"": 0.05188638, ""kanannya"": 0.04388101, ""kedua"": 0.08092179, ""keempat"": 0.0316726, ""kejar"": 0.03938242, ""kemenangan"": 0.04399531, ""kepada"": 0.01946418, ""kompatriotnya"": 0.04745175, ""kondisi"": 0.02175637, ""kuat"": 0.02860523, ""laga"": 0.11333041, ""lagi"": 0.02064013, ""langsung"": 0.01946418, ""lapangan"": 0.02913912, ""lengan"": 0.03641927, ""leo"": 0.03641927, ""lolos"": 0.0377768, ""luar"": 0.02970748, ""mana"": 0.02594319, ""medis"": 0.04134754, ""melaju"": 0.03641927, ""melalui"": 0.0210698, ""memasuki"": 0.03327821, ""mematahkan"": 0.04388101, ""meminta"": 0.02860523, ""mempertahankan"": 0.03327821, ""memutuskan"": 0.04134754, ""men"": 0.24808523, ""menang"": 0.07459047, ""menembus"": 0.03641927, ""mengalahkan"": 0.06655643, ""menit"": 0.08287716, ""menutup"": 0.03243886, ""menyerah"": 0.04134754, ""menyingkirkan"": 0.04745175, ""menyukai"": 0.00880651, ""meski"": 0.04662902, ""mineral"": 0.08269508, ""mohammad"": 0.03327821, ""motivasi"": 0.04388101, ""mrp"": 0.0309677, ""mundur"": 0.04388101, ""nathan"": 0.43881013, ""nomor"": 0.02970748, ""nusa"": 0.03938242, ""perawatan"": 0.03938242, ""perempatfinal"": 0.14235524, ""performa"": 0.03420607, ""pertama"": 0.08092179, ""pertandingan"": 0.03327821, ""petenis"": 0.07876484, ""poin"": 0.02303491, ""pratama"": 0.02860523, ""pulih"": 0.04745175, ""putra"": 0.05941496, ""rafalentino"": 0.30716709, ""resha"": 0.03327821, ""rilis"": 0.03938242, ""rumah"": 0.02970748, ""sakit"": 0.04388101, ""sama"": 0.02390183, ""sampai"": 0.02129276, ""sangat"": 0.04304302, ""scroll"": 0.00948865, ""sebastian"": 0.09490349, ""sebenarnya"": 0.03243886, ""selandia"": 0.04745175, ""selanjutnya"": 0.07555361, ""sempurna"": 0.04388101, ""sep"": 0.01274016, ""seperti"": 0.01706939, ""seri"": 0.02556839, ""servis"": 0.04745175, ""set"": 0.15752969, ""setelah"": 0.01842692, ""skor"": 0.07283855, ""sport"": 0.01485619, ""super"": 0.03938242, ""susanto"": 0.04134754, ""swedia"": 0.04745175, ""tahun"": 0.05079211, ""tampil"": 0.02860523, ""tanpa"": 0.06487773, ""tempo"": 0.08776203, ""tennis"": 0.24808523, ""terjadi"": 0.02276392, ""tiebreak"": 0.04745175, ""tiket"": 0.03524333, ""tinggi"": 0.02762572, ""tuan"": 0.03641927, ""tunggal"": 0.04134754, ""turun"": 0.02594319, ""ujar"": 0.03685384, ""unggulan"": 0.09983464, ""wakil"": 0.06334519, ""waktu"": 0.01946418, ""wib"": 0.00880651, ""with"": 0.00948865, ""world"": 0.20523643, ""zapp"": 0.08269508}",1
SP086,"{""advertisement"": 0.00579889, ""agresif"": 0.02503543, ""ajang"": 0.04021474, ""anda"": 0.00502438, ""angka"": 0.08016475, ""arena"": 0.02155279, ""awal"": 0.02510064, ""babak"": 0.02077828, ""bahkan"": 0.01381302, ""baik"": 0.02285832, ""bangkit"": 0.04493769, ""berbalik"": 0.05007085, ""berlangsung"": 0.01399574, ""berubah"": 0.02246884, ""beruntun"": 0.02155279, ""berusaha"": 0.01951558, ""bikin"": 0.09757792, ""china"": 0.13660908, ""content"": 0.00541356, ""continue"": 0.00541356, ""court"": 0.02503543, ""cuma"": 0.01269186, ""depan"": 0.01227866, ""digelar"": 0.016949, ""disimpan"": 0.00502438, ""ditentukan"": 0.02707263, ""dua"": 0.01165758, ""final"": 0.04718, ""gagal"": 0.01662474, ""ganda"": 0.01898621, ""gim"": 0.22468845, ""gutama"": 0.09436001, ""habis"": 0.06740653, ""harus"": 0.01980138, ""hasil"": 0.03300389, ""indonesia"": 0.03627074, ""interval"": 0.14154001, ""isfahani"": 0.09436001, ""jarak"": 0.01603295, ""jumat"": 0.03152259, ""kalah"": 0.05854675, ""karyaman"": 0.09436001, ""kedua"": 0.04616829, ""kedudukan"": 0.10829054, ""keenam"": 0.01898621, ""kembali"": 0.04859261, ""kemudian"": 0.02455733, ""kesalahan"": 0.03614032, ""ketat"": 0.01850734, ""ketiga"": 0.05525206, ""keunggulan"": 0.05854675, ""konsisten"": 0.02155279, ""krusial"": 0.02246884, ""kuat"": 0.06528054, ""kurang"": 0.01898621, ""laga"": 0.04310559, ""malam"": 0.01458753, ""malaysia"": 0.04718, ""masters"": 0.15086955, ""match"": 0.02503543, ""melaju"": 0.02077828, ""melakukan"": 0.01070273, ""melebar"": 0.02707263, ""memimpin"": 0.016949, ""memulai"": 0.02077828, ""menang"": 0.01418536, ""mendapatkan"": 0.04896041, ""mendulang"": 0.05007085, ""mengamankan"": 0.02077828, ""mengawali"": 0.02155279, ""mengejar"": 0.02010737, ""menghadapi"": 0.01438242, ""menjaga"": 0.04376258, ""menjauh"": 0.02359, ""menyetarakan"": 0.02707263, ""menyukai"": 0.00502438, ""moh"": 0.08987538, ""momentum"": 0.02246884, ""namun"": 0.02331516, ""net"": 0.04021474, ""nur"": 0.0812179, ""open"": 0.04310559, ""out"": 0.02503543, ""pahlevi"": 0.09436001, ""pasangan"": 0.02359, ""perempatfinal"": 0.05414527, ""pertama"": 0.03462622, ""pertandingan"": 0.01898621, ""poin"": 0.03942631, ""pukulan"": 0.02359, ""pur"": 0.02707263, ""putra"": 0.016949, ""putri"": 0.04021474, ""ran"": 0.01807016, ""reza"": 0.61334005, ""rusdi"": 0.02707263, ""sabar"": 0.56037261, ""sama"": 0.05454682, ""satu"": 0.01051311, ""scroll"": 0.00541356, ""selepas"": 0.04310559, ""sempat"": 0.01269186, ""sengit"": 0.02155279, ""sep"": 0.00726864, ""setelah"": 0.01051311, ""setelahnya"": 0.02503543, ""shenzhen"": 0.02246884, ""situasi"": 0.017668, ""skor"": 0.08311313, ""sport"": 0.0084759, ""tampil"": 0.01632014, ""tapi"": 0.03300389, ""tertinggal"": 0.07806233, ""terukur"": 0.02359, ""terus"": 0.03683599, ""tiga"": 0.01189688, ""tipis"": 0.02077828, ""unggul"": 0.10842096, ""unggulan"": 0.01898621, ""usai"": 0.03100716, ""wakil"": 0.05421048, ""wib"": 0.01004875, ""with"": 0.00541356}",1
SP087,"{""advertisement"": 0.01025485, ""agar"": 0.02381416, ""alexander"": 0.04427307, ""ali"": 0.07348933, ""amerika"": 0.03555822, ""amman"": 0.04171696, ""anda"": 0.00888519, ""anthony"": 0.04171696, ""arteta"": 0.06902338, ""asal"": 0.02997291, ""atas"": 0.02352281, ""babak"": 0.03674467, ""bagi"": 0.01945488, ""bagus"": 0.02579683, ""baik"": 0.02021152, ""bali"": 0.03973429, ""barki"": 0.08854615, ""beach"": 0.04171696, ""bermain"": 0.03973429, ""berperingkat"": 0.04787571, ""bertemu"": 0.03973429, ""besok"": 0.04171696, ""boleh"": 0.03451169, ""champions"": 0.06902338, ""championship"": 0.25030177, ""club"": 0.04171696, ""content"": 0.00957342, ""continue"": 0.00957342, ""costa"": 0.08854615, ""country"": 0.04171696, ""david"": 0.09818608, ""denmark"": 0.04787571, ""depan"": 0.0217138, ""detiksport"": 0.04171696, ""dia"": 0.03890976, ""disimpan"": 0.00888519, ""dua"": 0.04123093, ""durasi"": 0.04427307, ""ethan"": 0.3337357, ""faktor"": 0.03357554, ""final"": 0.25030177, ""fokus"": 0.05994581, ""gagal"": 0.02939947, ""ganda"": 0.06715108, ""gelar"": 0.03124438, ""hari"": 0.02021152, ""harus"": 0.03501709, ""heisnam"": 0.04787571, ""india"": 0.07946858, ""indonesia"": 0.0320709, ""jam"": 0.06391116, ""jepang"": 0.06715108, ""juara"": 0.021483, ""jumat"": 0.02787255, ""kalah"": 0.03451169, ""kalinya"": 0.04787571, ""kami"": 0.05528557, ""kandang"": 0.06248877, ""kedua"": 0.0408224, ""keempat"": 0.06391116, ""kemampuan"": 0.03272869, ""kemenangan"": 0.06658259, ""kepada"": 0.01963809, ""kuat"": 0.05772161, ""laga"": 0.07622865, ""langsung"": 0.01963809, ""lawan"": 0.03674467, ""lewat"": 0.07111643, ""liga"": 0.06902338, ""lolos"": 0.03811433, ""maupun"": 0.02835294, ""membantu"": 0.03272869, ""memuji"": 0.04787571, ""men"": 0.25030177, ""menang"": 0.07525691, ""menantang"": 0.04787571, ""mencapai"": 0.02617498, ""menempatkan"": 0.04171696, ""menganggap"": 0.04787571, ""mengatur"": 0.03811433, ""menghadapi"": 0.05086824, ""menit"": 0.05574509, ""menjadi"": 0.014354, ""menuju"": 0.03124438, ""menyebut"": 0.02579683, ""menyerah"": 0.04171696, ""menyudahi"": 0.03973429, ""menyukai"": 0.00888519, ""merupakan"": 0.02001624, ""mineral"": 0.04171696, ""mohammad"": 0.03357554, ""mrp"": 0.03124438, ""napoli"": 0.06902338, ""nathan"": 0.08854615, ""net"": 0.03555822, ""nomor"": 0.02997291, ""nusa"": 0.03973429, ""papar"": 0.04427307, ""pasangan"": 0.12515089, ""penting"": 0.02543412, ""perempatfinal"": 0.04787571, ""perez"": 0.04427307, ""perlawanan"": 0.03674467, ""pertama"": 0.06123359, ""pertandingan"": 0.03357554, ""pertarungan"": 0.03811433, ""petenis"": 0.07946858, ""poin"": 0.04648144, ""pratama"": 0.02886081, ""prima"": 0.04427307, ""pun"": 0.02324072, ""putra"": 0.02997291, ""rafalentino"": 0.39845766, ""ramos"": 0.04787571, ""ran"": 0.03195558, ""rekannya"": 0.08343392, ""rekor"": 0.09586674, ""resha"": 0.03357554, ""rilis"": 0.03973429, ""rumah"": 0.02997291, ""sabtu"": 0.05574509, ""sama"": 0.02411538, ""sambungnya"": 0.03451169, ""scroll"": 0.00957342, ""sebastian"": 0.14362713, ""sebelum"": 0.02381416, ""sedari"": 0.04427307, ""sekali"": 0.06545738, ""sektor"": 0.02698328, ""selalu"": 0.03124438, ""selama"": 0.0434276, ""selanjutnya"": 0.03811433, ""semangat"": 0.03973429, ""sementara"": 0.03501709, ""sep"": 0.01285399, ""seri"": 0.02579683, ""serikat"": 0.03674467, ""serta"": 0.0420773, ""serupa"": 0.04787571, ""set"": 0.15893715, ""setelah"": 0.05577468, ""setiap"": 0.02475031, ""shanker"": 0.04787571, ""siap"": 0.05017127, ""skor"": 0.03674467, ""spanyol"": 0.02997291, ""sport"": 0.01498892, ""strategi"": 0.03058592, ""sukses"": 0.03674467, ""tahun"": 0.01708197, ""takut"": 0.04427307, ""tantang"": 0.06902338, ""tekanan"": 0.03973429, ""tembus"": 0.03451169, ""tennis"": 0.29201874, ""terbaik"": 0.02939947, ""tersendiri"": 0.03973429, ""tetap"": 0.01982515, ""tinggi"": 0.02787255, ""total"": 0.03124438, ""tour"": 0.04787571, ""tuan"": 0.03674467, ""tunggal"": 0.04171696, ""ujar"": 0.01859156, ""ulang"": 0.03973429, ""unggulan"": 0.10072662, ""video"": 0.0320709, ""voli"": 0.04427307, ""waspada"": 0.04427307, ""wib"": 0.00888519, ""with"": 0.00957342, ""world"": 0.24158183, ""zapp"": 0.08343392}",1
SP088,"{""advertisement"": 0.00929045, ""agar"": 0.02157459, ""ajang"": 0.0322142, ""alexander"": 0.20054739, ""ali"": 0.09986721, ""amerika"": 0.0322142, ""amman"": 0.03779375, ""anda"": 0.0080496, ""anwar"": 0.04337331, ""arteta"": 0.06253218, ""asal"": 0.02715415, ""atas"": 0.02131065, ""atp"": 0.04337331, ""australia"": 0.03599754, ""babak"": 0.03328907, ""baik"": 0.03662152, ""bali"": 0.03599754, ""bangkit"": 0.03599754, ""barki"": 0.04010948, ""bay"": 0.03041798, ""beach"": 0.03779375, ""berhak"": 0.03452992, ""berhasil"": 0.02184749, ""bersama"": 0.01925887, ""bertemu"": 0.03599754, ""biasa"": 0.02770951, ""champions"": 0.06253218, ""championship"": 0.22676251, ""chang"": 0.04010948, ""content"": 0.00867311, ""continue"": 0.00867311, ""costa"": 0.12032843, ""country"": 0.03779375, ""david"": 0.08895231, ""detiksport"": 0.03779375, ""dia"": 0.01762527, ""diapresiasi"": 0.04337331, ""diri"": 0.02830605, ""disimpan"": 0.0080496, ""dolar"": 0.0755875, ""dua"": 0.03735343, ""ethan"": 0.37793752, ""final"": 0.0755875, ""gagal"": 0.05326928, ""game"": 0.04010948, ""ganda"": 0.09125394, ""gelar"": 0.02830605, ""hadiah"": 0.03779375, ""hadirnya"": 0.04337331, ""hal"": 0.01699361, ""harapan"": 0.03599754, ""hari"": 0.01831076, ""harus"": 0.01586198, ""hasil"": 0.01762527, ""india"": 0.03599754, ""indonesia"": 0.04358226, ""jakarta"": 0.00940796, ""jalur"": 0.03452992, ""jam"": 0.05790073, ""jepang"": 0.03041798, ""juara"": 0.11677598, ""kalah"": 0.03126609, ""kali"": 0.02080738, ""kami"": 0.03339088, ""kandang"": 0.0566121, ""karang"": 0.04337331, ""kedua"": 0.05547497, ""keluar"": 0.03041798, ""kepada"": 0.01779125, ""kesulitan"": 0.05326928, ""ketua"": 0.02895036, ""keunggulan"": 0.03126609, ""kompetisi"": 0.03328907, ""komunikasi"": 0.03599754, ""kuat"": 0.0784399, ""langsung"": 0.0355825, ""lapangan"": 0.02663464, ""lawan"": 0.06657814, ""leo"": 0.03328907, ""lewat"": 0.06442839, ""liga"": 0.06253218, ""luar"": 0.02715415, ""melangkah"": 0.03599754, ""memang"": 0.02131065, ""memastikan"": 0.01988642, ""memasuki"": 0.03041798, ""mematahkan"": 0.04010948, ""memberikan"": 0.01988642, ""membuahkan"": 0.04337331, ""membuat"": 0.04066748, ""membuatnya"": 0.03599754, ""mempertahankan"": 0.03041798, ""memuji"": 0.04337331, ""men"": 0.22676251, ""menang"": 0.09090598, ""mendapat"": 0.02663464, ""mengakui"": 0.02770951, ""mengalahkan"": 0.06083596, ""mengalami"": 0.02304221, ""meningkat"": 0.0322142, ""menit"": 0.05050263, ""menyerang"": 0.03779375, ""menyingkirkan"": 0.04337331, ""menyukai"": 0.0080496, ""menyulitkan"": 0.04337331, ""merah"": 0.02830605, ""merupakan"": 0.01813384, ""meski"": 0.02131065, ""mineral"": 0.03779375, ""minggu"": 0.02010698, ""mohammad"": 0.03041798, ""mrp"": 0.02830605, ""muda"": 0.03126609, ""namun"": 0.01867671, ""napoli"": 0.06253218, ""nathan"": 0.04010948, ""nusa"": 0.03599754, ""nyaris"": 0.04337331, ""pablo"": 0.26023985, ""partai"": 0.04337331, ""pembinaan"": 0.03779375, ""pencapaian"": 0.03599754, ""pengalaman"": 0.03041798, ""perempatfinal"": 0.04337331, ""perez"": 0.04010948, ""performa"": 0.03126609, ""periode"": 0.02715415, ""perlawanan"": 0.03328907, ""permainan"": 0.08021896, ""pertama"": 0.03698331, ""pertandingan"": 0.03041798, ""petenis"": 0.10799261, ""poin"": 0.02105508, ""pratama"": 0.02614663, ""prestasi"": 0.03599754, ""proses"": 0.02444568, ""puncak"": 0.06083596, ""putih"": 0.02830605, ""putra"": 0.08146244, ""rafalentino"": 0.40109478, ""ramos"": 0.04337331, ""rekor"": 0.05790073, ""resha"": 0.03041798, ""rilis"": 0.03599754, ""rumah"": 0.02715415, ""runner"": 0.04337331, ""sabtu"": 0.02525131, ""sama"": 0.04369497, ""scroll"": 0.00867311, ""sebelum"": 0.02157459, ""sebuah"": 0.03126609, ""sedangkan"": 0.02770951, ""sehingga"": 0.02033374, ""sekaligus"": 0.02157459, ""sektor"": 0.07333704, ""sementara"": 0.03172396, ""sempat"": 0.02033374, ""sep"": 0.01164516, ""seperti"": 0.01560229, ""seri"": 0.04674161, ""serikat"": 0.03328907, ""serta"": 0.0762404, ""servis"": 0.08674662, ""set"": 0.10799261, ""setelah"": 0.01684314, ""siap"": 0.04545299, ""skor"": 0.06657814, ""spanyol"": 0.02715415, ""sport"": 0.01357931, ""talenta"": 0.0755875, ""tambahan"": 0.02770951, ""tampil"": 0.02614663, ""tantang"": 0.06253218, ""tantangan"": 0.0322142, ""tapi"": 0.01762527, ""tembus"": 0.03126609, ""tempo"": 0.04010948, ""tenis"": 0.04010948, ""tennis"": 0.26455627, ""tersendiri"": 0.03599754, ""terus"": 0.01967176, ""tour"": 0.04337331, ""trofi"": 0.04337331, ""tuan"": 0.03328907, ""tunggal"": 0.03779375, ""ujar"": 0.03368629, ""umum"": 0.03041798, ""unggulan"": 0.03041798, ""video"": 0.02905484, ""voli"": 0.04010948, ""wakil"": 0.02895036, ""waktu"": 0.01779125, ""wib"": 0.0080496, ""with"": 0.00867311, ""world"": 0.21886262, ""zapp"": 0.11338126}",1
SP089,"{""advertisement"": 0.01211201, ""agustus"": 0.03965608, ""ajang"": 0.04199781, ""akhirnya"": 0.03004024, ""amman"": 0.09854382, ""anda"": 0.0104943, ""angka"": 0.03348766, ""anwar"": 0.05654601, ""apalagi"": 0.08679826, ""area"": 0.09003367, ""arteta"": 0.08152352, ""asal"": 0.035401, ""atas"": 0.0277828, ""atp"": 0.05654601, ""babak"": 0.17359652, ""baik"": 0.02387183, ""bali"": 0.09386035, ""baru"": 0.02510788, ""beach"": 0.04927191, ""berbeda"": 0.03774274, ""berhak"": 0.04501683, ""berlangsung"": 0.02923259, ""bermain"": 0.04693017, ""berupaya"": 0.04927191, ""biasa"": 0.03612503, ""bni"": 0.05654601, ""bukan"": 0.02744962, ""business"": 0.04693017, ""champions"": 0.08152352, ""championship"": 0.34490336, ""content"": 0.01130717, ""continue"": 0.01130717, ""country"": 0.04927191, ""delapan"": 0.03965608, ""detiksport"": 0.04927191, ""didampingi"": 0.05654601, ""dilakukan"": 0.02537357, ""dinilai"": 0.035401, ""disimpan"": 0.0104943, ""dua"": 0.07304678, ""duel"": 0.04199781, ""ethan"": 0.04927191, ""final"": 0.09854382, ""gagal"": 0.03472372, ""ganda"": 0.03965608, ""gelar"": 0.11070824, ""gunawan"": 0.04693017, ""hadiah"": 0.09854382, ""harus"": 0.02067934, ""heru"": 0.05654601, ""india"": 0.04693017, ""indonesia"": 0.01893947, ""intensitas"": 0.05654601, ""jam"": 0.03774274, ""juara"": 0.07612072, ""kandang"": 0.07380549, ""kanwil"": 0.05654601, ""karakter"": 0.04693017, ""kebanggaan"": 0.05229093, ""kedua"": 0.04821534, ""keduanya"": 0.03965608, ""kelima"": 0.03612503, ""kepada"": 0.02319454, ""ketua"": 0.03774274, ""kualifikasi"": 0.03690275, ""kuat"": 0.10226251, ""laga"": 0.04501683, ""lalu"": 0.02537357, ""langsung"": 0.02319454, ""lanjut"": 0.03138177, ""lapangan"": 0.06944743, ""lawan"": 0.13019739, ""liga"": 0.08152352, ""luar"": 0.035401, ""main"": 0.04076176, ""melawan"": 0.04339913, ""melewati"": 0.04501683, ""memasuki"": 0.03965608, ""memenangi"": 0.03348766, ""memperebutkan"": 0.04339913, ""men"": 0.34490336, ""menambah"": 0.04199781, ""menang"": 0.02962865, ""menarik"": 0.04501683, ""mendapat"": 0.03472372, ""menghadapi"": 0.03004024, ""menit"": 0.03292027, ""menjadi"": 0.01695351, ""menutup"": 0.03865586, ""menyajikan"": 0.05654601, ""menyukai"": 0.0104943, ""menyusul"": 0.04339913, ""meraih"": 0.03348766, ""merespons"": 0.04693017, ""merupakan"": 0.04728236, ""mineral"": 0.09854382, ""minggu"": 0.02621357, ""mohammad"": 0.03965608, ""motivasi"": 0.05229093, ""mrp"": 0.03690275, ""napoli"": 0.08152352, ""nds"": 0.04199781, ""nomor"": 0.035401, ""nusa"": 0.09386035, ""penyerahan"": 0.05654601, ""periode"": 0.035401, ""perlawanan"": 0.04339913, ""permainan"": 0.05229093, ""pertama"": 0.04821534, ""pertandingan"": 0.07931215, ""pertarungan"": 0.04501683, ""petenis"": 0.09386035, ""poin"": 0.02744962, ""pratama"": 0.0340875, ""putra"": 0.035401, ""rafalentino"": 0.05229093, ""rekor"": 0.07548548, ""resha"": 0.03965608, ""rilis"": 0.04693017, ""sama"": 0.02848268, ""sampai"": 0.02537357, ""sangat"": 0.02564617, ""scroll"": 0.01130717, ""sebuah"": 0.04076176, ""selaku"": 0.05229093, ""selandia"": 0.05654601, ""selesai"": 0.04076176, ""semakin"": 0.03138177, ""sementara"": 0.02067934, ""senang"": 0.04199781, ""senin"": 0.0410174, ""sep"": 0.01518185, ""serangan"": 0.05229093, ""seri"": 0.18281185, ""serta"": 0.07454625, ""seru"": 0.04693017, ""set"": 0.14079052, ""setelah"": 0.02195849, ""siap"": 0.0592573, ""skor"": 0.04339913, ""slot"": 0.04927191, ""sport"": 0.01770342, ""tambahan"": 0.03612503, ""tampil"": 0.0340875, ""tangguh"": 0.05229093, ""tantang"": 0.08152352, ""team"": 0.03612503, ""tembus"": 0.04076176, ""tempo"": 0.05229093, ""tenang"": 0.04927191, ""tennis"": 0.39417527, ""terbaik"": 0.03472372, ""terjadi"": 0.02712669, ""tetap"": 0.02341549, ""tiebreak"": 0.11309201, ""tinggi"": 0.03292027, ""tour"": 0.05654601, ""trofi"": 0.05654601, ""tunggal"": 0.04927191, ""uang"": 0.04199781, ""ujar"": 0.02195849, ""utama"": 0.02484875, ""video"": 0.03787894, ""wib"": 0.0104943, ""with"": 0.01130717, ""world"": 0.32609409}",1
SP090,"{""abdul"": 0.13389875, ""adalah"": 0.01825837, ""advertisement"": 0.0103382, ""akhir"": 0.02189028, ""ali"": 0.07408664, ""amerika"": 0.03584723, ""amman"": 0.04205603, ""anda"": 0.00895741, ""anthony"": 0.08411206, ""apalagi"": 0.03704332, ""arteta"": 0.06958439, ""asal"": 0.03021652, ""asing"": 0.04826484, ""atp"": 0.04826484, ""babak"": 0.22225993, ""bali"": 0.04005724, ""baru"": 0.04286166, ""beach"": 0.04205603, ""berhadiah"": 0.04463292, ""bersama"": 0.02143083, ""bertanding"": 0.03842411, ""card"": 0.04826484, ""champions"": 0.06958439, ""championship"": 0.29439222, ""club"": 0.04205603, ""content"": 0.00965123, ""continue"": 0.00965123, ""costa"": 0.08926583, ""country"": 0.04205603, ""cuma"": 0.02262692, ""dacosta"": 0.04826484, ""david"": 0.06598941, ""detiksport"": 0.04205603, ""dia"": 0.019613, ""diperkuat"": 0.03704332, ""disimpan"": 0.00895741, ""dolar"": 0.04205603, ""dua"": 0.04156605, ""eks"": 0.04005724, ""empat"": 0.02638773, ""ethan"": 0.37850428, ""fasilitas"": 0.03384844, ""final"": 0.08411206, ""gagal"": 0.14819211, ""ganda"": 0.03384844, ""hakim"": 0.12017173, ""harus"": 0.01765085, ""hasil"": 0.019613, ""heisnam"": 0.04826484, ""hungaria"": 0.04463292, ""indonesia"": 0.06466313, ""jam"": 0.06443062, ""juara"": 0.04331522, ""kalah"": 0.10437659, ""kandang"": 0.06299667, ""kareem"": 0.13389875, ""kedua"": 0.0205771, ""keempat"": 0.03221531, ""kelima"": 0.03083452, ""kepada"": 0.0197977, ""ketiga"": 0.02462571, ""ketiganya"": 0.04005724, ""ketujuh"": 0.04005724, ""kualifikasi"": 0.094495, ""kuat"": 0.05819077, ""lalu"": 0.02165761, ""lapangan"": 0.02963842, ""liga"": 0.06958439, ""lolos"": 0.03842411, ""malah"": 0.03842411, ""masuk"": 0.0260065, ""matthew"": 0.04826484, ""melaju"": 0.03704332, ""memasuki"": 0.03384844, ""men"": 0.29439222, ""menggandeng"": 0.04826484, ""menit"": 0.02809909, ""menuntaskan"": 0.04463292, ""menurunkan"": 0.04463292, ""menyukai"": 0.00895741, ""merupakan"": 0.02017892, ""mineral"": 0.04205603, ""mohammad"": 0.03384844, ""mrp"": 0.03149833, ""napoli"": 0.06958439, ""nathan"": 0.04463292, ""negara"": 0.02462571, ""nusa"": 0.08011448, ""pekan"": 0.0260065, ""pengalaman"": 0.03384844, ""performa"": 0.0347922, ""peringkat"": 0.03384844, ""petenis"": 0.20028621, ""pratama"": 0.02909538, ""puas"": 0.03299471, ""punya"": 0.0260065, ""putaran"": 0.03842411, ""putra"": 0.09064956, ""rafalentino"": 0.17853167, ""ragil"": 0.04826484, ""rekor"": 0.06443062, ""resha"": 0.03384844, ""ribu"": 0.03299471, ""rifqi"": 0.04463292, ""rilis"": 0.04005724, ""rin"": 0.03384844, ""rumah"": 0.03021652, ""runner"": 0.04826484, ""saja"": 0.02342962, ""sayang"": 0.04005724, ""scroll"": 0.00965123, ""sektor"": 0.0272026, ""selandia"": 0.04826484, ""selasa"": 0.0189101, ""sementara"": 0.01765085, ""senin"": 0.0175052, ""sep"": 0.01295847, ""seperti"": 0.01736188, ""seri"": 0.13003252, ""serikat"": 0.03704332, ""serta"": 0.06362894, ""shanker"": 0.04826484, ""shearer"": 0.04826484, ""siap"": 0.05057906, ""skor"": 0.07408664, ""sport"": 0.01511075, ""stefan"": 0.09652967, ""susanto"": 0.08411206, ""tahun"": 0.03444163, ""taiwan"": 0.04826484, ""takluk"": 0.04205603, ""tampil"": 0.02909538, ""tantang"": 0.06958439, ""tapi"": 0.019613, ""tennis"": 0.29439222, ""tetap"": 0.01998628, ""tiebreak"": 0.04826484, ""tiga"": 0.04241929, ""tinggi"": 0.02809909, ""total"": 0.06299667, ""tuan"": 0.03704332, ""turnamen"": 0.03842411, ""ujar"": 0.01874267, ""ulang"": 0.04005724, ""unggul"": 0.03221531, ""unggulan"": 0.13539375, ""utama"": 0.10604824, ""video"": 0.03233157, ""wakil"": 0.09664593, ""waktu"": 0.0395954, ""wib"": 0.00895741, ""wild"": 0.04826484, ""with"": 0.00965123, ""world"": 0.24354537, ""yakni"": 0.05619818, ""zapp"": 0.08411206}",1
SP091,"{""advertisement"": 0.01300754, ""aff"": 0.03477623, ""aichi"": 0.09321594, ""alhamdulillah"": 0.05615721, ""alwi"": 0.50400088, ""amat"": 0.05040009, ""anda"": 0.01127023, ""asa"": 0.06072689, ""asia"": 0.10080018, ""asian"": 0.35020478, ""aspek"": 0.04151399, ""atas"": 0.029837, ""bagi"": 0.07403134, ""bagus"": 0.03272143, ""baik"": 0.02563686, ""batas"": 0.09669056, ""bawah"": 0.04258816, ""berbeda"": 0.04053335, ""beregu"": 0.10582993, ""berharap"": 0.0437756, ""berlangsung"": 0.03139398, ""bertanding"": 0.04834528, ""bertekad"": 0.06072689, ""berusaha"": 0.0437756, ""biasa"": 0.03879604, ""bukan"": 0.02947918, ""bulutangkis"": 0.09669056, ""bwf"": 0.05291497, ""christie"": 0.05040009, ""content"": 0.0121432, ""continue"": 0.0121432, ""cukup"": 0.03020655, ""debut"": 0.05291497, ""debutnya"": 0.06072689, ""demi"": 0.04510304, ""dia"": 0.04935423, ""dipilih"": 0.05615721, ""diri"": 0.03963125, ""dirinya"": 0.04151399, ""disimpan"": 0.01127023, ""duduk"": 0.06072689, ""dunia"": 0.029837, ""emas"": 0.09321594, ""farhan"": 0.13530912, ""fisik"": 0.04258816, ""fokus"": 0.03801848, ""gambas"": 0.029837, ""games"": 0.34070528, ""gelar"": 0.03963125, ""habis"": 0.05040009, ""harinya"": 0.05291497, ""hasil"": 0.04935423, ""indonesia"": 0.10169907, ""istimewa"": 0.06072689, ""jakarta"": 0.01317207, ""jelasnya"": 0.04151399, ""jonatan"": 0.05040009, ""juara"": 0.08174893, ""kalau"": 0.02947918, ""kami"": 0.02337526, ""kata"": 0.04516808, ""kejuaraan"": 0.03801848, ""kemampuan"": 0.04151399, ""kemampuannya"": 0.06072689, ""kemungkinan"": 0.0437756, ""keterangannya"": 0.04660797, ""lampaui"": 0.06072689, ""limit"": 0.06072689, ""maksimal"": 0.04660797, ""masih"": 0.020984, ""masters"": 0.04834528, ""matang"": 0.06072689, ""mau"": 0.03660786, ""maupun"": 0.03596367, ""mcy"": 0.05040009, ""medali"": 0.05615721, ""memang"": 0.029837, ""memberikan"": 0.02784295, ""membuat"": 0.02846923, ""mencapai"": 0.03320108, ""mendapatkan"": 0.03660786, ""mengaku"": 0.03801848, ""menjadi"": 0.03641403, ""menjelang"": 0.09669056, ""mental"": 0.09321594, ""menurunkan"": 0.05615721, ""menutup"": 0.04151399, ""menyebut"": 0.03272143, ""menyukai"": 0.01127023, ""meraih"": 0.03596367, ""mercy"": 0.05040009, ""merupakan"": 0.02538916, ""mohon"": 0.05291497, ""momen"": 0.0437756, ""nagoya"": 0.09020608, ""nanti"": 0.03139398, ""nomor"": 0.03801848, ""oktober"": 0.04053335, ""olahraga"": 0.04151399, ""orang"": 0.06740413, ""panggung"": 0.05615721, ""pbsi"": 0.15120026, ""pebulutangkis"": 0.15120026, ""peringkat"": 0.04258816, ""pernah"": 0.04053335, ""perorangan"": 0.05291497, ""persiapan"": 0.0875512, ""persiapannya"": 0.06072689, ""pribadi"": 0.05291497, ""pun"": 0.08843755, ""pungkas"": 0.04834528, ""push"": 0.06072689, ""putra"": 0.1520739, ""putri"": 0.04510304, ""raih"": 0.04660797, ""raya"": 0.04660797, ""sangat"": 0.02754239, ""scroll"": 0.0121432, ""segi"": 0.12145379, ""sejauh"": 0.0437756, ""sektor"": 0.03422636, ""selalu"": 0.03963125, ""selasa"": 0.04758544, ""seluruh"": 0.02913238, ""sementara"": 0.02220833, ""semua"": 0.03020655, ""semuanya"": 0.11638812, ""sendiri"": 0.03596367, ""seorang"": 0.04834528, ""sep"": 0.01630436, ""september"": 0.02947918, ""setiap"": 0.03139398, ""siap"": 0.03181933, ""siapa"": 0.04660797, ""simak"": 0.03660786, ""sport"": 0.01901237, ""statusnya"": 0.06072689, ""tahun"": 0.02166726, ""tampil"": 0.03660786, ""target"": 0.12776448, ""targetnya"": 0.06072689, ""tawaran"": 0.06072689, ""tekad"": 0.05615721, ""terasa"": 0.05291497, ""terbaik"": 0.07458222, ""terbesar"": 0.04510304, ""terima"": 0.04510304, ""terlebih"": 0.0437756, ""the"": 0.04258816, ""tuhan"": 0.06072689, ""tunggal"": 0.05291497, ""turnamen"": 0.04834528, ""tuturnya"": 0.04660797, ""ucap"": 0.05040009, ""utama"": 0.02668601, ""video"": 0.04067963, ""waktu"": 0.0249095, ""wib"": 0.01127023, ""with"": 0.0121432, ""yaitu"": 0.04053335}",1
SP092,"{""advertisement"": 0.01024135, ""aff"": 0.0273807, ""aichi"": 0.0366963, ""ajang"": 0.07102281, ""akhir"": 0.02168521, ""aku"": 0.10339877, ""allessya"": 0.04781268, ""alwi"": 0.03968198, ""anda"": 0.0088735, ""antar"": 0.04421479, ""antara"": 0.02540064, ""antaranya"": 0.03806415, ""arahan"": 0.03806415, ""asia"": 0.07936396, ""asian"": 0.34466258, ""atas"": 0.0469837, ""atlet"": 0.06893252, ""ayu"": 0.04781268, ""babak"": 0.0366963, ""baik"": 0.02018492, ""batas"": 0.03806415, ""bawah"": 0.03353134, ""beberapa"": 0.02378281, ""berdiri"": 0.04166204, ""beregu"": 0.20831022, ""berjalan"": 0.02576287, ""berlaga"": 0.04421479, ""bersama"": 0.04246013, ""bulu"": 0.04421479, ""bulutangkis"": 0.0761283, ""china"": 0.06893252, ""content"": 0.00956082, ""continue"": 0.00956082, ""cukup"": 0.07134843, ""dhinda"": 0.04781268, ""dia"": 0.0582878, ""difokuskan"": 0.04781268, ""dikutip"": 0.03353134, ""dinilai"": 0.02993345, ""dipilih"": 0.04421479, ""diri"": 0.03120325, ""disimpan"": 0.0088735, ""ditingkatkan"": 0.04781268, ""dua"": 0.02058833, ""dunia"": 0.02349185, ""dwipuji"": 0.04781268, ""fadia"": 0.04781268, ""farhan"": 0.03551141, ""febi"": 0.04781268, ""febriana"": 0.04781268, ""final"": 0.04166204, ""gambas"": 0.02349185, ""games"": 0.33531342, ""ganda"": 0.03353134, ""hal"": 0.01873295, ""hanya"": 0.01808732, ""harapannya"": 0.03968198, ""hari"": 0.02018492, ""indonesia"": 0.0800717, ""jakarta"": 0.0103709, ""jepang"": 0.10059403, ""kadek"": 0.04781268, ""kalau"": 0.02321013, ""kali"": 0.02293707, ""kata"": 0.01778131, ""kawasan"": 0.02936077, ""keberangkatan"": 0.03806415, ""kejuaraan"": 0.02993345, ""kekuatan"": 0.11419245, ""kendala"": 0.03806415, ""ketemu"": 0.04166204, ""keterangannya"": 0.0366963, ""kini"": 0.02576287, ""kita"": 0.01942927, ""komposisi"": 0.19125074, ""korea"": 0.0761283, ""kuat"": 0.05764563, ""kusuma"": 0.12498613, ""lagi"": 0.02079712, ""lain"": 0.04117665, ""lampaui"": 0.04781268, ""lancar"": 0.04421479, ""latihan"": 0.07102281, ""lihat"": 0.02378281, ""lumayan"": 0.04166204, ""marwah"": 0.04781268, ""masing"": 0.05764563, ""maupun"": 0.02831562, ""mcy"": 0.03968198, ""medali"": 0.13264437, ""meilysa"": 0.04781268, ""melangkah"": 0.03968198, ""membangun"": 0.03120325, ""membentuk"": 0.04166204, ""mendapatkan"": 0.02882281, ""mendatang"": 0.03806415, ""menemukan"": 0.03806415, ""menilai"": 0.05306994, ""menjelang"": 0.03806415, ""menuju"": 0.06240651, ""menurut"": 0.02439502, ""menyebut"": 0.02576287, ""menyukai"": 0.0088735, ""merata"": 0.09562537, ""mercy"": 0.03968198, ""merupakan"": 0.01998989, ""mutiara"": 0.04781268, ""nagoya"": 0.03551141, ""nasional"": 0.02408363, ""negara"": 0.04879003, ""nita"": 0.04781268, ""oktober"": 0.03191351, ""open"": 0.03806415, ""papan"": 0.04166204, ""pasti"": 0.03353134, ""pbsi"": 0.11904594, ""pebulutangkis"": 0.07936396, ""pede"": 0.04421479, ""pelatih"": 0.04421479, ""pelatnas"": 0.04781268, ""pemain"": 0.06706268, ""pengalaman"": 0.03353134, ""penguatan"": 0.03446626, ""percaya"": 0.03120325, ""peringkat"": 0.03353134, ""persaingan"": 0.02936077, ""pertandingan"": 0.06706268, ""peta"": 0.04781268, ""podium"": 0.02694776, ""porsi"": 0.04421479, ""pribadi"": 0.08332409, ""program"": 0.02936077, ""pungkas"": 0.03806415, ""puspitasari"": 0.09562537, ""putri"": 0.49715968, ""rachel"": 0.04781268, ""ramadhanti"": 0.04781268, ""rangkaian"": 0.03446626, ""raya"": 0.0366963, ""reza"": 0.04166204, ""rose"": 0.04781268, ""sabar"": 0.03806415, ""sama"": 0.04816727, ""sampai"": 0.02145472, ""sangat"": 0.02168521, ""satu"": 0.03713417, ""scroll"": 0.00956082, ""sebelumnya"": 0.0395981, ""secara"": 0.01719923, ""sejalan"": 0.04166204, ""sejauh"": 0.03446626, ""sektor"": 0.08084329, ""selasa"": 0.0374659, ""selatan"": 0.05764563, ""seluruh"": 0.02293707, ""semoga"": 0.04166204, ""sendiri"": 0.08494686, ""senior"": 0.04421479, ""sep"": 0.01283707, ""seperti"": 0.01719923, ""september"": 0.02321013, ""setianingrum"": 0.04781268, ""sih"": 0.0761283, ""silva"": 0.04781268, ""siti"": 0.04781268, ""skuad"": 0.04421479, ""sport"": 0.01496919, ""tambahnya"": 0.04421479, ""tampil"": 0.02882281, ""tangkis"": 0.04781268, ""target"": 0.06706268, ""tekad"": 0.04421479, ""terkait"": 0.02267217, ""terutama"": 0.0598669, ""thalita"": 0.04781268, ""tiga"": 0.02101095, ""tim"": 0.12700319, ""tinggi"": 0.02783585, ""trias"": 0.04781268, ""tunggal"": 0.08332409, ""tuturnya"": 0.0366963, ""video"": 0.03202868, ""violina"": 0.04781268, ""wakil"": 0.03191351, ""wardani"": 0.08332409, ""wib"": 0.0088735, ""wiryawan"": 0.04781268, ""with"": 0.00956082, ""yaitu"": 0.03191351}",1
SP093,"{""advertisement"": 0.00756791, ""agustus"": 0.02477818, ""aktif"": 0.02932323, ""alasan"": 0.02169631, ""amri"": 0.03533146, ""anda"": 0.00655712, ""atlet"": 0.10187616, ""bagi"": 0.02871474, ""baik"": 0.02983152, ""baru"": 0.04706423, ""berbagai"": 0.01802684, ""berharap"": 0.05093808, ""berkontribusi"": 0.03267277, ""berlanjut"": 0.03078641, ""bersaing"": 0.02415322, ""bersama"": 0.01568808, ""berupaya"": 0.03078641, ""bidang"": 0.02257189, ""bulutangkis"": 0.08438317, ""campuran"": 0.49258252, ""content"": 0.00706502, ""continue"": 0.00706502, ""daya"": 0.05423388, ""dimiliki"": 0.02932323, ""dipercaya"": 0.06534555, ""diri"": 0.02305782, ""disimpan"": 0.00655712, ""ditunjuk"": 0.03267277, ""diumumkan"": 0.03533146, ""dunia"": 0.06943775, ""energi"": 0.05864646, ""eng"": 0.09801832, ""ganda"": 0.4460072, ""gelar"": 0.04611565, ""good"": 0.03533146, ""hari"": 0.01491576, ""hian"": 0.09801832, ""indonesia"": 0.07100333, ""internasional"": 0.04611565, ""jakarta"": 0.00766363, ""jejak"": 0.03078641, ""juara"": 0.04756227, ""kala"": 0.03533146, ""kali"": 0.03389897, ""kami"": 0.01359994, ""kata"": 0.0131396, ""kedua"": 0.03012623, ""keduanya"": 0.04955636, ""kehadiran"": 0.05864646, ""kembali"": 0.06341636, ""kemudian"": 0.01602441, ""kepala"": 0.11528912, ""ketika"": 0.0199132, ""kini"": 0.03807525, ""kiprahnya"": 0.03533146, ""krs"": 0.01931669, ""kualitas"": 0.02711694, ""lalu"": 0.01585409, ""laman"": 0.03533146, ""lapangan"": 0.02169631, ""level"": 0.04716535, ""malaysia"": 0.06157282, ""mantan"": 0.02711694, ""masih"": 0.01220868, ""maupun"": 0.02092399, ""mcy"": 0.02932323, ""medali"": 0.03267277, ""media"": 0.02624136, ""melahirkan"": 0.03533146, ""melalui"": 0.01568808, ""melanjutkan"": 0.02932323, ""memang"": 0.01735944, ""membangun"": 0.02305782, ""membawa"": 0.04514378, ""memberikan"": 0.01619928, ""memiliki"": 0.01552616, ""memperkuat"": 0.02257189, ""menangani"": 0.11729291, ""mencetak"": 0.03533146, ""mendampingi"": 0.03267277, ""mendapat"": 0.02169631, ""mengatakan"": 0.01568808, ""mengundurkan"": 0.03533146, ""meningkatkan"": 0.03982641, ""menjadi"": 0.06355803, ""menyukai"": 0.00655712, ""meraih"": 0.04184798, ""mercy"": 0.02932323, ""merupakan"": 0.02954328, ""mulai"": 0.02871474, ""nita"": 0.03533146, ""nomor"": 0.02211949, ""olahraga"": 0.02415322, ""pasangan"": 0.15393204, ""pbsi"": 0.26390905, ""pelatih"": 0.32672774, ""pelatnas"": 0.31798312, ""pemahaman"": 0.03267277, ""pemain"": 0.04955636, ""pembinaan"": 0.09235922, ""pencapaian"": 0.02932323, ""pengalaman"": 0.07433453, ""pengalamannya"": 0.03533146, ""pensiun"": 0.03533146, ""perak"": 0.03533146, ""periode"": 0.02211949, ""pertama"": 0.01506312, ""pola"": 0.02624136, ""posisi"": 0.01506312, ""prestasi"": 0.08796968, ""raya"": 0.02711694, ""resmi"": 0.04113893, ""saing"": 0.06534555, ""salah"": 0.01619928, ""sama"": 0.01779674, ""sang"": 0.02711694, ""sangat"": 0.01602441, ""satu"": 0.01372025, ""scroll"": 0.00706502, ""sebelumnya"": 0.04389187, ""sejak"": 0.01619928, ""sejarah"": 0.02477818, ""sektor"": 0.11947923, ""selama"": 0.01602441, ""selasa"": 0.02768564, ""sep"": 0.00948603, ""serta"": 0.01552616, ""setelah"": 0.04116076, ""sosial"": 0.02546904, ""sosok"": 0.02932323, ""sport"": 0.01106157, ""tahu"": 0.02023313, ""tengah"": 0.0199132, ""terbaik"": 0.04339261, ""tertinggi"": 0.02812772, ""tim"": 0.01876995, ""tugas"": 0.07066292, ""tulis"": 0.03267277, ""turnamen"": 0.05625545, ""turut"": 0.02546904, ""ujar"": 0.01372025, ""wib"": 0.00655712, ""widianto"": 0.1306911, ""with"": 0.00706502}",1
SP094,"{""abdul"": 0.10692308, ""advertisement"": 0.01238315, ""alhasil"": 0.05037493, ""ali"": 0.04437068, ""amman"": 0.05037493, ""anda"": 0.01072923, ""anthony"": 0.05037493, ""arteta"": 0.08334854, ""babak"": 0.17748273, ""baik"": 0.02440624, ""bali"": 0.04798077, ""barki"": 0.05346154, ""baru"": 0.02566996, ""bay"": 0.04054383, ""beach"": 0.05037493, ""begitu"": 0.03160736, ""belum"": 0.02806412, ""berjalan"": 0.03115073, ""berlanjut"": 0.05037493, ""bermain"": 0.09596154, ""bertanding"": 0.0460246, ""bola"": 0.05346154, ""champions"": 0.08334854, ""championship"": 0.30224959, ""club"": 0.05037493, ""content"": 0.0115603, ""continue"": 0.0115603, ""costa"": 0.05346154, ""country"": 0.05037493, ""david"": 0.03952123, ""detiksport"": 0.05037493, ""diikuti"": 0.04293799, ""disimpan"": 0.01072923, ""dominan"": 0.04798077, ""dua"": 0.04978803, ""ethan"": 0.25187466, ""gagal"": 0.03550106, ""ganda"": 0.04054383, ""hakim"": 0.09596154, ""hari"": 0.04881247, ""hasil"": 0.02349256, ""hungaria"": 0.10692308, ""impresif"": 0.04798077, ""indonesia"": 0.03872692, ""jam"": 0.03858766, ""juara"": 0.0259416, ""kai"": 0.10074986, ""kalah"": 0.04167427, ""kandang"": 0.07545773, ""kareem"": 0.10692308, ""kedua"": 0.02464735, ""keempat"": 0.03858766, ""kepada"": 0.02371379, ""kesalahan"": 0.03858766, ""ketiga"": 0.02949681, ""kompatriotnya"": 0.05781187, ""kuat"": 0.0697012, ""lalu"": 0.0259416, ""langsung"": 0.02371379, ""lapangan"": 0.03550106, ""lawan"": 0.04437068, ""lewat"": 0.04293799, ""liga"": 0.08334854, ""lolos"": 0.0460246, ""maksimal"": 0.04437068, ""matthew"": 0.05781187, ""maupun"": 0.03423733, ""melakukan"": 0.02285499, ""memasuki"": 0.04054383, ""membuatnya"": 0.04798077, ""men"": 0.30224959, ""menang"": 0.03029193, ""menantang"": 0.05781187, ""mengalahkan"": 0.04054383, ""mengeluarkan"": 0.05037493, ""menghadapi"": 0.03071274, ""menit"": 0.06731447, ""menyukai"": 0.01072923, ""menyulitkan"": 0.05781187, ""meraih"": 0.03423733, ""merupakan"": 0.02417042, ""mineral"": 0.05037493, ""mohammad"": 0.04054383, ""mrp"": 0.03772887, ""napoli"": 0.08334854, ""nathan"": 0.16038462, ""nusa"": 0.09596154, ""nyaman"": 0.05037493, ""panjang"": 0.03550106, ""pasangan"": 0.05037493, ""pekan"": 0.03115073, ""pelatih"": 0.05346154, ""permainan"": 0.05346154, ""pertama"": 0.07394206, ""petenis"": 0.19192309, ""pola"": 0.04293799, ""pratama"": 0.0348506, ""pun"": 0.02806412, ""putra"": 0.07238701, ""rabu"": 0.03952123, ""rafalentino"": 0.16038462, ""ragil"": 0.05781187, ""rekor"": 0.07717533, ""rencana"": 0.03858766, ""resha"": 0.04054383, ""rilis"": 0.04798077, ""sangat"": 0.0262203, ""sayang"": 0.04798077, ""scroll"": 0.0115603, ""sebelum"": 0.02875657, ""sedangkan"": 0.03693375, ""sehingga"": 0.02710265, ""sektor"": 0.03258342, ""selandia"": 0.05781187, ""selasa"": 0.02265062, ""sementara"": 0.02114228, ""sendiri"": 0.03423733, ""sep"": 0.01552172, ""seperti"": 0.02079615, ""serangan"": 0.10692308, ""seri"": 0.15575363, ""sering"": 0.05781187, ""serta"": 0.02540503, ""servis"": 0.05781187, ""sesuai"": 0.03071274, ""shearer"": 0.05781187, ""siap"": 0.06058386, ""skor"": 0.04437068, ""sport"": 0.01809974, ""strategi"": 0.03693375, ""sukses"": 0.04437068, ""susanto"": 0.05037493, ""tahun"": 0.02062718, ""taiwan"": 0.05781187, ""takluk"": 0.10074986, ""tampil"": 0.0697012, ""tantang"": 0.08334854, ""tempo"": 0.10692308, ""tennis"": 0.35262452, ""terbaiknya"": 0.04798077, ""tertekan"": 0.05781187, ""terus"": 0.05244059, ""tim"": 0.03071274, ""top"": 0.05781187, ""tour"": 0.05781187, ""ujar"": 0.02245007, ""unggul"": 0.03858766, ""unggulan"": 0.04054383, ""usai"": 0.0331069, ""utama"": 0.02540503, ""video"": 0.03872692, ""wakil"": 0.07717533, ""wang"": 0.11562374, ""wib"": 0.01072923, ""with"": 0.0115603, ""world"": 0.2917199, ""zapp"": 0.05037493}",1
SP095,"{""advertisement"": 0.01555472, ""anda"": 0.0134772, ""asian"": 0.10469573, ""bagaimana"": 0.04300618, ""bagian"": 0.03912903, ""baru"": 0.03224454, ""beberapa"": 0.07224337, ""beregu"": 0.06327693, ""bermain"": 0.06026958, ""bulutangkis"": 0.2312496, ""campuran"": 0.37966161, ""coba"": 0.07261862, ""content"": 0.01452112, ""continue"": 0.01452112, ""debut"": 0.06327693, ""denmark"": 0.07261862, ""depannya"": 0.06327693, ""dia"": 0.02950946, ""disampaikan"": 0.0463932, ""disimpan"": 0.0134772, ""dunia"": 0.07135954, ""eks"": 0.06026958, ""evaluasi"": 0.05393525, ""format"": 0.12655387, ""games"": 0.1018558, ""ganda"": 0.35649531, ""harap"": 0.06715408, ""hasilnya"": 0.05573488, ""indah"": 0.29047447, ""indonesia"": 0.07296845, ""internasional"": 0.04739197, ""international"": 0.07261862, ""jakarta"": 0.01575147, ""jangka"": 0.05573488, ""kali"": 0.03483717, ""kami"": 0.11181068, ""kata"": 0.02700651, ""kejuaraan"": 0.09092673, ""kembali"": 0.0651715, ""kepala"": 0.04739197, ""keterangan"": 0.0403017, ""ketiga"": 0.03705151, ""kini"": 0.03912903, ""kombinasi"": 0.06327693, ""kompetitif"": 0.0578124, ""komposisi"": 0.07261862, ""komunikasi"": 0.06026958, ""konsistensi"": 0.05573488, ""laga"": 0.0578124, ""lagi"": 0.06317396, ""lapangan"": 0.04459357, ""lihat"": 0.07224337, ""malaysia"": 0.06327693, ""masing"": 0.08755304, ""mcy"": 0.06026958, ""melalui"": 0.03224454, ""melihat"": 0.03754165, ""memulai"": 0.05573488, ""mencari"": 0.05234787, ""mendapatkan"": 0.04377652, ""mendatang"": 0.0578124, ""menegaskan"": 0.03970262, ""mengalami"": 0.03857887, ""menjadi"": 0.02177237, ""menuju"": 0.04739197, ""menyukai"": 0.0134772, ""mercy"": 0.06026958, ""momen"": 0.10469573, ""mudah"": 0.04847072, ""mulai"": 0.02950946, ""nanti"": 0.03754165, ""open"": 0.0578124, ""paling"": 0.04227751, ""panjang"": 0.04459357, ""pasangan"": 0.1898308, ""pasaribu"": 0.13430817, ""pbsi"": 0.24107834, ""pebulutangkis"": 0.06026958, ""pede"": 0.06715408, ""pelatih"": 0.06715408, ""pelatnas"": 0.07261862, ""pemain"": 0.1018558, ""pengumuman"": 0.06327693, ""perdana"": 0.06026958, ""permainan"": 0.06715408, ""perombakan"": 0.14523723, ""perubahan"": 0.0463932, ""pola"": 0.05393525, ""prancis"": 0.1156248, ""program"": 0.04459357, ""proses"": 0.04092866, ""pur"": 0.07261862, ""putra"": 0.04546337, ""putri"": 0.1078705, ""rabu"": 0.04964339, ""raya"": 0.05573488, ""sari"": 0.0509279, ""scroll"": 0.01452112, ""sebelumnya"": 0.03007109, ""sedang"": 0.04739197, ""sedangkan"": 0.0463932, ""sejarah"": 0.1018558, ""sekarang"": 0.03705151, ""sektor"": 0.08185733, ""selain"": 0.03754165, ""selasa"": 0.02845188, ""sep"": 0.01949713, ""seperti"": 0.05224489, ""sport"": 0.02273543, ""super"": 0.06026958, ""surabaya"": 0.0578124, ""tampil"": 0.04377652, ""tandem"": 0.07261862, ""tepat"": 0.04739197, ""terbaik"": 0.04459357, ""terjadi"": 0.03483717, ""termasuk"": 0.03483717, ""turnamen"": 0.1156248, ""tuturnya"": 0.05573488, ""ukir"": 0.12655387, ""video"": 0.04864563, ""wib"": 0.0134772, ""widianto"": 0.20146225, ""with"": 0.01452112}",1
SP096,"{""adalah"": 0.07290905, ""advertisement"": 0.02064118, ""aff"": 0.0551851, ""afif"": 0.08396877, ""anda"": 0.05365291, ""andai"": 0.09636523, ""antaranya"": 0.07671731, ""apa"": 0.04916752, ""arab"": 0.08911376, ""bagi"": 0.03915919, ""banyak"": 0.04418293, ""bergengsi"": 0.09636523, ""berharap"": 0.06946585, ""bermain"": 0.079978, ""bersama"": 0.12836592, ""bukan"": 0.04677941, ""champions"": 0.06946585, ""content"": 0.01926959, ""continue"": 0.01926959, ""daftar"": 0.12312796, ""digelar"": 0.06033009, ""dilansir"": 0.05431252, ""diperhitungkan"": 0.09636523, ""dua"": 0.04149524, ""dunia"": 0.14204163, ""farhan"": 0.07157232, ""gelar"": 0.06288935, ""gol"": 0.09636523, ""harus"": 0.03524157, ""hasil"": 0.03915919, ""jakarta"": 0.02090227, ""jalan"": 0.07671731, ""juara"": 0.04324143, ""keduanya"": 0.06758155, ""kepada"": 0.07905589, ""keputusan"": 0.06587699, ""ketika"": 0.05431252, ""klub"": 0.19273045, ""laga"": 0.07671731, ""lalu"": 0.08648287, ""liga"": 0.1389317, ""mana"": 0.05268555, ""marca"": 0.09636523, ""masing"": 0.11618327, ""masuk"": 0.1557732, ""melihat"": 0.04981793, ""memberikan"": 0.04418293, ""memenangi"": 0.11413879, ""memenangkan"": 0.08911376, ""menang"": 0.05049289, ""menangi"": 0.15995601, ""menangkan"": 0.07396043, ""mendatang"": 0.07671731, ""menyebut"": 0.0519244, ""merasa"": 0.06758155, ""musim"": 0.09963587, ""nama"": 0.12066018, ""namun"": 0.08299047, ""nanti"": 0.09963587, ""nds"": 0.07157232, ""oktober"": 0.06432086, ""orang"": 0.16044162, ""pantas"": 0.17822753, ""paparnya"": 0.09636523, ""pasti"": 0.06758155, ""pede"": 0.08911376, ""pelatih"": 0.08911376, ""pemain"": 0.1351631, ""pemenang"": 0.06288935, ""pencapaian"": 0.079978, ""penghargaan"": 0.19273045, ""piala"": 0.19273045, ""pilihan"": 0.06946585, ""prancis"": 0.23015193, ""pun"": 0.14033822, ""punya"": 0.0519244, ""rabu"": 0.06587699, ""raih"": 0.07396043, ""rilis"": 0.079978, ""saja"": 0.04677941, ""salah"": 0.04418293, ""sangat"": 0.04370599, ""satu"": 0.03742148, ""saudi"": 0.08911376, ""scroll"": 0.01926959, ""sebut"": 0.19296257, ""semua"": 0.04793363, ""sep"": 0.02587278, ""sepakbola"": 0.09636523, ""seperti"": 0.0346646, ""seseorang"": 0.09636523, ""setiap"": 0.04981793, ""spanyol"": 0.06033009, ""tajam"": 0.08911376, ""tambahnya"": 0.08911376, ""tegasnya"": 0.079978, ""terbaik"": 0.11835173, ""tergantung"": 0.09636523, ""timnas"": 0.31991202, ""trofi"": 0.19273045, ""tutupnya"": 0.08911376, ""ujarnya"": 0.0519244, ""wib"": 0.0178843, ""with"": 0.01926959}",1
SP097,"{""advertisement"": 0.02170825, ""aff"": 0.05803794, ""afif"": 0.08830962, ""akademi"": 0.10134692, ""asal"": 0.06344891, ""banyak"": 0.04646701, ""baru"": 0.04500064, ""bawah"": 0.07107524, ""belanda"": 0.08068328, ""belum"": 0.09839543, ""berlaga"": 0.18744117, ""bersama"": 0.09000128, ""berusia"": 0.07527232, ""betul"": 0.07305695, ""bikin"": 0.07305695, ""brasil"": 0.30404075, ""cas"": 0.06474659, ""city"": 0.09372058, ""content"": 0.02026575, ""continue"": 0.02026575, ""delapan"": 0.07107524, ""dikabarkan"": 0.07778389, ""dilaporkan"": 0.10134692, ""diperpanjang"": 0.07527232, ""dirinya"": 0.06928257, ""empat"": 0.05540918, ""enggan"": 0.09372058, ""eropa"": 0.16822508, ""farhan"": 0.07527232, ""gagal"": 0.06223501, ""gol"": 0.10134692, ""hanya"": 0.03833908, ""hijau"": 0.08830962, ""jakarta"": 0.02198283, ""jauh"": 0.06614047, ""kariernya"": 0.08411254, ""kecelakaan"": 0.08411254, ""klub"": 0.6080815, ""kontraknya"": 0.10134692, ""laga"": 0.08068328, ""lalu"": 0.04547684, ""league"": 0.08830962, ""luar"": 0.06344891, ""main"": 0.07305695, ""masih"": 0.14008053, ""mau"": 0.1832842, ""mei"": 0.09372058, ""memberikan"": 0.04646701, ""menarik"": 0.08068328, ""meski"": 0.04979487, ""mobil"": 0.09372058, ""musim"": 0.05239332, ""obat"": 0.10134692, ""paling"": 0.05900271, ""panas"": 0.09372058, ""peminat"": 0.09372058, ""premier"": 0.08411254, ""pun"": 0.04919771, ""rabu"": 0.06928257, ""raih"": 0.07778389, ""sampai"": 0.04547684, ""sang"": 0.07778389, ""satu"": 0.03935602, ""scroll"": 0.02026575, ""sep"": 0.0272103, ""sepakbola"": 0.10134692, ""setelah"": 0.03935602, ""siap"": 0.05310317, ""tahun"": 0.03616041, ""tampil"": 0.06109473, ""tanpa"": 0.13856513, ""tawaran"": 0.20269383, ""terakhir"": 0.05384087, ""tetapi"": 0.04646701, ""transfer"": 0.10134692, ""trofi"": 0.10134692, ""wib"": 0.01880885, ""with"": 0.02026575, ""yakni"": 0.05900271}",1
SP098,"{""aduan"": 0.21486333, ""advertisement"": 0.02488411, ""aff"": 0.06652874, ""afif"": 0.10122909, ""akhirnya"": 0.06171765, ""aturan"": 0.083745, ""batal"": 0.11617371, ""berlangsung"": 0.06005833, ""content"": 0.02323057, ""continue"": 0.02323057, ""demi"": 0.08628446, ""diharapkan"": 0.08916347, ""dilansir"": 0.0654768, ""diserahkan"": 0.11617371, ""ditujukan"": 0.10122909, ""dukungan"": 0.07754242, ""dunia"": 0.05707973, ""fair"": 0.23234742, ""farhan"": 0.08628446, ""hak"": 0.10122909, ""hal"": 0.04551671, ""hari"": 0.04904465, ""ikut"": 0.07273132, ""indonesia"": 0.03891112, ""jabatannya"": 0.11617371, ""jakarta"": 0.02519886, ""kata"": 0.08640889, ""kekhawatiran"": 0.11617371, ""kemudian"": 0.05269003, ""kepada"": 0.09530633, ""kewajiban"": 0.17832694, ""krs"": 0.0635154, ""lagi"": 0.05053218, ""maju"": 0.08916347, ""maret"": 0.09248704, ""mau"": 0.07003274, ""melakukan"": 0.0459274, ""melalui"": 0.05158412, ""melanggar"": 0.34852113, ""memeriksa"": 0.11617371, ""mencakup"": 0.083745, ""mendatang"": 0.09248704, ""menyatakan"": 0.083745, ""meski"": 0.05707973, ""orang"": 0.12894761, ""organisasi"": 0.11617371, ""pejabat"": 0.10743166, ""pembatalan"": 0.10122909, ""pengaduan"": 0.23234742, ""piala"": 0.11617371, ""pihak"": 0.07421884, ""potensi"": 0.08916347, ""presiden"": 0.40580792, ""proyek"": 0.19283598, ""rabu"": 0.07941843, ""rasa"": 0.08147337, ""ribu"": 0.15883686, ""sampaikan"": 0.09641799, ""sanksi"": 0.10743166, ""scroll"": 0.02323057, ""sebelum"": 0.0577867, ""sejak"": 0.05326501, ""selasa"": 0.04551671, ""senior"": 0.10743166, ""sep"": 0.0311911, ""sepakbola"": 0.11617371, ""seperti"": 0.04179013, ""seputar"": 0.11617371, ""serta"": 0.10210346, ""soal"": 0.05851763, ""tajam"": 0.10743166, ""tentu"": 0.07754242, ""terhadap"": 0.05053218, ""tetap"": 0.04810709, ""turut"": 0.083745, ""wewenang"": 0.11617371, ""wib"": 0.02156054, ""with"": 0.02323057}",1
SP099,"{""aditya"": 0.07364038, ""advertisement"": 0.02249171, ""aff"": 0.06013256, ""amat"": 0.08714821, ""asal"": 0.06573881, ""bagi"": 0.04266989, ""bandung"": 0.1611823, ""barat"": 0.07008736, ""bawa"": 0.10500458, ""beberapa"": 0.05223099, ""bekasi"": 0.08714821, ""benar"": 0.06329968, ""berkat"": 0.08359519, ""berlangsung"": 0.10856844, ""biasanya"": 0.08059115, ""bung"": 0.09710301, ""cas"": 0.06708332, ""content"": 0.02099715, ""continue"": 0.02099715, ""direncanakan"": 0.10500458, ""fajar"": 0.09149676, ""gambas"": 0.05159199, ""garuda"": 0.09149676, ""gelora"": 0.09710301, ""gol"": 0.10500458, ""indonesia"": 0.07034029, ""jakarta"": 0.11388102, ""jawa"": 0.08714821, ""kaget"": 0.10500458, ""kali"": 0.05037362, ""kandang"": 0.06852752, ""karno"": 0.09710301, ""kurang"": 0.07364038, ""laga"": 0.16719037, ""lanjutan"": 0.10500458, ""league"": 0.18299351, ""luar"": 0.06573881, ""lucas"": 0.07364038, ""marc"": 0.04567393, ""maret"": 0.08359519, ""melawan"": 0.1611823, ""menang"": 0.05501969, ""mengalahkan"": 0.07364038, ""menjadi"": 0.06296452, ""michael"": 0.09710301, ""nggak"": 0.06329968, ""pemain"": 0.36820192, ""perang"": 0.18299351, ""pertamanya"": 0.08714821, ""pramono"": 0.09710301, ""pratama"": 0.12659935, ""pukul"": 0.06708332, ""putra"": 0.06573881, ""rabu"": 0.07178301, ""rayhan"": 0.09149676, ""rio"": 0.10500458, ""sabtu"": 0.06113215, ""sampai"": 0.04711812, ""scroll"": 0.02099715, ""sebanyak"": 0.11836351, ""sedang"": 0.06852752, ""sementara"": 0.11520315, ""sep"": 0.02819233, ""sepakbola"": 0.10500458, ""simak"": 0.06329968, ""skor"": 0.08059115, ""skuad"": 0.19420602, ""stadion"": 0.21000916, ""super"": 0.17429642, ""tahun"": 0.07493092, ""tebak"": 0.08714821, ""terakhir"": 0.05578401, ""timnas"": 0.43574104, ""tujuh"": 0.06448111, ""utama"": 0.04614354, ""video"": 0.07034029, ""wib"": 0.03897534, ""with"": 0.02099715}",1
SP100,"{""aditya"": 0.03412029, ""advertisement"": 0.01042123, ""aff"": 0.02786162, ""agustus"": 0.06824057, ""akhir"": 0.02206609, ""asal"": 0.0304592, ""atas"": 0.09561784, ""bagus"": 0.02621537, ""bali"": 0.04037896, ""bandung"": 0.18670415, ""berlangsung"": 0.05030373, ""bersama"": 0.02160295, ""biru"": 0.04499138, ""bung"": 0.04499138, ""cas"": 0.03108216, ""content"": 0.00972875, ""continue"": 0.00972875, ""digelar"": 0.0609184, ""direncanakan"": 0.04865247, ""ditangani"": 0.04499138, ""dua"": 0.02094994, ""duel"": 0.03613513, ""empat"": 0.02659966, ""gagal"": 0.02987646, ""gbk"": 0.04499138, ""gelora"": 0.04499138, ""gol"": 0.04865247, ""hanya"": 0.01840501, ""head"": 0.08478759, ""ibu"": 0.0423938, ""izin"": 0.04037896, ""jakarta"": 0.0422122, ""januari"": 0.08478759, ""kalah"": 0.07014325, ""kali"": 0.07001982, ""karno"": 0.04499138, ""kemenangan"": 0.06766285, ""kepolisian"": 0.04865247, ""kota"": 0.03412029, ""kuat"": 0.02932906, ""kurang"": 0.06824057, ""laga"": 0.34859439, ""langkah"": 0.02584678, ""lanjutan"": 0.04865247, ""league"": 0.59351316, ""lucas"": 0.03412029, ""makassar"": 0.04865247, ""maret"": 0.11619813, ""masih"": 0.01681172, ""mei"": 0.04499138, ""melawan"": 0.03734083, ""menang"": 0.10197055, ""mencatatkan"": 0.03507162, ""mengakhiri"": 0.0423938, ""mengawali"": 0.03873271, ""musim"": 0.02515187, ""nanti"": 0.02515187, ""optimistis"": 0.03412029, ""pekan"": 0.05243074, ""penjelasan"": 0.04865247, ""pertama"": 0.02074236, ""pertandingan"": 0.10236086, ""piala"": 0.09730493, ""presiden"": 0.05664952, ""puasa"": 0.04499138, ""pukul"": 0.03108216, ""rabu"": 0.0332597, ""sabtu"": 0.02832476, ""scroll"": 0.00972875, ""sedang"": 0.03175131, ""sejak"": 0.02230689, ""sekali"": 0.0332597, ""sementara"": 0.01779261, ""sep"": 0.01306254, ""sepakbola"": 0.04865247, ""september"": 0.04723558, ""soal"": 0.02450664, ""sore"": 0.0304592, ""stadion"": 0.09730493, ""super"": 0.52492643, ""susah"": 0.04037896, ""terakhir"": 0.12923388, ""terbaru"": 0.04037896, ""terjadi"": 0.02333994, ""tim"": 0.07754033, ""tujuh"": 0.02987646, ""tunggu"": 0.03873271, ""utama"": 0.02137999, ""video"": 0.03259123, ""wib"": 0.02708805, ""with"": 0.00972875}",1
FN001,"{""anda"": 0.01528963, ""apa"": 0.04203426, ""bau"": 0.16476896, ""belatung"": 0.08238448, ""berbagai"": 0.04203426, ""berhasil"": 0.12449318, ""bermandikan"": 0.08238448, ""bermula"": 0.07618507, ""beroperasi"": 0.05938769, ""bisnis"": 0.10526445, ""bos"": 0.06118855, ""budidaya"": 0.16476896, ""bulannya"": 0.07618507, ""cenderung"": 0.07618507, ""content"": 0.01647394, ""continue"": 0.01647394, ""cuan"": 0.20512419, ""cuapan"": 0.08238448, ""des"": 0.08238448, ""detikfinance"": 0.02579293, ""dianggap"": 0.0655871, ""dibantah"": 0.08238448, ""dijalankan"": 0.06837473, ""disimpan"": 0.01528963, ""episode"": 0.07618507, ""farah"": 0.08238448, ""fathimah"": 0.4119224, ""gaya"": 0.0655871, ""habis"": 0.06837473, ""hadapi"": 0.0655871, ""hal"": 0.03227814, ""halaman"": 0.07618507, ""harahap"": 0.0655871, ""harus"": 0.03012869, ""hidup"": 0.12237709, ""himmatina"": 0.08238448, ""jakarta"": 0.01786975, ""juta"": 0.14388916, ""kaburnya"": 0.08238448, ""kami"": 0.03171179, ""kamis"": 0.04504189, ""kandang"": 0.05376531, ""kil"": 0.15237013, ""kini"": 0.04439117, ""lahan"": 0.05938769, ""lalat"": 0.08238448, ""larva"": 0.08238448, ""lingkungan"": 0.11877537, ""location"": 0.06323019, ""luas"": 0.1311742, ""lumongga"": 0.0655871, ""maggot"": 0.32953792, ""magobox"": 0.24715344, ""melalui"": 0.03658083, ""membangun"": 0.10753062, ""memiliki"": 0.03620329, ""mencoba"": 0.04966365, ""menjalankan"": 0.0655871, ""mentor"": 0.18356564, ""menyukai"": 0.01528963, ""meraup"": 0.07178651, ""mulai"": 0.03347794, ""omzet"": 0.06837473, ""peluang"": 0.0471788, ""pendulang"": 0.08238448, ""pengembangbiakkan"": 0.08238448, ""penghasil"": 0.07618507, ""per"": 0.04796305, ""perjalanan"": 0.05376531, ""puluhan"": 0.20512419, ""pundi"": 0.16476896, ""ramah"": 0.16476896, ""rumah"": 0.05157735, ""rupiah"": 0.06837473, ""saatnya"": 0.0655871, ""scroll"": 0.01647394, ""seperti"": 0.02963543, ""simak"": 0.04966365, ""sistem"": 0.05376531, ""suami"": 0.15237013, ""tahun"": 0.02939465, ""tanpa"": 0.11263901, ""tantangan"": 0.06118855, ""tempat"": 0.06118855, ""tetangga"": 0.07618507, ""tiga"": 0.03620329, ""umkm"": 0.06323019, ""usaha"": 0.14388916, ""wawancara"": 0.07618507, ""wib"": 0.01528963, ""with"": 0.01647394}",2
FN002,"{""adhitama"": 0.17433717, ""air"": 0.06113189, ""anda"": 0.01617751, ""bagaimana"": 0.05162296, ""batik"": 0.43584292, ""batiknya"": 0.08716858, ""berhasil"": 0.08781504, ""berkembang"": 0.06474179, ""berlangsung"": 0.04506355, ""beromzet"": 0.08716858, ""bersama"": 0.0387051, ""bertahan"": 0.05818238, ""bisnis"": 0.27844302, ""bonolo"": 0.17433717, ""cara"": 0.05688749, ""cermat"": 0.08716858, ""content"": 0.01743059, ""continue"": 0.01743059, ""dengarkan"": 0.08716858, ""detikcom"": 0.05162296, ""detikfinance"": 0.02729073, ""dia"": 0.03542202, ""diduplikasi"": 0.08060917, ""disimpan"": 0.01617751, ""ditangkap"": 0.08716858, ""eds"": 0.13879155, ""eduardo"": 0.08060917, ""eksklusif"": 0.08060917, ""ergy"": 0.26150575, ""fesyen"": 0.08716858, ""industri"": 0.11137721, ""jakarta"": 0.01890746, ""jan"": 0.08716858, ""jawaban"": 0.07595519, ""juta"": 0.15224487, ""kamis"": 0.04765749, ""kantor"": 0.05959001, ""kekinian"": 0.17433717, ""kerajinan"": 0.08060917, ""kini"": 0.04696898, ""kurang"": 0.06113189, ""lekang"": 0.08716858, ""lengkapnya"": 0.07595519, ""location"": 0.133804, ""masih"": 0.0602417, ""membesarkan"": 0.17433717, ""mempekerjakan"": 0.08716858, ""memulai"": 0.066902, ""menghasilkan"": 0.07234528, ""menjanjikan"": 0.07595519, ""mentor"": 0.25896718, ""menyukai"": 0.01617751, ""meski"": 0.04282862, ""modal"": 0.06474179, ""modern"": 0.06939577, ""nama"": 0.05457247, ""omzet"": 0.07234528, ""orang"": 0.14512983, ""panjang"": 0.0535284, ""peluang"": 0.14975547, ""peminat"": 0.08060917, ""pergi"": 0.08060917, ""pula"": 0.12948359, ""rahasia"": 0.08716858, ""ratusan"": 0.14469056, ""riuhnya"": 0.08716858, ""rupiah"": 0.14469056, ""saja"": 0.042315, ""sangka"": 0.08060917, ""scroll"": 0.01743059, ""seberapa"": 0.07234528, ""sejarah"": 0.06113189, ""selama"": 0.07906979, ""sewindu"": 0.08716858, ""siapa"": 0.066902, ""simorangkir"": 0.08060917, ""tanah"": 0.07234528, ""tengah"": 0.04912919, ""terus"": 0.03953489, ""tonton"": 0.05959001, ""umkm"": 0.066902, ""usaha"": 0.10149658, ""waktu"": 0.07151117, ""wib"": 0.01617751, ""with"": 0.01743059, ""yakin"": 0.05688749}",2
FN003,"{""acara"": 0.05689074, ""anda"": 0.01211702, ""aromaterapi"": 0.32644809, ""aromaterapinya"": 0.06528962, ""bagaimana"": 0.0386658, ""berbagai"": 0.13324843, ""berdiri"": 0.05689074, ""bereksperimen"": 0.06528962, ""berhasil"": 0.06577381, ""berkombinasi"": 0.06528962, ""berkutat"": 0.06528962, ""bicara"": 0.05418691, ""bisnis"": 0.25026592, ""bisnisnya"": 0.05418691, ""candle"": 0.32644809, ""cantik"": 0.06528962, ""cerita"": 0.05689074, ""cetak"": 0.06037659, ""content"": 0.01305558, ""continue"": 0.01305558, ""covid"": 0.05689074, ""cuan"": 0.05418691, ""dekorasi"": 0.13057924, ""detikfinance"": 0.02044087, ""diarungi"": 0.06528962, ""dimanfaatkan"": 0.04463315, ""disimpan"": 0.01211702, ""eds"": 0.10395542, ""episode"": 0.06037659, ""estetika"": 0.06528962, ""fungsi"": 0.05010986, ""gemar"": 0.06528962, ""handal"": 0.06528962, ""hanya"": 0.02469876, ""harahap"": 0.05197771, ""hasilnya"": 0.05010986, ""ide"": 0.06037659, ""istri"": 0.06528962, ""jakarta"": 0.08497056, ""juta"": 0.07602134, ""kamis"": 0.03569565, ""kegigihannya"": 0.06528962, ""kerja"": 0.03935839, ""kini"": 0.07035991, ""lah"": 0.05010986, ""lain"": 0.02811396, ""lantas"": 0.05689074, ""lilin"": 0.52231694, ""liputannya"": 0.06528962, ""location"": 0.10021973, ""lumongga"": 0.05197771, ""macam"": 0.10395542, ""mar"": 0.04357883, ""marketing"": 0.06528962, ""melalui"": 0.02899027, ""membangun"": 0.08521791, ""memiliki"": 0.02869107, ""menarik"": 0.05197771, ""mencatatkan"": 0.04706468, ""menghadapi"": 0.03468531, ""menghiasi"": 0.06528962, ""menjadi"": 0.03915, ""mentor"": 0.19396745, ""menyukai"": 0.01211702, ""merancang"": 0.06528962, ""mulai"": 0.02653123, ""omzet"": 0.10837381, ""organizer"": 0.06528962, ""pandemi"": 0.05418691, ""pasangan"": 0.05689074, ""pasar"": 0.08342197, ""pelanggan"": 0.05418691, ""peluang"": 0.11216745, ""penerangan"": 0.06528962, ""penipuan"": 0.06528962, ""perjalanan"": 0.04260895, ""pernikahan"": 0.06528962, ""pilihan"": 0.09412937, ""polah"": 0.06528962, ""produk"": 0.04578803, ""ratusan"": 0.05418691, ""rumah"": 0.040875, ""sama"": 0.03288691, ""sang"": 0.05010986, ""scroll"": 0.01305558, ""seberapa"": 0.05418691, ""sejak"": 0.02993493, ""semerbak"": 0.06528962, ""seperti"": 0.02348605, ""setahun"": 0.05418691, ""simak"": 0.03935839, ""sisi"": 0.03679796, ""souvenir"": 0.06528962, ""suami"": 0.18112977, ""tantangan"": 0.04849186, ""terkenal"": 0.06528962, ""tersendiri"": 0.05418691, ""usaha"": 0.07602134, ""wedding"": 0.13057924, ""wib"": 0.01211702, ""with"": 0.01305558, ""yulianah"": 0.13057924}",2
FN004,"{""advertisement"": 0.01575665, ""anda"": 0.01365216, ""apr"": 0.07356136, ""bagaimana"": 0.04356449, ""bagi"": 0.02989256, ""baru"": 0.06532627, ""berhasil"": 0.03705345, ""berkirim"": 0.07356136, ""berlipat"": 0.07356136, ""bersama"": 0.03266314, ""berupa"": 0.04605358, ""bingkisan"": 0.07356136, ""bisnis"": 0.09399095, ""bisnisnya"": 0.06105201, ""cara"": 0.04800721, ""celah"": 0.06802588, ""content"": 0.01470963, ""continue"": 0.01470963, ""cuan"": 0.12210402, ""david"": 0.10057572, ""detikcom"": 0.04356449, ""detikfinance"": 0.02303058, ""dikenal"": 0.06802588, ""dimanfaatkan"": 0.05028786, ""disimpan"": 0.01365216, ""eds"": 0.11712585, ""ekonomi"": 0.0408249, ""eksis"": 0.07356136, ""ganda"": 0.05158905, ""gurihnya"": 0.07356136, ""halnya"": 0.07356136, ""hampers"": 0.58849085, ""hantaran"": 0.14712271, ""harahap"": 0.05856292, ""hari"": 0.09316543, ""jakarta"": 0.01595596, ""jenama"": 0.07356136, ""jumat"": 0.04282636, ""justru"": 0.04356449, ""kami"": 0.02831555, ""kasih"": 0.05158905, ""kental"": 0.07356136, ""kepada"": 0.03017405, ""khususnya"": 0.05302745, ""kini"": 0.03963701, ""lain"": 0.0316758, ""lewat"": 0.10927088, ""liementha"": 0.14712271, ""liputan"": 0.07356136, ""location"": 0.11291687, ""lumongga"": 0.05856292, ""makanan"": 0.1281968, ""masyarakat"": 0.03570953, ""melts"": 0.14712271, ""memanfaatkan"": 0.05645843, ""membangun"": 0.04800721, ""memberikan"": 0.03372748, ""mencari"": 0.05302745, ""menciptakan"": 0.05463544, ""mendulang"": 0.06802588, ""mengemas"": 0.06802588, ""mengeruk"": 0.07356136, ""mengintip"": 0.0640984, ""menjadi"": 0.02205502, ""mentor"": 0.21854177, ""menyukai"": 0.01365216, ""meraup"": 0.0640984, ""momentum"": 0.06105201, ""musiman"": 0.22068407, ""mustaqimah"": 0.14712271, ""orang"": 0.08164981, ""organiknya"": 0.07356136, ""pandemi"": 0.06105201, ""pelanggannya"": 0.07356136, ""peluang"": 0.21063047, ""pendapatan"": 0.04909997, ""pilihan"": 0.05302745, ""populer"": 0.07356136, ""raya"": 0.1693753, ""rully"": 0.22068407, ""rupiah"": 0.06105201, ""sabun"": 0.07356136, ""scroll"": 0.01470963, ""seberapa"": 0.06105201, ""sebutan"": 0.07356136, ""secara"": 0.02646157, ""sehat"": 0.05856292, ""sejak"": 0.03372748, ""sekarang"": 0.03753252, ""semakin"": 0.0408249, ""seperti"": 0.02646157, ""simak"": 0.04434483, ""sumber"": 0.05645843, ""tanzif"": 0.07356136, ""tentang"": 0.04699548, ""terkasih"": 0.07356136, ""tertarik"": 0.06802588, ""tonton"": 0.05028786, ""tradisi"": 0.07356136, ""tren"": 0.05645843, ""usaha"": 0.04282636, ""utamanya"": 0.05463544, ""wib"": 0.01365216, ""with"": 0.01470963}",2
FN005,"{""abdullah"": 0.08516765, ""ajakan"": 0.17033529, ""alias"": 0.06325566, ""anda"": 0.01580616, ""apa"": 0.04345429, ""bagaimana"": 0.05043797, ""bank"": 0.23288851, ""belakangan"": 0.07068461, ""berbagai"": 0.04345429, ""berbahaya"": 0.08516765, ""beredar"": 0.20340842, ""bersama"": 0.03781663, ""bertanggung"": 0.08516765, ""besar"": 0.03194364, ""besaran"": 0.06536628, ""bohong"": 0.0787588, ""content"": 0.01703047, ""continue"": 0.01703047, ""corona"": 0.08516765, ""covid"": 0.07421165, ""dana"": 0.28423406, ""dengar"": 0.07068461, ""detikcom"": 0.05043797, ""detikfinance"": 0.02666428, ""digencarkan"": 0.08516765, ""dipercaya"": 0.0787588, ""disimpan"": 0.01580616, ""diskusinya"": 0.0787588, ""duit"": 0.0787588, ""dunia"": 0.0418455, ""eds"": 0.13560561, ""eduardo"": 0.0787588, ""ekonom"": 0.07421165, ""garansi"": 0.08516765, ""hanya"": 0.03221853, ""hoaks"": 0.2362764, ""indonesia"": 0.02852598, ""informasi"": 0.09312705, ""institute"": 0.08516765, ""isu"": 0.14136922, ""jakarta"": 0.01847344, ""jam"": 0.05684681, ""jawab"": 0.0787588, ""kabar"": 0.05822213, ""kamis"": 0.04656352, ""kembali"": 0.03821681, ""kenapa"": 0.05684681, ""kerap"": 0.17033529, ""lantaran"": 0.1575176, ""live"": 0.07421165, ""marak"": 0.08516765, ""masif"": 0.08516765, ""masih"": 0.02942943, ""masyarakat"": 0.12403101, ""media"": 0.06325566, ""mei"": 0.0787588, ""memahami"": 0.06536628, ""menangkis"": 0.08516765, ""menarik"": 0.20340842, ""mengamankan"": 0.06536628, ""menghilang"": 0.08516765, ""mentor"": 0.18976698, ""menyukai"": 0.01580616, ""merebak"": 0.08516765, ""merusak"": 0.08516765, ""moneter"": 0.08516765, ""money"": 0.25550294, ""motif"": 0.08516765, ""muncul"": 0.06325566, ""nasabah"": 0.1575176, ""pandemi"": 0.07068461, ""penarikan"": 0.0787588, ""perbankan"": 0.14136922, ""perekonomian"": 0.05822213, ""pihak"": 0.05441028, ""piter"": 0.08516765, ""rabu"": 0.05822213, ""ramai"": 0.06780281, ""rush"": 0.25550294, ""scroll"": 0.01703047, ""sebagian"": 0.06536628, ""sebenarnya"": 0.05822213, ""secara"": 0.06127319, ""segara"": 0.08516765, ""sempat"": 0.03992725, ""seperti"": 0.06127319, ""serangan"": 0.0787588, ""seruan"": 0.17033529, ""simorangkir"": 0.0787588, ""sosial"": 0.06139396, ""tarik"": 0.06536628, ""terkait"": 0.04038543, ""termasuk"": 0.04085729, ""tiba"": 0.12651132, ""tonton"": 0.05822213, ""uang"": 0.06325566, ""wib"": 0.03161232, ""with"": 0.01703047}",2
FN006,"{""advertisement"": 0.01736326, ""akrab"": 0.08106195, ""anabul"": 0.40530973, ""anak"": 0.04498756, ""anda"": 0.01504419, ""atas"": 0.03982824, ""bagaimana"": 0.04800649, ""bagi"": 0.03294051, ""bahkan"": 0.04135948, ""banyak"": 0.03716646, ""beberapa"": 0.04032153, ""berlangsung"": 0.0419066, ""bersama"": 0.03599359, ""biaya"": 0.0554154, ""bisnis"": 0.10357462, ""bisnisnya"": 0.0672771, ""bulannya"": 0.07496205, ""bulu"": 0.14992411, ""center"": 0.12906844, ""content"": 0.01620948, ""continue"": 0.01620948, ""cuan"": 0.0672771, ""cuma"": 0.03800246, ""dasar"": 0.06453422, ""depok"": 0.14992411, ""detikers"": 0.07063411, ""detikfinance"": 0.02537887, ""diduplikasi"": 0.07496205, ""dimanfaatkan"": 0.0554154, ""disiapkan"": 0.06020628, ""disimpan"": 0.01504419, ""ditawarkan"": 0.08106195, ""dokter"": 0.0672771, ""dua"": 0.03490559, ""eds"": 0.12906844, ""founder"": 0.08106195, ""gaya"": 0.06453422, ""grooming"": 0.08106195, ""harahap"": 0.06453422, ""harus"": 0.02964503, ""hewan"": 0.16212389, ""hidup"": 0.06020628, ""hotel"": 0.1345542, ""inspirasi"": 0.08106195, ""intip"": 0.08106195, ""jakarta"": 0.01758289, ""juta"": 0.04719309, ""kali"": 0.03888767, ""kamis"": 0.04431882, ""kebutuhan"": 0.04642143, ""kecamatan"": 0.07063411, ""kecintaan"": 0.08106195, ""kesehatan"": 0.0554154, ""khusus"": 0.0554154, ""kucing"": 0.32424779, ""layanan"": 0.21642553, ""liburan"": 0.08106195, ""lipat"": 0.0672771, ""location"": 0.12443029, ""lumongga"": 0.06453422, ""mainan"": 0.08106195, ""makanan"": 0.07063411, ""mas"": 0.08106195, ""masa"": 0.04800649, ""mei"": 0.07496205, ""membangun"": 0.05290221, ""membutuhkan"": 0.05290221, ""memiliki"": 0.07124422, ""menelurkan"": 0.08106195, ""mentor"": 0.2408251, ""menyukai"": 0.01504419, ""merupakan"": 0.03389099, ""mulai"": 0.03294051, ""naik"": 0.04247437, ""nyaris"": 0.08106195, ""omzet"": 0.0672771, ""omzetnya"": 0.08106195, ""pancoran"": 0.08106195, ""panen"": 0.07063411, ""peliharaan"": 0.08106195, ""peluang"": 0.09284285, ""pengeluaran"": 0.07496205, ""perawatan"": 0.1345542, ""perjalanan"": 0.05290221, ""pet"": 0.32424779, ""rekannya"": 0.07063411, ""ruko"": 0.08106195, ""sangka"": 0.07496205, ""sapaan"": 0.08106195, ""satu"": 0.03147876, ""sayang"": 0.0672771, ""scroll"": 0.01620948, ""sebulan"": 0.07063411, ""selama"": 0.03676526, ""semua"": 0.04032153, ""seperti"": 0.02915969, ""sesuai"": 0.04306441, ""setiap"": 0.0419066, ""shop"": 0.07496205, ""siapa"": 0.06221515, ""suci"": 0.16212389, ""terhadap"": 0.03525958, ""tersedia"": 0.05843433, ""tiga"": 0.07124422, ""trisetyani"": 0.08106195, ""usaha"": 0.04719309, ""wib"": 0.01504419, ""with"": 0.01620948}",2
FN007,"{""advertisement"": 0.01231761, ""anda"": 0.01067245, ""apa"": 0.02934069, ""artisan"": 0.17251769, ""bagaimana"": 0.03405613, ""balikkan"": 0.0575059, ""bangku"": 0.0575059, ""banting"": 0.0575059, ""berbagai"": 0.02934069, ""berjalan"": 0.03098586, ""berjenama"": 0.0575059, ""berkembang"": 0.04271074, ""berlaku"": 0.03931206, ""bersama"": 0.0255341, ""bertahun"": 0.05010832, ""besar"": 0.02156861, ""bisnis"": 0.11021481, ""bisnisnya"": 0.09545366, ""budaya"": 0.05317859, ""bunyi"": 0.0575059, ""cara"": 0.07505837, ""cinta"": 0.0575059, ""content"": 0.01149912, ""continue"": 0.01149912, ""detikcom"": 0.03405613, ""detikfinance"": 0.01800394, ""disangka"": 0.0575059, ""disimpan"": 0.01067245, ""ekonomi"": 0.03191448, ""eksklusif"": 0.05317859, ""ekspektasi"": 0.04578101, ""gandarai"": 0.0575059, ""gempuran"": 0.0575059, ""gunawan"": 0.19090732, ""harahap"": 0.04578101, ""harus"": 0.02103038, ""helikopter"": 0.11501179, ""hidup"": 0.04271074, ""hidupnya"": 0.11501179, ""house"": 0.0575059, ""indonesia"": 0.01926098, ""jakarta"": 0.01247342, ""jatuh"": 0.04578101, ""jawaban"": 0.05010832, ""jejaring"": 0.0575059, ""jumat"": 0.0334791, ""jun"": 0.05010832, ""karirnya"": 0.11501179, ""kedai"": 0.0575059, ""keluarga"": 0.04145371, ""kenal"": 0.05317859, ""kil"": 0.10635718, ""kisah"": 0.05317859, ""komunitas"": 0.04772683, ""kondisi"": 0.02636614, ""lamanya"": 0.0575059, ""lambat"": 0.05010832, ""lengkapnya"": 0.05010832, ""location"": 0.08827169, ""lulus"": 0.0575059, ""lumongga"": 0.04578101, ""maka"": 0.03600195, ""mantan"": 0.04413585, ""melalui"": 0.0255341, ""memahami"": 0.04413585, ""membangun"": 0.11258755, ""membutuhkan"": 0.03752918, ""mempertahankan"": 0.04032925, ""memulai"": 0.08827169, ""memutar"": 0.0575059, ""mencintai"": 0.0575059, ""menjadi"": 0.0517239, ""mentor"": 0.17084296, ""menyukai"": 0.01067245, ""minuman"": 0.05317859, ""modern"": 0.04578101, ""mulai"": 0.02336822, ""pasti"": 0.04032925, ""pebisnis"": 0.11501179, ""peluang"": 0.03293168, ""pemasok"": 0.05317859, ""pengolahannya"": 0.0575059, ""pepatah"": 0.0575059, ""perjalanan"": 0.03752918, ""petani"": 0.04772683, ""pilot"": 0.19090732, ""pulau"": 0.05317859, ""salah"": 0.02636614, ""sampai"": 0.0258043, ""satria"": 0.11501179, ""satu"": 0.02233125, ""sayang"": 0.04772683, ""scroll"": 0.01149912, ""secara"": 0.02068608, ""sejak"": 0.02636614, ""selamanya"": 0.05317859, ""selatan"": 0.03466615, ""seperti"": 0.02068608, ""sesuai"": 0.03055019, ""setelah"": 0.02233125, ""setir"": 0.0575059, ""seusai"": 0.05317859, ""simak"": 0.03466615, ""sma"": 0.05317859, ""tahun"": 0.04103602, ""teh"": 0.74757664, ""tengah"": 0.03241096, ""ternama"": 0.0575059, ""terus"": 0.02608152, ""tetapi"": 0.02636614, ""tonton"": 0.03931206, ""tumbuhan"": 0.0575059, ""usaha"": 0.0334791, ""waktu"": 0.02358828, ""wib"": 0.01067245, ""with"": 0.01149912}",2
FN008,"{""acd"": 0.04807351, ""adalah"": 0.01805211, ""advertisement"": 0.01022142, ""aman"": 0.06097239, ""amran"": 0.24948568, ""anda"": 0.00885622, ""antisipasi"": 0.03960474, ""april"": 0.08825745, ""artinya"": 0.03662486, ""bagi"": 0.01939145, ""bahan"": 0.03662486, ""bahwa"": 0.02097005, ""baik"": 0.04029125, ""banyak"": 0.02187918, ""bbm"": 0.04158095, ""begitu"": 0.02608964, ""berarti"": 0.02987518, ""beras"": 0.06693214, ""berencana"": 0.04412872, ""berhasil"": 0.02403675, ""berjalan"": 0.05142545, ""berkat"": 0.03799006, ""berpengalaman"": 0.04412872, ""brasil"": 0.04771961, ""bulan"": 0.28028262, ""cadangan"": 0.04412872, ""campur"": 0.04771961, ""content"": 0.00954221, ""continue"": 0.00954221, ""crop"": 0.09543923, ""cukup"": 0.02373651, ""dahsyatnya"": 0.04771961, ""datang"": 0.02876671, ""datangnya"": 0.04771961, ""depan"": 0.10821501, ""detikfinance"": 0.01494005, ""dibanding"": 0.04158095, ""dijamin"": 0.04771961, ""dinilai"": 0.05975036, ""diperkirakan"": 0.11881421, ""diperkuat"": 0.03662486, ""diprediksi"": 0.03662486, ""disimpan"": 0.00885622, ""ditambah"": 0.03544228, ""ditargetkan"": 0.04158095, ""ditekan"": 0.04771961, ""ditemui"": 0.03185139, ""diyakini"": 0.04158095, ""dulu"": 0.02930361, ""etanol"": 0.04412872, ""fadilah"": 0.02930361, ""fenomena"": 0.04158095, ""geber"": 0.04771961, ""godzilla"": 0.14315884, ""hanya"": 0.01805211, ""harga"": 0.05296663, ""hektare"": 0.04771961, ""hitung"": 0.04158095, ""hotel"": 0.03960474, ""hujan"": 0.04412872, ""ilyas"": 0.02930361, ""impor"": 0.1031975, ""indonesia"": 0.03196633, ""infrastruktur"": 0.03799006, ""ingat"": 0.04412872, ""insyaallah"": 0.09543923, ""irigasi"": 0.14315884, ""jakarta"": 0.02070141, ""jaringan"": 0.03960474, ""jauh"": 0.03114251, ""jelas"": 0.02778167, ""juta"": 0.33338002, ""kalah"": 0.03439917, ""kalau"": 0.04632989, ""kantor"": 0.03262198, ""katanya"": 0.0304862, ""keberhasilan"": 0.04158095, ""kebutuhan"": 0.0273274, ""kekeringan"": 0.04771961, ""kemarau"": 0.12474284, ""kementan"": 0.03799006, ""kemudian"": 0.021643, ""kenapa"": 0.03185139, ""keras"": 0.08316189, ""kerasnya"": 0.04771961, ""kering"": 0.04158095, ""kerja"": 0.05753342, ""kesiapan"": 0.03544228, ""ketahanan"": 0.07324973, ""ketersediaan"": 0.03439917, ""khawatir"": 0.03960474, ""khusus"": 0.03262198, ""kita"": 0.19391447, ""lahan"": 0.03439917, ""lakukan"": 0.0282605, ""langkah"": 0.02535119, ""mampu"": 0.04747303, ""mar"": 0.03185139, ""masih"": 0.03297875, ""masyarakat"": 0.02316495, ""mau"": 0.05753342, ""memastikan"": 0.02187918, ""meminta"": 0.02876671, ""menanggapi"": 0.03662486, ""mencapai"": 0.07826892, ""menembus"": 0.03662486, ""mengantisipasi"": 0.08316189, ""menghadapi"": 0.02535119, ""mengimpor"": 0.04158095, ""menjadi"": 0.0143072, ""menjaga"": 0.02571272, ""mentan"": 0.11881421, ""menteri"": 0.02212183, ""menurun"": 0.04771961, ""menutup"": 0.03262198, ""menyebabkan"": 0.03799006, ""menyebut"": 0.05142545, ""menyukai"": 0.00885622, ""meski"": 0.07033836, ""mulai"": 0.03878289, ""musim"": 0.07400883, ""nah"": 0.03662486, ""namun"": 0.02054825, ""nasional"": 0.02403675, ""nino"": 0.35644263, ""oplah"": 0.09543923, ""optimalisasi"": 0.03662486, ""overlap"": 0.04771961, ""panen"": 0.04158095, ""pangan"": 0.18685508, ""panjang"": 0.02930361, ""paralel"": 0.04771961, ""pasokan"": 0.03439917, ""pede"": 0.04412872, ""pemasangan"": 0.04771961, ""pendukung"": 0.04412872, ""perbaikan"": 0.07324973, ""periode"": 0.02987518, ""persiapan"": 0.03439917, ""pertanian"": 0.03662486, ""pompa"": 0.04771961, ""pompanisasi"": 0.09543923, ""potensi"": 0.03662486, ""produksi"": 0.06228503, ""puluhan"": 0.03960474, ""rapat"": 0.02648332, ""ratas"": 0.03960474, ""rencana"": 0.03185139, ""restoran"": 0.04771961, ""ribu"": 0.03262198, ""rumah"": 0.02987518, ""salah"": 0.04375836, ""sambil"": 0.04158095, ""sampai"": 0.06423887, ""satu"": 0.01853094, ""scroll"": 0.00954221, ""sebelumnya"": 0.03952102, ""sedangkan"": 0.0304862, ""sehingga"": 0.02237132, ""sekarang"": 0.02434753, ""sekitar"": 0.1172306, ""sektor"": 0.05379061, ""selain"": 0.02466961, ""selama"": 0.021643, ""selamat"": 0.03960474, ""selatan"": 0.02876671, ""sementara"": 0.01745146, ""senin"": 0.03461491, ""seperti"": 0.0343315, ""singgung"": 0.04771961, ""sisi"": 0.05379061, ""soal"": 0.02403675, ""stabil"": 0.08825745, ""standing"": 0.09543923, ""stok"": 0.07088456, ""sulaiman"": 0.08316189, ""tahun"": 0.05107884, ""tambah"": 0.02930361, ""tangga"": 0.04412872, ""tapi"": 0.01939145, ""tekan"": 0.04771961, ""terbatas"": 0.03439917, ""terjadi"": 0.02289243, ""tetap"": 0.05928153, ""tiru"": 0.04412872, ""ton"": 0.29299891, ""total"": 0.03114251, ""totalnya"": 0.04771961, ""tutup"": 0.03262198, ""upaya"": 0.03439917, ""waktu"": 0.01957406, ""wib"": 0.00885622, ""with"": 0.00954221}",2
FN009,"{""acd"": 0.04260733, ""advertisement"": 0.0090592, ""agar"": 0.02103756, ""agrinas"": 0.19555543, ""alasan"": 0.05194332, ""alternatif"": 0.06734083, ""ambil"": 0.03367041, ""anda"": 0.00784923, ""angelo"": 0.04229367, ""ayuningrum"": 0.02597166, ""bakal"": 0.02647824, ""berlangsung"": 0.02186456, ""bertahap"": 0.03367041, ""berupa"": 0.02647824, ""buat"": 0.02462277, ""buka"": 0.07943471, ""bukaan"": 0.0351015, ""bulan"": 0.02760147, ""content"": 0.00845722, ""continue"": 0.00845722, ""cukup"": 0.02103756, ""depan"": 0.03836419, ""desa"": 0.09146347, ""detikcom"": 0.02504715, ""detikfinance"": 0.0132413, ""dibangun"": 0.09738135, ""dicek"": 0.04229367, ""digunakan"": 0.05645948, ""dilakukan"": 0.01897821, ""direktur"": 0.02647824, ""disalurkan"": 0.09146347, ""disimpan"": 0.00784923, ""ditemui"": 0.02822974, ""diterima"": 0.036853, ""dua"": 0.01821182, ""fair"": 0.04229367, ""fasilitas"": 0.05932165, ""ferry"": 0.25797102, ""fisik"": 0.08898248, ""gerainya"": 0.04229367, ""harga"": 0.02347204, ""harmonisasi"": 0.03911109, ""imbuh"": 0.0351015, ""impor"": 0.1219513, ""importasi"": 0.03911109, ""india"": 0.14040599, ""indonesia"": 0.02833161, ""industri"": 0.02701978, ""jakarta"": 0.02752135, ""joao"": 0.08458735, ""juliantono"": 0.03911109, ""jumat"": 0.02462277, ""kalau"": 0.02053099, ""kan"": 0.04624626, ""kantornya"": 0.03367041, ""kelurahan"": 0.07370601, ""kemarin"": 0.02462277, ""kendaraan"": 0.22722314, ""kepada"": 0.0173484, ""kita"": 0.05155965, ""kopdes"": 0.10530449, ""kopdeskel"": 0.31288868, ""koperasi"": 0.30303372, ""kurun"": 0.03911109, ""lain"": 0.01821182, ""lainnya"": 0.02462277, ""langsung"": 0.0173484, ""logistik"": 0.03048782, ""lokal"": 0.06097565, ""mar"": 0.02822974, ""masih"": 0.01461446, ""masyarakat"": 0.02053099, ""memadai"": 0.03911109, ""memastikan"": 0.01939142, ""memberikan"": 0.01939142, ""menargetkan"": 0.04229367, ""mendapat"": 0.02597166, ""mendapatkan"": 0.0254958, ""menerima"": 0.03141233, ""mengganggu"": 0.03367041, ""mengimpor"": 0.07370601, ""mengungkapkan"": 0.02966083, ""menjaga"": 0.02278907, ""menjawab"": 0.036853, ""menkop"": 0.11733326, ""menteri"": 0.03921296, ""menurut"": 0.0215791, ""menyampaikan"": 0.0254958, ""menyebut"": 0.02278907, ""menyukai"": 0.00784923, ""merah"": 0.33121761, ""merupakan"": 0.01768246, ""mobil"": 0.19555543, ""mota"": 0.04229367, ""nanti"": 0.02186456, ""nusantara"": 0.07020299, ""operasionalnya"": 0.04229367, ""pangan"": 0.11040587, ""pembangunan"": 0.14456357, ""pengadaan"": 0.036853, ""persiapan"": 0.03048782, ""pertama"": 0.01803137, ""pertanyaan"": 0.036853, ""pick"": 0.04229367, ""pickup"": 0.18426501, ""pilihan"": 0.03048782, ""produksi"": 0.02760147, ""punya"": 0.02278907, ""putih"": 0.33121761, ""rampung"": 0.07020299, ""rasanya"": 0.036853, ""ratusan"": 0.0351015, ""retno"": 0.02597166, ""ribu"": 0.05782543, ""ribuan"": 0.18426501, ""ruang"": 0.02647824, ""satu"": 0.03284778, ""scroll"": 0.00845722, ""sebelumnya"": 0.01751365, ""secara"": 0.01521393, ""sedang"": 0.02760147, ""sehingga"": 0.0594828, ""sejumlah"": 0.01877948, ""sekitar"": 0.02078019, ""selama"": 0.01918209, ""selatan"": 0.0254958, ""selesai"": 0.09146347, ""semua"": 0.02103756, ""senin"": 0.03067903, ""serta"": 0.01858566, ""soal"": 0.02130366, ""sousa"": 0.04229367, ""suara"": 0.03141233, ""tahap"": 0.03367041, ""terang"": 0.03246045, ""terus"": 0.01918209, ""tiba"": 0.06282466, ""truk"": 0.0351015, ""ujar"": 0.03284778, ""unit"": 0.20202248, ""utama"": 0.01858566, ""waktu"": 0.0173484, ""wib"": 0.00784923, ""with"": 0.00845722}",2
FN010,"{""acd"": 0.05524637, ""advertisement"": 0.01174652, ""ahmad"": 0.12219146, ""aktif"": 0.04551401, ""akurat"": 0.050713, ""anda"": 0.01017763, ""antara"": 0.02913375, ""badan"": 0.02998238, ""bansos"": 0.050713, ""beliau"": 0.050713, ""beras"": 0.03845942, ""berdinas"": 0.05483968, ""berita"": 0.04551401, ""berpotensi"": 0.04365841, ""bohong"": 0.10142601, ""bos"": 0.04073049, ""buka"": 0.06866549, ""bulog"": 0.36411208, ""bumn"": 0.04365841, ""capai"": 0.04551401, ""content"": 0.01096597, ""continue"": 0.01096597, ""detikfinance"": 0.0171692, ""diangkat"": 0.05483968, ""diemban"": 0.05483968, ""diisukan"": 0.05483968, ""dilansir"": 0.03090825, ""dinas"": 0.050713, ""dinilai"": 0.03433274, ""direktur"": 0.06866549, ""diri"": 0.03578917, ""dirinya"": 0.11246815, ""dirut"": 0.05483968, ""disalurkan"": 0.03953174, ""disimpan"": 0.01017763, ""ditemui"": 0.03660382, ""ditunjuk"": 0.050713, ""fadilah"": 0.03367589, ""goreng"": 0.05483968, ""hanya"": 0.0207456, ""harus"": 0.02005533, ""head"": 0.04778508, ""hoax"": 0.05483968, ""ilyas"": 0.03367589, ""informasi"": 0.02998238, ""intelijen"": 0.05483968, ""isu"": 0.04551401, ""jabatan"": 0.05483968, ""jabatannya"": 0.05483968, ""jakarta"": 0.02379019, ""kabais"": 0.43871741, ""kabar"": 0.03748938, ""kalau"": 0.0266213, ""kan"": 0.02998238, ""kantor"": 0.03748938, ""kementan"": 0.04365841, ""kementerian"": 0.02954922, ""kepala"": 0.03578917, ""keputusan"": 0.03748938, ""ketentuan"": 0.04365841, ""ketika"": 0.03090825, ""kok"": 0.050713, ""lagi"": 0.02385366, ""lah"": 0.04208952, ""mangatakan"": 0.05483968, ""mar"": 0.03660382, ""masih"": 0.03789938, ""melalui"": 0.02435023, ""memastikan"": 0.02514369, ""memuat"": 0.05483968, ""menanggapi"": 0.04208952, ""menegaskan"": 0.05996475, ""mengaitkan"": 0.05483968, ""mengundurkan"": 0.05483968, ""menjadi"": 0.03288384, ""menyampaikan"": 0.03305888, ""menyebut"": 0.02954922, ""menyesatkan"": 0.050713, ""menyukai"": 0.01017763, ""merupakan"": 0.02292778, ""minyak"": 0.04551401, ""mungkin"": 0.05746915, ""narasi"": 0.05483968, ""nggak"": 0.06611776, ""orang"": 0.03043479, ""pemberitaan"": 0.05483968, ""pemerintah"": 0.02487227, ""pensiun"": 0.10967935, ""penugasan"": 0.050713, ""peraturan"": 0.04365841, ""perum"": 0.23892541, ""perundang"": 0.050713, ""posisi"": 0.0233802, ""public"": 0.050713, ""publik"": 0.03748938, ""purnawirawan"": 0.16451903, ""ramdhani"": 0.15213901, ""relations"": 0.05483968, ""resmi"": 0.03192687, ""rizal"": 0.28671049, ""scroll"": 0.01096597, ""sebelumnya"": 0.0227089, ""sebut"": 0.03660382, ""segini"": 0.05483968, ""selatan"": 0.03305888, ""senin"": 0.03977966, ""sesuai"": 0.02913375, ""soal"": 0.02762319, ""strategis"": 0.04208952, ""suara"": 0.08146098, ""tegas"": 0.03578917, ""tegasnya"": 0.04551401, ""terkait"": 0.02600429, ""termasuk"": 0.02630812, ""tni"": 0.47785082, ""tomi"": 0.10967935, ""undangan"": 0.050713, ""utama"": 0.04819783, ""wib"": 0.01017763, ""wijaya"": 0.05483968, ""with"": 0.01096597}",2
FN011,"{""acara"": 0.03755185, ""adalah"": 0.0163029, ""advertisement"": 0.00923098, ""anda"": 0.00799808, ""angka"": 0.15313273, ""angkutan"": 0.318822, ""apabila"": 0.02946099, ""api"": 0.03430891, ""arah"": 0.19845598, ""arus"": 0.07510369, ""baik"": 0.01819356, ""banten"": 0.033076, ""barat"": 0.08629519, ""baru"": 0.0191356, ""berdasarkan"": 0.02117424, ""bilang"": 0.02876506, ""bogor"": 0.03985275, ""capai"": 0.03576713, ""content"": 0.00861759, ""continue"": 0.00861759, ""data"": 0.08094103, ""detikfinance"": 0.0134924, ""dibandingkan"": 0.15587567, ""dikoreksi"": 0.04309569, ""disimpan"": 0.00799808, ""distribusi"": 0.03430891, ""distribusinya"": 0.03985275, ""dudy"": 0.16004002, ""hari"": 0.01819356, ""hasil"": 0.03502492, ""heri"": 0.032008, ""hns"": 0.032008, ""hrp"": 0.032008, ""inilah"": 0.03985275, ""jabodetabek"": 0.159411, ""jakarta"": 0.02804324, ""jalan"": 0.03430891, ""jam"": 0.02876506, ""jawa"": 0.07153426, ""jelas"": 0.02508969, ""jika"": 0.02467944, ""jumlah"": 0.26980343, ""juta"": 0.22580719, ""kalau"": 0.02092032, ""kami"": 0.03317716, ""kantor"": 0.02946099, ""kecepatan"": 0.02946099, ""kelancaran"": 0.03576713, ""keluar"": 0.03022328, ""kementerian"": 0.02322122, ""kemudian"": 0.01954584, ""kenaikan"": 0.05292832, ""kendaraan"": 0.26460798, ""kereta"": 0.03755185, ""keseluruhan"": 0.032008, ""lalu"": 0.11602854, ""laut"": 0.032008, ""lebaran"": 0.2391165, ""lintas"": 0.02876506, ""malam"": 0.02322122, ""mar"": 0.02876506, ""maret"": 0.03430891, ""masa"": 0.05104424, ""masuk"": 0.04644244, ""melakukan"": 0.01703719, ""meliputi"": 0.03576713, ""mencapai"": 0.04712323, ""mencatat"": 0.06044657, ""mengalami"": 0.06868416, ""menggunakan"": 0.02698034, ""menhub"": 0.03022328, ""meningkat"": 0.032008, ""menteri"": 0.01997828, ""menuju"": 0.05624975, ""menyampaikan"": 0.05195856, ""menyukai"": 0.00799808, ""miss"": 0.04309569, ""mobile"": 0.04309569, ""moda"": 0.21547845, ""mudik"": 0.21547845, ""mungkin"": 0.02258103, ""naik"": 0.04516206, ""namun"": 0.01855717, ""orang"": 0.21525428, ""pemudik"": 0.19926375, ""penggunaan"": 0.03022328, ""peningkatan"": 0.05506431, ""penutupan"": 0.03022328, ""penyeberangan"": 0.03985275, ""penyelenggara"": 0.04309569, ""per"": 0.02508969, ""pergerakan"": 0.15020739, ""perhubungan"": 0.06044657, ""periode"": 0.08094103, ""perjalanan"": 0.02812487, ""persen"": 0.03106597, ""positioning"": 0.04309569, ""posko"": 0.03985275, ""prediksi"": 0.03022328, ""pukul"": 0.02753215, ""purnomo"": 0.032008, ""purwagandhi"": 0.06401601, ""pusat"": 0.02391714, ""rata"": 0.05753012, ""sampaikan"": 0.07153426, ""scroll"": 0.00861759, ""sebanyak"": 0.12144606, ""sebelumnya"": 0.03569152, ""sebesar"": 0.09871776, ""secara"": 0.01550243, ""sejak"": 0.01975914, ""selain"": 0.02227918, ""selama"": 0.05863753, ""selatan"": 0.05195856, ""seluruh"": 0.0206742, ""semalam"": 0.04309569, ""semarang"": 0.03755185, ""sementara"": 0.01576045, ""semua"": 0.0214365, ""senin"": 0.0312608, ""serta"": 0.0189381, ""statistik"": 0.03430891, ""sukabumi"": 0.04309569, ""sumatera"": 0.03576713, ""survei"": 0.07153426, ""tadi"": 0.03430891, ""tahun"": 0.12301177, ""tanggal"": 0.03430891, ""tapi"": 0.01751246, ""tengah"": 0.02428921, ""terang"": 0.033076, ""terbuka"": 0.02876506, ""tercatat"": 0.03106597, ""terhitung"": 0.04309569, ""terkumpul"": 0.04309569, ""terpadu"": 0.03576713, ""terserang"": 0.04309569, ""tertinggi"": 0.03430891, ""timur"": 0.10792137, ""tinggi"": 0.02508969, ""tipis"": 0.033076, ""transportasi"": 0.19845598, ""tumbuh"": 0.03106597, ""turun"": 0.07068484, ""udara"": 0.02753215, ""ujarnya"": 0.02322122, ""umum"": 0.06044657, ""wib"": 0.00799808, ""wilayah"": 0.05753012, ""with"": 0.00861759, ""yakni"": 0.10035875, ""yogyakarta"": 0.032008}",2
FN012,"{""acd"": 0.04096858, ""adalah"": 0.01538414, ""advertisement"": 0.00871076, ""agrinas"": 0.03760681, ""anda"": 0.00754734, ""apabila"": 0.02780068, ""ayuningrum"": 0.02497274, ""bakal"": 0.02545984, ""bangunan"": 0.04066699, ""baru"": 0.01805719, ""begitu"": 0.02223377, ""berarti"": 0.05091967, ""bertahap"": 0.03237539, ""berupa"": 0.02545984, ""besar"": 0.01525287, ""buka"": 0.02545984, ""bukaan"": 0.03375143, ""butuh"": 0.03543557, ""content"": 0.00813194, ""continue"": 0.00813194, ""desa"": 0.08794563, ""detikfinance"": 0.01273202, ""didasarkan"": 0.03543557, ""dilakukan"": 0.03649654, ""dilengkapi"": 0.03760681, ""disalurkan"": 0.05863042, ""disesuaikan"": 0.03237539, ""disimpan"": 0.00754734, ""ditanya"": 0.02931521, ""ditemui"": 0.02714398, ""dua"": 0.05253408, ""dulu"": 0.02497274, ""fasilitas"": 0.05704004, ""ferry"": 0.31892015, ""fisik"": 0.08556006, ""fisiknya"": 0.03760681, ""fokus"": 0.02545984, ""gerai"": 0.12200096, ""gudang"": 0.03760681, ""hal"": 0.01593327, ""hanya"": 0.01538414, ""imbuh"": 0.03375143, ""impor"": 0.17589126, ""importasi"": 0.03760681, ""india"": 0.1012543, ""indonesia"": 0.02724193, ""industri"": 0.07794165, ""instruksi"": 0.04066699, ""iya"": 0.03760681, ""jakarta"": 0.01764189, ""juliantono"": 0.03760681, ""jumlah"": 0.07637951, ""kali"": 0.03901817, ""kan"": 0.04446755, ""kantornya"": 0.03237539, ""kapasitas"": 0.02714398, ""kebutuhan"": 0.09315441, ""kelengkapan"": 0.08133397, ""kelurahan"": 0.07087114, ""kendaraan"": 0.40575553, ""kesiapan"": 0.03020416, ""kewajiban"": 0.03121196, ""kita"": 0.06610211, ""kopdes"": 0.13500573, ""kopdeskel"": 0.22564083, ""koperasi"": 0.22662774, ""lagi"": 0.01768895, ""lah"": 0.03121196, ""lain"": 0.03502272, ""langsung"": 0.01668115, ""lapangan"": 0.02497274, ""lihat"": 0.02022842, ""lipat"": 0.03375143, ""lokal"": 0.02931521, ""mar"": 0.02714398, ""masih"": 0.01405236, ""masuk"": 0.02191256, ""melengkapi"": 0.02780068, ""memantau"": 0.03237539, ""memastikan"": 0.01864559, ""membuka"": 0.02931521, ""memprediksi"": 0.03237539, ""memprioritaskan"": 0.08133397, ""mencapai"": 0.08893509, ""mencukupi"": 0.07087114, ""mendapatkan"": 0.04903038, ""menerangkan"": 0.03760681, ""menerima"": 0.03020416, ""mengadakan"": 0.03760681, ""mengaku"": 0.02545984, ""mengenai"": 0.02451519, ""mengingat"": 0.02852002, ""mengungkapkan"": 0.02852002, ""menjadi"": 0.01219269, ""menkop"": 0.07521361, ""menteri"": 0.01885238, ""menyebut"": 0.04382512, ""menyukai"": 0.00754734, ""merah"": 0.21231894, ""mobil"": 0.18803403, ""namun"": 0.01751136, ""nanti"": 0.04204723, ""nasional"": 0.08193716, ""negara"": 0.04149827, ""nggak"": 0.02451519, ""nomor"": 0.02545984, ""operasional"": 0.08893509, ""opsi"": 0.03543557, ""otomotif"": 0.1012543, ""pangan"": 0.02653987, ""pembangunan"": 0.02780068, ""pembangunannya"": 0.04066699, ""pengadaan"": 0.10630672, ""penyalurannya"": 0.04066699, ""percepatan"": 0.03760681, ""pergudangan"": 0.03760681, ""pergunakan"": 0.04066699, ""perhitungan"": 0.03121196, ""perkembangan"": 0.02653987, ""perlu"": 0.02367573, ""persentase"": 0.03375143, ""pickup"": 0.17717786, ""pokoknya"": 0.03760681, ""porsi"": 0.03760681, ""presiden"": 0.02367573, ""produksi"": 0.02653987, ""program"": 0.02497274, ""putih"": 0.21231894, ""rampung"": 0.06750287, ""retno"": 0.02497274, ""ribu"": 0.1390034, ""ribuan"": 0.10630672, ""sangat"": 0.01844432, ""satu"": 0.0315844, ""scroll"": 0.00813194, ""sebenarnya"": 0.02780068, ""secara"": 0.01462877, ""segera"": 0.02714398, ""sekiranya"": 0.03760681, ""selatan"": 0.02451519, ""seluruh"": 0.01950908, ""semuanya"": 0.0519611, ""senin"": 0.02949906, ""serta"": 0.01787083, ""sesuai"": 0.04320893, ""setiap"": 0.04204723, ""sisanya"": 0.04066699, ""skema"": 0.02852002, ""sumber"": 0.03121196, ""tahun"": 0.01450991, ""tapi"": 0.03305105, ""target"": 0.02852002, ""tentang"": 0.02598055, ""terangnya"": 0.03375143, ""terkait"": 0.01928377, ""terpaksa"": 0.03237539, ""tetap"": 0.05052013, ""tiba"": 0.03020416, ""total"": 0.05307973, ""truk"": 0.13500573, ""ujar"": 0.0157922, ""unit"": 0.32375391, ""utamanya"": 0.03020416, ""wib"": 0.00754734, ""with"": 0.00813194, ""yakni"": 0.02367573}",2
FN013,"{""advertisement"": 0.01412541, ""aman"": 0.04213015, ""anda"": 0.01223879, ""angka"": 0.07810874, ""angkutan"": 0.24393334, ""aspek"": 0.04508169, ""bahan"": 0.05061344, ""barang"": 0.04303715, ""berat"": 0.05250005, ""berdasarkan"": 0.03240118, ""boleh"": 0.04753765, ""capai"": 0.10946289, ""capaian"": 0.05061344, ""check"": 0.06098333, ""content"": 0.01318678, ""continue"": 0.01318678, ""data"": 0.04128577, ""demikian"": 0.04128577, ""depannya"": 0.05746245, ""detikfinance"": 0.02064629, ""dibandingkan"": 0.11926176, ""dinamika"": 0.05473145, ""disimpan"": 0.01223879, ""diungkapkan"": 0.05250005, ""dudy"": 0.29387504, ""dunia"": 0.03240118, ""evaluasi"": 0.09795835, ""fatalitas"": 0.06594574, ""hal"": 0.05167491, ""harus"": 0.12058452, ""heri"": 0.04897917, ""hns"": 0.04897917, ""hrp"": 0.04897917, ""informasi"": 0.03605437, ""integrated"": 0.06098333, ""jadikan"": 0.06594574, ""jakarta"": 0.02860815, ""jiwa"": 0.11492491, ""jumlah"": 0.08257153, ""juta"": 0.03839265, ""kantor"": 0.04508169, ""kata"": 0.0245249, ""kecelakaan"": 0.27365724, ""kejadian"": 0.18295, ""kelaikan"": 0.06594574, ""kementerian"": 0.07106698, ""kemudian"": 0.02990937, ""kepada"": 0.05410042, ""kepastian"": 0.05061344, ""kepatuhan"": 0.06594574, ""keselamatan"": 0.12911144, ""kesiapan"": 0.04897917, ""kita"": 0.08039356, ""klaim"": 0.05746245, ""kompromi"": 0.06594574, ""korban"": 0.26378294, ""korlantas"": 0.06594574, ""kualitas"": 0.05061344, ""lalu"": 0.08877439, ""lapangan"": 0.08099178, ""lebaran"": 0.30491667, ""lintas"": 0.08803354, ""luka"": 0.06594574, ""management"": 0.06098333, ""mar"": 0.04401677, ""maret"": 0.05250005, ""masyarakat"": 0.06402522, ""memberikan"": 0.03023576, ""memindahkan"": 0.06098333, ""menambahkan"": 0.0365984, ""menekankan"": 0.04897917, ""mengalami"": 0.07006776, ""menghadirkan"": 0.04897917, ""meninggal"": 0.06594574, ""meningkatkan"": 0.03716775, ""menjadi"": 0.03954343, ""menteri"": 0.03057109, ""menurutnya"": 0.03455386, ""menutup"": 0.04508169, ""menyukai"": 0.01223879, ""namun"": 0.02839649, ""nyaman"": 0.05746245, ""operasional"": 0.03605437, ""orang"": 0.0365984, ""patut"": 0.06098333, ""pelaksanaan"": 0.10946289, ""pelayanan"": 0.04624817, ""pemanfaatan"": 0.05473145, ""pemerintah"": 0.02990937, ""pemudik"": 0.06098333, ""pengawasan"": 0.05250005, ""pengendalian"": 0.05746245, ""peningkatan"": 0.04213015, ""penurunan"": 0.1387445, ""penyelenggaraan"": 0.05746245, ""perbaikan"": 0.05061344, ""perhubungan"": 0.1387445, ""periode"": 0.1238573, ""perkuat"": 0.05746245, ""pori"": 0.06594574, ""posko"": 0.06098333, ""prasarana"": 0.06594574, ""prioritas"": 0.05061344, ""publik"": 0.09016337, ""pula"": 0.04897917, ""purnomo"": 0.04897917, ""purwagandhi"": 0.09795835, ""ramp"": 0.06594574, ""rasa"": 0.04624817, ""respons"": 0.06098333, ""road"": 0.06594574, ""safety"": 0.06098333, ""sarana"": 0.04897917, ""scroll"": 0.01318678, ""sebelumnya"": 0.05461576, ""sebesar"": 0.11329466, ""sebuah"": 0.04753765, ""selain"": 0.03409197, ""selama"": 0.02990937, ""senin"": 0.04783579, ""seraya"": 0.06594574, ""serta"": 0.0289794, ""sistem"": 0.04303715, ""standar"": 0.04897917, ""system"": 0.06098333, ""syukuri"": 0.06098333, ""tahun"": 0.07058799, ""tansportasi"": 0.06594574, ""teknologi"": 0.0950753, ""terang"": 0.05061344, ""tercatat"": 0.04753765, ""terhadap"": 0.05736894, ""terintegrasi"": 0.05473145, ""terus"": 0.02990937, ""tetap"": 0.02730788, ""tingkat"": 0.05061344, ""transportasi"": 0.20245374, ""turun"": 0.18027184, ""ujarnya"": 0.07106698, ""upaya"": 0.04753765, ""utama"": 0.0289794, ""wib"": 0.01223879, ""with"": 0.01318678}",2
FN014,"{""adalah"": 0.02241536, ""adanya"": 0.03509114, ""advertisement"": 0.01269196, ""aid"": 0.05925358, ""alias"": 0.04400878, ""anda"": 0.0109968, ""anisa"": 0.05925358, ""aparatur"": 0.05479476, ""asn"": 0.21917904, ""badan"": 0.03239558, ""bagi"": 0.02407841, ""bahwa"": 0.05207715, ""baru"": 0.10524046, ""benar"": 0.0714394, ""beredar"": 0.14151708, ""beredarnya"": 0.05925358, ""berjudul"": 0.05925358, ""berpedoman"": 0.05925358, ""bersumber"": 0.05479476, ""berupa"": 0.0370961, ""biro"": 0.05925358, ""bkn"": 0.35552146, ""bukan"": 0.02876398, ""content"": 0.01184859, ""continue"": 0.01184859, ""demikian"": 0.0370961, ""detikfinance"": 0.01855111, ""dia"": 0.02407841, ""dipastikan"": 0.10326236, ""disampaikan"": 0.0378548, ""disimpan"": 0.0109968, ""facebook"": 0.11850715, ""fdl"": 0.03866975, ""gambar"": 0.05925358, ""hal"": 0.04643096, ""hanya"": 0.02241536, ""hari"": 0.02501488, ""hilang"": 0.05163118, ""hoaks"": 0.21917904, ""hukum"": 0.0454772, ""indraini"": 0.05925358, ""informasi"": 0.25916464, ""instansi"": 0.09095439, ""jakarta"": 0.0128525, ""jenis"": 0.0454772, ""kabinet"": 0.05925358, ""kanal"": 0.08801756, ""kata"": 0.04407224, ""kedua"": 0.02526201, ""kepala"": 0.07733949, ""kepegawaian"": 0.11850715, ""kerja"": 0.0357197, ""keterangan"": 0.03288441, ""kewenangan"": 0.05163118, ""komunikasi"": 0.04917731, ""kontrak"": 0.04917731, ""lain"": 0.02551482, ""maka"": 0.0370961, ""mar"": 0.03954996, ""masing"": 0.0714394, ""masyarakat"": 0.02876398, ""media"": 0.13202633, ""melalui"": 0.02631011, ""meluruskan"": 0.05925358, ""menanti"": 0.05925358, ""menekankan"": 0.04400878, ""menerbitkan"": 0.04917731, ""menerima"": 0.04400878, ""mengatakan"": 0.02631011, ""mengatasnamakan"": 0.05925358, ""mengimbau"": 0.0454772, ""menyukai"": 0.0109968, ""merespons"": 0.04917731, ""merupakan"": 0.02477318, ""negara"": 0.06046479, ""negeri"": 0.07570959, ""nomor"": 0.0370961, ""nugroho"": 0.05163118, ""pegawai"": 0.17776073, ""pejabat"": 0.05479476, ""pemberhentian"": 0.05925358, ""pembina"": 0.05925358, ""pemerintah"": 0.05374835, ""pengganti"": 0.04917731, ""perjanjian"": 0.05925358, ""pernah"": 0.03954996, ""pernyataan"": 0.09835463, ""perpanjangan"": 0.05163118, ""pihaknya"": 0.0370961, ""pns"": 0.05925358, ""ppk"": 0.05925358, ""pppk"": 0.41477504, ""prabowo"": 0.03638638, ""publik"": 0.04050681, ""putro"": 0.05925358, ""resmi"": 0.03449658, ""restu"": 0.05925358, ""sarannya"": 0.05925358, ""scroll"": 0.01184859, ""sebagaimana"": 0.04917731, ""selain"": 0.03063232, ""selalu"": 0.03866975, ""senin"": 0.04298143, ""sepakat"": 0.05479476, ""sepenuhnya"": 0.04155491, ""sesuai"": 0.03147865, ""sipil"": 0.16438428, ""skema"": 0.04155491, ""sosial"": 0.12814062, ""status"": 0.22004389, ""suharmen"": 0.05925358, ""tahun"": 0.02114158, ""tegas"": 0.03866975, ""teliti"": 0.05925358, ""tentang"": 0.11356439, ""terdiri"": 0.05479476, ""terkait"": 0.0561946, ""tertulis"": 0.03866975, ""terutama"": 0.0370961, ""tinggal"": 0.04050681, ""tunggu"": 0.04717236, ""undang"": 0.09095439, ""viral"": 0.05925358, ""wakil"": 0.03954996, ""wfh"": 0.05479476, ""wib"": 0.0109968, ""wisudo"": 0.23701431, ""with"": 0.01184859}",2
FN015,"{""adhd"": 0.04439412, ""advertisement"": 0.00950911, ""afina"": 0.1775765, ""agar"": 0.02208236, ""akhirnya"": 0.02358452, ""akibat"": 0.0579445, ""aktif"": 0.03684476, ""aman"": 0.05672334, ""anda"": 0.0164781, ""apa"": 0.0226508, ""atas"": 0.0218122, ""bagaimana"": 0.02629108, ""bagi"": 0.01804009, ""bagikan"": 0.04439412, ""bahlil"": 0.04439412, ""baik"": 0.03748343, ""balik"": 0.03407255, ""bapak"": 0.03200195, ""barel"": 0.03868325, ""belajar"": 0.03297237, ""belum"": 0.02155063, ""berada"": 0.03748343, ""berapa"": 0.03297237, ""berdampak"": 0.0353426, ""bergerak"": 0.03297237, ""berhasil"": 0.02236168, ""berita"": 0.11053427, ""berjalan"": 0.02392085, ""berkaitan"": 0.03297237, ""bernama"": 0.08878825, ""bersama"": 0.03942427, ""bertahan"": 0.02963173, ""biaya"": 0.06069724, ""biladina"": 0.04439412, ""biodiesel"": 0.04439412, ""bipolar"": 0.1775765, ""brent"": 0.03868325, ""cara"": 0.02897225, ""chat"": 0.04105348, ""com"": 0.03407255, ""content"": 0.00887723, ""continue"": 0.00887723, ""corporate"": 0.03200195, ""cpo"": 0.08210695, ""cuma"": 0.02081231, ""daerah"": 0.02629108, ""dampak"": 0.02779324, ""desa"": 0.03200195, ""detikbali"": 0.04439412, ""detikcom"": 0.05258216, ""detikfinance"": 0.04169673, ""detikjateng"": 0.04439412, ""detiksore"": 0.20526738, ""diamankan"": 0.03868325, ""dibahas"": 0.03868325, ""didiagnosis"": 0.04439412, ""diduga"": 0.03684476, ""diketahui"": 0.03200195, ""dikutip"": 0.03113388, ""dilakukan"": 0.03984146, ""dilansir"": 0.02502102, ""dipatok"": 0.04439412, ""disiarkan"": 0.03868325, ""disimpan"": 0.00823905, ""diskusinya"": 0.04105348, ""dituding"": 0.04439412, ""diungkapkan"": 0.0353426, ""domestik"": 0.03684476, ""dua"": 0.03823256, ""dukungan"": 0.02963173, ""dunia"": 0.04362441, ""dusun"": 0.04439412, ""edukatif"": 0.04439412, ""ekonomi"": 0.02463774, ""emosinya"": 0.04439412, ""enam"": 0.02897225, ""energi"": 0.18422379, ""esdm"": 0.04439412, ""eskalasi"": 0.04439412, ""etanol"": 0.04105348, ""fahmy"": 0.04439412, ""gamsunoro"": 0.04439412, ""gangguan"": 0.11053427, ""gapapaya"": 0.04439412, ""gejolak"": 0.03868325, ""grobogan"": 0.04439412, ""gub"": 0.04105348, ""gundi"": 0.04439412, ""hal"": 0.01739356, ""hangat"": 0.04105348, ""harga"": 0.07391323, ""harganya"": 0.03868325, ""hari"": 0.01874171, ""hidup"": 0.03297237, ""hijau"": 0.03868325, ""hilirisasi"": 0.0773665, ""hore"": 0.08210695, ""hormuz"": 0.24632086, ""ibu"": 0.03868325, ""ikut"": 0.02779324, ""ikuti"": 0.0353426, ""indonesia"": 0.05947732, ""international"": 0.04439412, ""iran"": 0.1775765, ""israel"": 0.04439412, ""jakarta"": 0.00962939, ""jalan"": 0.0353426, ""jalur"": 0.0353426, ""jenis"": 0.03407255, ""jika"": 0.07626903, ""jiwa"": 0.03868325, ""jumat"": 0.02584562, ""jurnalis"": 0.04105348, ""justru"": 0.02629108, ""juta"": 0.02584562, ""kabupaten"": 0.0353426, ""kapal"": 0.25791331, ""kata"": 0.01650996, ""kawasan"": 0.0272615, ""kecamatan"": 0.03868325, ""kedua"": 0.03785374, ""kejadian"": 0.04105348, ""keluarga"": 0.03200195, ""kementerian"": 0.02392085, ""kemlu"": 0.04439412, ""kenaikan"": 0.0272615, ""kesehatan"": 0.03034862, ""kesempatan"": 0.02629108, ""keterangannya"": 0.03407255, ""kini"": 0.02392085, ""kisah"": 0.04105348, ""kita"": 0.01804009, ""kolom"": 0.04105348, ""komentar"": 0.04105348, ""komunitas"": 0.03684476, ""kondisi"": 0.02035446, ""konten"": 0.03868325, ""kradenan"": 0.04439412, ""kurs"": 0.03684476, ""lahadalia"": 0.04439412, ""lalu"": 0.01992073, ""lama"": 0.02963173, ""lampu"": 0.04439412, ""langsung"": 0.05462993, ""laporan"": 0.03113388, ""level"": 0.02963173, ""lewat"": 0.06594475, ""lingkungan"": 0.03200195, ""live"": 0.0773665, ""lonjakan"": 0.03297237, ""mahal"": 0.0706852, ""mampu"": 0.02208236, ""mana"": 0.0242715, ""mar"": 0.02963173, ""masa"": 0.02629108, ""masalah"": 0.02963173, ""masih"": 0.04602078, ""masyarakat"": 0.02155063, ""melalui"": 0.03942427, ""melewati"": 0.0706852, ""melintas"": 0.04439412, ""melintasi"": 0.0773665, ""meloloskan"": 0.04105348, ""melukai"": 0.04439412, ""memastikan"": 0.02035446, ""membahas"": 0.0773665, ""memberlakukan"": 0.04439412, ""membuka"": 0.03200195, ""memerintahkan"": 0.04439412, ""memperingati"": 0.04105348, ""mempersiapkan"": 0.03868325, ""menahan"": 0.04439412, ""mencekik"": 0.04439412, ""mendalam"": 0.0353426, ""mendapatkan"": 0.02676201, ""mendirikan"": 0.04105348, ""mengalami"": 0.02358452, ""mengatakan"": 0.01971213, ""mengenai"": 0.02676201, ""mengenali"": 0.04105348, ""menghadapi"": 0.02358452, ""mengoptimalkan"": 0.03297237, ""mengubah"": 0.03684476, ""mengulas"": 0.04439412, ""menjalani"": 0.0272615, ""mentah"": 0.0773665, ""mental"": 0.03407255, ""menuju"": 0.02897225, ""menyebut"": 0.02392085, ""menyoroti"": 0.0353426, ""menyuarakan"": 0.04439412, ""menyukai"": 0.00823905, ""merangkum"": 0.04439412, ""meski"": 0.04362441, ""miliar"": 0.03200195, ""milik"": 0.03297237, ""minggu"": 0.0205802, ""minyak"": 0.25791331, ""naik"": 0.02326138, ""namun"": 0.01911628, ""negeri"": 0.02836167, ""nggak"": 0.02676201, ""odgj"": 0.04439412, ""optimalisasi"": 0.03407255, ""orang"": 0.04927549, ""pakar"": 0.04105348, ""parang"": 0.04439412, ""parlemen"": 0.03684476, ""pejabat"": 0.08210695, ""pelaku"": 0.06226777, ""pemahaman"": 0.04105348, ""pembacokan"": 0.04439412, ""pemerintah"": 0.04026948, ""penanganan"": 0.02963173, ""pengalamannya"": 0.04439412, ""penguatan"": 0.03200195, ""pentingnya"": 0.03868325, ""penyakit"": 0.04439412, ""penyiapan"": 0.04439412, ""penyintas"": 0.04439412, ""per"": 0.02584562, ""perang"": 0.154733, ""peristiwa"": 0.08210695, ""perjalanan"": 0.02897225, ""perjuangan"": 0.03684476, ""persia"": 0.08878825, ""persiapan"": 0.03200195, ""persimpangan"": 0.04439412, ""pertamina"": 0.13629019, ""pihak"": 0.02836167, ""pingsan"": 0.04439412, ""pis"": 0.04439412, ""pita"": 0.04439412, ""pjs"": 0.04439412, ""potensi"": 0.10221764, ""presiden"": 0.02584562, ""pria"": 0.04439412, ""pride"": 0.04439412, ""profesional"": 0.03684476, ""proyek"": 0.03684476, ""publik"": 0.03034862, ""pukul"": 0.02836167, ""radhi"": 0.04439412, ""rangka"": 0.08210695, ""sabetan"": 0.04439412, ""sabtu"": 0.02584562, ""sampaikan"": 0.03684476, ""sang"": 0.03407255, ""scroll"": 0.00887723, ""sebenarnya"": 0.03034862, ""secara"": 0.0159695, ""secretary"": 0.03407255, ""sedang"": 0.02897225, ""sedunia"": 0.04439412, ""segera"": 0.02963173, ""sehari"": 0.03113388, ""sejak"": 0.02035446, ""sejauh"": 0.03200195, ""sejumlah"": 0.01971213, ""sekitar"": 0.0218122, ""sekitarnya"": 0.04105348, ""selain"": 0.04590086, ""selat"": 0.19341625, ""selesai"": 0.03200195, ""seluruh"": 0.0212971, ""sementara"": 0.0162353, ""sempat"": 0.04162461, ""sengonwetan"": 0.04439412, ""senin"": 0.03220266, ""seorang"": 0.0353426, ""seperti"": 0.0159695, ""shipping"": 0.04439412, ""signature"": 0.04105348, ""simak"": 0.05352402, ""situasi"": 0.0579445, ""soal"": 0.02236168, ""sore"": 0.02779324, ""spiritual"": 0.04439412, ""stigma"": 0.04439412, ""stok"": 0.03297237, ""streaming"": 0.04105348, ""sunsetalk"": 0.04439412, ""suroto"": 0.04439412, ""swasembada"": 0.04105348, ""syifa"": 0.04439412, ""tambahan"": 0.02836167, ""teknis"": 0.06814509, ""teluk"": 0.08878825, ""temui"": 0.04439412, ""tengah"": 0.17514717, ""terhadap"": 0.01931015, ""terjadi"": 0.0212971, ""terluka"": 0.04439412, ""ternyata"": 0.03684476, ""tersedia"": 0.03200195, ""tertahan"": 0.07368952, ""tertinggi"": 0.0353426, ""terus"": 0.02013474, ""tiktok"": 0.03868325, ""timur"": 0.02779324, ""tindakan"": 0.03868325, ""titik"": 0.03034862, ""ugm"": 0.04439412, ""ujar"": 0.01723956, ""ulasan"": 0.03868325, ""usaha"": 0.02584562, ""vega"": 0.08878825, ""vys"": 0.04105348, ""warga"": 0.03297237, ""wib"": 0.0164781, ""with"": 0.00887723, ""yaitu"": 0.02963173, ""yakni"": 0.02584562}",2
FN016,"{""adanya"": 0.03095656, ""advertisement"": 0.01119654, ""agar"": 0.10400394, ""aktivitas"": 0.15072344, ""alif"": 0.03272528, ""anda"": 0.00970111, ""apakah"": 0.03882349, ""aparatur"": 0.04833862, ""apindo"": 0.15681625, ""ara"": 0.03095656, ""asn"": 0.04833862, ""asosiasi"": 0.04833862, ""baginya"": 0.04554778, ""bahwa"": 0.0229706, ""baik"": 0.04413505, ""banyak"": 0.02396646, ""bbm"": 0.04554778, ""beber"": 0.03665875, ""beda"": 0.04011889, ""begini"": 0.04833862, ""berbagai"": 0.02667029, ""berbeda"": 0.03489002, ""berdampak"": 0.04161432, ""berjalan"": 0.05633145, ""berkaitan"": 0.03882349, ""bersama"": 0.02321015, ""berupa"": 0.03272528, ""biaya"": 0.03573413, ""bilang"": 0.03489002, ""content"": 0.01045254, ""continue"": 0.01045254, ""dampak"": 0.03272528, ""desain"": 0.04554778, ""detikcom"": 0.03095656, ""detikfinance"": 0.01636534, ""dia"": 0.0212414, ""diambil"": 0.07536172, ""diarahkan"": 0.04161432, ""diimplementasikan"": 0.05227208, ""dilakukan"": 0.04691152, ""dilihat"": 0.09667724, ""dinamika"": 0.04338304, ""diperlukan"": 0.04833862, ""dipertimbangkan"": 0.04833862, ""dipukul"": 0.05227208, ""diserahkan"": 0.10454416, ""disesuaikan"": 0.04161432, ""disimpan"": 0.00970111, ""diskusi"": 0.04833862, ""disrupsi"": 0.05227208, ""distribusi"": 0.04161432, ""dunia"": 0.07704866, ""efisiensi"": 0.04161432, ""ekonomi"": 0.05801967, ""energi"": 0.21691522, ""fisik"": 0.03665875, ""fleksibel"": 0.10454416, ""from"": 0.05227208, ""global"": 0.04011889, ""hal"": 0.04096027, ""harga"": 0.02900983, ""herdi"": 0.03272528, ""hikam"": 0.03272528, ""home"": 0.04833862, ""indonesia"": 0.01750797, ""informasi"": 0.0285786, ""internal"": 0.09667724, ""jakarta"": 0.01133817, ""kajian"": 0.04833862, ""kamdani"": 0.05227208, ""kami"": 0.0201208, ""kantor"": 0.03573413, ""karakteristik"": 0.08676609, ""karyawan"": 0.09667724, ""kata"": 0.01943974, ""kebijakan"": 0.13645408, ""kebutuhan"": 0.0598689, ""kehadiran"": 0.04338304, ""kemungkinan"": 0.03768086, ""kepada"": 0.04288286, ""kerja"": 0.12604425, ""ketua"": 0.03489002, ""kreatif"": 0.04554778, ""langkah"": 0.02776971, ""langsung"": 0.02144143, ""lanjut"": 0.02900983, ""lapangan"": 0.03209919, ""layanan"": 0.03489002, ""listrik"": 0.05227208, ""logistik"": 0.07536172, ""manufaktur"": 0.05227208, ""mar"": 0.03489002, ""masing"": 0.12604425, ""masyarakat"": 0.02537489, ""maupun"": 0.03095656, ""melakukannya"": 0.04338304, ""memahami"": 0.04011889, ""memandang"": 0.10454416, ""memang"": 0.02568289, ""membutuhkan"": 0.03411352, ""mencapai"": 0.0285786, ""mencermati"": 0.05227208, ""mendalam"": 0.04161432, ""menegaskan"": 0.0285786, ""menekankan"": 0.03882349, ""menerapkan"": 0.04554778, ""mengatakan"": 0.02321015, ""mengelola"": 0.04338304, ""mengganggu"": 0.04161432, ""menghemat"": 0.04833862, ""menghitung"": 0.04833862, ""mengimbau"": 0.04011889, ""menimbulkan"": 0.04554778, ""menjadi"": 0.01567211, ""menjaga"": 0.02816573, ""menutup"": 0.03573413, ""menyiapkan"": 0.03272528, ""menyukai"": 0.00970111, ""misalnya"": 0.04554778, ""mobilitas"": 0.04833862, ""mungkin"": 0.02738922, ""naik"": 0.02738922, ""negara"": 0.02667029, ""negeri"": 0.03339459, ""operasi"": 0.03768086, ""operasional"": 0.11431441, ""optimal"": 0.04011889, ""pasokan"": 0.03768086, ""pekan"": 0.02816573, ""pekerjaannya"": 0.05227208, ""pelaku"": 0.03665875, ""pemberlakuan"": 0.05227208, ""pemerintah"": 0.09483101, ""pengaturan"": 0.04554778, ""penghematan"": 0.09667724, ""pengusaha"": 0.08023778, ""peningkatan"": 0.03339459, ""penting"": 0.02776971, ""per"": 0.03043205, ""perdagangan"": 0.04161432, ""perhatian"": 0.03882349, ""perlu"": 0.0608641, ""perusahaan"": 0.10997624, ""pola"": 0.03882349, ""produksi"": 0.03411352, ""profesi"": 0.05227208, ""rata"": 0.03489002, ""riil"": 0.04833862, ""ruang"": 0.03272528, ""rumah"": 0.03272528, ""scroll"": 0.01045254, ""sebaiknya"": 0.05227208, ""secara"": 0.01880337, ""sehari"": 0.14663498, ""sehingga"": 0.02450555, ""sekaligus"": 0.02600099, ""sektor"": 0.26515016, ""sektornya"": 0.10454416, ""selain"": 0.0270231, ""seminggu"": 0.05227208, ""semua"": 0.02600099, ""senin"": 0.03791718, ""sepekan"": 0.08676609, ""seperti"": 0.03760674, ""seragam"": 0.05227208, ""serta"": 0.0229706, ""sesuai"": 0.02776971, ""setiap"": 0.0540462, ""shinta"": 0.31363249, ""sipil"": 0.04833862, ""skema"": 0.10997624, ""stabilitas"": 0.04833862, ""swasta"": 0.18219114, ""tagihan"": 0.05227208, ""tanpa"": 0.03573413, ""tegas"": 0.03411352, ""teknologi"": 0.03768086, ""tenaga"": 0.03768086, ""tentu"": 0.03489002, ""tentunya"": 0.04554778, ""terdampak"": 0.03339459, ""terhadap"": 0.02273683, ""tetap"": 0.02164567, ""tipe"": 0.05227208, ""tujuan"": 0.04161432, ""turun"": 0.0285786, ""umum"": 0.03665875, ""upaya"": 0.07536172, ""usaha"": 0.15216025, ""wfh"": 0.43504758, ""wib"": 0.00970111, ""with"": 0.01045254, ""work"": 0.05227208}",2
FN017,"{""acd"": 0.04201923, ""adalah"": 0.03155734, ""advertisement"": 0.00893415, ""akibat"": 0.02722049, ""aman"": 0.15988099, ""anda"": 0.00774089, ""antara"": 0.02215852, ""australia"": 0.069234, ""ayuningrum"": 0.02561318, ""bahan"": 0.03201241, ""bahkan"": 0.02128125, ""baku"": 0.03857125, ""banyak"": 0.01912376, ""baru"": 0.03704055, ""berarti"": 0.02611276, ""bergantung"": 0.03634433, ""bertemu"": 0.034617, ""biaya"": 0.02851364, ""cari"": 0.03634433, ""content"": 0.00834048, ""continue"": 0.00834048, ""datang"": 0.05028778, ""demikian"": 0.02611276, ""detikfinance"": 0.01305854, ""dijadwalkan"": 0.03320567, ""dilakukan"": 0.01871626, ""dilanjutkan"": 0.03097876, ""dinamika"": 0.034617, ""dinilai"": 0.02611276, ""direktur"": 0.02611276, ""disimpan"": 0.00774089, ""distribusi"": 0.03320567, ""distribusinya"": 0.03857125, ""ditemui"": 0.02784009, ""ditutup"": 0.02851364, ""dunia"": 0.1229602, ""ekosistem"": 0.05850285, ""ekspor"": 0.09961701, ""eksportir"": 0.08341982, ""gangguan"": 0.034617, ""gejolak"": 0.07268866, ""geopolitik"": 0.14537733, ""global"": 0.16006204, ""hari"": 0.03521705, ""hilang"": 0.14537733, ""hormuz"": 0.23142748, ""imbas"": 0.09020103, ""impor"": 0.03006701, ""india"": 0.069234, ""indonesia"": 0.19558393, ""ingin"": 0.02247452, ""jakarta"": 0.01809432, ""jelaskan"": 0.04170991, ""jenis"": 0.03201241, ""justru"": 0.0741043, ""juta"": 0.12141453, ""kantor"": 0.02851364, ""kapasitas"": 0.08352028, ""kata"": 0.01551171, ""katanya"": 0.02664683, ""kebutuhan"": 0.02388585, ""kehilangan"": 0.06013402, ""kementan"": 0.03320567, ""kemudian"": 0.03783466, ""kenaikan"": 0.02561318, ""kenapa"": 0.02784009, ""keseimbangan"": 0.04170991, ""khusus"": 0.05702728, ""kini"": 0.02247452, ""kita"": 0.03389866, ""komoditas"": 0.03201241, ""kondisi"": 0.01912376, ""krisis"": 0.08341982, ""lagi"": 0.01814259, ""lain"": 0.01796045, ""logistik"": 0.03006701, ""macam"": 0.06641134, ""macet"": 0.03857125, ""malah"": 0.03320567, ""mar"": 0.02784009, ""masih"": 0.02882548, ""meeting"": 0.04170991, ""melakukan"": 0.03297868, ""melalui"": 0.01852027, ""melihat"": 0.02156277, ""memastikan"": 0.03824753, ""memberikan"": 0.01912376, ""membuat"": 0.01955392, ""menegaskan"": 0.02280397, ""mengekspor"": 0.04170991, ""mengganggu"": 0.03320567, ""menggantikan"": 0.03857125, ""mengungkapkan"": 0.02925143, ""menjadi"": 0.03751614, ""menjaga"": 0.02247452, ""menurutnya"": 0.04370983, ""menyebut"": 0.02247452, ""menyukai"": 0.00774089, ""merata"": 0.04170991, ""merupakan"": 0.01743839, ""meski"": 0.04098673, ""mitra"": 0.03320567, ""nasional"": 0.02100962, ""negara"": 0.10640627, ""negeri"": 0.02664683, ""npk"": 0.04170991, ""pangan"": 0.05444099, ""pasalnya"": 0.03320567, ""pasar"": 0.07994049, ""pasokan"": 0.21046907, ""pemasok"": 0.03857125, ""pembahasan"": 0.03201241, ""pemenuhan"": 0.03634433, ""pemerintah"": 0.05675199, ""pengekspor"": 0.08341982, ""penyelamat"": 0.12512972, ""per"": 0.07284872, ""perang"": 0.07268866, ""persero"": 0.034617, ""posisi"": 0.07112995, ""pribadi"": 0.03634433, ""prioritas"": 0.03201241, ""pupuk"": 0.50882064, ""rahmad"": 0.11571374, ""retno"": 0.02561318, ""salah"": 0.01912376, ""sampai"": 0.01871626, ""satu"": 0.0161972, ""scroll"": 0.00834048, ""sedang"": 0.02722049, ""sehingga"": 0.01955392, ""sekarang"": 0.02128125, ""sekitar"": 0.04098673, ""sektor"": 0.02350817, ""selat"": 0.21806599, ""selatan"": 0.02514389, ""sementara"": 0.01525366, ""semua"": 0.04149438, ""semuanya"": 0.02664683, ""senin"": 0.03025558, ""sepenuhnya"": 0.02925143, ""siang"": 0.03634433, ""sini"": 0.02428291, ""sisi"": 0.02350817, ""strategis"": 0.06402481, ""suplai"": 0.12512972, ""tahu"": 0.02388585, ""tahun"": 0.04464608, ""tambah"": 0.02561318, ""tapi"": 0.01694933, ""tekanan"": 0.034617, ""tengah"": 0.11754085, ""terganggunya"": 0.04170991, ""terjadi"": 0.04001881, ""terkait"": 0.01977831, ""tetap"": 0.06908766, ""timur"": 0.05222553, ""ton"": 0.16006204, ""urea"": 0.33367926, ""utama"": 0.01832913, ""volume"": 0.03320567, ""wib"": 0.00774089, ""with"": 0.00834048}",2
FN018,"{""advertisement"": 0.00562019, ""anda"": 0.00486955, ""anggota"": 0.02177646, ""angka"": 0.15538888, ""antara"": 0.01393922, ""antarnegara"": 0.07871514, ""april"": 0.04852789, ""atas"": 0.03867518, ""badan"": 0.01434525, ""bahkan"": 0.01338736, ""bank"": 0.17937026, ""basic"": 0.05247676, ""bawah"": 0.05520343, ""beli"": 0.02426395, ""berada"": 0.02215393, ""berasal"": 0.0378284, ""berbeda"": 0.05253996, ""berdasarkan"": 0.11602553, ""berlaku"": 0.01793703, ""berpendapatan"": 0.07871514, ""bidang"": 0.01676268, ""bps"": 0.21776457, ""buka"": 0.03285342, ""bukan"": 0.02547425, ""bulan"": 0.01712355, ""cbn"": 0.02623838, ""content"": 0.00524673, ""continue"": 0.00524673, ""cost"": 0.04852789, ""countries"": 0.02623838, ""dasar"": 0.0626659, ""data"": 0.01642671, ""daya"": 0.02013799, ""deputi"": 0.02623838, ""detikfinance"": 0.00821471, ""dia"": 0.01066229, ""dibandingkan"": 0.01581722, ""didasarkan"": 0.02286307, ""digunakan"": 0.07005328, ""dihitung"": 0.09145226, ""dikutip"": 0.01840114, ""dilakukan"": 0.0117738, ""dirilis"": 0.02286307, ""disampaikan"": 0.01676268, ""disimpan"": 0.00486955, ""disusun"": 0.04852789, ""diterbitkan"": 0.02426395, ""ditetapkan"": 0.04572613, ""ditujukan"": 0.02286307, ""dolar"": 0.04572613, ""dua"": 0.01129835, ""dunia"": 0.11602553, ""edisi"": 0.04177727, ""ekonomi"": 0.02912342, ""ekstrem"": 0.02286307, ""garis"": 0.33421814, ""global"": 0.02013799, ""harga"": 0.01456171, ""hari"": 0.05538483, ""hasil"": 0.01066229, ""heri"": 0.01948775, ""hns"": 0.01948775, ""hrp"": 0.01948775, ""income"": 0.02623838, ""indonesia"": 0.12303564, ""internasional"": 0.01712355, ""jakarta"": 0.00569128, ""jumlah"": 0.03285342, ""juni"": 0.02286307, ""juta"": 0.03055121, ""kabupaten"": 0.02088863, ""kali"": 0.01258728, ""kapita"": 0.10495352, ""kata"": 0.00975793, ""kebijakan"": 0.0342471, ""kebutuhan"": 0.10518081, ""kedua"": 0.0111864, ""kelompok"": 0.02013799, ""kemiskinan"": 0.60659868, ""keputusan"": 0.01793703, ""kesehatan"": 0.01793703, ""kesejahteraan"": 0.02426395, ""keterangan"": 0.01456171, ""kilokalori"": 0.02623838, ""komponen"": 0.04177727, ""kondisi"": 0.02406031, ""konsumsi"": 0.10495352, ""kota"": 0.01840114, ""kurs"": 0.02177646, ""lagi"": 0.01141293, ""langsung"": 0.01076269, ""lanjut"": 0.01456171, ""macro"": 0.05247676, ""makanan"": 0.09145226, ""maret"": 0.04177727, ""masyarakat"": 0.0509485, ""median"": 0.02623838, ""melainkan"": 0.02088863, ""membandingkan"": 0.04852789, ""memenuhi"": 0.01751332, ""memperhitungkan"": 0.02623838, ""mempertimbangkan"": 0.02013799, ""mencakup"": 0.0189142, ""mencatat"": 0.05520343, ""mencerminkan"": 0.02426395, ""menegaskan"": 0.01434525, ""menengah"": 0.07795101, ""menerapkan"": 0.02286307, ""mengacu"": 0.02286307, ""menggunakan"": 0.13141369, ""mengukur"": 0.05247676, ""menjelaskan"": 0.0189142, ""menurut"": 0.01338736, ""menyampaikan"": 0.01581722, ""menyatakan"": 0.0189142, ""menyebut"": 0.02827601, ""menyukai"": 0.00486955, ""merupakan"": 0.03290982, ""middle"": 0.02623838, ""minimal"": 0.02426395, ""minimum"": 0.02177646, ""miskin"": 0.10495352, ""nashrul"": 0.05247676, ""nasional"": 0.0792989, ""needs"": 0.05247676, ""negara"": 0.08032417, ""negeri"": 0.01676268, ""nilainya"": 0.02426395, ""non"": 0.04572613, ""orang"": 0.04368514, ""outlook"": 0.04852789, ""pakaian"": 0.02623838, ""parity"": 0.07871514, ""pasar"": 0.01676268, ""pembaruan"": 0.02013799, ""pendapatan"": 0.01751332, ""pendataan"": 0.02623838, ""pendekatan"": 0.02177646, ""pendidikan"": 0.02088863, ""penduduk"": 0.1311919, ""pengambilan"": 0.02426395, ""pengeluaran"": 0.04852789, ""pengeluarannya"": 0.02623838, ""penghitungan"": 0.02286307, ""pengukuran"": 0.05247676, ""per"": 0.16803165, ""perbedaan"": 0.0685892, ""perkiraan"": 0.02088863, ""persen"": 0.0189142, ""persentase"": 0.04355291, ""pihaknya"": 0.01642671, ""pola"": 0.05846326, ""poverty"": 0.05247676, ""power"": 0.07871514, ""ppp"": 0.10495352, ""provinsi"": 0.02013799, ""proyeksi"": 0.05247676, ""publik"": 0.01793703, ""pula"": 0.01948775, ""purchasing"": 0.07871514, ""purnomo"": 0.01948775, ""pusat"": 0.01456171, ""rabu"": 0.03587405, ""rata"": 0.07005328, ""resminya"": 0.02177646, ""riil"": 0.02426395, ""rilis"": 0.02177646, ""rumah"": 0.04928013, ""rupiah"": 0.02177646, ""scroll"": 0.00524673, ""sebanyak"": 0.01478824, ""sebesar"": 0.06010332, ""secara"": 0.02831549, ""sedangkan"": 0.03352535, ""sehingga"": 0.01230075, ""sejumlah"": 0.01165052, ""sekitar"": 0.01289173, ""selain"": 0.01356446, ""sep"": 0.00704466, ""serta"": 0.02306055, ""setahun"": 0.02177646, ""setiap"": 0.01356446, ""soal"": 0.01321648, ""sosial"": 0.0567426, ""spesifik"": 0.02623838, ""standar"": 0.11692651, ""statistik"": 0.08355453, ""suara"": 0.0389755, ""survei"": 0.02177646, ""susenas"": 0.05247676, ""tahun"": 0.01872362, ""tangga"": 0.07279184, ""tempat"": 0.01948775, ""tepat"": 0.01712355, ""terakhir"": 0.01393922, ""terbaru"": 0.02177646, ""tercatat"": 0.0189142, ""terhadap"": 0.01141293, ""terlihat"": 0.02088863, ""termasuk"": 0.01258728, ""terutama"": 0.01642671, ""tinggal"": 0.01793703, ""tinggi"": 0.0152756, ""tingkat"": 0.02013799, ""transportasi"": 0.02013799, ""ujar"": 0.01018914, ""umic"": 0.02623838, ""umum"": 0.01840114, ""upper"": 0.02623838, ""versi"": 0.02623838, ""wajdi"": 0.02623838, ""website"": 0.02623838, ""wib"": 0.00486955, ""with"": 0.00524673, ""world"": 0.0189142}",2
FN019,"{""advertisement"": 0.01375109, ""agung"": 0.05328109, ""anda"": 0.01191447, ""ayuningrum"": 0.03942277, ""bank"": 0.21943521, ""bayar"": 0.11187945, ""bayarkan"": 0.0641982, ""berjalan"": 0.03459187, ""berkomitmen"": 0.05110883, ""buka"": 0.04019171, ""bumn"": 0.2044353, ""cara"": 0.16758673, ""carikan"": 0.0641982, ""cash"": 0.0593673, ""cicilan"": 0.11187945, ""content"": 0.01283734, ""continue"": 0.01283734, ""dana"": 0.0857007, ""demi"": 0.04768125, ""desa"": 0.09255585, ""detikfinance"": 0.02009917, ""dibayarkan"": 0.0593673, ""dibilang"": 0.0593673, ""disiapkan"": 0.04768125, ""disimpan"": 0.01191447, ""enggak"": 0.05110883, ""enggan"": 0.0593673, ""harus"": 0.04695564, ""hns"": 0.0953625, ""jakarta"": 0.02785005, ""jamin"": 0.05328109, ""jelas"": 0.03737527, ""kalau"": 0.03116429, ""kelancaran"": 0.05328109, ""kesiapan"": 0.04768125, ""keterlambatan"": 0.0641982, ""ketua"": 0.04285035, ""keuangan"": 0.03562856, ""kewajiban"": 0.0492722, ""khusus"": 0.13166113, ""kita"": 0.15652634, ""kok"": 0.0593673, ""komitmen"": 0.04768125, ""kondisi"": 0.02943453, ""kopdes"": 0.21312436, ""koperasi"": 0.10221765, ""kredit"": 0.11873461, ""lain"": 0.02764399, ""lancar"": 0.0593673, ""lembaga"": 0.04627793, ""lihat"": 0.03193323, ""lps"": 0.0593673, ""macet"": 0.17810191, ""mahkamah"": 0.0641982, ""mantan"": 0.0492722, ""memakai"": 0.0593673, ""memastikan"": 0.1177381, ""membayar"": 0.10656218, ""membiarkan"": 0.05593973, ""memiliki"": 0.02821146, ""menambahkan"": 0.03562856, ""menjaga"": 0.03459187, ""menjamin"": 0.10656218, ""menjelaskan"": 0.04627793, ""menteri"": 0.02976097, ""menurut"": 0.03275525, ""menyiapkan"": 0.04019171, ""menyukai"": 0.01191447, ""merah"": 0.12569005, ""namun"": 0.02764399, ""nanti"": 0.0663771, ""nggak"": 0.07740092, ""pasalnya"": 0.05110883, ""pembangunan"": 0.04388704, ""pembayaran"": 0.17810191, ""pembiayaan"": 0.10656218, ""pemerintah"": 0.2329343, ""penjamin"": 0.0593673, ""perbankan"": 0.15984327, ""pinjaman"": 0.17810191, ""pokoknya"": 0.0593673, ""program"": 0.07884554, ""pun"": 0.03116429, ""purbaya"": 0.42570506, ""putih"": 0.12569005, ""rabu"": 0.08777408, ""retno"": 0.03942277, ""sadewa"": 0.08038342, ""scroll"": 0.01283734, ""sekarang"": 0.03275525, ""semuanya"": 0.04101373, ""sep"": 0.01723636, ""setiap"": 0.03318855, ""siapkan"": 0.05593973, ""simpanan"": 0.0593673, ""sisi"": 0.03618282, ""sistem"": 0.08379336, ""soal"": 0.03233715, ""suara"": 0.04768125, ""tahun"": 0.02290581, ""telat"": 0.0641982, ""terang"": 0.0492722, ""terjadi"": 0.03079766, ""terkait"": 0.03044198, ""tiap"": 0.05328109, ""triliun"": 0.23653662, ""tunai"": 0.12839641, ""uang"": 0.04768125, ""ujar"": 0.02493007, ""utang"": 0.13883378, ""wib"": 0.01191447, ""with"": 0.01283734, ""yudhi"": 0.07740092}",2
FN020,"{""acd"": 0.05395842, ""advertisement"": 0.01147267, ""akhir"": 0.02429243, ""aman"": 0.03421816, ""anda"": 0.00994036, ""anggaran"": 0.16445407, ""angsuran"": 0.05356121, ""apbn"": 0.04110829, ""audit"": 0.09906148, ""auditnya"": 0.05356121, ""awal"": 0.07448963, ""banggar"": 0.04445295, ""bank"": 0.0732308, ""bayar"": 0.1866843, ""belanja"": 0.03978094, ""belum"": 0.10400273, ""berasal"": 0.03861014, ""berdasarkan"": 0.02631628, ""bersumber"": 0.04953074, ""buat"": 0.03118256, ""bunga"": 0.04667108, ""bunganya"": 0.05356121, ""cicilan"": 0.14001323, ""content"": 0.01071032, ""continue"": 0.01071032, ""cukup"": 0.02664222, ""dana"": 0.17875238, ""danantara"": 0.04953074, ""demikian"": 0.03353235, ""desa"": 0.15444056, ""detikfinance"": 0.01676894, ""dewan"": 0.04264061, ""dibayar"": 0.04953074, ""dibayarkan"": 0.04953074, ""dibicarakan"": 0.05356121, ""digunakan"": 0.03575048, ""dilihat"": 0.04953074, ""dimaksud"": 0.05356121, ""diperkirakan"": 0.04445295, ""diprioritaskan"": 0.05356121, ""disiapkan"": 0.07956189, ""disimpan"": 0.00994036, ""diundang"": 0.05356121, ""dpr"": 0.02886034, ""dulu"": 0.03289081, ""ekonom"": 0.04667108, ""eks"": 0.04445295, ""fadilah"": 0.03289081, ""gabung"": 0.03861014, ""gambas"": 0.02631628, ""goncang"": 0.05356121, ""hotel"": 0.04445295, ""ikut"": 0.03353235, ""ilyas"": 0.03289081, ""indonesia"": 0.01793974, ""informasi"": 0.0292834, ""jakarta"": 0.02323558, ""janji"": 0.05356121, ""jatuh"": 0.12792182, ""kamis"": 0.05856681, ""kan"": 0.05856681, ""kapan"": 0.0366154, ""kata"": 0.01991916, ""kdmp"": 0.26780604, ""kelurahan"": 0.04667108, ""kempinski"": 0.05356121, ""ketua"": 0.03575048, ""keuangan"": 0.02972527, ""kewajiban"": 0.08221659, ""kita"": 0.10882625, ""komisioner"": 0.05356121, ""komitmen"": 0.03978094, ""kondisi"": 0.02455752, ""kopdes"": 0.04445295, ""koperasi"": 0.29848425, ""kredit"": 0.09906148, ""kssk"": 0.05356121, ""lembaga"": 0.03861014, ""lihat"": 0.02664222, ""lps"": 0.04953074, ""mana"": 0.0292834, ""masih"": 0.01850792, ""masing"": 0.06457637, ""mau"": 0.03228818, ""melakukan"": 0.02117456, ""memastikan"": 0.02455752, ""membayar"": 0.0889059, ""membuat"": 0.02510991, ""memenuhi"": 0.03575048, ""mempertanyakan"": 0.04953074, ""mencapai"": 0.0292834, ""menerima"": 0.03978094, ""mengakui"": 0.03421816, ""mengatakan"": 0.02378256, ""menjamin"": 0.04445295, ""menteri"": 0.02482988, ""menterinya"": 0.05356121, ""menunggu"": 0.0366154, ""menurut"": 0.05465606, ""menurutnya"": 0.02806469, ""menyalurkan"": 0.04264061, ""menyiapkan"": 0.0670647, ""menyukai"": 0.00994036, ""merah"": 0.06990965, ""meski"": 0.02631628, ""miliar"": 0.03861014, ""minta"": 0.03421816, ""nanti"": 0.08306862, ""negara"": 0.02732803, ""nggak"": 0.03228818, ""pasti"": 0.03756282, ""pastikan"": 0.07956189, ""pembayaran"": 0.09906148, ""pembiayaan"": 0.13335885, ""pemerintah"": 0.170047, ""pendapatan"": 0.03575048, ""penjamin"": 0.04953074, ""perbankan"": 0.04445295, ""perdana"": 0.04445295, ""perkembangan"": 0.03495482, ""pertama"": 0.02283514, ""pos"": 0.08221659, ""profil"": 0.04667108, ""proses"": 0.09056308, ""prosesnya"": 0.13335885, ""purbaya"": 0.45203456, ""pusat"": 0.02972527, ""putih"": 0.06990965, ""rampung"": 0.0889059, ""rapat"": 0.02972527, ""ribu"": 0.0366154, ""sadewa"": 0.0670647, ""saja"": 0.02600068, ""sampai"": 0.02403422, ""sarasehan"": 0.05356121, ""scroll"": 0.01071032, ""sebut"": 0.03575048, ""sediakan"": 0.04953074, ""sehingga"": 0.05021981, ""sejak"": 0.02455752, ""selesai"": 0.11583042, ""seluruh"": 0.0513896, ""sementara"": 0.01958778, ""sep"": 0.01438047, ""september"": 0.05200136, ""siap"": 0.05612938, ""siapkan"": 0.04667108, ""simpanan"": 0.04953074, ""sistem"": 0.03495482, ""tagih"": 0.04667108, ""tahun"": 0.0382211, ""tegas"": 0.03495482, ""tempo"": 0.14859222, ""tergoncang"": 0.05356121, ""terhadap"": 0.04659513, ""tersedia"": 0.03861014, ""tertentu"": 0.08528122, ""tonton"": 0.0366154, ""total"": 0.03495482, ""triliun"": 0.13156325, ""tutup"": 0.0366154, ""uang"": 0.03978094, ""uangnya"": 0.08221659, ""utang"": 0.07722028, ""video"": 0.03587949, ""wib"": 0.00994036, ""with"": 0.01071032, ""yudhi"": 0.06457637}",2
FN021,"{""abu"": 0.02644857, ""adapun"": 0.02802949, ""advertisement"": 0.00939773, ""agus"": 0.04057265, ""ahmad"": 0.03258619, ""ahy"": 0.04387417, ""akibat"": 0.05726584, ""alam"": 0.03076924, ""alternatif"": 0.03492866, ""alvin"": 0.04387417, ""anak"": 0.07304754, ""ancaman"": 0.0811453, ""anda"": 0.01628511, ""angka"": 0.0519663, ""antara"": 0.04661658, ""anugerah"": 0.04057265, ""apa"": 0.04477101, ""arwanto"": 0.04387417, ""aviasi"": 0.13162251, ""awal"": 0.02033916, ""bagaimana"": 0.0519663, ""bagi"": 0.0178288, ""bandara"": 0.57265842, ""bandung"": 0.03367348, ""banten"": 0.06734696, ""barat"": 0.02928467, ""bdo"": 0.03641322, ""beberapa"": 0.02182373, ""bencana"": 0.02694221, ""bentuk"": 0.03367348, ""berbagai"": 0.02238551, ""berdasarkan"": 0.04311347, ""berita"": 0.07282645, ""bersama"": 0.01948126, ""bidang"": 0.02802949, ""bijb"": 0.04387417, ""budiarto"": 0.03258619, ""cabe"": 0.03258619, ""cemara"": 0.04387417, ""cepat"": 0.02999317, ""cgk"": 0.04057265, ""chat"": 0.04057265, ""com"": 0.03367348, ""content"": 0.00877326, ""continue"": 0.00877326, ""cuma"": 0.02056855, ""curug"": 0.03641322, ""dampak"": 0.05493543, ""dani"": 0.04057265, ""data"": 0.02746771, ""demikian"": 0.02746771, ""detikcom"": 0.07794946, ""detikfinance"": 0.02747224, ""detiksore"": 0.32458119, ""dia"": 0.0178288, ""diambil"": 0.03162714, ""diapresiasi"": 0.04387417, ""diketahui"": 0.03162714, ""dilakukan"": 0.03937482, ""dimulai"": 0.03076924, ""diperoleh"": 0.04387417, ""diperpanjang"": 0.03258619, ""dirasakan"": 0.03823018, ""disampaikan"": 0.02802949, ""disiarkan"": 0.03823018, ""disimpan"": 0.00814255, ""ditangani"": 0.04057265, ""ditimbulkan"": 0.03641322, ""ditunjuk"": 0.04057265, ""ditutup"": 0.05998634, ""dunia"": 0.02155673, ""efek"": 0.04387417, ""empat"": 0.02398723, ""erupsi"": 0.05605899, ""gak"": 0.04057265, ""gub"": 0.04057265, ""gunung"": 0.0519663, ""hak"": 0.07646036, ""halim"": 0.03076924, ""hangat"": 0.04057265, ""hanya"": 0.0165974, ""harimurti"": 0.04387417, ""hasil"": 0.0178288, ""hatta"": 0.12307694, ""hijau"": 0.03823018, ""hlp"": 0.03641322, ""hore"": 0.0811453, ""husein"": 0.03162714, ""ikuti"": 0.03492866, ""indonesia"": 0.02939035, ""informasi"": 0.02398723, ""infrastruktur"": 0.03492866, ""inisiator"": 0.04387417, ""injourney"": 0.03823018, ""inten"": 0.09488142, ""internasional"": 0.02863292, ""jakarta"": 0.01903321, ""jarak"": 0.02598315, ""jawa"": 0.03641322, ""jelang"": 0.03641322, ""juanda"": 0.03823018, ""jumat"": 0.05108581, ""jumlah"": 0.02746771, ""jurnalis"": 0.04057265, ""kalpataru"": 0.04387417, ""kategori"": 0.03492866, ""kelompok"": 0.03367348, ""kementerian"": 0.07092206, ""kepada"": 0.0179967, ""kertajati"": 0.03823018, ""ketahanan"": 0.03367348, ""ketujuh"": 0.03641322, ""kewilayahan"": 0.04387417, ""khususnya"": 0.03162714, ""kiemas"": 0.03258619, ""kisahnya"": 0.04387417, ""kolom"": 0.04057265, ""komentar"": 0.04057265, ""komersial"": 0.04057265, ""kondisi"": 0.04023213, ""krakatau"": 0.10217163, ""kumuh"": 0.04387417, ""ladang"": 0.04387417, ""lain"": 0.03778477, ""lalu"": 0.01968741, ""lampung"": 0.06517239, ""langkah"": 0.02330829, ""langsung"": 0.07198679, ""laporan"": 0.03076924, ""laporannya"": 0.04057265, ""layanan"": 0.02928467, ""letusan"": 0.04057265, ""lie"": 0.04057265, ""limpahan"": 0.04387417, ""lingkungan"": 0.03162714, ""live"": 0.07646036, ""luar"": 0.02746771, ""lumpuh"": 0.04387417, ""majalengka"": 0.04057265, ""malam"": 0.02364069, ""mana"": 0.04797446, ""mata"": 0.03258619, ""melalui"": 0.01948126, ""meletus"": 0.04387417, ""melihat"": 0.02268163, ""memperoleh"": 0.03367348, ""menampung"": 0.03823018, ""menanggapi"": 0.03367348, ""menceritakan"": 0.04387417, ""mendalam"": 0.03492866, ""mendorong"": 0.02863292, ""mengganggu"": 0.03492866, ""menghadirkan"": 0.03258619, ""mengubah"": 0.03641322, ""mengutip"": 0.04387417, ""menjadi"": 0.01315426, ""menko"": 0.03641322, ""menuju"": 0.02863292, ""menyampaikan"": 0.02644857, ""menyiapkan"": 0.02746771, ""menyukai"": 0.00814255, ""menyumbang"": 0.04387417, ""merupakan"": 0.01834324, ""mesin"": 0.03823018, ""meski"": 0.02155673, ""mitigasi"": 0.06325428, ""nanti"": 0.02268163, ""negeri"": 0.05605899, ""nggak"": 0.02644857, ""pakar"": 0.04057265, ""pandang"": 0.04057265, ""pandangan"": 0.04057265, ""patut"": 0.04057265, ""pcb"": 0.03641322, ""pembangunan"": 0.02999317, ""pemerintah"": 0.01989892, ""penerbangan"": 0.24720943, ""penerima"": 0.03823018, ""penumpang"": 0.10102044, ""penundaan"": 0.04057265, ""penutupan"": 0.15384618, ""perdanakusuma"": 0.03076924, ""perhubungan"": 0.09230771, ""perintis"": 0.04387417, ""perlu"": 0.02554291, ""pesawat"": 0.06325428, ""petang"": 0.04387417, ""pilot"": 0.03641322, ""pondok"": 0.03258619, ""pukul"": 0.08408848, ""radin"": 0.09488142, ""rto"": 0.03641322, ""sabtu"": 0.02554291, ""saja"": 0.02129822, ""sampaikan"": 0.03641322, ""sana"": 0.02746771, ""sastranegara"": 0.03162714, ""scroll"": 0.00877326, ""secara"": 0.01578246, ""segera"": 0.02928467, ""sehari"": 0.03076924, ""sejak"": 0.04023213, ""sejauh"": 0.06325428, ""sejumlah"": 0.05844378, ""semarang"": 0.03823018, ""sempat"": 0.02056855, ""semudah"": 0.04387417, ""senin"": 0.06365099, ""sep"": 0.01177963, ""seperti"": 0.01578246, ""september"": 0.04259644, ""serta"": 0.0385604, ""setidaknya"": 0.03641322, ""signature"": 0.04057265, ""simak"": 0.0793457, ""sistem"": 0.05726584, ""soekarno"": 0.12307694, ""sore"": 0.02746771, ""streaming"": 0.04057265, ""sunsetlak"": 0.04387417, ""surabaya"": 0.03492866, ""surga"": 0.04057265, ""tanaman"": 0.08774834, ""tangerang"": 0.07646036, ""tani"": 0.04387417, ""taufik"": 0.03823018, ""terbaru"": 0.03641322, ""terdampak"": 0.08408848, ""terhadap"": 0.01908398, ""terkait"": 0.02080458, ""terkini"": 0.03823018, ""tersedia"": 0.03162714, ""tertunda"": 0.04387417, ""terus"": 0.03979784, ""tetapi"": 0.02011607, ""tfy"": 0.04057265, ""tiktok"": 0.03823018, ""tkg"": 0.03641322, ""tujuh"": 0.02694221, ""ulasan"": 0.03823018, ""ulasannya"": 0.04387417, ""usahanya"": 0.04387417, ""utara"": 0.03258619, ""vulkanik"": 0.02644857, ""vys"": 0.04057265, ""wib"": 0.03257021, ""with"": 0.00877326, ""yani"": 0.03641322, ""yogyakarta"": 0.03258619, ""yudhoyono"": 0.04387417}",2
FN022,"{""abu"": 0.09107955, ""acd"": 0.03805192, ""adapun"": 0.02413092, ""adi"": 0.03492948, ""advertisement"": 0.00809062, ""ahmad"": 0.02805384, ""airbus"": 0.03492948, ""airlines"": 0.06985895, ""akibat"": 0.02465042, ""alam"": 0.0264896, ""alternatif"": 0.2706345, ""amsterdam"": 0.03492948, ""anak"": 0.08385, ""anda"": 0.00701002, ""antaranya"": 0.0300705, ""antisipasi"": 0.03134858, ""atung"": 0.03291282, ""bandara"": 0.73951269, ""banten"": 0.1449495, ""banyak"": 0.01731816, ""barat"": 0.05042305, ""berdasarkan"": 0.01855845, ""beroperasi"": 0.02722818, ""besar"": 0.01416698, ""boeing"": 0.03492948, ""budiarto"": 0.02805384, ""bungsu"": 0.03291282, ""cabe"": 0.02805384, ""content"": 0.007553, ""continue"": 0.007553, ""dampak"": 0.02364728, ""demikian"": 0.02364728, ""detikfinance"": 0.01182559, ""dialihkan"": 0.07554359, ""dibuka"": 0.02805384, ""diganti"": 0.03492948, ""dilakukan"": 0.03389826, ""dinyatakan"": 0.03291282, ""disediakan"": 0.0377718, ""disiapkan"": 0.02805384, ""disimpan"": 0.00701002, ""dudy"": 0.14026922, ""erupsi"": 0.02413092, ""fadilah"": 0.02319487, ""garuda"": 0.13165128, ""gunung"": 0.06710762, ""halim"": 0.0264896, ""hari"": 0.01594599, ""hasil"": 0.01534903, ""hatta"": 0.0529792, ""husein"": 0.02722818, ""ilyas"": 0.02319487, ""imbas"": 0.02722818, ""indonesia"": 0.03795376, ""inten"": 0.02722818, ""internasional"": 0.04930085, ""jakarta"": 0.01638592, ""jawa"": 0.12539431, ""jeddah"": 0.03492948, ""jenderal"": 0.0300705, ""juanda"": 0.03291282, ""kemarin"": 0.02199019, ""kembali"": 0.05084738, ""kemenhub"": 0.03134858, ""kementerian"": 0.0407051, ""kemudian"": 0.01713122, ""kertajati"": 0.19747692, ""keterangan"": 0.0209625, ""kiemas"": 0.02805384, ""krakatau"": 0.08796077, ""lain"": 0.03252936, ""lampung"": 0.05610769, ""lanjut"": 0.0209625, ""luar"": 0.04729457, ""majalengka"": 0.03492948, ""mana"": 0.02065089, ""masih"": 0.01305193, ""maskapai"": 0.08416153, ""masyarakat"": 0.01833589, ""maupun"": 0.02236921, ""melakukan"": 0.02986494, ""melalui"": 0.0335433, ""memanfaatkan"": 0.0289899, ""memproses"": 0.0377718, ""menampung"": 0.03291282, ""mendorong"": 0.02465042, ""mengalihkan"": 0.0377718, ""mengantisipasi"": 0.03291282, ""mengganti"": 0.03492948, ""menggunakan"": 0.04729457, ""menteri"": 0.01751023, ""menunjukkan"": 0.02128861, ""menyebut"": 0.02035255, ""menyebutkan"": 0.0377718, ""menyiapkan"": 0.02364728, ""menyukai"": 0.00701002, ""merupakan"": 0.01579192, ""muhammad"": 0.02521152, ""mulai"": 0.01534903, ""negatif"": 0.03291282, ""negeri"": 0.07239277, ""normal"": 0.03134858, ""operasional"": 0.02065089, ""pagar"": 0.03291282, ""paparan"": 0.03134858, ""paper"": 0.03134858, ""pendaratan"": 0.15108718, ""penerbangan"": 0.16553098, ""penumpang"": 0.0579798, ""penutupan"": 0.0529792, ""perdanakusuma"": 0.0264896, ""perhubungan"": 0.07946881, ""pesawat"": 0.02722818, ""pesawatnya"": 0.0377718, ""pondok"": 0.02805384, ""provinsi"": 0.1159596, ""purwagandhi"": 0.02805384, ""radin"": 0.02722818, ""rencananya"": 0.03291282, ""salah"": 0.01731816, ""sastranegara"": 0.02722818, ""satu"": 0.01466791, ""scroll"": 0.007553, ""sebanyak"": 0.02128861, ""sebaran"": 0.05164295, ""segera"": 0.02521152, ""sehingga"": 0.01770771, ""sejak"": 0.01731816, ""sejumlah"": 0.0670866, ""selatan"": 0.02276989, ""sementara"": 0.02762692, ""semula"": 0.03134858, ""senin"": 0.05479789, ""sep"": 0.01014122, ""singapore"": 0.06985895, ""singapura"": 0.03291282, ""soekarno"": 0.0529792, ""soemarmo"": 0.03492948, ""soetta"": 0.02722818, ""sumatera"": 0.03134858, ""surabaya"": 0.060141, ""taufiq"": 0.0300705, ""tengah"": 0.02128861, ""terbang"": 0.03291282, ""terdampak"": 0.02413092, ""terjebak"": 0.0377718, ""tertulis"": 0.02465042, ""terus"": 0.01713122, ""terutama"": 0.02364728, ""test"": 0.03134858, ""timur"": 0.02364728, ""tujuh"": 0.02319487, ""tutup"": 0.02582148, ""ujar"": 0.01466791, ""uji"": 0.0300705, ""vulkanik"": 0.09107955, ""wib"": 0.00701002, ""with"": 0.007553, ""yakni"": 0.02199019, ""yani"": 0.03134858, ""yogyakarta"": 0.05610769}",2
FN023,"{""advertisement"": 0.01372399, ""alokasi"": 0.04618672, ""amerika"": 0.04758728, ""amran"": 0.27914741, ""anda"": 0.01189098, ""andi"": 0.04493388, ""anggaran"": 0.03934508, ""apakah"": 0.04758728, ""apbn"": 0.0491751, ""arkansas"": 0.06407169, ""bahkan"": 0.03269069, ""banget"": 0.05582948, ""benar"": 0.03862419, ""beras"": 0.2696033, ""berfokus"": 0.06407169, ""besar"": 0.02403122, ""besarnya"": 0.05582948, ""biaya"": 0.17520221, ""bidang"": 0.0409329, ""china"": 0.04618672, ""content"": 0.01281204, ""continue"": 0.01281204, ""cukup"": 0.0318703, ""cukuplah"": 0.06407169, ""daya"": 0.0491751, ""detikfinance"": 0.02005956, ""dibanding"": 0.05582948, ""dibandingkan"": 0.07724838, ""dikucurkan"": 0.06407169, ""disampaikan"": 0.0409329, ""disimpan"": 0.01189098, ""ditanya"": 0.04618672, ""ditemui"": 0.0427659, ""domestik"": 0.05317609, ""dorongan"": 0.06407169, ""dua"": 0.02758951, ""dulu"": 0.03934508, ""efisiensi"": 0.10201621, ""fdl"": 0.08362823, ""geordi"": 0.04758728, ""guna"": 0.0510081, ""hal"": 0.02510321, ""hanya"": 0.02423803, ""hasan"": 0.0510081, ""ignacio"": 0.04758728, ""indonesia"": 0.04292023, ""jakarta"": 0.02779517, ""kalah"": 0.09237345, ""kalau"": 0.03110287, ""kali"": 0.03073697, ""kan"": 0.07005955, ""kantor"": 0.04380055, ""kata"": 0.02382795, ""kecil"": 0.08986777, ""kemenko"": 0.05582948, ""kementan"": 0.0510081, ""keterbatasan"": 0.0510081, ""ketimpangan"": 0.06407169, ""kita"": 0.05207262, ""koordinator"": 0.04758728, ""lain"": 0.02758951, ""lokal"": 0.04618672, ""mahal"": 0.0510081, ""masih"": 0.04427957, ""mekanisasi"": 0.06407169, ""memaksimalkan"": 0.05582948, ""mempelajari"": 0.05582948, ""menanggapi"": 0.0491751, ""mencapai"": 0.03502977, ""mengakui"": 0.0409329, ""menggenjot"": 0.06407169, ""mengucurkan"": 0.06407169, ""menilai"": 0.03555835, ""meningkatkan"": 0.07222303, ""menjadi"": 0.01920984, ""menko"": 0.05317609, ""mentan"": 0.10635217, ""menteri"": 0.05940464, ""menurut"": 0.03269069, ""menurutnya"": 0.06714382, ""menyebut"": 0.0345237, ""menyukai"": 0.01189098, ""murah"": 0.05925031, ""nasional"": 0.03227342, ""negara"": 0.19614417, ""ongkos"": 0.12814337, ""oswaldo"": 0.04758728, ""pak"": 0.05317609, ""pangan"": 0.04181411, ""pasok"": 0.06407169, ""pembeda"": 0.05925031, ""pemerintah"": 0.08717822, ""pendapatan"": 0.0427659, ""perekonomian"": 0.04380055, ""pernyataan"": 0.10635217, ""pertanian"": 0.2950506, ""petani"": 0.10635217, ""produksi"": 0.20907057, ""produktivitas"": 0.05317609, ""pusat"": 0.03555835, ""rantai"": 0.05925031, ""saing"": 0.05925031, ""saja"": 0.06220575, ""sama"": 0.06454685, ""sana"": 0.0401125, ""scroll"": 0.01281204, ""sebenarnya"": 0.04380055, ""sebesar"": 0.03669168, ""secara"": 0.02304794, ""sektor"": 0.07222303, ""senin"": 0.04647639, ""sep"": 0.0172024, ""seperti"": 0.02304794, ""serta"": 0.02815586, ""subsidi"": 0.3722326, ""subsidinya"": 0.12814337, ""sulaiman"": 0.05582948, ""tandasnya"": 0.05582948, ""tapi"": 0.02603631, ""teknologi"": 0.04618672, ""tengah"": 0.03611152, ""terlebih"": 0.04618672, ""tetangga"": 0.17775092, ""thailand"": 0.26588043, ""tiga"": 0.02815586, ""tingkat"": 0.0491751, ""ujarnya"": 0.0345237, ""umum"": 0.04493388, ""utama"": 0.02815586, ""vietnam"": 0.23700122, ""wib"": 0.01189098, ""with"": 0.01281204, ""zulhas"": 0.0491751, ""zulkifli"": 0.0510081}",2
FN024,"{""acd"": 0.05609514, ""advertisement"": 0.01192698, ""akui"": 0.05149213, ""anda"": 0.01033399, ""anggaran"": 0.37612596, ""antara"": 0.02958134, ""ayuningrum"": 0.03419327, ""badan"": 0.03044301, ""bagus"": 0.0300032, ""banggar"": 0.04621326, ""banyak"": 0.05105997, ""belanja"": 0.20678123, ""bencana"": 0.03419327, ""biasanya"": 0.04273616, ""bilangnya"": 0.0556822, ""buat"": 0.03241737, ""bukan"": 0.05406059, ""content"": 0.01113444, ""continue"": 0.01113444, ""cukai"": 0.04432915, ""cukup"": 0.02769723, ""dampak"": 0.03486021, ""depan"": 0.02525439, ""deretan"": 0.05149213, ""detikfinance"": 0.01743298, ""diajukan"": 0.04621326, ""diketahui"": 0.04013908, ""dinaikkan"": 0.1113644, ""disimpan"": 0.01033399, ""ditemui"": 0.03716617, ""dpr"": 0.06000639, ""ekonomi"": 0.06180474, ""erupsi"": 0.03557318, ""gedung"": 0.04013908, ""hal"": 0.02181622, ""hampir"": 0.04432915, ""hanya"": 0.02106432, ""harga"": 0.09270711, ""hibah"": 0.0556822, ""ikut"": 0.03486021, ""instansi"": 0.04273616, ""itulah"": 0.04135625, ""jakarta"": 0.02415569, ""jika"": 0.03188731, ""kalau"": 0.10812117, ""kan"": 0.12177203, ""karhutla"": 0.04432915, ""kasih"": 0.07810056, ""katanya"": 0.03557318, ""kayak"": 0.04621326, ""kementerian"": 0.09000959, ""kenaikan"": 0.06838654, ""kepabeanan"": 0.05149213, ""keterbatasan"": 0.04432915, ""keuangan"": 0.06180474, ""khususnya"": 0.04013908, ""kita"": 0.09050856, ""komoditas"": 0.08547232, ""kurs"": 0.09242652, ""lakukan"": 0.0329761, ""lembaga"": 0.08027815, ""lihat"": 0.02769723, ""mana"": 0.06088601, ""masing"": 0.06713355, ""mata"": 0.04135625, ""memberikan"": 0.02552998, ""memenuhi"": 0.03716617, ""memilih"": 0.03905028, ""meminta"": 0.06713355, ""mencapai"": 0.03044301, ""mengajukan"": 0.04432915, ""mengakui"": 0.03557318, ""mengatakan"": 0.04944866, ""menggelontorkan"": 0.0556822, ""menghadapi"": 0.02958134, ""menjadi"": 0.06677809, ""menjelaskan"": 0.04013908, ""menkeu"": 0.04135625, ""menteri"": 0.05162625, ""menurut"": 0.0284102, ""menyukai"": 0.01033399, ""mesti"": 0.04273616, ""minta"": 0.07114636, ""mintanya"": 0.0556822, ""naik"": 0.02917604, ""nasional"": 0.02804757, ""nazara"": 0.0556822, ""negara"": 0.14205102, ""nilai"": 0.03905028, ""nominalnya"": 0.05149213, ""optimal"": 0.04273616, ""pajak"": 0.13863978, ""paling"": 0.03241737, ""pembahasan"": 0.04273616, ""pemerintah"": 0.07576318, ""penambahan"": 0.04432915, ""pendapatan"": 0.03716617, ""penerimaan"": 0.17094463, ""peningkatan"": 0.03557318, ""perekonomian"": 0.0761307, ""perhitungannya"": 0.05149213, ""permintaan"": 0.03806535, ""perpajakan"": 0.04851922, ""pertimbangan"": 0.04273616, ""pertumbuhan"": 0.03633901, ""pilih"": 0.04432915, ""pnbp"": 0.16704659, ""pos"": 0.12820847, ""postur"": 0.0556822, ""program"": 0.03419327, ""purbaya"": 0.2685342, ""pusat"": 0.06180474, ""ramai"": 0.04432915, ""rapat"": 0.03090237, ""rapbn"": 0.0556822, ""rata"": 0.07433235, ""retno"": 0.03419327, ""sadewa"": 0.06972042, ""sampai"": 0.02498596, ""scarcity"": 0.0556822, ""scroll"": 0.01113444, ""sebelumnya"": 0.06917336, ""sebesar"": 0.03188731, ""sedang"": 0.03633901, ""sektor"": 0.03138311, ""selain"": 0.05757206, ""selalu"": 0.03633901, ""sementara"": 0.02036344, ""semua"": 0.1661834, ""senin"": 0.04039081, ""sep"": 0.01494993, ""seperti"": 0.02003006, ""soal"": 0.02804757, ""suahasil"": 0.0556822, ""surga"": 0.05149213, ""tahun"": 0.01986732, ""tambah"": 0.03419327, ""tambahan"": 0.21343909, ""tambahnya"": 0.05149213, ""target"": 0.07810056, ""terdampak"": 0.03557318, ""terjadi"": 0.0534246, ""terkait"": 0.0264038, ""termasuk"": 0.0534246, ""total"": 0.03633901, ""triliun"": 0.4445125, ""tukar"": 0.0556822, ""uang"": 0.04135625, ""uangnya"": 0.08547232, ""ujar"": 0.02162305, ""wakil"": 0.03716617, ""waktu"": 0.02284022, ""wamenkeu"": 0.0556822, ""wib"": 0.01033399, ""with"": 0.01113444, ""yakni"": 0.03241737, ""yudhi"": 0.06713355}",2
FN025,"{""adalah"": 0.02003423, ""administrasi"": 0.05295921, ""advertisement"": 0.01134372, ""agar"": 0.02634277, ""alam"": 0.03714063, ""alif"": 0.03315546, ""alokasi"": 0.03817618, ""anda"": 0.00982863, ""andil"": 0.05295921, ""anggaran"": 0.03252114, ""antaranya"": 0.0843227, ""apabila"": 0.03620386, ""apakah"": 0.11800148, ""ara"": 0.03136349, ""atr"": 0.04614652, ""aturan"": 0.03817618, ""benar"": 0.06385056, ""bencana"": 0.06504227, ""bergerak"": 0.03933383, ""bertanya"": 0.04614652, ""berupa"": 0.06631092, ""biang"": 0.13185996, ""bilang"": 0.03534866, ""cabut"": 0.14692211, ""content"": 0.01058994, ""continue"": 0.01058994, ""detikfinance"": 0.01658046, ""dia"": 0.06456186, ""dibekukan"": 0.05295921, ""diberikan"": 0.04064626, ""dicabut"": 0.10591841, ""diduga"": 0.04395332, ""dihukum"": 0.05295921, ""disimpan"": 0.00982863, ""diungkapkan"": 0.04216135, ""dugaan"": 0.04216135, ""geram"": 0.14692211, ""guna"": 0.04216135, ""hak"": 0.04614652, ""hal"": 0.0414987, ""harus"": 0.03873524, ""herdi"": 0.03315546, ""hgu"": 0.09794808, ""hikam"": 0.03315546, ""hutan"": 0.0843227, ""ikut"": 0.09946639, ""ingin"": 0.02853597, ""izin"": 0.26371992, ""izinnya"": 0.19589615, ""jakarta"": 0.01148721, ""kalau"": 0.02570845, ""kami"": 0.02038529, ""kapolri"": 0.05295921, ""karhurla"": 0.05295921, ""karhutla"": 0.25296809, ""kasus"": 0.04395332, ""kawasan"": 0.03252114, ""kebakaran"": 0.04216135, ""kehutanan"": 0.04897404, ""kejengkelannya"": 0.05295921, ""kelewatan"": 0.10591841, ""kepada"": 0.02172328, ""kerok"": 0.13843955, ""kita"": 0.06456186, ""korporasi"": 0.44076634, ""lahan"": 0.03817618, ""langsung"": 0.02172328, ""lanjutan"": 0.05295921, ""lapor"": 0.05295921, ""laporan"": 0.07428126, ""listyo"": 0.05295921, ""masih"": 0.0182999, ""melakukan"": 0.06280971, ""melibatkan"": 0.04064626, ""memiliki"": 0.02327256, ""meminta"": 0.06385056, ""mendalami"": 0.05295921, ""mendengar"": 0.04614652, ""menegakkan"": 0.05295921, ""menetapkan"": 0.04064626, ""mengamini"": 0.05295921, ""mengatakan"": 0.02351525, ""menilai"": 0.05878234, ""menteri"": 0.0491016, ""menyukai"": 0.00982863, ""milik"": 0.03933383, ""minta"": 0.03383357, ""mitigasi"": 0.03817618, ""mulanya"": 0.04614652, ""mungkin"": 0.02774926, ""nama"": 0.06631092, ""nanti"": 0.02737832, ""pembekuan"": 0.09794808, ""pemicu"": 0.05295921, ""penanganan"": 0.03534866, ""pencabutan"": 0.10591841, ""pendalaman"": 0.05295921, ""penertiban"": 0.04897404, ""perbuatan"": 0.05295921, ""perkembangan"": 0.03456195, ""perlu"": 0.03083208, ""perusahaan"": 0.22284378, ""pidana"": 0.09229303, ""pihaknya"": 0.06631092, ""pkh"": 0.10591841, ""polisi"": 0.04897404, ""prabowo"": 0.39025364, ""presiden"": 0.03083208, ""pun"": 0.05141689, ""rapat"": 0.02939117, ""rincinya"": 0.05295921, ""sanksi"": 0.04897404, ""satgas"": 0.10591841, ""scroll"": 0.01058994, ""sebagainya"": 0.05295921, ""sedang"": 0.03456195, ""segera"": 0.03534866, ""sejauh"": 0.03817618, ""semacam"": 0.04897404, ""semua"": 0.05268554, ""semuanya"": 0.03383357, ""senin"": 0.03841561, ""sep"": 0.01421884, ""siang"": 0.04614652, ""siapa"": 0.04064626, ""sigit"": 0.10591841, ""signifikan"": 0.03817618, ""soal"": 0.05335196, ""subianto"": 0.07069732, ""tahu"": 0.03032794, ""tambah"": 0.03252114, ""tegas"": 0.0691239, ""terbatas"": 0.03817618, ""terkait"": 0.05022518, ""termasuk"": 0.025406, ""tersangka"": 0.05295921, ""tindak"": 0.03933383, ""tuh"": 0.04216135, ""usaha"": 0.03083208, ""wib"": 0.00982863, ""with"": 0.01058994}",2
FN026,"{""access"": 0.04298702, ""acd"": 0.04682975, ""advertisement"": 0.00995697, ""alasan"": 0.02854547, ""alasannya"": 0.03700718, ""amanda"": 0.04298702, ""anda"": 0.0086271, ""aplikasi"": 0.03858008, ""atas"": 0.06851856, ""babwa"": 0.04648501, ""bahwa"": 0.02042752, ""berkala"": 0.03700718, ""bersifat"": 0.03700718, ""bni"": 0.04648501, ""bulan"": 0.03033679, ""city"": 0.04298702, ""commuter"": 0.60181834, ""content"": 0.00929533, ""continue"": 0.00929533, ""corporate"": 0.03350919, ""demi"": 0.10357595, ""detikfinance"": 0.01455352, ""dibatalkan"": 0.11574025, ""dilakukan"": 0.06257688, ""dioperasikan"": 0.04298702, ""disimpan"": 0.0086271, ""ditimbulkan"": 0.03858008, ""fadilah"": 0.02854547, ""hanya"": 0.01758507, ""hari"": 0.05887325, ""harinya"": 0.04050516, ""harus"": 0.01699996, ""ilyas"": 0.02854547, ""informasi"": 0.02541465, ""intensif"": 0.04050516, ""jadwal"": 0.19615718, ""jakarta"": 0.01008291, ""jumlah"": 0.02910225, ""kai"": 0.32404131, ""kami"": 0.07157284, ""kanal"": 0.03452532, ""karet"": 0.04648501, ""karina"": 0.21719131, ""keamanan"": 0.06701838, ""keberangkatan"": 0.03700718, ""kembali"": 0.02085896, ""kepada"": 0.01906764, ""kereta"": 0.04050516, ""keselamatan"": 0.09101038, ""keterangan"": 0.02579814, ""ketidaknyamanan"": 0.08597405, ""komitmen"": 0.03452532, ""krl"": 0.21493512, ""langkah"": 0.02469531, ""lanjut"": 0.02579814, ""layanan"": 0.03102733, ""line"": 0.25792214, ""lintas"": 0.03102733, ""maaf"": 0.04050516, ""makan"": 0.04298702, ""malam"": 0.02504748, ""maupun"": 0.02752934, ""media"": 0.03452532, ""melakukan"": 0.0551313, ""melalui"": 0.04128108, ""melalukan"": 0.04648501, ""memahami"": 0.0356773, ""menegaskan"": 0.02541465, ""mengatakan"": 0.02064054, ""mengimbau"": 0.0356773, ""menginfokan"": 0.04298702, ""mengoperasikan"": 0.04298702, ""mengoptimalkan"": 0.03452532, ""menurut"": 0.02371761, ""menuturkan"": 0.04648501, ""menyampaikan"": 0.02802245, ""menyesuaikan"": 0.07401435, ""menyukai"": 0.0086271, ""mohon"": 0.04050516, ""mulai"": 0.0377795, ""naik"": 0.02435695, ""nanti"": 0.02403136, ""operasional"": 0.02541465, ""pagi"": 0.03700718, ""pasti"": 0.03260024, ""pemberangkatan"": 0.04298702, ""penataan"": 0.04298702, ""pengelola"": 0.0356773, ""pengguna"": 0.11574025, ""pengumuman"": 0.04050516, ""penyesuaian"": 0.18503588, ""penyesuaiannya"": 0.04648501, ""perawatan"": 0.15432033, ""perjalanan"": 0.24269435, ""perjalanannya"": 0.04648501, ""pihaknya"": 0.02910225, ""proses"": 0.05239894, ""rangkaian"": 0.06701838, ""resmi"": 0.0270629, ""samping"": 0.04050516, ""sarana"": 0.10357595, ""scroll"": 0.00929533, ""sebanyak"": 0.05239894, ""sebelumnya"": 0.01924927, ""sebut"": 0.03102733, ""secara"": 0.03344328, ""secretary"": 0.0356773, ""sedang"": 0.03033679, ""selama"": 0.02108305, ""seluruh"": 0.02230015, ""sementara"": 0.01699996, ""senin"": 0.05057902, ""sep"": 0.01248061, ""setiap"": 0.02403136, ""sore"": 0.02910225, ""sosial"": 0.03350919, ""stasiun"": 0.08597405, ""terdapat"": 0.03350919, ""terkait"": 0.02204261, ""tertulis"": 0.03033679, ""terus"": 0.02108305, ""turun"": 0.02541465, ""ucap"": 0.03858008, ""ujar"": 0.01805151, ""waktu"": 0.03813527, ""wib"": 0.0086271, ""with"": 0.00929533}",2
FN027,"{""adalah"": 0.05626718, ""advertisement"": 0.00796486, ""ahmad"": 0.05523557, ""anda"": 0.00690106, ""arti"": 0.03438655, ""atas"": 0.01826998, ""badan"": 0.0203299, ""bagian"": 0.04007239, ""bahasa"": 0.03718468, ""bapak"": 0.02680496, ""baru"": 0.06604383, ""bawah"": 0.07823357, ""befood"": 0.03718468, ""begitu"": 0.0406598, ""berada"": 0.01569813, ""beras"": 0.62586857, ""beredar"": 0.0296031, ""berita"": 0.03086131, ""bersamaan"": 0.06172261, ""bidang"": 0.04751168, ""biru"": 0.03438655, ""bukan"": 0.01805088, ""bulog"": 0.12344523, ""content"": 0.0074356, ""continue"": 0.0074356, ""detikfinance"": 0.01164178, ""dibuat"": 0.0296031, ""dicantumkan"": 0.03718468, ""diganti"": 0.03438655, ""digunakan"": 0.02481965, ""dihilangkan"": 0.03718468, ""dijual"": 0.03240123, ""dilakukan"": 0.01668568, ""dilaunching"": 0.03718468, ""diluncurkan"": 0.03718468, ""dipasarkan"": 0.03718468, ""diperintahkan"": 0.03718468, ""direktur"": 0.02327972, ""disalurkan"": 0.02680496, ""disesuaikan"": 0.0296031, ""disimpan"": 0.00690106, ""ditingkatkan"": 0.03718468, ""ditonjolkan"": 0.03718468, ""dominasi"": 0.03240123, ""fdl"": 0.02426727, ""ganti"": 0.03438655, ""geordi"": 0.02761778, ""gula"": 0.03718468, ""habis"": 0.03086131, ""hamparan"": 0.03718468, ""hanya"": 0.0140668, ""harga"": 0.02063667, ""harus"": 0.01359875, ""hasan"": 0.0296031, ""identitas"": 0.11155405, ""ignacio"": 0.02761778, ""igo"": 0.02853929, ""ilustrasi"": 0.03718468, ""indonesia"": 0.02490921, ""isinya"": 0.03718468, ""jajaran"": 0.03086131, ""jakarta"": 0.01613122, ""jelasnya"": 0.02542012, ""kami"": 0.01431329, ""kantornya"": 0.0296031, ""kata"": 0.01382881, ""kecil"": 0.02607786, ""keluarga"": 0.05360991, ""kemasan"": 0.29747747, ""kementerian"": 0.0200362, ""kemudian"": 0.01686494, ""kenapa"": 0.02481965, ""kepada"": 0.03050549, ""kesempatan"": 0.02202151, ""keterangan"": 0.02063667, ""ketiganya"": 0.03086131, ""kita"": 0.2719881, ""komitmen"": 0.02761778, ""konferensi"": 0.03086131, ""konsumen"": 0.0296031, ""koordinator"": 0.05523557, ""lain"": 0.01601187, ""lainnya"": 0.02164839, ""launching"": 0.07436937, ""logo"": 0.03718468, ""maniskita"": 0.07436937, ""masih"": 0.01284906, ""masuk"": 0.0200362, ""masyarakat"": 0.01805088, ""medium"": 0.0972037, ""melainkan"": 0.0296031, ""menampilkan"": 0.03718468, ""mendatang"": 0.05920619, ""mengatakan"": 0.01651096, ""menggunakan"": 0.04655944, ""mengungkapkan"": 0.02607786, ""meningkatkan"": 0.0209577, ""menjadi"": 0.02229727, ""menjelaskan"": 0.02680496, ""menteri"": 0.01723806, ""menurutnya"": 0.01948382, ""menyinggung"": 0.03718468, ""menyukai"": 0.00690106, ""merek"": 0.17193273, ""meski"": 0.01826998, ""milik"": 0.02761778, ""minyakita"": 0.03718468, ""miyakita"": 0.03718468, ""mulai"": 0.01511045, ""mungkin"": 0.01948382, ""mutu"": 0.03240123, ""nah"": 0.02853929, ""nama"": 0.11639859, ""namanya"": 0.03438655, ""namun"": 0.03202374, ""nanti"": 0.03844673, ""nasional"": 0.01873022, ""oktober"": 0.12409823, ""oswaldo"": 0.02761778, ""packaging"": 0.03718468, ""pangan"": 0.12133633, ""pasokan"": 0.02680496, ""pelayanan"": 0.02607786, ""pemerintah"": 0.03372987, ""pemerintahan"": 0.03240123, ""penamaan"": 0.07436937, ""penggunaan"": 0.02607786, ""penyederhanaan"": 0.03718468, ""penyegaran"": 0.03718468, ""pers"": 0.0296031, ""perubahan"": 0.02375584, ""perum"": 0.03240123, ""pola"": 0.02761778, ""prabowo"": 0.02283433, ""premium"": 0.15430653, ""presiden"": 0.02164839, ""produk"": 0.15646714, ""program"": 0.02283433, ""punakawan"": 0.03718468, ""putih"": 0.02426727, ""ramali"": 0.07436937, ""rizal"": 0.0972037, ""saja"": 0.01805088, ""sama"": 0.01873022, ""sambungnya"": 0.05360991, ""sampai"": 0.01668568, ""sawah"": 0.03438655, ""scroll"": 0.0074356, ""sedangkan"": 0.02375584, ""sejahtera"": 0.07436937, ""sekarang"": 0.01897239, ""selain"": 0.01922337, ""seluruh"": 0.01783853, ""sementara"": 0.01359875, ""semisal"": 0.03718468, ""semua"": 0.01849627, ""senin"": 0.02697307, ""sep"": 0.00998359, ""sepenuhnya"": 0.02607786, ""seperti"": 0.04012834, ""sphp"": 0.29161111, ""stabilisasi"": 0.03438655, ""subianto"": 0.02481965, ""tahun"": 0.02653487, ""tanggal"": 0.05920619, ""tercantum"": 0.03438655, ""terpadu"": 0.03086131, ""tetap"": 0.04619411, ""tetapi"": 0.01704897, ""tulisan"": 0.07436937, ""ungkap"": 0.02327972, ""utama"": 0.0326811, ""warna"": 0.03438655, ""wib"": 0.00690106, ""with"": 0.0074356, ""zulhas"": 0.08561788, ""zulkifli"": 0.0296031, ""zulkiflihasan"": 0.03438655}",2
FN028,"{""adanya"": 0.03240131, ""advertisement"": 0.01171909, ""agar"": 0.0544289, ""ajir"": 0.05471162, ""akhir"": 0.02481419, ""alif"": 0.03425257, ""anda"": 0.01015386, ""api"": 0.04355646, ""apinya"": 0.05471162, ""ara"": 0.03240131, ""asap"": 0.10942324, ""aset"": 0.14607337, ""awal"": 0.02536318, ""bahwa"": 0.02404264, ""banyak"": 0.02508498, ""barat"": 0.03651834, ""batas"": 0.04355646, ""beber"": 0.03836961, ""benar"": 0.03298168, ""bencana"": 0.03359726, ""berada"": 0.04619483, ""berimpit"": 0.05471162, ""berjarak"": 0.0357056, ""berkoordinasi"": 0.03740184, ""biang"": 0.04540773, ""bumn"": 0.04355646, ""cabut"": 0.05059458, ""cara"": 0.0357056, ""content"": 0.01094036, ""continue"": 0.01094036, ""dekat"": 0.13701029, ""detikfinance"": 0.01712911, ""detikkalimantan"": 0.05471162, ""dia"": 0.02223273, ""dibakar"": 0.10942324, ""diduga"": 0.04540773, ""dikerahkan"": 0.05471162, ""dikumpulkan"": 0.05059458, ""dilakukan"": 0.02455044, ""dilansir"": 0.03083608, ""diperhatikan"": 0.15178375, ""diperiksa"": 0.0476735, ""disimpan"": 0.01015386, ""ditancapkan"": 0.05471162, ""ditemukan"": 0.05471162, ""diterimanya"": 0.05471162, ""ditumpuk"": 0.05471162, ""geram"": 0.05059458, ""hal"": 0.02143594, ""hanya"": 0.02069716, ""harus"": 0.08003398, ""herdi"": 0.03425257, ""hikam"": 0.03425257, ""hutan"": 0.17422585, ""ibu"": 0.095347, ""ikn"": 0.21884648, ""indonesia"": 0.01832506, ""informasi"": 0.05982473, ""inti"": 0.10942324, ""izinnya"": 0.05059458, ""jakarta"": 0.01186732, ""jangan"": 0.03651834, ""jejak"": 0.0476735, ""jelasnya"": 0.03740184, ""kalimantan"": 0.10118917, ""kaltim"": 0.05471162, ""kamis"": 0.02991237, ""karhutla"": 0.17422585, ""kartanegara"": 0.05471162, ""kawasan"": 0.10079177, ""kebakaran"": 0.39200817, ""kebun"": 0.10118917, ""kebunnya"": 0.05471162, ""kecamatan"": 0.0476735, ""kecurigaan"": 0.05471162, ""kemarin"": 0.03185231, ""kemudian"": 0.04962839, ""kepada"": 0.0224421, ""kerok"": 0.0476735, ""kesengajaan"": 0.05471162, ""khdtk"": 0.21884648, ""khusus"": 0.07480369, ""kipp"": 0.05471162, ""kondisi"": 0.02508498, ""koordinasi"": 0.04063538, ""korporasi"": 0.05059458, ""kota"": 0.07673922, ""kukar"": 0.05471162, ""kutai"": 0.05471162, ""lahan"": 0.19719713, ""lalu"": 0.02455044, ""langsung"": 0.0224421, ""lapangan"": 0.03359726, ""lokasi"": 0.11831828, ""manajer"": 0.0476735, ""material"": 0.05471162, ""melakukan"": 0.04325872, ""melihat"": 0.05656854, ""memberikan"": 0.02508498, ""meminta"": 0.09894505, ""mendatangi"": 0.05059458, ""menemukan"": 0.04355646, ""mengatakan"": 0.02429337, ""mengecek"": 0.05471162, ""menindaklanjuti"": 0.05059458, ""menurutnya"": 0.02866748, ""menyukai"": 0.01015386, ""merdeka"": 0.0476735, ""merupakan"": 0.02287424, ""meter"": 0.05059458, ""muncul"": 0.08127076, ""nanang"": 0.20237834, ""nomor"": 0.03425257, ""nusantara"": 0.09081546, ""orang"": 0.03036372, ""pak"": 0.04540773, ""pembersihan"": 0.05059458, ""pembukaan"": 0.03943943, ""pemerintahan"": 0.0476735, ""penanda"": 0.05471162, ""penanganan"": 0.07303668, ""penanggulangan"": 0.04540773, ""pengerahan"": 0.05471162, ""perhatian"": 0.04063538, ""perkembangan"": 0.0357056, ""perorangan"": 0.0476735, ""pihak"": 0.03495312, ""pihaknya"": 0.03425257, ""pola"": 0.04063538, ""ppi"": 0.05471162, ""prabowo"": 0.20158355, ""presiden"": 0.03185231, ""pukul"": 0.06990623, ""pulang"": 0.04063538, ""pusat"": 0.03036372, ""ratas"": 0.04540773, ""riana"": 0.05471162, ""salah"": 0.07525494, ""samboja"": 0.16413486, ""sampai"": 0.07365133, ""sangat"": 0.02481419, ""satu"": 0.06373844, ""satunya"": 0.03495312, ""sawit"": 0.10118917, ""sayuti"": 0.05471162, ""scroll"": 0.01094036, ""sebelumnya"": 0.02265587, ""secara"": 0.01968092, ""segera"": 0.03651834, ""sehingga"": 0.05129846, ""sekitar"": 0.08064453, ""selain"": 0.02828427, ""selasa"": 0.02143594, ""semua"": 0.0544289, ""sengaja"": 0.04540773, ""senin"": 0.03968678, ""sep"": 0.01468934, ""setelah"": 0.02124615, ""subianto"": 0.07303668, ""sungai"": 0.05471162, ""tahun"": 0.01952102, ""tanah"": 0.04540773, ""targetkan"": 0.05471162, ""teman"": 0.09081546, ""terjadi"": 0.07874006, ""ternyata"": 0.04540773, ""tersebar"": 0.08711293, ""tiga"": 0.04808529, ""timur"": 0.06850515, ""titik"": 0.14960738, ""tujuan"": 0.08711293, ""turun"": 0.02991237, ""tutup"": 0.03740184, ""ujar"": 0.02124615, ""unsur"": 0.05471162, ""virtual"": 0.04355646, ""warga"": 0.08127076, ""wib"": 0.01015386, ""wita"": 0.05471162, ""with"": 0.01094036, ""zona"": 0.0476735}",2
FN029,"{""absorber"": 0.04023644, ""acd"": 0.04053483, ""adapun"": 0.05141098, ""aduan"": 0.03720865, ""advertisement"": 0.00861854, ""agar"": 0.04002852, ""agenda"": 0.06406525, ""air"": 0.02821807, ""aja"": 0.03088152, ""ajukan"": 0.03720865, ""akselerasi"": 0.04023644, ""aman"": 0.02570549, ""and"": 0.0333941, ""anda"": 0.00746743, ""anggaran"": 0.22237516, ""antara"": 0.02137573, ""apa"": 0.02052946, ""apbn"": 0.09264455, ""artifisial"": 0.04023644, ""automation"": 0.04023644, ""ayuningrum"": 0.02470835, ""bagi"": 0.01635057, ""bagian"": 0.04336114, ""banyak"": 0.01844819, ""barang"": 0.02625888, ""batangan"": 0.03720865, ""batas"": 0.03203263, ""bea"": 0.0333941, ""belanja"": 0.11953752, ""bencana"": 0.02470835, ""berbagai"": 0.04105892, ""berfungsi"": 0.03506041, ""berkelanjutan"": 0.03088152, ""bisnis"": 0.07711646, ""bmn"": 0.03720865, ""buat"": 0.02342507, ""capaian"": 0.03088152, ""content"": 0.00804584, ""continue"": 0.00804584, ""coretax"": 0.04023644, ""cukai"": 0.03203263, ""customs"": 0.03720865, ""daerah"": 0.04765763, ""debottlenecking"": 0.08047287, ""defisit"": 0.04023644, ""delapan"": 0.02821807, ""depan"": 0.01824904, ""desa"": 0.02900484, ""detikfinance"": 0.01259722, ""dialokasikan"": 0.03720865, ""diarahkan"": 0.03203263, ""digital"": 0.03088152, ""digitalisasi"": 0.08047287, ""dijaga"": 0.04023644, ""dilakukan"": 0.01805507, ""diperkuat"": 0.03088152, ""diplomasi"": 0.03720865, ""dirancang"": 0.0333941, ""disimpan"": 0.00746743, ""diusulkan"": 0.03720865, ""dpr"": 0.02168057, ""dukungan"": 0.05371319, ""effect"": 0.04023644, ""ekonomi"": 0.1116516, ""ekspor"": 0.03203263, ""emas"": 0.03088152, ""enabler"": 0.04023644, ""energi"": 0.0667882, ""excise"": 0.04023644, ""fiskal"": 0.10518122, ""fokus"": 0.02519029, ""fondasi"": 0.03506041, ""harmonisasi"": 0.03720865, ""harus"": 0.0147148, ""hilirisasi"": 0.07012082, ""hukum"": 0.03088152, ""impor"": 0.02900484, ""indonesia"": 0.01347676, ""industri"": 0.02570549, ""industrialisasi"": 0.04023644, ""infrastruktur"": 0.06406525, ""instrumen"": 0.07441731, ""integrasi"": 0.03506041, ""investasi"": 0.05643614, ""invoicing"": 0.04023644, ""jakarta"": 0.00872756, ""jelas"": 0.02342507, ""kalau"": 0.01953232, ""kapasitas"": 0.0268566, ""kasih"": 0.02821807, ""keamanan"": 0.02900484, ""kebijakan"": 0.07877665, ""kecerdasan"": 0.03720865, ""kedaulatan"": 0.03720865, ""kedua"": 0.01715429, ""keempat"": 0.0268566, ""kekayaan"": 0.07441731, ""kelima"": 0.02570549, ""kelola"": 0.03088152, ""kemandirian"": 0.08047287, ""kemenkeu"": 0.2003646, ""kementerian"": 0.08672227, ""kemiskinan"": 0.03720865, ""kerakyatan"": 0.04023644, ""kerja"": 0.09702256, ""kesehatan"": 0.02750635, ""kesejahteraan"": 0.07441731, ""ketahanan"": 0.03088152, ""ketiga"": 0.02052946, ""keuangan"": 0.20097288, ""kilogram"": 0.03506041, ""kinerja"": 0.03203263, ""klaster"": 0.03720865, ""komisi"": 0.0268566, ""kreatif"": 0.03506041, ""kredibel"": 0.04023644, ""kualitas"": 0.03088152, ""lain"": 0.01732596, ""layanan"": 0.0268566, ""lifting"": 0.04023644, ""lima"": 0.04399676, ""logistik"": 0.02900484, ""mampu"": 0.04002852, ""manajemen"": 0.0667882, ""masyarakat"": 0.03906465, ""melalui"": 0.10719608, ""memberikan"": 0.01844819, ""mempercepat"": 0.02988438, ""memperkuat"": 0.07711646, ""mencakup"": 0.02900484, ""mencapai"": 0.06599514, ""mencegah"": 0.03720865, ""mendukung"": 0.07711646, ""menegaskan"": 0.02199838, ""mengajukan"": 0.03203263, ""mengawal"": 0.03720865, ""mengimplementasikan"": 0.04023644, ""mengoptimalkan"": 0.02988438, ""menjadi"": 0.02412721, ""menjaga"": 0.04336114, ""menjalankan"": 0.06406525, ""menkeu"": 0.02988438, ""menteri"": 0.01865279, ""menyelesaikan"": 0.03088152, ""menyukai"": 0.00746743, ""merupakan"": 0.01682235, ""mewujudkan"": 0.0333941, ""migas"": 0.04023644, ""mikro"": 0.03720865, ""miliar"": 0.08701453, ""milik"": 0.02988438, ""minta"": 0.02570549, ""modernisasi"": 0.04023644, ""multiplier"": 0.04023644, ""nasional"": 0.02026742, ""national"": 0.04023644, ""negara"": 0.22582405, ""office"": 0.03720865, ""optimal"": 0.03088152, ""pagu"": 0.10518122, ""pangan"": 0.02625888, ""pelaksanaan"": 0.0333941, ""pelaksanaannya"": 0.03720865, ""pelindung"": 0.03506041, ""pembangunan"": 0.0550127, ""pembiayaan"": 0.1335764, ""pemerintah"": 0.01824904, ""penanganan"": 0.0268566, ""pendapatan"": 0.0268566, ""pendidikan"": 0.03203263, ""penegakan"": 0.03720865, ""penerimaan"": 0.09264455, ""penganggaran"": 0.04023644, ""pengawasan"": 0.06406525, ""pengelolaan"": 0.30881516, ""pengembangan"": 0.03203263, ""penguatan"": 0.11601937, ""peningkatan"": 0.05141098, ""penjaminan"": 0.04023644, ""penurunan"": 0.02821807, ""penyaluran"": 0.02988438, ""penyelundupan"": 0.04023644, ""penyusunan"": 0.0333941, ""peran"": 0.03506041, ""perannya"": 0.04023644, ""perbaikan"": 0.03088152, ""perbendaharaan"": 0.06406525, ""percepatan"": 0.03720865, ""perekonomian"": 0.02750635, ""periode"": 0.02519029, ""perpajakan"": 0.10518122, ""pertahanan"": 0.03720865, ""pertama"": 0.01715429, ""pertumbuhan"": 0.02625888, ""perumahan"": 0.04023644, ""pidana"": 0.03506041, ""pihaknya"": 0.05038058, ""pkpn"": 0.04023644, ""positif"": 0.02304204, ""prioritas"": 0.06176303, ""program"": 0.32120857, ""proses"": 0.06803312, ""purbaya"": 0.14553385, ""rapat"": 0.02233032, ""realisasi"": 0.03720865, ""reformasi"": 0.03506041, ""rencana"": 0.05371319, ""retno"": 0.02470835, ""risiko"": 0.0667882, ""scroll"": 0.00804584, ""sebesar"": 0.18433634, ""secara"": 0.04342168, ""sehat"": 0.03203263, ""sekaligus"": 0.02001426, ""sektor"": 0.06803312, ""sementara"": 0.0294296, ""semester"": 0.03506041, ""semua"": 0.02001426, ""senin"": 0.02918675, ""sep"": 0.01080295, ""serta"": 0.12377136, ""shock"": 0.04023644, ""single"": 0.04023644, ""sisi"": 0.04535541, ""sistem"": 0.07877665, ""smart"": 0.04023644, ""soal"": 0.02026742, ""strategis"": 0.03088152, ""system"": 0.07441731, ""tahun"": 0.05742518, ""tahunan"": 0.07012082, ""tambah"": 0.0494167, ""tata"": 0.02900484, ""terealisasi"": 0.03720865, ""termasuk"": 0.03860508, ""terus"": 0.03649809, ""tetap"": 0.03332351, ""tindak"": 0.02988438, ""transformasi"": 0.0667882, ""triliun"": 0.19766681, ""tumbuh"": 0.08701453, ""uangnya"": 0.03088152, ""ujar"": 0.015625, ""ultra"": 0.04023644, ""umi"": 0.04023644, ""under"": 0.04023644, ""upaya"": 0.02900484, ""utama"": 0.01768162, ""utang"": 0.02900484, ""wib"": 0.00746743, ""window"": 0.04023644, ""with"": 0.00804584, ""yaitu"": 0.0268566, ""yudhi"": 0.02425564}",2
FN030,"{""adanya"": 0.01041712, ""advertisement"": 0.00376772, ""agar"": 0.00874953, ""agenda"": 0.01400354, ""akd"": 0.01758995, ""akhirnya"": 0.00934472, ""akses"": 0.04201061, ""alokasi"": 0.0126799, ""ammonia"": 0.03517991, ""anda"": 0.0032645, ""angka"": 0.03125136, ""apa"": 0.00897476, ""arahan"": 0.01400354, ""aset"": 0.03522228, ""bagi"": 0.03573946, ""bagian"": 0.02843395, ""bahan"": 0.02700062, ""bahkan"": 0.00897476, ""bahwa"": 0.00772978, ""baku"": 0.03253263, ""balik"": 0.01350031, ""baru"": 0.00781039, ""bawa"": 0.01758995, ""beberapa"": 0.00874953, ""berada"": 0.00742589, ""beragam"": 0.01459873, ""berasal"": 0.0126799, ""berdasarkan"": 0.00864249, ""bergantung"": 0.01532718, ""berhasil"": 0.0088602, ""beriringan"": 0.01758995, ""berjalan"": 0.01895596, ""berkat"": 0.01400354, ""berkelanjutan"": 0.04050094, ""berkembang"": 0.0130644, ""bermuara"": 0.01758995, ""bersama"": 0.00781039, ""bersamaan"": 0.02919745, ""bersih"": 0.03065435, ""bersubsidi"": 0.05276986, ""bertahan"": 0.01174076, ""berubah"": 0.01459873, ""berupa"": 0.01101231, ""berupaya"": 0.01532718, ""besar"": 0.00659742, ""biaya"": 0.04809923, ""bisnis"": 0.15732549, ""bukan"": 0.03415538, ""bumn"": 0.08402122, ""business"": 0.01459873, ""capaian"": 0.02700062, ""cepat"": 0.01202481, ""cerita"": 0.01532718, ""clean"": 0.03517991, ""content"": 0.00351736, ""continue"": 0.00351736, ""cost"": 0.03253263, ""cukup"": 0.00874953, ""dampak"": 0.01101231, ""danantara"": 0.04879894, ""daya"": 0.01350031, ""demikian"": 0.01101231, ""depan"": 0.00797784, ""detikfinance"": 0.00550706, ""diarahkan"": 0.02800707, ""dibandingkan"": 0.03181114, ""dibangun"": 0.01350031, ""dicapai"": 0.01758995, ""didorong"": 0.02700062, ""didukung"": 0.01459873, ""digital"": 0.01350031, ""digunakan"": 0.01174076, ""diharapkan"": 0.02700062, ""dijalankan"": 0.01459873, ""dilakukan"": 0.03157217, ""dimiliki"": 0.01459873, ""dinilai"": 0.01101231, ""dipengaruhi"": 0.01400354, ""dirasakan"": 0.01532718, ""direktur"": 0.01101231, ""disimpan"": 0.0032645, ""disiplin"": 0.01758995, ""distribusi"": 0.01400354, ""ditetapkan"": 0.01532718, ""diversifikasi"": 0.07035982, ""dpd"": 0.01758995, ""dpr"": 0.00947798, ""dukungan"": 0.01174076, ""ebitda"": 0.01758995, ""efisien"": 0.01758995, ""efisiensi"": 0.08402122, ""ega"": 0.01060371, ""ekonomi"": 0.00976203, ""ekosistem"": 0.01233595, ""emisi"": 0.01758995, ""energi"": 0.01459873, ""excellence"": 0.03253263, ""fasilitas"": 0.0246719, ""fondasi"": 0.07663588, ""fungsi"": 0.01350031, ""gambaran"": 0.01758995, ""gambas"": 0.00864249, ""gejolak"": 0.01532718, ""global"": 0.06750156, ""hal"": 0.00689172, ""hanya"": 0.0399252, ""harga"": 0.0976203, ""harus"": 0.01286559, ""hasil"": 0.01429579, ""holding"": 0.01758995, ""ikut"": 0.01101231, ""implementasi"": 0.01532718, ""indonesia"": 0.14728911, ""industri"": 0.04495014, ""industrial"": 0.01758995, ""ingin"": 0.00947798, ""investasi"": 0.01233595, ""jakarta"": 0.00381538, ""januari"": 0.01532718, ""jual"": 0.01459873, ""jumat"": 0.01024062, ""juni"": 0.01532718, ""juta"": 0.03072185, ""kali"": 0.00843839, ""kami"": 0.0203124, ""kapasitas"": 0.03522228, ""keberlanjutan"": 0.04598153, ""kebijakan"": 0.02295892, ""kebutuhan"": 0.01007317, ""kecil"": 0.01233595, ""kelola"": 0.04050094, ""kenaikan"": 0.03240487, ""kepada"": 0.01443041, ""kepentingan"": 0.01400354, ""kesehatan"": 0.01202481, ""ketahanan"": 0.08100187, ""ketergantungan"": 0.01626631, ""ketersediaan"": 0.0126799, ""ketika"": 0.00991389, ""keuangan"": 0.05857218, ""keuntungan"": 0.0583949, ""keuntungannya"": 0.01758995, ""kinerja"": 0.16804244, ""kini"": 0.00947798, ""kisaran"": 0.01459873, ""kita"": 0.00714789, ""komersial"": 0.01626631, ""komoditas"": 0.02700062, ""kondisi"": 0.04838939, ""konsisten"": 0.01400354, ""kontrak"": 0.01459873, ""kontribusi"": 0.02700062, ""kuat"": 0.04241485, ""laba"": 0.21146209, ""lain"": 0.0075743, ""langkah"": 0.00934472, ""langsung"": 0.01443041, ""leadership"": 0.01758995, ""lembata"": 0.01758995, ""lihat"": 0.00874953, ""lima"": 0.00961692, ""lonjakan"": 0.0391932, ""luar"": 0.01101231, ""mampu"": 0.02624859, ""mandiri"": 0.01758995, ""manfaat"": 0.01459873, ""masyarakat"": 0.00853884, ""mata"": 0.0130644, ""mega"": 0.01758995, ""melakukan"": 0.01390781, ""melalui"": 0.03905196, ""melonjak"": 0.03517991, ""memastikan"": 0.03225959, ""membanggakan"": 0.01758995, ""membangun"": 0.01147946, ""memberi"": 0.0130644, ""memberikan"": 0.0161298, ""membuahkan"": 0.01758995, ""membuat"": 0.00824631, ""membukukan"": 0.01350031, ""memenuhi"": 0.01174076, ""memiliki"": 0.03091913, ""mempercepat"": 0.0130644, ""memperkuat"": 0.04495014, ""memperluas"": 0.03253263, ""mempermudah"": 0.01758995, ""mempertahankan"": 0.01233595, ""menangkap"": 0.01758995, ""menariknya"": 0.01626631, ""mencapai"": 0.01923384, ""mencatatkan"": 0.02535979, ""mendapat"": 0.01080162, ""mendatang"": 0.01400354, ""mengalami"": 0.01868944, ""mengatakan"": 0.01562079, ""mengedepankan"": 0.01532718, ""mengejar"": 0.0130644, ""mengenai"": 0.01060371, ""menghadapi"": 0.01868944, ""menghasilkan"": 0.01459873, ""mengintip"": 0.01532718, ""mengoptimalkan"": 0.0130644, ""mengorbankan"": 0.01758995, ""mengurangi"": 0.03065435, ""menilai"": 0.00976203, ""meningkat"": 0.0261288, ""meningkatkan"": 0.03965558, ""menjadi"": 0.06328541, ""menjaga"": 0.03791193, ""menuju"": 0.01147946, ""menunjukkan"": 0.01982779, ""menurunkan"": 0.03253263, ""menurutnya"": 0.00921668, ""menyalurkan"": 0.02800707, ""menyasar"": 0.01459873, ""menyederhanakan"": 0.01758995, ""menyediakan"": 0.01532718, ""menyeluruh"": 0.02919745, ""menyiapkan"": 0.02202462, ""menyukai"": 0.0032645, ""merasakan"": 0.01459873, ""merespons"": 0.01459873, ""merupakan"": 0.00735414, ""meski"": 0.00864249, ""metanol"": 0.01758995, ""modal"": 0.0130644, ""motor"": 0.00909348, ""mpr"": 0.01758995, ""mulai"": 0.01429579, ""naik"": 0.03686673, ""namun"": 0.0075743, ""nasional"": 0.03544081, ""negara"": 0.01794951, ""negeri"": 0.01123753, ""nilai"": 0.01233595, ""nomor"": 0.01101231, ""non"": 0.03065435, ""obligation"": 0.01758995, ""operasional"": 0.02885075, ""operational"": 0.03517991, ""optimalisasi"": 0.02700062, ""optimistis"": 0.01233595, ""pabrik"": 0.03253263, ""pangan"": 0.0573973, ""pasar"": 0.01123753, ""pasokan"": 0.0126799, ""pelaku"": 0.01233595, ""peluang"": 0.03021951, ""pemerintah"": 0.04786704, ""pendapatan"": 0.04696304, ""penebusan"": 0.01758995, ""penerapan"": 0.03065435, ""pengembangan"": 0.02800707, ""penguatan"": 0.02535979, ""peningkatan"": 0.05618767, ""penting"": 0.00934472, ""penurunan"": 0.01233595, ""penyaluran"": 0.0130644, ""per"": 0.01024062, ""peraturan"": 0.01400354, ""peremajaan"": 0.01626631, ""periode"": 0.03303692, ""perluas"": 0.01758995, ""persero"": 0.01459873, ""pertama"": 0.00749925, ""pertanian"": 0.02700062, ""pertumbuhan"": 0.1721919, ""perubahan"": 0.04495014, ""perusahaan"": 0.27139085, ""petani"": 0.10219108, ""pidato"": 0.01758995, ""portofolio"": 0.01758995, ""positif"": 0.02014634, ""prabowo"": 0.03240487, ""presiden"": 0.02048123, ""pribadi"": 0.01532718, ""produk"": 0.01233595, ""produksi"": 0.08035622, ""produktif"": 0.03517991, ""produktivitas"": 0.01459873, ""profitabilitas"": 0.01758995, ""program"": 0.01080162, ""proses"": 0.00991389, ""pubers"": 0.01758995, ""public"": 0.01626631, ""pulau"": 0.01626631, ""pungkas"": 0.01400354, ""pupuk"": 0.68972296, ""putra"": 0.01101231, ""rahmad"": 0.09759789, ""rakyat"": 0.0130644, ""ratya"": 0.01758995, ""rendah"": 0.01626631, ""revitalisasi"": 0.03517991, ""ruang"": 0.02202462, ""saing"": 0.01626631, ""salah"": 0.0161298, ""sama"": 0.03544081, ""sampai"": 0.00789304, ""sarana"": 0.0130644, ""satu"": 0.02049211, ""scroll"": 0.00351736, ""sebanyak"": 0.00991389, ""sebelumnya"": 0.02913573, ""secara"": 0.03796486, ""segmen"": 0.01758995, ""sehat"": 0.01400354, ""sehingga"": 0.01649261, ""seiring"": 0.02919745, ""sejalan"": 0.03065435, ""sekaligus"": 0.05249718, ""sekitar"": 0.01728498, ""sektor"": 0.00991389, ""selain"": 0.00909348, ""selasa"": 0.00689172, ""semakin"": 0.02928609, ""semata"": 0.01626631, ""sementara"": 0.00643279, ""semester"": 0.03065435, ""semua"": 0.00874953, ""sep"": 0.00472267, ""sepanjang"": 0.02160324, ""sepenuhnya"": 0.01233595, ""september"": 0.00853884, ""serta"": 0.03864892, ""service"": 0.01459873, ""sesaat"": 0.01626631, ""sidang"": 0.03253263, ""signifikan"": 0.02535979, ""siklus"": 0.03517991, ""sisi"": 0.01982779, ""sistem"": 0.01147946, ""skema"": 0.01233595, ""soal"": 0.02658061, ""sorotan"": 0.01626631, ""strategi"": 0.0337126, ""strateginya"": 0.01758995, ""strategisnya"": 0.01758995, ""streamlining"": 0.01758995, ""struktural"": 0.01626631, ""subianto"": 0.01174076, ""subsidi"": 0.01459873, ""sumber"": 0.05400125, ""support"": 0.01626631, ""tahun"": 0.0564846, ""tahunan"": 0.03065435, ""tambah"": 0.02160324, ""tanpa"": 0.01202481, ""tantangan"": 0.0261288, ""tapi"": 0.02859157, ""tata"": 0.03803969, ""terdapat"": 0.0126799, ""terhadap"": 0.03060447, ""terjadi"": 0.00843839, ""terjangkau"": 0.01626631, ""tersendiri"": 0.01459873, ""tertinggi"": 0.01400354, ""tetap"": 0.0218518, ""tetapi"": 0.0161298, ""tiap"": 0.01459873, ""ton"": 0.05400125, ""transformasi"": 0.16058598, ""transisi"": 0.01626631, ""triliun"": 0.10801622, ""tujuh"": 0.01080162, ""tumbuh"": 0.06339948, ""turun"": 0.01923384, ""turunannya"": 0.01758995, ""turunkan"": 0.01758995, ""turut"": 0.02535979, ""ubah"": 0.01758995, ""ujar"": 0.02049211, ""ukuran"": 0.01626631, ""ungkap"": 0.01101231, ""upaya"": 0.03803969, ""usaha"": 0.01024062, ""utama"": 0.00772978, ""video"": 0.01178313, ""volatilitas"": 0.01758995, ""volume"": 0.02800707, ""wib"": 0.0032645, ""with"": 0.00351736}",2
FN031,"{""advertisement"": 0.00593836, ""agar"": 0.01379027, ""akn"": 0.02772379, ""alhamdulillah"": 0.02563758, ""alokasi"": 0.01998498, ""aman"": 0.08855824, ""amran"": 0.21741656, ""anda"": 0.00514522, ""andi"": 0.01944287, ""antisipasi"": 0.02300927, ""awal"": 0.01285218, ""bagian"": 0.01493839, ""bantuan"": 0.08828474, ""baru"": 0.01231008, ""beras"": 0.56384334, ""berbagai"": 0.01414525, ""berikutnya"": 0.01614039, ""berjalan"": 0.01493839, ""berlangsung"": 0.01433237, ""berpotensi"": 0.02207119, ""bersama"": 0.01231008, ""besar"": 0.0311949, ""besaran"": 0.06383414, ""bidang"": 0.01771165, ""bikin"": 0.03996995, ""boncos"": 0.05544759, ""bulog"": 0.09203709, ""content"": 0.00554376, ""continue"": 0.00554376, ""desember"": 0.02300927, ""detikfinance"": 0.00867976, ""didorong"": 0.02127805, ""diimpor"": 0.02772379, ""dilanjutkan"": 0.020591, ""dipercepat"": 0.05544759, ""diperkuat"": 0.02127805, ""disalurkan"": 0.03996995, ""disampaikan"": 0.01771165, ""disimpan"": 0.00514522, ""distribusi"": 0.06621356, ""ditambah"": 0.06177299, ""ditanya"": 0.01998498, ""ditujukan"": 0.0241574, ""dompet"": 0.05544759, ""dorong"": 0.02563758, ""ega"": 0.01671267, ""harga"": 0.0923165, ""hasan"": 0.02207119, ""hilir"": 0.02772379, ""hilirisasi"": 0.0241574, ""hulu"": 0.02772379, ""impor"": 0.05995493, ""impornya"": 0.02772379, ""industri"": 0.01771165, ""intervensi"": 0.02772379, ""jagung"": 0.05544759, ""jakarta"": 0.01202696, ""jaringan"": 0.02300927, ""juta"": 0.11298274, ""kami"": 0.02134312, ""kantor"": 0.01895248, ""kata"": 0.01031035, ""kebijakan"": 0.05427885, ""kebutuhan"": 0.0635059, ""kecil"": 0.01944287, ""kedua"": 0.01181969, ""kemarau"": 0.07247219, ""kemenko"": 0.0241574, ""kementan"": 0.02207119, ""kementerian"": 0.01493839, ""kemudian"": 0.02514799, ""kenaikan"": 0.0170246, ""kenal"": 0.02563758, ""kenapa"": 0.03700958, ""kepada"": 0.01137199, ""kepastian"": 0.02127805, ""keputusan"": 0.01895248, ""kesimpulan"": 0.02563758, ""kesulitan"": 0.0170246, ""keterangannya"": 0.02127805, ""ketergantungan"": 0.02563758, ""ketersediaan"": 0.03996995, ""ketiga"": 0.01414525, ""khairurizqi"": 0.02300927, ""kita"": 0.09012721, ""kondisi"": 0.01271121, ""konsumen"": 0.02207119, ""koordinasi"": 0.020591, ""koordinator"": 0.020591, ""lagi"": 0.01205904, ""lain"": 0.01193797, ""langkah"": 0.07364176, ""lembaga"": 0.01998498, ""maka"": 0.01735666, ""masa"": 0.01641858, ""masuk"": 0.01493839, ""masyarakat"": 0.05383281, ""medium"": 0.14494437, ""melakukan"": 0.02192031, ""melalui"": 0.01231008, ""memanfaatkan"": 0.02127805, ""memastikan"": 0.05084483, ""memasuki"": 0.01944287, ""membantu"": 0.01895248, ""mempercepat"": 0.04118199, ""memperkuat"": 0.10626989, ""memperoleh"": 0.04255609, ""memutuskan"": 0.07247219, ""menambah"": 0.04118199, ""mendorong"": 0.01809295, ""mendukung"": 0.01771165, ""menegaskan"": 0.01515737, ""menekan"": 0.07691275, ""menengah"": 0.020591, ""mengalami"": 0.01472835, ""mengambil"": 0.01735666, ""mengatakan"": 0.03693023, ""mengenai"": 0.01671267, ""menghadapi"": 0.0294567, ""menghadiri"": 0.02772379, ""menghentikan"": 0.0241574, ""mengoptimalkan"": 0.020591, ""menir"": 0.08317138, ""menjadi"": 0.00831209, ""menjaga"": 0.08963034, ""menko"": 0.02300927, ""mentan"": 0.06902781, ""menteri"": 0.02570436, ""menunggu"": 0.01895248, ""menunjukkan"": 0.01562544, ""menurut"": 0.01414525, ""menyiapkan"": 0.01735666, ""menyukai"": 0.00514522, ""merespons"": 0.02300927, ""merupakan"": 0.02318194, ""minta"": 0.0354233, ""mitigasi"": 0.01998498, ""modern"": 0.02207119, ""musim"": 0.04299711, ""mutu"": 0.0241574, ""nasional"": 0.0139647, ""negeri"": 0.0354233, ""nino"": 0.13805563, ""oktober"": 0.01850479, ""operasi"": 0.07993991, ""panen"": 0.0241574, ""pangan"": 0.18092951, ""panjang"": 0.0170246, ""pasar"": 0.17711648, ""pasokan"": 0.21983475, ""pastikan"": 0.020591, ""pecah"": 0.13861897, ""pelaku"": 0.01944287, ""pemerintah"": 0.1886099, ""penambahan"": 0.04414237, ""pengurangan"": 0.02563758, ""penurunan"": 0.01944287, ""penyaluran"": 0.020591, ""penyediaan"": 0.0241574, ""percepat"": 0.08317138, ""periode"": 0.03471333, ""pertama"": 0.01181969, ""pertanian"": 0.02127805, ""peternak"": 0.02772379, ""premium"": 0.06902781, ""produksi"": 0.1085577, ""pungkas"": 0.02207119, ""rahmat"": 0.02300927, ""rakyat"": 0.020591, ""rapat"": 0.04615825, ""ribu"": 0.05685744, ""ritel"": 0.11089517, ""saja"": 0.0134582, ""salah"": 0.01271121, ""saluran"": 0.02772379, ""satu"": 0.02153194, ""satunya"": 0.01771165, ""scroll"": 0.00554376, ""sebanyak"": 0.03125088, ""secara"": 0.01994567, ""sejumlah"": 0.02462016, ""sekaligus"": 0.05516107, ""selain"": 0.01433237, ""selama"": 0.01257399, ""seluruh"": 0.01329987, ""sementara"": 0.02027764, ""semuanya"": 0.01771165, ""senin"": 0.03016547, ""sep"": 0.00744347, ""serta"": 0.01218303, ""sisi"": 0.01562544, ""sphp"": 0.31404614, ""stabilisasi"": 0.02563758, ""stabilitas"": 0.02563758, ""stok"": 0.04118199, ""stop"": 0.07691275, ""strategi"": 0.01771165, ""subsidi"": 0.02300927, ""sulaiman"": 0.0241574, ""suplainya"": 0.02772379, ""tadi"": 0.02207119, ""tambah"": 0.0510738, ""tantangan"": 0.020591, ""tegas"": 0.01809295, ""tegasnya"": 0.02300927, ""tekanan"": 0.04601854, ""tengah"": 0.03125088, ""tepung"": 0.02772379, ""terhadap"": 0.01205904, ""terjadi"": 0.01329987, ""terjangkau"": 0.02563758, ""terkait"": 0.01314627, ""tersedia"": 0.01998498, ""terukur"": 0.0241574, ""tetap"": 0.03444095, ""tetapi"": 0.01271121, ""tindak"": 0.020591, ""tingkat"": 0.02127805, ""ton"": 0.17022437, ""ujar"": 0.01076597, ""ujarnya"": 0.01493839, ""usaha"": 0.01614039, ""usai"": 0.01587648, ""video"": 0.01857157, ""wib"": 0.00514522, ""with"": 0.00554376, ""zulhas"": 0.06383414, ""zulkifli"": 0.02207119}",2
FN032,"{""adalah"": 0.02266412, ""advertisement"": 0.01283282, ""aktivitas"": 0.04318758, ""alam"": 0.08403218, ""alif"": 0.03750779, ""alokasi"": 0.08637515, ""anak"": 0.03324936, ""anda"": 0.01111884, ""anggaran"": 0.33111174, ""antisipasi"": 0.04972308, ""apa"": 0.03056792, ""api"": 0.09539176, ""ara"": 0.03548058, ""badan"": 0.03275511, ""bagi"": 0.07303691, ""belakangan"": 0.04972308, ""belum"": 0.0290832, ""bencana"": 0.44148233, ""berada"": 0.02529249, ""bilang"": 0.03998888, ""bnpb"": 0.23847939, ""buka"": 0.03750779, ""content"": 0.01198008, ""continue"": 0.01198008, ""dahulu"": 0.0459819, ""dana"": 0.03998888, ""depan"": 0.02717243, ""detikfinance"": 0.01875699, ""dikelola"": 0.04972308, ""disesuaikan"": 0.04769588, ""disiarkan"": 0.05220418, ""disimpan"": 0.01111884, ""ditangani"": 0.05540287, ""diungkapkan"": 0.04769588, ""erupsi"": 0.03827491, ""fire"": 0.05220418, ""flores"": 0.05991117, ""gempa"": 0.05220418, ""gunung"": 0.03548058, ""hal"": 0.09389249, ""harus"": 0.10955007, ""herdi"": 0.03750779, ""hidup"": 0.04449719, ""hikam"": 0.03750779, ""hitung"": 0.05220418, ""hitungan"": 0.04972308, ""hutan"": 0.04769588, ""indonesia"": 0.08026639, ""instansi"": 0.0459819, ""istana"": 0.08899437, ""jakarta"": 0.02599028, ""kan"": 0.06551021, ""kata"": 0.02228068, ""keadaan"": 0.10440836, ""kebakaran"": 0.04769588, ""kepresidenan"": 0.0459819, ""keuangan"": 0.03324936, ""kira"": 0.05220418, ""kita"": 0.21911073, ""kompleks"": 0.0390989, ""krakatau"": 0.03487942, ""lahan"": 0.04318758, ""lain"": 0.02579798, ""lanjut"": 0.03324936, ""lihat"": 0.02980079, ""lingkaran"": 0.11080574, ""maka"": 0.07501557, ""mampu"": 0.02980079, ""masalah"": 0.03998888, ""mau"": 0.03611612, ""memaparkan"": 0.05991117, ""membawa"": 0.03827491, ""memberikan"": 0.02746895, ""mengalami"": 0.031828, ""menghadapi"": 0.063656, ""mengungkapkan"": 0.04201609, ""meningkatkan"": 0.13506642, ""menjadi"": 0.07184978, ""menteri"": 0.02777359, ""menunggu"": 0.04095635, ""menurutnya"": 0.09417573, ""menyukai"": 0.01111884, ""merdeka"": 0.05220418, ""mitigasi"": 0.25912546, ""mulai"": 0.02434564, ""mulanya"": 0.05220418, ""naikkan"": 0.05220418, ""nanti"": 0.06194456, ""nasional"": 0.03017774, ""negara"": 0.03056792, ""olehnya"": 0.05991117, ""pelajaran"": 0.11080574, ""pemerintah"": 0.05434485, ""penanganan"": 0.03998888, ""penanggulangan"": 0.04972308, ""penting"": 0.031828, ""perhitungan"": 0.0919638, ""perkembangan"": 0.0390989, ""perlu"": 0.03487942, ""permintaan"": 0.0819127, ""pihaknya"": 0.03750779, ""pimpin"": 0.05220418, ""prabowo"": 0.29432155, ""presiden"": 0.03487942, ""purbaya"": 0.18058059, ""pusat"": 0.03324936, ""rapat"": 0.06649871, ""ratas"": 0.04972308, ""rencana"": 0.03998888, ""ring"": 0.05220418, ""sadewa"": 0.07501557, ""salah"": 0.02746895, ""sambutan"": 0.05991117, ""satu"": 0.02326529, ""scroll"": 0.01198008, ""sebelumnya"": 0.02480899, ""secara"": 0.04310262, ""sederet"": 0.05540287, ""sejauh"": 0.04318758, ""sekarang"": 0.06113583, ""semuanya"": 0.03827491, ""senin"": 0.04345843, ""sep"": 0.01608535, ""seperti"": 0.04310262, ""sesuai"": 0.031828, ""setiap"": 0.03097228, ""siap"": 0.03139191, ""signifikan"": 0.08637515, ""sisi"": 0.03376661, ""soal"": 0.06035548, ""suara"": 0.04449719, ""subianto"": 0.07997777, ""takdir"": 0.11982235, ""tambah"": 0.07358039, ""tambahan"": 0.07654982, ""terima"": 0.04449719, ""terkait"": 0.02840913, ""terlebih"": 0.04318758, ""the"": 0.04201609, ""tingkatkan"": 0.05220418, ""tunggu"": 0.04769588, ""ujar"": 0.02326529, ""virtual"": 0.09539176, ""wib"": 0.01111884, ""with"": 0.01198008, ""yudhi"": 0.07223224}",2
FN033,"{""abu"": 0.1712428, ""ads"": 0.07101647, ""advisory"": 0.0656725, ""agar"": 0.03532475, ""alasan"": 0.04360973, ""alif"": 0.04446033, ""anak"": 0.03941255, ""anda"": 0.01317986, ""angin"": 0.131345, ""ara"": 0.04205736, ""arah"": 0.21802093, ""ash"": 0.06188089, ""bahwa"": 0.06241539, ""bandara"": 0.23173191, ""bapak"": 0.05119294, ""barat"": 0.09480267, ""beber"": 0.04980431, ""begitu"": 0.03882668, ""bencana"": 0.04360973, ""berdasarkan"": 0.03489259, ""bergerak"": 0.15823592, ""berkala"": 0.05653692, ""berubah"": 0.05893989, ""betul"": 0.05119294, ""bmkg"": 0.06188089, ""buka"": 0.08892067, ""buru"": 0.35363934, ""center"": 0.05653692, ""content"": 0.01420075, ""continue"": 0.01420075, ""daya"": 0.05450523, ""debu"": 0.0656725, ""demikian"": 0.08892067, ""detikfinance"": 0.02223383, ""disimpan"": 0.01317986, ""dudy"": 0.31647185, ""empat"": 0.03882668, ""enggan"": 0.0656725, ""feet"": 0.0656725, ""gunung"": 0.04205736, ""hal"": 0.02782417, ""hasil"": 0.05771682, ""hasilnya"": 0.05450523, ""hatta"": 0.14941292, ""herdi"": 0.04446033, ""hikam"": 0.04446033, ""ingin"": 0.0765315, ""intensitas"": 0.07101647, ""jakarta"": 0.01540395, ""jauh"": 0.04634638, ""kali"": 0.03406858, ""kami"": 0.1640158, ""kecepatan"": 0.04854813, ""kemarin"": 0.04134476, ""kemudian"": 0.03220918, ""ketinggian"": 0.07101647, ""knots"": 0.07101647, ""krakatau"": 0.04134476, ""lagi"": 0.03089009, ""lakukan"": 0.04205736, ""langsung"": 0.02913017, ""laporannya"": 0.0656725, ""laporkan"": 0.07101647, ""masih"": 0.04907907, ""mau"": 0.0856214, ""melakukan"": 0.02807522, ""melihat"": 0.03671339, ""memastikan"": 0.06512133, ""membuka"": 0.10238589, ""mengatakan"": 0.06306628, ""mengingat"": 0.04980431, ""menhub"": 0.04980431, ""menteri"": 0.03292178, ""menyukai"": 0.01317986, ""merta"": 0.07101647, ""meski"": 0.06978517, ""meskipun"": 0.05119294, ""namun"": 0.06115993, ""negatif"": 0.18564267, ""operasional"": 0.07765336, ""pantauan"": 0.0656725, ""paper"": 0.23575956, ""penanganan"": 0.04740133, ""penerbangan"": 0.04446033, ""pengetesan"": 0.07101647, ""perhubungan"": 0.04980431, ""perkiraan"": 0.05653692, ""permukaan"": 0.0656725, ""perubahan"": 0.04536965, ""pihaknya"": 0.133381, ""presiden"": 0.04134476, ""pukul"": 0.0907393, ""purwagandhi"": 0.10549062, ""ratas"": 0.05893989, ""sampai"": 0.06373365, ""scroll"": 0.01420075, ""sebagaimana"": 0.05893989, ""sebanyak"": 0.04002568, ""sebaran"": 0.09709626, ""seberapa"": 0.05893989, ""secara"": 0.02554612, ""semula"": 0.05893989, ""senin"": 0.05151401, ""sep"": 0.01906698, ""september"": 0.03447414, ""serta"": 0.0312077, ""soekarno"": 0.14941292, ""soetta"": 0.05119294, ""tanggal"": 0.05653692, ""temukan"": 0.07101647, ""teramati"": 0.07101647, ""terdeteksi"": 0.06188089, ""terjadi"": 0.06813715, ""terus"": 0.03220918, ""test"": 0.23575956, ""tetap"": 0.02940765, ""timur"": 0.08892067, ""ujar"": 0.02757781, ""utc"": 0.07101647, ""volcanic"": 0.06188089, ""vulkanik"": 0.1712428, ""wib"": 0.02635972, ""with"": 0.01420075}",2
FN034,"{""abadi"": 0.04056523, ""advertisement"": 0.00868897, ""agar"": 0.02017781, ""agraria"": 0.03751271, ""agregat"": 0.04056523, ""air"": 0.02844866, ""alhamdulillah"": 0.03751271, ""alias"": 0.06025716, ""alih"": 0.16245634, ""amanatnya"": 0.04056523, ""anda"": 0.00752845, ""angka"": 0.0720706, ""atas"": 0.01993095, ""atr"": 0.10604072, ""audit"": 0.07502541, ""awal"": 0.07522083, ""awalnya"": 0.03751271, ""badan"": 0.02217814, ""baik"": 0.01712528, ""bali"": 0.10100094, ""banten"": 0.0934016, ""barat"": 0.05415211, ""baru"": 0.01801201, ""bawah"": 0.05689731, ""begitu"": 0.02217814, ""berangkat"": 0.03113387, ""berdasarkan"": 0.05979285, ""berhasil"": 0.04086607, ""berkelanjutan"": 0.03113387, ""berkurang"": 0.03534691, ""bersama"": 0.01801201, ""bidang"": 0.02591554, ""bimbingan"": 0.04056523, ""boleh"": 0.11696743, ""bpn"": 0.07502541, ""bps"": 0.06733396, ""bulan"": 0.02647346, ""capai"": 0.03366698, ""capaian"": 0.0934016, ""catatan"": 0.02445385, ""cepat"": 0.08319335, ""content"": 0.00811159, ""continue"": 0.00811159, ""daerah"": 0.04804707, ""detikfinance"": 0.01270016, ""diakumulasi"": 0.04056523, ""dibandingkan"": 0.02445385, ""digenjot"": 0.04056523, ""digunakan"": 0.02707606, ""dilindungi"": 0.16226092, ""diperkuat"": 0.03113387, ""diraih"": 0.03366698, ""disimpan"": 0.00752845, ""ditargetkan"": 0.03534691, ""dulu"": 0.02491026, ""fdl"": 0.02647346, ""fondasi"": 0.03534691, ""fungsi"": 0.1868032, ""geordi"": 0.03012858, ""hal"": 0.01589341, ""hanya"": 0.06138257, ""harus"": 0.01483504, ""harusnya"": 0.06226773, ""hasan"": 0.03229438, ""ignacio"": 0.03012858, ""igo"": 0.03113387, ""integrasi"": 0.03534691, ""jakarta"": 0.01759775, ""jambi"": 0.08113046, ""jangka"": 0.03113387, ""januari"": 0.07069381, ""jauh"": 0.05294692, ""kabupaten"": 0.09688315, ""kalau"": 0.03938386, ""kalimantan"": 0.15005083, ""kami"": 0.01561454, ""kan"": 0.02217814, ""kantornya"": 0.03229438, ""kasih"": 0.05689731, ""kata"": 0.01508601, ""keberadaan"": 0.03751271, ""kedaulatan"": 0.03751271, ""kedua"": 0.01729447, ""kemenko"": 0.07069381, ""kementerian"": 0.0655732, ""kemudian"": 0.01839817, ""kenapa"": 0.02707606, ""kepala"": 0.05294692, ""keputusan"": 0.02773112, ""kerja"": 0.02445385, ""kesempatan"": 0.02402353, ""ketentuan"": 0.03229438, ""khusus"": 0.02773112, ""kita"": 0.13187341, ""komitmen"": 0.06025716, ""konferensi"": 0.03366698, ""koordinator"": 0.03012858, ""kota"": 0.05689731, ""kumulatif"": 0.04056523, ""kunci"": 0.05689731, ""kurang"": 0.08534597, ""lahan"": 0.38014415, ""lanjutnya"": 0.03229438, ""luas"": 0.03229438, ""mana"": 0.02217814, ""masa"": 0.02402353, ""masih"": 0.04205159, ""melalui"": 0.03602401, ""melaporkan"": 0.04056523, ""memastikan"": 0.01859894, ""memberikan"": 0.01859894, ""memenuhi"": 0.05415211, ""menambah"": 0.03012858, ""mencapai"": 0.02217814, ""menegaskan"": 0.02217814, ""menengah"": 0.03012858, ""menetapkan"": 0.06226773, ""mengacu"": 0.03534691, ""mengatakan"": 0.01801201, ""mengingat"": 0.02844866, ""meningkatkan"": 0.02286302, ""menjadi"": 0.02432437, ""menjaga"": 0.02185773, ""menteri"": 0.03761042, ""menunjukkan"": 0.02286302, ""menurut"": 0.02069722, ""menyebut"": 0.02185773, ""menyentuh"": 0.03229438, ""menyukai"": 0.00752845, ""merupakan"": 0.01695982, ""meski"": 0.0398619, ""minimal"": 0.03751271, ""mungkin"": 0.02125514, ""nah"": 0.03113387, ""nanti"": 0.02097101, ""nasional"": 0.14303123, ""negeri"": 0.02591554, ""nomor"": 0.10158453, ""nusron"": 0.15005083, ""optimistis"": 0.02844866, ""oswaldo"": 0.03012858, ""pak"": 0.03366698, ""pangan"": 0.1323673, ""papua"": 0.08113046, ""pasokan"": 0.02924186, ""pekerjaan"": 0.03751271, ""pembangunan"": 0.02773112, ""pemerintah"": 0.09199083, ""penambahan"": 0.03229438, ""penetapan"": 0.20200189, ""pengendalian"": 0.10604072, ""peraturan"": 0.03229438, ""periode"": 0.02539613, ""perpres"": 0.16226092, ""pers"": 0.03229438, ""pertanahan"": 0.03751271, ""pertanian"": 0.2802048, ""pimpinan"": 0.03534691, ""polkam"": 0.04056523, ""presiden"": 0.02361649, ""provinsi"": 0.15566933, ""pusat"": 0.02251279, ""putuskan"": 0.04056523, ""rata"": 0.05415211, ""rencana"": 0.05415211, ""riau"": 0.08113046, ""rtrw"": 0.12169569, ""ruang"": 0.02539613, ""saja"": 0.01969193, ""sama"": 0.02043303, ""sampai"": 0.01820261, ""sampaikan"": 0.03366698, ""sangat"": 0.01839817, ""sawah"": 0.18756353, ""scroll"": 0.00811159, ""sebanyak"": 0.02286302, ""sebelumnya"": 0.01679791, ""sebisa"": 0.03751271, ""secara"": 0.07296084, ""segera"": 0.02707606, ""sehingga"": 0.01901729, ""selama"": 0.01839817, ""selamanya"": 0.03751271, ""selesai"": 0.05848372, ""selesaikan"": 0.04056523, ""sementara"": 0.02967009, ""semua"": 0.02017781, ""semuanya"": 0.02591554, ""senin"": 0.02942525, ""sep"": 0.01089122, ""sepakat"": 0.03751271, ""standar"": 0.03012858, ""subur"": 0.04056523, ""surat"": 0.03366698, ""swasembada"": 0.07502541, ""tadi"": 0.06458876, ""tahap"": 0.03229438, ""tahun"": 0.21710411, ""tambahan"": 0.02591554, ""tanda"": 0.03751271, ""tandasnya"": 0.03534691, ""tangan"": 0.03113387, ""tapi"": 0.03296835, ""target"": 0.05689731, ""tata"": 0.02924186, ""tegasnya"": 0.03366698, ""tentang"": 0.07774662, ""tercantum"": 0.03751271, ""tercatat"": 0.02924186, ""terkait"": 0.01923552, ""terkendali"": 0.03751271, ""terlindungi"": 0.03751271, ""tetap"": 0.01679791, ""tetapi"": 0.01859894, ""timur"": 0.05079226, ""tinggi"": 0.02361649, ""turun"": 0.02217814, ""ujar"": 0.01575268, ""ujarnya"": 0.02185773, ""utama"": 0.01782611, ""wahid"": 0.03751271, ""waktu"": 0.04991822, ""wib"": 0.00752845, ""with"": 0.00811159, ""yaitu"": 0.02707606, ""yakni"": 0.02361649, ""zulhas"": 0.0934016, ""zulkifli"": 0.03229438, ""zulkiflihasan"": 0.03751271}",2
FN035,"{""acd"": 0.03002012, ""adalah"": 0.02254575, ""advertisement"": 0.0063829, ""aja"": 0.02287087, ""alfa"": 0.19289726, ""anda"": 0.00553038, ""antardaerah"": 0.02755675, ""apabila"": 0.02037122, ""atas"": 0.01464123, ""aturan"": 0.021481, ""badan"": 0.01629201, ""bagi"": 0.02421848, ""baru"": 0.01323158, ""bawah"": 0.02089832, ""bekasi"": 0.04946338, ""belum"": 0.01446565, ""berada"": 0.02516039, ""berapa"": 0.04426478, ""berarti"": 0.01865594, ""beras"": 0.04179664, ""berdasarkan"": 0.02928246, ""berikut"": 0.01989001, ""berkisar"": 0.02755675, ""berlaku"": 0.02037122, ""berupa"": 0.01865594, ""besaran"": 0.06861261, ""biaya"": 0.04074244, ""bps"": 0.07419507, ""buka"": 0.01865594, ""bukaan"": 0.02473169, ""bukan"": 0.01446565, ""bulatkan"": 0.0551135, ""buruh"": 0.16534051, ""cirebon"": 0.0551135, ""content"": 0.00595876, ""continue"": 0.00595876, ""cuma"": 0.01397006, ""dasar"": 0.02372338, ""data"": 0.01865594, ""depan"": 0.0270305, ""detikcom"": 0.01764763, ""detikfinance"": 0.00932951, ""dia"": 0.02421848, ""diambil"": 0.021481, ""dibagi"": 0.05193152, ""dibahas"": 0.02596576, ""dihitung"": 0.02596576, ""dihubungi"": 0.02473169, ""dikalikan"": 0.02755675, ""dinilai"": 0.03731188, ""diperkirakan"": 0.02473169, ""disamaratakan"": 0.02596576, ""disimpan"": 0.00553038, ""ditambah"": 0.02213239, ""dpr"": 0.03211328, ""ekonomi"": 0.11576494, ""ekonominya"": 0.0551135, ""ekstrem"": 0.02596576, ""fadilah"": 0.01829902, ""formula"": 0.04744676, ""ilyas"": 0.01829902, ""indeks"": 0.1298288, ""indonesia"": 0.02994268, ""industri"": 0.0190375, ""inflasi"": 0.22258521, ""informasi"": 0.01629201, ""iqbal"": 0.02596576, ""jakarta"": 0.01292727, ""jauh"": 0.01944734, ""jelas"": 0.03469724, ""juta"": 0.13878897, ""kalangan"": 0.02979913, ""kalau"": 0.01446565, ""kalender"": 0.02596576, ""kami"": 0.01147041, ""kan"": 0.01629201, ""kata"": 0.02216431, ""kategori"": 0.04744676, ""keadilan"": 0.02596576, ""kelompuk"": 0.02979913, ""kenaikan"": 0.1829902, ""kenaikannya"": 0.02473169, ""kerja"": 0.01796374, ""kesenjangan"": 0.02755675, ""ketemu"": 0.02596576, ""ketenagakerjaan"": 0.02755675, ""kira"": 0.05193152, ""kisaran"": 0.04946338, ""kita"": 0.02421848, ""kompleks"": 0.01944734, ""komponen"": 0.02372338, ""konfederasi"": 0.0551135, ""kontribusi"": 0.02287087, ""kota"": 0.04179664, ""ksp"": 0.02755675, ""kspi"": 0.0551135, ""kspn"": 0.11022701, ""laporan"": 0.02089832, ""lebar"": 0.02596576, ""mahal"": 0.02372338, ""maka"": 0.03731188, ""masih"": 0.03089101, ""melalui"": 0.01323158, ""memberikan"": 0.01366274, ""memiliki"": 0.01309502, ""meminta"": 0.01796374, ""memperkirakan"": 0.04574174, ""mempertimbangkan"": 0.02287087, ""mencapai"": 0.01629201, ""menciptakan"": 0.02213239, ""mencontohkan"": 0.02596576, ""menegaskan"": 0.01629201, ""menentukan"": 0.021481, ""menetapkan"": 0.02287087, ""mengenai"": 0.01796374, ""menggambarkan"": 0.02755675, ""menggunakan"": 0.03731188, ""menghitung"": 0.02755675, ""mengusulkan"": 0.16534051, ""menjadi"": 0.02680294, ""menunggu"": 0.06111365, ""menyoroti"": 0.02372338, ""menyukai"": 0.00553038, ""merupakan"": 0.01245864, ""minimum"": 0.4699021, ""minta"": 0.0190375, ""misal"": 0.02755675, ""mulai"": 0.01210924, ""naik"": 0.03122795, ""namun"": 0.02566324, ""nusantara"": 0.02473169, ""oktober"": 0.03978002, ""pekerja"": 0.11022701, ""pemerintah"": 0.01351525, ""penghitungan"": 0.05193152, ""pengupahan"": 0.02755675, ""pengusaha"": 0.02287087, ""perhitungan"": 0.02287087, ""perkiraan"": 0.02372338, ""persaingan"": 0.01829902, ""persen"": 0.021481, ""persentase"": 0.04946338, ""pertumbuhan"": 0.1750261, ""presiden"": 0.03469724, ""prinsip"": 0.02372338, ""produksi"": 0.03889469, ""proses"": 0.01679512, ""pusat"": 0.01653785, ""rata"": 0.07956005, ""reformasi"": 0.02596576, ""rentang"": 0.02596576, ""resmi"": 0.03469724, ""rinciannya"": 0.02755675, ""ristadi"": 0.08267025, ""said"": 0.11022701, ""salah"": 0.01366274, ""sama"": 0.01501006, ""sampai"": 0.06685799, ""satu"": 0.01157189, ""scroll"": 0.00595876, ""sebesar"": 0.05119485, ""secara"": 0.01071937, ""sedang"": 0.03889469, ""sedangkan"": 0.038075, ""sehat"": 0.02372338, ""sejenis"": 0.02755675, ""sejumlah"": 0.01323158, ""sekaligus"": 0.01482257, ""sekian"": 0.02473169, ""sekitar"": 0.0439237, ""sektor"": 0.01679512, ""selisihnya"": 0.02755675, ""seluruh"": 0.02859094, ""semakin"": 0.01653785, ""sementara"": 0.01089779, ""senayan"": 0.02596576, ""senin"": 0.02161573, ""sep"": 0.00800067, ""september"": 0.0289313, ""serikat"": 0.04574174, ""setidak"": 0.02755675, ""sistem"": 0.03889469, ""skema"": 0.02089832, ""statistik"": 0.02372338, ""tahun"": 0.0531614, ""takwim"": 0.02755675, ""tapi"": 0.01210924, ""tau"": 0.02596576, ""tenaga"": 0.021481, ""tentang"": 0.0190375, ""tentu"": 0.01989001, ""terhadap"": 0.01296175, ""termasuk"": 0.01429547, ""tertentu"": 0.09489353, ""tetap"": 0.01233971, ""thailand"": 0.04946338, ""tidaknya"": 0.02755675, ""tiga"": 0.01309502, ""tuh"": 0.02372338, ""udah"": 0.02755675, ""upah"": 0.55113503, ""usul"": 0.02755675, ""usulan"": 0.02287087, ""usulannya"": 0.02755675, ""usulkan"": 0.02755675, ""wib"": 0.00553038, ""with"": 0.00595876, ""zulhas"": 0.02287087}",2
FN036,"{""abu"": 0.142119, ""adalah"": 0.02229616, ""adi"": 0.05450337, ""advertisement"": 0.01262447, ""agar"": 0.02931696, ""ahmad"": 0.04377475, ""air"": 0.04133393, ""airbus"": 0.05450337, ""airlines"": 0.05450337, ""alif"": 0.03689882, ""alternatif"": 0.0469215, ""amsterdam"": 0.05450337, ""anak"": 0.0981286, ""anda"": 0.01093832, ""angkut"": 0.05450337, ""ara"": 0.03490453, ""asing"": 0.11787695, ""bandara"": 0.42310517, ""bapak"": 0.0424864, ""batal"": 0.11787695, ""batas"": 0.09384301, ""beber"": 0.04133393, ""beberapa"": 0.02931696, ""begitu"": 0.06444661, ""bekerja"": 0.05135661, ""bencana"": 0.03619288, ""berada"": 0.02488185, ""berangkat"": 0.04523535, ""berkoordinasi"": 0.0402914, ""berlaku"": 0.0402914, ""besar"": 0.02210592, ""boeing"": 0.05450337, ""content"": 0.01178558, ""continue"": 0.01178558, ""daftar"": 0.03765349, ""depan"": 0.02673126, ""detikfinance"": 0.01845245, ""dia"": 0.02395037, ""dibatalkan"": 0.0489158, ""dikembalikan"": 0.05450337, ""disimpan"": 0.01093832, ""ditayangkan"": 0.05893848, ""ditutup"": 0.08058279, ""diubah"": 0.05893848, ""diungkapkan"": 0.0469215, ""dudy"": 0.26264847, ""enam"": 0.03846411, ""erupsi"": 0.11296047, ""garuda"": 0.05135661, ""gunung"": 0.06980906, ""haknya"": 0.05893848, ""hal"": 0.02309202, ""hari"": 0.02488185, ""hatta"": 0.04133393, ""herdi"": 0.03689882, ""hikam"": 0.03689882, ""imbas"": 0.16994559, ""imigrasi"": 0.11787695, ""indonesia"": 0.0197408, ""internasional"": 0.03846411, ""istana"": 0.04377475, ""izin"": 0.14674739, ""jakarta"": 0.03835246, ""jamin"": 0.0489158, ""jeddah"": 0.16351011, ""juanda"": 0.10271322, ""jumlah"": 0.03689882, ""kami"": 0.06806056, ""kasih"": 0.04133393, ""kemudian"": 0.05346253, ""kepada"": 0.02417591, ""kepastian"": 0.04523535, ""kertajati"": 0.20542644, ""ketentuan"": 0.0469215, ""kita"": 0.02395037, ""krakatau"": 0.10293938, ""lain"": 0.02537913, ""lainnya"": 0.03431313, ""lanjut"": 0.03270953, ""laporan"": 0.04133393, ""lion"": 0.05893848, ""madinah"": 0.05893848, ""mana"": 0.0322233, ""maskapai"": 0.04377475, ""maupun"": 0.03490453, ""melaksanakan"": 0.05450337, ""melakukan"": 0.02330038, ""melayani"": 0.0489158, ""melewati"": 0.09384301, ""memberikan"": 0.13511484, ""menambah"": 0.04377475, ""mengangkut"": 0.05893848, ""menhub"": 0.04133393, ""menjadi"": 0.01767081, ""menjamin"": 0.0489158, ""menteri"": 0.05464533, ""menyiapkan"": 0.03689882, ""menyukai"": 0.01093832, ""merdeka"": 0.05135661, ""mulai"": 0.02395037, ""negara"": 0.09021487, ""paling"": 0.03431313, ""pembatalan"": 0.05135661, ""penanganan"": 0.03933964, ""penerbangan"": 0.22139294, ""penerbangannya"": 0.05135661, ""pengganti"": 0.0489158, ""penggunaan"": 0.04133393, ""penting"": 0.03131125, ""penuh"": 0.04133393, ""penumpang"": 0.22617677, ""perhubungan"": 0.08266786, ""perubahan"": 0.03765349, ""pesawat"": 0.12745919, ""pihak"": 0.03765349, ""pihaknya"": 0.07379765, ""prabowo"": 0.07238576, ""presiden"": 0.06862626, ""purwagandhi"": 0.04377475, ""pusat"": 0.03270953, ""rapat"": 0.06541906, ""refund"": 0.21801347, ""relaksasi"": 0.11787695, ""sama"": 0.02968778, ""scroll"": 0.01178558, ""secara"": 0.02120141, ""sementara"": 0.02155429, ""semua"": 0.02931696, ""semula"": 0.0489158, ""senin"": 0.04275286, ""sep"": 0.0158242, ""sesuai"": 0.03131125, ""singapore"": 0.05450337, ""singapura"": 0.10271322, ""soal"": 0.02968778, ""soekarno"": 0.04133393, ""soemarmo"": 0.05450337, ""subianto"": 0.03933964, ""surabaya"": 0.0469215, ""tegas"": 0.03846411, ""terbatas"": 0.0424864, ""terhadap"": 0.07690955, ""terima"": 0.04377475, ""tiket"": 0.13132424, ""tinggal"": 0.0402914, ""ujar"": 0.02288756, ""virtual"": 0.09384301, ""vulkanik"": 0.142119, ""warga"": 0.08754949, ""wib"": 0.01093832, ""with"": 0.01178558, ""wna"": 0.05893848, ""yani"": 0.0489158, ""yogyakarta"": 0.04377475}",2
FN037,"{""acd"": 0.05264139, ""adanya"": 0.03094578, ""advertisement"": 0.01119264, ""aja"": 0.04010491, ""ajukan"": 0.04832178, ""akhir"": 0.02369949, ""alkohol"": 0.05225387, ""anda"": 0.00969773, ""anggaran"": 0.06417601, ""apa"": 0.026661, ""apbn"": 0.12031473, ""ayuningrum"": 0.032088, ""bea"": 0.34694343, ""belanja"": 0.03880996, ""berdasarkan"": 0.02567394, ""buat"": 0.03042145, ""budhi"": 0.04832178, ""content"": 0.0104489, ""continue"": 0.0104489, ""cpo"": 0.09664356, ""cukai"": 0.37439841, ""dampak"": 0.03271388, ""dengar"": 0.04336793, ""depan"": 0.02369949, ""detikfinance"": 0.01635964, ""dibanding"": 0.04553191, ""dibandingkan"": 0.03150008, ""didorong"": 0.08020982, ""direktorat"": 0.04553191, ""direktur"": 0.03271388, ""dirinci"": 0.05225387, ""disimpan"": 0.00969773, ""ditopang"": 0.05225387, ""djaka"": 0.14496533, ""dpr"": 0.02815591, ""ekspor"": 0.04159982, ""enforcement"": 0.04832178, ""etil"": 0.05225387, ""harga"": 0.02899973, ""hukum"": 0.04010491, ""impor"": 0.03766773, ""indikasi"": 0.09664356, ""jakarta"": 0.01133422, ""jelasnya"": 0.03572168, ""jenderal"": 0.08319965, ""jenis"": 0.04010491, ""jika"": 0.05984804, ""juli"": 0.13010379, ""jumlah"": 0.03271388, ""keluar"": 0.07329195, ""kemenkeu"": 0.04336793, ""kementerian"": 0.05631183, ""kenaikan"": 0.032088, ""kepabeanan"": 0.14496533, ""keseluruhan"": 0.03880996, ""keuangan"": 0.05799945, ""kinerja"": 0.20799911, ""komisi"": 0.03487787, ""kontributor"": 0.05225387, ""kurs"": 0.04336793, ""lalu"": 0.04689518, ""masih"": 0.01805617, ""masuk"": 0.02815591, ""melihat"": 0.02701368, ""membaik"": 0.08319965, ""memberikan"": 0.02395811, ""membukukan"": 0.04010491, ""mencapai"": 0.08570593, ""mencatat"": 0.03664597, ""mendominasi"": 0.04553191, ""mengalami"": 0.02776003, ""mengandung"": 0.04832178, ""menilai"": 0.05799945, ""menunjukkan"": 0.05890173, ""menyukai"": 0.00969773, ""minuman"": 0.04832178, ""mmea"": 0.05225387, ""negara"": 0.026661, ""pencapaian"": 0.08673586, ""pendapat"": 0.04336793, ""pendapatan"": 0.03487787, ""penegakan"": 0.04832178, ""penerimaan"": 0.40104911, ""penghujung"": 0.04832178, ""penguatan"": 0.03766773, ""peningkatan"": 0.03338296, ""pergerakan"": 0.04553191, ""periode"": 0.03271388, ""pertumbuhan"": 0.06820327, ""positif"": 0.05984804, ""produksi"": 0.03410164, ""purbaya"": 0.03150008, ""rapat"": 0.02899973, ""realisasi"": 0.28993067, ""retno"": 0.032088, ""rokok"": 0.04832178, ""sama"": 0.02632069, ""sampai"": 0.02344759, ""scroll"": 0.0104489, ""sebesar"": 0.14962009, ""secara"": 0.01879682, ""sehingga"": 0.02449701, ""sekitar"": 0.02567394, ""sektor"": 0.08835259, ""semakin"": 0.05799945, ""sementara"": 0.03821935, ""senin"": 0.03790397, ""sep"": 0.01402947, ""serta"": 0.0229626, ""setara"": 0.05225387, ""tahun"": 0.11186457, ""tambah"": 0.032088, ""target"": 0.18322987, ""terbesar"": 0.03880996, ""terhadap"": 0.04545782, ""terjaga"": 0.04832178, ""tetap"": 0.02163813, ""tren"": 0.08020982, ""triliun"": 0.25670404, ""tumbuh"": 0.11300319, ""ujar"": 0.02029173, ""utama"": 0.0229626, ""utamanya"": 0.03880996, ""volume"": 0.08319965, ""wib"": 0.00969773, ""with"": 0.0104489}",2
FN038,"{""acd"": 0.05564412, ""advertisement"": 0.01183109, ""agustus"": 0.19368154, ""anda"": 0.0102509, ""aparat"": 0.110469, ""ayuningrum"": 0.03391835, ""banyak"": 0.02532472, ""barang"": 0.2883747, ""batang"": 0.110469, ""bea"": 0.18336677, ""beacukai"": 0.0552345, ""bersama"": 0.04905108, ""budhi"": 0.05107812, ""bukti"": 0.110469, ""capaian"": 0.04239255, ""content"": 0.01104492, ""continue"": 0.01104492, ""cukai"": 0.17589093, ""dengar"": 0.04584169, ""detikfinance"": 0.01729281, ""diamankan"": 0.04812912, ""dilakukan"": 0.02478507, ""direktorat"": 0.04812912, ""direktur"": 0.03457993, ""disampaikan"": 0.03528716, ""disimpan"": 0.0102509, ""djaka"": 0.25539058, ""djbc"": 0.220938, ""dpr"": 0.02976196, ""ekspor"": 0.08794546, ""hal"": 0.02164081, ""hukum"": 0.0847851, ""ilegal"": 0.20431247, ""imbuh"": 0.04584169, ""impor"": 0.0796327, ""jajaran"": 0.04584169, ""jakarta"": 0.02396147, ""januari"": 0.04812912, ""jenderal"": 0.08794546, ""juli"": 0.04584169, ""kali"": 0.02649753, ""kasus"": 0.13752508, ""komisi"": 0.03686735, ""koordinasi"": 0.04102373, ""lain"": 0.02378419, ""lainnya"": 0.03215673, ""lalu"": 0.02478507, ""lepas"": 0.09625823, ""melakukan"": 0.06550821, ""mencapai"": 0.06039648, ""menegaskan"": 0.03019824, ""menerangkan"": 0.05107812, ""mengamankan"": 0.0847851, ""menindak"": 0.0552345, ""menyasar"": 0.04584169, ""menyukai"": 0.0102509, ""miliar"": 0.0796327, ""narkotika"": 0.05107812, ""nilai"": 0.23241785, ""paling"": 0.03215673, ""pendapat"": 0.04584169, ""penegak"": 0.110469, ""penerimaan"": 0.04239255, ""pengawasan"": 0.08794546, ""penindakan"": 0.48129115, ""penuh"": 0.03873631, ""perbandingan"": 0.0552345, ""periode"": 0.03457993, ""pihaknya"": 0.03457993, ""rapat"": 0.03065391, ""retno"": 0.03391835, ""rokok"": 0.25539058, ""scroll"": 0.01104492, ""sebanyak"": 0.09339234, ""sebesar"": 0.03163092, ""sektor"": 0.12452312, ""selain"": 0.02855458, ""sementara"": 0.04039943, ""senin"": 0.04006606, ""sep"": 0.01482973, ""sepanjang"": 0.06783669, ""sinergi"": 0.09168339, ""solidnya"": 0.0552345, ""tahun"": 0.01970758, ""tambah"": 0.03391835, ""target"": 0.03873631, ""tembus"": 0.03981635, ""tercatat"": 0.0796327, ""terjadi"": 0.02649753, ""tindak"": 0.04102373, ""ton"": 0.04239255, ""total"": 0.10814051, ""triliun"": 0.16959173, ""triliun\u00e2"": 0.0552345, ""ujar"": 0.0214492, ""utama"": 0.02427242, ""wib"": 0.0102509, ""with"": 0.01104492}",2
FN039,"{""abu"": 0.23241035, ""acd"": 0.07767855, ""advertisement"": 0.01651606, ""aeronautika"": 0.13437537, ""airmen"": 0.07130446, ""airnav"": 0.24554169, ""akibat"": 0.05032097, ""aktual"": 0.07130446, ""anak"": 0.17117, ""anda"": 0.01431014, ""atas"": 0.03788491, ""bandara"": 0.25160483, ""berdasarkan"": 0.03788491, ""berkoordinasi"": 0.05271153, ""berlaku"": 0.05271153, ""berstatus"": 0.06399447, ""closed"": 0.06399447, ""content"": 0.01541858, ""continue"": 0.01541858, ""corporate"": 0.05558316, ""detikfinance"": 0.02414057, ""dibuka"": 0.05726865, ""diperbarui"": 0.07130446, ""diperpanjang"": 0.05726865, ""disimpan"": 0.01431014, ""ditutup"": 0.05271153, ""estimasi"": 0.12277084, ""evp"": 0.07130446, ""fadilah"": 0.04734962, ""gunung"": 0.1826565, ""hatta"": 0.16222631, ""hermana"": 0.21391337, ""ilyas"": 0.04734962, ""indonesia"": 0.10330423, ""informasi"": 0.16862555, ""internasional"": 0.10064193, ""jakarta"": 0.01672497, ""kata"": 0.02867562, ""kembali"": 0.06919934, ""kepentingan"": 0.06138542, ""keselamatan"": 0.10064193, ""keterangan"": 0.0427925, ""kondisi"": 0.17676504, ""krakatau"": 0.17956166, ""langkah"": 0.04096319, ""masih"": 0.026644, ""melakukan"": 0.0304829, ""memastikan"": 0.03535301, ""memperbarui"": 0.07130446, ""mempertimbangkan"": 0.0591795, ""mendukung"": 0.04926047, ""menetapkan"": 0.0591795, ""mengatakan"": 0.03423737, ""mengenai"": 0.04648207, ""menyukai"": 0.01431014, ""merupakan"": 0.06447471, ""mitigasi"": 0.05558316, ""mulai"": 0.03133326, ""navigasi"": 0.07130446, ""notam"": 0.18415627, ""notamr"": 0.06399447, ""notice"": 0.07130446, ""operasional"": 0.04215639, ""pelayanan"": 0.05407544, ""pemangku"": 0.06718768, ""pemantauan"": 0.06399447, ""pembaruan"": 0.11835901, ""penerbangan"": 0.19309269, ""penutupan"": 0.27037718, ""penyesuaian"": 0.06138542, ""periode"": 0.09654634, ""perkembangan"": 0.1509629, ""pukul"": 0.14778141, ""ruang"": 0.09654634, ""scroll"": 0.01541858, ""sebaran"": 0.1581346, ""sebelumnya"": 0.0319296, ""secara"": 0.02773691, ""secretary"": 0.0591795, ""seiring"": 0.06399447, ""senin"": 0.05593176, ""sep"": 0.02070213, ""september"": 0.03743058, ""sesuai"": 0.04096319, ""soegijantoro"": 0.07130446, ""soekarno"": 0.16222631, ""soetta"": 0.05558316, ""tepat"": 0.05032097, ""terhadap"": 0.03353917, ""terkait"": 0.03656304, ""tersampaikan"": 0.07130446, ""tertulis"": 0.05032097, ""terus"": 0.10491415, ""tutup"": 0.05271153, ""udara"": 0.09852094, ""vulkanik"": 0.23241035, ""waktu"": 0.03162832, ""wib"": 0.0715507, ""with"": 0.01541858}",2
FN040,"{""abu"": 0.09683733, ""acd"": 0.04045745, ""adapun"": 0.02565641, ""advertisement"": 0.00860209, ""aeronautika"": 0.06998695, ""airmen"": 0.03713762, ""airnav"": 0.12788588, ""aktual"": 0.03713762, ""alasan"": 0.02466118, ""anak"": 0.08915075, ""anda"": 0.00745317, ""bandar"": 0.35168618, ""bandara"": 0.07862626, ""bandung"": 0.03082256, ""bdo"": 0.03333035, ""berdasarkan"": 0.15785329, ""berkoordinasi"": 0.02745384, ""berstatus"": 0.06666069, ""budiarto"": 0.02982733, ""buka"": 0.0251422, ""buru"": 0.06666069, ""cabe"": 0.02982733, ""closed"": 0.29997311, ""content"": 0.00803048, ""continue"": 0.00803048, ""corporate"": 0.02894947, ""curug"": 0.03333035, ""daftarnya"": 0.03499347, ""detikfinance"": 0.01257317, ""diperbarui"": 0.03713762, ""disimpan"": 0.00745317, ""ditutup"": 0.05490767, ""estimasi"": 0.25577177, ""evp"": 0.03713762, ""fadilah"": 0.02466118, ""gunung"": 0.09513329, ""halim"": 0.0281642, ""hermana"": 0.11141285, ""hlp"": 0.03333035, ""husein"": 0.02894947, ""ilyas"": 0.02466118, ""indonesia"": 0.05380411, ""informasi"": 0.08782553, ""inten"": 0.02894947, ""jakarta"": 0.00871089, ""kata"": 0.01493517, ""kembali"": 0.0180206, ""kepentingan"": 0.03197147, ""keselamatan"": 0.07862626, ""keterangan"": 0.02228769, ""kiemas"": 0.02982733, ""kondisi"": 0.09206483, ""krakatau"": 0.0935214, ""lampung"": 0.02982733, ""langkah"": 0.02133492, ""lesung"": 0.03333035, ""masih"": 0.02775408, ""mau"": 0.02420933, ""melakukan"": 0.01587646, ""memastikan"": 0.01841297, ""memperbarui"": 0.03713762, ""mempertimbangkan"": 0.03082256, ""mendukung"": 0.02565641, ""mengalami"": 0.02133492, ""mengenai"": 0.02420933, ""menhub"": 0.0281642, ""menurut"": 0.02049027, ""menyukai"": 0.00745317, ""merupakan"": 0.01679023, ""mitigasi"": 0.02894947, ""muhammad"": 0.02680532, ""mulai"": 0.11423546, ""navigasi"": 0.03713762, ""notam"": 0.25577177, ""notamr"": 0.23331242, ""notice"": 0.03713762, ""operasional"": 0.04391276, ""pandeglang"": 0.03499347, ""pcb"": 0.03333035, ""pelayanan"": 0.0281642, ""pemangku"": 0.03499347, ""pemantauan"": 0.03333035, ""pembaruan"": 0.03082256, ""penerbangan"": 0.12571098, ""penutupan"": 0.0281642, ""penyesuaian"": 0.03197147, ""perdanakusuma"": 0.0281642, ""perkembangan"": 0.07862626, ""perpanjangan"": 0.03499347, ""pondok"": 0.02982733, ""pukul"": 0.38484618, ""radin"": 0.02894947, ""rto"": 0.03333035, ""ruang"": 0.05028439, ""salakanagara"": 0.03333035, ""sastranegara"": 0.02894947, ""scroll"": 0.00803048, ""sebaran"": 0.08236151, ""sebelumnya"": 0.01662995, ""secara"": 0.01444626, ""secretary"": 0.03082256, ""seiring"": 0.03333035, ""sejumlah"": 0.01783191, ""senin"": 0.02913103, ""sep"": 0.01078232, ""september"": 0.01949503, ""sesuai"": 0.02133492, ""soegijantoro"": 0.03713762, ""soetta"": 0.02894947, ""status"": 0.23861861, ""tanjung"": 0.03197147, ""taufiq"": 0.03197147, ""tepat"": 0.02620875, ""terhadap"": 0.01746826, ""terkait"": 0.01904319, ""tersampaikan"": 0.03713762, ""tertulis"": 0.02620875, ""terus"": 0.05464261, ""tkg"": 0.03333035, ""tujuh"": 0.02466118, ""tutup"": 0.02745384, ""udara"": 0.33353336, ""video"": 0.01345103, ""vulkanik"": 0.09683733, ""waktu"": 0.01647303, ""wib"": 0.12670396, ""wihi"": 0.03499347, ""wilp"": 0.03499347, ""with"": 0.00803048, ""yaitu"": 0.02680532}",2
FN041,"{""abu"": 0.06946499, ""acd"": 0.03869549, ""acuan"": 0.03841063, ""adapun"": 0.02453905, ""advertisement"": 0.00822746, ""advisory"": 0.07104048, ""airnav"": 0.03057909, ""akibat"": 0.02506734, ""alasan"": 0.04717433, ""anak"": 0.06395112, ""anda"": 0.00712858, ""angin"": 0.03552024, ""antaranya"": 0.03057909, ""apron"": 0.03552024, ""arah"": 0.02948021, ""ash"": 0.03346948, ""aspek"": 0.0262582, ""bagi"": 0.01560863, ""bahan"": 0.02948021, ""bahwa"": 0.01687929, ""baik"": 0.01621568, ""bandar"": 0.24463268, ""bandara"": 0.30080805, ""bandung"": 0.02948021, ""bdo"": 0.03187878, ""beberapa"": 0.01910608, ""berdasarkan"": 0.15097864, ""berikut"": 0.02563793, ""berjalan"": 0.02069677, ""beroperasi"": 0.02768869, ""bersama"": 0.01705531, ""bersikap"": 0.03841063, ""berstatus"": 0.03187878, ""betul"": 0.02768869, ""budiarto"": 0.02852832, ""buka"": 0.02404723, ""buru"": 0.06375756, ""cabe"": 0.02852832, ""centre"": 0.03841063, ""closed"": 0.25503023, ""content"": 0.00768075, ""continue"": 0.00768075, ""curug"": 0.03187878, ""dampak"": 0.02404723, ""darwin"": 0.07682127, ""debu"": 0.10656072, ""detikfinance"": 0.0120256, ""dilakukan"": 0.03447158, ""dinamis"": 0.03841063, ""diperpanjang"": 0.05705664, ""disimpan"": 0.00712858, ""domestik"": 0.03187878, ""dudy"": 0.1426416, ""estimasi"": 0.24463268, ""evaluasi"": 0.02852832, ""fadilah"": 0.02358716, ""fasilitas"": 0.02693762, ""gunung"": 0.06824261, ""halim"": 0.02693762, ""hasil"": 0.06243452, ""hlp"": 0.03187878, ""husein"": 0.02768869, ""ilyas"": 0.02358716, ""indonesia"": 0.01286522, ""ingin"": 0.04139354, ""inten"": 0.02768869, ""internasional"": 0.02506734, ""jakarta"": 0.00833153, ""jumlah"": 0.02404723, ""kami"": 0.02957037, ""keamanan"": 0.02768869, ""kembali"": 0.05170737, ""kemenhub"": 0.03187878, ""kemungkinan"": 0.02768869, ""kenapa"": 0.02563793, ""keputusan"": 0.0262582, ""keselamatan"": 0.10026935, ""ketahui"": 0.03552024, ""keterangan"": 0.04263408, ""kiemas"": 0.02852832, ""kita"": 0.04682589, ""kondisi"": 0.01761107, ""konservatif"": 0.07682127, ""krakatau"": 0.06708634, ""lampung"": 0.02852832, ""langkah"": 0.04081154, ""lanjut"": 0.02131704, ""lesung"": 0.03187878, ""lokasi"": 0.02768869, ""masih"": 0.01327268, ""maskapai"": 0.05705664, ""masyarakat"": 0.01864601, ""mau"": 0.023155, ""maupun"": 0.04549507, ""melakukan"": 0.03037005, ""memang"": 0.01887233, ""memantau"": 0.03057909, ""memastikan"": 0.0528332, ""memberi"": 0.02852832, ""menambahkan"": 0.02131704, ""mencakup"": 0.02768869, ""menegaskan"": 0.02100016, ""mengalami"": 0.04081154, ""mengesampingkan"": 0.03841063, ""menhub"": 0.08081287, ""menjadi"": 0.0115162, ""menjauh"": 0.03346948, ""menteri"": 0.01780638, ""menunggu"": 0.0262582, ""menunjukkan"": 0.02164866, ""menyatakan"": 0.02768869, ""menyiapkan"": 0.02404723, ""menyukai"": 0.00712858, ""muhammad"": 0.02563793, ""mulai"": 0.10926041, ""namun"": 0.01653977, ""negatif"": 0.03346948, ""notam"": 0.2140536, ""notamr"": 0.22315145, ""operasional"": 0.10500081, ""pandeglang"": 0.03346948, ""paparan"": 0.03187878, ""paper"": 0.03187878, ""pcb"": 0.03187878, ""pembatalan"": 0.03346948, ""pembersihan"": 0.07104048, ""pembukaan"": 0.02768869, ""pemeriksaan"": 0.06693895, ""penerbangan"": 0.12023616, ""pengalihan"": 0.03841063, ""pengambilan"": 0.03552024, ""pengelola"": 0.05896042, ""penumpang"": 0.05896042, ""penundaan"": 0.03552024, ""penutupan"": 0.16162574, ""perdanakusuma"": 0.02693762, ""perhubungan"": 0.02693762, ""perlu"": 0.02236211, ""perpanjangan"": 0.06693895, ""pertimbangan"": 0.02948021, ""perubahan"": 0.02453905, ""pesawat"": 0.05537739, ""pihak"": 0.02453905, ""pondok"": 0.02852832, ""pukul"": 0.39262485, ""purwagandhi"": 0.02852832, ""pusat"": 0.02131704, ""radin"": 0.02768869, ""resmi"": 0.02236211, ""rinciannya"": 0.03552024, ""rto"": 0.03187878, ""rujukan"": 0.03552024, ""runway"": 0.03552024, ""salakanagara"": 0.03187878, ""sangat"": 0.01742096, ""sastranegara"": 0.02768869, ""scroll"": 0.00768075, ""sebagaimana"": 0.03187878, ""sebanyak"": 0.04329732, ""sebaran"": 0.0262582, ""sebelum"": 0.01910608, ""sebelumnya"": 0.0159057, ""sekitar"": 0.01887233, ""sementara"": 0.01404709, ""semua"": 0.01910608, ""senin"": 0.04179352, ""sep"": 0.01031274, ""september"": 0.01864601, ""serta"": 0.01687929, ""sisi"": 0.02164866, ""soetta"": 0.02768869, ""status"": 0.19969824, ""tanjung"": 0.03057909, ""taufiq"": 0.03057909, ""taxiway"": 0.03552024, ""terdampak"": 0.09815621, ""terkait"": 0.01821384, ""termasuk"": 0.01842665, ""tertulis"": 0.02506734, ""terus"": 0.01742096, ""test"": 0.03187878, ""tetap"": 0.0159057, ""tkg"": 0.03187878, ""tujuh"": 0.04717433, ""tutur"": 0.03346948, ""udara"": 0.22085148, ""ungkap"": 0.02404723, ""utama"": 0.01687929, ""vaac"": 0.07682127, ""video"": 0.01286522, ""volcanic"": 0.03346948, ""vulkanik"": 0.13892998, ""waktu"": 0.03151123, ""wib"": 0.12118589, ""wihi"": 0.03346948, ""wilp"": 0.03346948, ""with"": 0.00768075}",2
FN042,"{""adain"": 0.07739276, ""advertisement"": 0.01657733, ""agar"": 0.07699284, ""aja"": 0.05939904, ""akal"": 0.15478551, ""alam"": 0.05427604, ""alif"": 0.04845225, ""anda"": 0.01436323, ""anggaran"": 0.33267687, ""angkanya"": 0.07739276, ""apa"": 0.03948738, ""badan"": 0.04231277, ""bahkan"": 0.03948738, ""bencana"": 0.2851516, ""berapa"": 0.0574811, ""berapapun"": 0.07739276, ""bnpb"": 0.18483942, ""boleh"": 0.05578935, ""buat"": 0.04505694, ""bukan"": 0.03756944, ""catatan"": 0.0466545, ""clear"": 0.07739276, ""content"": 0.01547577, ""continue"": 0.01547577, ""dana"": 0.20662924, ""detikfinance"": 0.02423012, ""diada"": 0.07739276, ""diajukan"": 0.12846373, ""dibuat"": 0.06161314, ""dibutuhkan"": 0.12846373, ""dipertanggungjawabkan"": 0.07156897, ""disimpan"": 0.01436323, ""ditanya"": 0.05578935, ""fadilah"": 0.04752527, ""gelontorkan"": 0.06743693, ""gitu"": 0.05939904, ""harusnya"": 0.05939904, ""herdi"": 0.04845225, ""hikam"": 0.04845225, ""hitungan"": 0.06423187, ""hitungannya"": 0.15478551, ""hns"": 0.11496219, ""ilyas"": 0.04752527, ""istana"": 0.0574811, ""jakarta"": 0.03357403, ""jangan"": 0.15497193, ""jelas"": 0.09011389, ""kata"": 0.02878199, ""kebijakan"": 0.05050764, ""kebutuhan"": 0.08864041, ""kepresidenan"": 0.05939904, ""keuangan"": 0.08590249, ""kita"": 0.06289898, ""komitmen"": 0.0574811, ""kompleks"": 0.05050764, ""maksud"": 0.07156897, ""masalah"": 0.10331462, ""masuk"": 0.08340296, ""memberikan"": 0.03548416, ""memiliki"": 0.03400971, ""menangani"": 0.06423187, ""mengingatkan"": 0.05939904, ""menjelaskan"": 0.05578935, ""menteri"": 0.03587769, ""menurutnya"": 0.04055181, ""menyatakan"": 0.05578935, ""menyebut"": 0.04170148, ""menyediakan"": 0.20231078, ""menyukai"": 0.01436323, ""minta"": 0.04944321, ""mungkin"": 0.04055181, ""namun"": 0.03332562, ""nasional"": 0.03898335, ""ngaco"": 0.25692746, ""nggak"": 0.093309, ""pemerintah"": 0.10530334, ""penanggulangan"": 0.12846373, ""perhitungan"": 0.17819711, ""perhitungannya"": 0.14313794, ""permintaan"": 0.05290707, ""pun"": 0.07513887, ""purbaya"": 0.37323602, ""sadewa"": 0.0969045, ""scroll"": 0.01547577, ""sediakan"": 0.07156897, ""selama"": 0.07020223, ""semaksimal"": 0.07156897, ""senin"": 0.05613924, ""sep"": 0.02077893, ""siap"": 0.12165543, ""tambahan"": 0.04944321, ""tapi"": 0.06289898, ""transparansi"": 0.07739276, ""uangnya"": 0.05939904, ""usahakan"": 0.07739276, ""wib"": 0.01436323, ""with"": 0.01547577, ""yudhi"": 0.093309}",2
FN043,"{""acd"": 0.02209408, ""advertisement"": 0.00939531, ""agar"": 0.08727241, ""aja"": 0.1009944, ""anda"": 0.00814045, ""anggaran"": 0.02693526, ""antara"": 0.02330228, ""anung"": 0.13158858, ""apa"": 0.13427841, ""apabila"": 0.02998544, ""apbn"": 0.0336648, ""aturan"": 0.03161899, ""ayuningrum"": 0.02693526, ""bagaimana"": 0.02597645, ""bagi"": 0.01782421, ""bahwa"": 0.01927523, ""bangun"": 0.08772572, ""banyak"": 0.06033264, ""beber"": 0.0307613, ""begitu"": 0.02398105, ""bencana"": 0.05387052, ""berhati"": 0.04056219, ""berlaku"": 0.02998544, ""bnpb"": 0.03491966, ""bond"": 0.04386286, ""buat"": 0.05107265, ""buru"": 0.07280768, ""content"": 0.008771, ""continue"": 0.008771, ""cuma"": 0.02056325, ""daerah"": 0.20781164, ""dahulu"": 0.0336648, ""dana"": 0.05855425, ""dbh"": 0.20281095, ""deh"": 0.04056219, ""depan"": 0.01989379, ""detikfinance"": 0.01373258, ""dia"": 0.01782421, ""dicairkan"": 0.04386286, ""dikatakan"": 0.04386286, ""dikembalikan"": 0.04056219, ""dikutip"": 0.0307613, ""diminta"": 0.03491966, ""diperbolehkan"": 0.04386286, ""dirasa"": 0.04386286, ""dirinya"": 0.05997087, ""disesuaikan"": 0.03491966, ""disimpan"": 0.00814045, ""disuruh"": 0.04386286, ""ditahan"": 0.04386286, ""ditanya"": 0.03161899, ""dki"": 0.25482686, ""dpr"": 0.02363459, ""duit"": 0.08112438, ""emang"": 0.08112438, ""enggak"": 0.10475897, ""fiskal"": 0.03822033, ""gedung"": 0.03161899, ""gelontorkan"": 0.03822033, ""gitu"": 0.0336648, ""gubernur"": 0.08112438, ""hal"": 0.03437083, ""harus"": 0.03208203, ""harusnya"": 0.0336648, ""hasil"": 0.01782421, ""hati"": 0.11466098, ""hitungan"": 0.07280768, ""ingin"": 0.02363459, ""instrumen"": 0.08112438, ""izin"": 0.07280768, ""jakarta"": 0.10465567, ""jangan"": 0.02927712, ""jelasnya"": 0.02998544, ""jika"": 0.05023754, ""jumlah"": 0.02746063, ""justru"": 0.02597645, ""kalau"": 0.12775637, ""kami"": 0.01688388, ""kan"": 0.16786732, ""kata"": 0.01631239, ""kebanyakan"": 0.04386286, ""kebijakan"": 0.02862554, ""kebutuhan"": 0.02511877, ""kendati"": 0.03822033, ""ketika"": 0.0247216, ""keuangan"": 0.12171452, ""kewajiban"": 0.0336648, ""kita"": 0.03564842, ""kondisi"": 0.04022176, ""langkah"": 0.02330228, ""lanjut"": 0.0243429, ""lihat"": 0.0218181, ""mau"": 0.105767, ""memang"": 0.04310236, ""mematuhi"": 0.04386286, ""membiayai"": 0.04386286, ""meminta"": 0.0528835, ""mempelajari"": 0.03822033, ""mempersilakan"": 0.04386286, ""mempertanyakan"": 0.04056219, ""menanggapi"": 0.0673296, ""mencukupi"": 0.03822033, ""mendengarkan"": 0.04056219, ""mendesak"": 0.04056219, ""menegaskan"": 0.04796209, ""menerbitkan"": 0.10921151, ""mengajukan"": 0.06983931, ""mengambil"": 0.05492127, ""mengatakan"": 0.01947624, ""mengingatkan"": 0.0336648, ""menilai"": 0.0243429, ""menkeu"": 0.03257779, ""menteri"": 0.04066784, ""menyampaikan"": 0.02644175, ""menyukai"": 0.00814045, ""meski"": 0.02155118, ""minta"": 0.02802227, ""naikkan"": 0.03822033, ""nanti"": 0.04535157, ""neken"": 0.04386286, ""ngaco"": 0.03640384, ""nggak"": 0.0528835, ""ngutang"": 0.04386286, ""obligasi"": 0.36505971, ""otonomi"": 0.04386286, ""pak"": 0.03640384, ""pandangan"": 0.04056219, ""pelajari"": 0.04056219, ""pembangunan"": 0.02998544, ""pemda"": 0.11466098, ""pemerintah"": 0.11936274, ""pemprov"": 0.04386286, ""penahanan"": 0.04056219, ""penerbitan"": 0.10921151, ""penyaluran"": 0.03257779, ""perlu"": 0.07660897, ""permintaan"": 0.02998544, ""perundang"": 0.04056219, ""pikir"": 0.06152261, ""posisi"": 0.01870037, ""prabowo"": 0.02693526, ""pramono"": 0.32449752, ""pun"": 0.02129273, ""punya"": 0.02363459, ""purbaya"": 0.317301, ""pusat"": 0.07302871, ""rea"": 0.04386286, ""rencana"": 0.02927712, ""retno"": 0.02693526, ""sadewa"": 0.0823819, ""scroll"": 0.008771, ""sebelumnya"": 0.01816344, ""sehingga"": 0.02056325, ""sejumlah"": 0.01947624, ""selasa"": 0.01718541, ""semula"": 0.03640384, ""sendiri"": 0.05195291, ""senin"": 0.01590865, ""sep"": 0.01177659, ""seperti"": 0.0157784, ""sesuai"": 0.02330228, ""siap"": 0.02298301, ""sih"": 0.03491966, ""soal"": 0.02209408, ""tahu"": 0.07535632, ""tambah"": 0.02693526, ""tapi"": 0.03564842, ""tawar"": 0.04386286, ""terasa"": 0.03822033, ""terbitin"": 0.13158858, ""terbitkan"": 0.04056219, ""terburu"": 0.08772572, ""terkait"": 0.02079922, ""terlebih"": 0.03161899, ""tetap"": 0.09081722, ""tunggu"": 0.03491966, ""uangnya"": 0.0673296, ""ujar"": 0.01703325, ""undang"": 0.0673296, ""undangan"": 0.04056219, ""utang"": 0.03161899, ""wib"": 0.00814045, ""wibowo"": 0.04386286, ""wilayah"": 0.02927712, ""with"": 0.008771, ""yudhi"": 0.07932525}",2
FN044,"{""acd"": 0.03103742, ""adalah"": 0.03496464, ""advertisement"": 0.00659919, ""aja"": 0.0236459, ""alasan"": 0.01891912, ""alfa"": 0.19943398, ""anda"": 0.00571779, ""antardaerah"": 0.02849057, ""apabila"": 0.02106154, ""atas"": 0.01513738, ""aturan"": 0.04441786, ""badan"": 0.0168441, ""bagi"": 0.02503917, ""baru"": 0.01367996, ""bawah"": 0.0216065, ""bekasi"": 0.05113955, ""belum"": 0.01495585, ""berada"": 0.026013, ""berapa"": 0.04576478, ""berarti"": 0.01928814, ""beras"": 0.0216065, ""berdasarkan"": 0.04541214, ""berkisar"": 0.02849057, ""berlaku"": 0.02106154, ""berupa"": 0.01928814, ""besaran"": 0.04729179, ""biaya"": 0.02106154, ""bps"": 0.07670932, ""bukan"": 0.01495585, ""bulatkan"": 0.05698114, ""buruh"": 0.19943398, ""cirebon"": 0.05698114, ""content"": 0.00616068, ""continue"": 0.00616068, ""cuma"": 0.01444346, ""dasar"": 0.0245273, ""data"": 0.01928814, ""depan"": 0.04191973, ""detikcom"": 0.01824566, ""detikfinance"": 0.00964566, ""dia"": 0.02503917, ""diambil"": 0.02220893, ""dibagi"": 0.05369132, ""dibahas"": 0.02684566, ""dihitung"": 0.02684566, ""dihubungi"": 0.02556977, ""dikaji"": 0.03080893, ""dikalikan"": 0.02849057, ""dilakukan"": 0.01382472, ""dinilai"": 0.03857627, ""diperkirakan"": 0.02556977, ""disamaratakan"": 0.02684566, ""disimpan"": 0.00571779, ""ditambah"": 0.02288239, ""diusulkan"": 0.02849057, ""dpr"": 0.03320151, ""ekonomi"": 0.11968787, ""ekonominya"": 0.05698114, ""ekstrem"": 0.02684566, ""fadilah"": 0.01891912, ""formula"": 0.04905459, ""halaman"": 0.02849057, ""ilyas"": 0.01891912, ""indeks"": 0.10738265, ""indonesia"": 0.03095735, ""industri"": 0.01968262, ""inflasi"": 0.23012797, ""informasi"": 0.0168441, ""iqbal"": 0.02684566, ""jakarta"": 0.01336533, ""jelas"": 0.03587303, ""juta"": 0.14349212, ""kalau"": 0.01495585, ""kalender"": 0.02684566, ""kami"": 0.01185911, ""kan"": 0.0168441, ""kata"": 0.02291539, ""kategori"": 0.04905459, ""keadilan"": 0.02684566, ""kenaikan"": 0.15135296, ""kenaikannya"": 0.02556977, ""kerja"": 0.01857248, ""kesenjangan"": 0.02849057, ""ketemu"": 0.02684566, ""ketenagakerjaan"": 0.05698114, ""kira"": 0.05369132, ""kisaran"": 0.05113955, ""kita"": 0.02503917, ""kompleks"": 0.02010636, ""komponen"": 0.0245273, ""konfederasi"": 0.05698114, ""kontribusi"": 0.0236459, ""kota"": 0.04321301, ""ksp"": 0.02849057, ""kspi"": 0.05698114, ""kspn"": 0.08547171, ""lagi"": 0.01340099, ""laporan"": 0.0216065, ""lebar"": 0.02684566, ""maka"": 0.03857627, ""masih"": 0.03193781, ""melalui"": 0.01367996, ""memberikan"": 0.01412573, ""memiliki"": 0.01353877, ""meminta"": 0.01857248, ""memperkirakan"": 0.0236459, ""mempertimbangkan"": 0.0236459, ""mencapai"": 0.0168441, ""menciptakan"": 0.02288239, ""mencontohkan"": 0.02684566, ""menegaskan"": 0.0168441, ""menentukan"": 0.02220893, ""menetapkan"": 0.0236459, ""mengenai"": 0.01857248, ""menggambarkan"": 0.02849057, ""menggunakan"": 0.03857627, ""mengusulkan"": 0.14245284, ""menjadi"": 0.01847414, ""menunggu"": 0.06318462, ""menurut"": 0.01571935, ""menyoroti"": 0.0245273, ""menyukai"": 0.00571779, ""merupakan"": 0.01288083, ""minimum"": 0.43468616, ""minta"": 0.03936525, ""misal"": 0.02849057, ""mulai"": 0.01251959, ""naik"": 0.03228617, ""nilai"": 0.0216065, ""nusantara"": 0.02556977, ""oktober"": 0.04112805, ""outsourcing"": 0.03080893, ""pekerja"": 0.11396227, ""pemerintah"": 0.01397324, ""penghitungan"": 0.05369132, ""pengupahan"": 0.02849057, ""pengusaha"": 0.0236459, ""perhitungan"": 0.04729179, ""perkiraan"": 0.0245273, ""persaingan"": 0.01891912, ""persen"": 0.02220893, ""persentase"": 0.05113955, ""pertumbuhan"": 0.18095722, ""presiden"": 0.03587303, ""prinsip"": 0.0245273, ""produksi"": 0.02010636, ""proses"": 0.01736426, ""pusat"": 0.01709827, ""rata"": 0.0822561, ""reformasi"": 0.02684566, ""rentang"": 0.02684566, ""resmi"": 0.03587303, ""ristadi"": 0.08547171, ""ruu"": 0.02849057, ""said"": 0.11396227, ""salah"": 0.01412573, ""sama"": 0.01551871, ""sampai"": 0.06912361, ""satu"": 0.01196402, ""scroll"": 0.00616068, ""sebesar"": 0.03528646, ""secara"": 0.01108262, ""sedang"": 0.04021272, ""sedangkan"": 0.03936525, ""sehat"": 0.0245273, ""sejenis"": 0.02849057, ""sekaligus"": 0.01532487, ""sekian"": 0.02556977, ""sekitar"": 0.04541214, ""sektor"": 0.01736426, ""selasa"": 0.0120709, ""selisihnya"": 0.02849057, ""seluruh"": 0.0295598, ""semakin"": 0.01709827, ""sementara"": 0.01126708, ""senayan"": 0.02684566, ""senin"": 0.01117411, ""sep"": 0.00827179, ""september"": 0.0299117, ""serikat"": 0.07093769, ""setidak"": 0.02849057, ""sistem"": 0.04021272, ""skema"": 0.0216065, ""soroti"": 0.02849057, ""statistik"": 0.0245273, ""tahun"": 0.06595546, ""takwim"": 0.02849057, ""tapi"": 0.01251959, ""tau"": 0.02684566, ""tenaga"": 0.02220893, ""tentang"": 0.01968262, ""tentu"": 0.02056403, ""terhadap"": 0.01340099, ""termasuk"": 0.0147799, ""tertentu"": 0.09810919, ""thailand"": 0.02556977, ""tidaknya"": 0.02849057, ""tuh"": 0.0245273, ""udah"": 0.02849057, ""upah"": 0.56981137, ""usul"": 0.02849057, ""usulan"": 0.04729179, ""usulannya"": 0.02849057, ""usulkan"": 0.02849057, ""wib"": 0.00571779, ""with"": 0.00616068}",2
FN045,"{""advertisement"": 0.0102237, ""alokasi"": 0.03440684, ""anda"": 0.0088582, ""anggaran"": 0.35172178, ""anggota"": 0.11884071, ""antara"": 0.02535685, ""apbn"": 0.07326606, ""atas"": 0.07035405, ""baik"": 0.02015012, ""belanja"": 0.10635055, ""berdasarkan"": 0.02345135, ""berikut"": 0.03185849, ""bersama"": 0.06358039, ""content"": 0.00954434, ""continue"": 0.00954434, ""depan"": 0.02164783, ""detikfinance"": 0.01494339, ""dialokasikan"": 0.08827713, ""diambil"": 0.03440684, ""dibacakan"": 0.04773026, ""disimpan"": 0.0088582, ""dpr"": 0.28290303, ""dukungan"": 0.09557548, ""ekonomi"": 0.02648922, ""fadilah"": 0.02931015, ""fiskal"": 0.08318044, ""hadir"": 0.03545018, ""hal"": 0.03740131, ""hns"": 0.03545018, ""ily"": 0.04773026, ""ilyas"": 0.02931015, ""jakarta"": 0.02070603, ""kami"": 0.03674507, ""kasih"": 0.1004206, ""kata"": 0.01775065, ""kebijakan"": 0.06229892, ""kekayaan"": 0.04413857, ""kemenkeu"": 0.23768142, ""kementerian"": 0.12859229, ""kemudian"": 0.04329566, ""kepada"": 0.01957842, ""keputusan"": 0.03262926, ""kerja"": 0.11509249, ""kesepakatan"": 0.04413857, ""kesimpulan"": 0.08827713, ""kesimpulannya"": 0.04773026, ""ketua"": 0.03185849, ""keuangan"": 0.21191377, ""komisi"": 0.38230192, ""kompleks"": 0.03114946, ""manajemen"": 0.07922714, ""membacakan"": 0.04773026, ""meminta"": 0.02877312, ""mendapat"": 0.0586203, ""mendapatkan"": 0.02877312, ""menteri"": 0.04425353, ""menyampaikan"": 0.08631937, ""menyatakan"": 0.06881368, ""menyatujui"": 0.04773026, ""menyepakati"": 0.09546051, ""menyetujui"": 0.04413857, ""menyukai"": 0.0088582, ""miliar"": 0.10322052, ""misbakhun"": 0.14319077, ""negara"": 0.14611776, ""pagu"": 0.24954132, ""parlemen"": 0.03961357, ""pendapatan"": 0.06371699, ""penerimaan"": 0.07326606, ""pengelolaan"": 0.14653213, ""perbendaharaan"": 0.03799853, ""perhatian"": 0.03545018, ""persetujuan"": 0.12477066, ""persetujuannya"": 0.04773026, ""pimpinan"": 0.04159022, ""porsi"": 0.04413857, ""program"": 0.20517104, ""purbaya"": 0.14386562, ""rapat"": 0.15893533, ""rincian"": 0.03961357, ""risiko"": 0.03961357, ""sadewa"": 0.05976369, ""sama"": 0.02404211, ""satu"": 0.01853508, ""scroll"": 0.00954434, ""sebesar"": 0.16400099, ""sejumlah"": 0.02119346, ""sektor"": 0.02690131, ""selanjutnya"": 0.03799853, ""sementara"": 0.01745535, ""senin"": 0.03462263, ""sep"": 0.01281494, ""serta"": 0.02097473, ""setuju"": 0.04413857, ""setujui"": 0.04773026, ""tahun"": 0.08515038, ""terbesar"": 0.03545018, ""terhadap"": 0.08304508, ""terima"": 0.10635055, ""terjalin"": 0.04773026, ""tok"": 0.04773026, ""triliun"": 0.14655074, ""tutup"": 0.03262926, ""usulan"": 0.03663303, ""wib"": 0.0088582, ""with"": 0.00954434, ""yudhi"": 0.05754625}",2
FN046,"{""abu"": 0.09543818, ""advertisement"": 0.0084778, ""akibatnya"": 0.03660103, ""aktif"": 0.03284877, ""alam"": 0.05551454, ""alasan"": 0.02430486, ""alif"": 0.02477893, ""aman"": 0.02528572, ""anak"": 0.06589699, ""anda"": 0.00734549, ""ara"": 0.02343969, ""armada"": 0.03448787, ""atung"": 0.06897574, ""bandar"": 0.03150953, ""bandara"": 0.77490224, ""bandung"": 0.06075444, ""banten"": 0.18226332, ""banyak"": 0.01814693, ""barat"": 0.02641803, ""berakhir"": 0.02853119, ""berbentuk"": 0.03957937, ""berdampak"": 0.03150953, ""berdasarkan"": 0.01944657, ""berjalan"": 0.02132652, ""berkoordinasi"": 0.02705717, ""beroperasi"": 0.02853119, ""bersama"": 0.01757426, ""beserta"": 0.03957937, ""budiarto"": 0.05879273, ""bungsu"": 0.06897574, ""cabe"": 0.05879273, ""catatan"": 0.02385955, ""content"": 0.00791445, ""continue"": 0.00791445, ""curug"": 0.06569754, ""dampak"": 0.02477893, ""delapan"": 0.02775727, ""detikfinance"": 0.01239151, ""dibatasi"": 0.03957937, ""dibuka"": 0.05879273, ""dilakukan"": 0.01776023, ""dilarang"": 0.03957937, ""dilintasi"": 0.03957937, ""dini"": 0.03448787, ""dinyatakan"": 0.03448787, ""diperpanjang"": 0.02939637, ""disertai"": 0.03660103, ""disimpan"": 0.00734549, ""ditutup"": 0.05411434, ""dudy"": 0.11758546, ""gunung"": 0.07031907, ""hal"": 0.01550715, ""halim"": 0.05551454, ""hari"": 0.01670909, ""harus"": 0.01447451, ""hatta"": 0.13878634, ""herdi"": 0.02477893, ""hikam"": 0.02477893, ""husein"": 0.08559358, ""inspeksi"": 0.03957937, ""instansi"": 0.03037722, ""inten"": 0.08559358, ""jakarta"": 0.0257551, ""kata"": 0.01471938, ""keamanan"": 0.02853119, ""kedua"": 0.01687416, ""kembali"": 0.07104093, ""keselamatan"": 0.02583007, ""keterangan"": 0.02196566, ""kiemas"": 0.05879273, ""kondisi"": 0.01814693, ""krakatau"": 0.06912762, ""kru"": 0.03957937, ""lagi"": 0.01721587, ""lain"": 0.01704303, ""lampung"": 0.11758546, ""langsung"": 0.01623502, ""lanjut"": 0.02196566, ""masih"": 0.02735308, ""maskapai"": 0.05879273, ""melakukan"": 0.01564707, ""meliputi"": 0.03284877, ""memastikan"": 0.03629385, ""meminta"": 0.02385955, ""mengalami"": 0.02102667, ""mengandung"": 0.03660103, ""mengetahui"": 0.02939637, ""menhub"": 0.02775727, ""menteri"": 0.01834819, ""menunggu"": 0.02705717, ""menyatakan"": 0.02853119, ""menyukai"": 0.00734549, ""menyusul"": 0.03037722, ""muhammad"": 0.02641803, ""mulai"": 0.01608356, ""normal"": 0.06569754, ""operasional"": 0.17311316, ""otoritas"": 0.10346361, ""pagar"": 0.06897574, ""pembaruan"": 0.03037722, ""pembukaan"": 0.08559358, ""penerbangan"": 0.02477893, ""pengelola"": 0.03037722, ""penutupan"": 0.0832718, ""per"": 0.04608508, ""perdanakusuma"": 0.05551454, ""perhubungan"": 0.02775727, ""perkembangan"": 0.02583007, ""pertama"": 0.01687416, ""pesawat"": 0.05706238, ""pesisir"": 0.03660103, ""pilot"": 0.03284877, ""poligon"": 0.03957937, ""polygon"": 0.03957937, ""pondok"": 0.05879273, ""pukul"": 0.10114286, ""purwagandhi"": 0.05879273, ""radin"": 0.08559358, ""restricted"": 0.03957937, ""ruang"": 0.02477893, ""sabtu"": 0.02304254, ""sastranegara"": 0.05706238, ""scroll"": 0.00791445, ""sebanyak"": 0.02230738, ""sebaran"": 0.05411434, ""sebelumnya"": 0.01638967, ""secara"": 0.0427126, ""sejak"": 0.01814693, ""sejumlah"": 0.03514852, ""selamat"": 0.03284877, ""selasa"": 0.0620286, ""selatan"": 0.02385955, ""sementara"": 0.01447451, ""sempat"": 0.01855511, ""semua"": 0.01968743, ""senin"": 0.01435506, ""sep"": 0.01062654, ""september"": 0.01921336, ""serta"": 0.05217864, ""soekarno"": 0.13878634, ""soetta"": 0.02853119, ""sudut"": 0.03957937, ""sumatera"": 0.03284877, ""sumsel"": 0.03957937, ""tanggal"": 0.03150953, ""taufik"": 0.03448787, ""taufiq"": 0.03150953, ""terdeteksi"": 0.03448787, ""terhadap"": 0.01721587, ""terkait"": 0.03753608, ""terkena"": 0.03660103, ""terminal"": 0.03660103, ""tertulis"": 0.02583007, ""terus"": 0.01795104, ""udara"": 0.07585715, ""ungkap"": 0.02477893, ""vulkanik"": 0.09543818, ""wajib"": 0.03448787, ""wib"": 0.03672744, ""wilayah"": 0.02641803, ""with"": 0.00791445, ""yakni"": 0.02304254}",2
FN047,"{""abu"": 0.11707954, ""adalah"": 0.0146943, ""advertisement"": 0.00832017, ""aeronautika"": 0.06769323, ""airnav"": 0.12369461, ""alam"": 0.05448232, ""alif"": 0.0243182, ""anak"": 0.04311448, ""and"": 0.03223799, ""anda"": 0.00720891, ""antara"": 0.0206357, ""ara"": 0.02300386, ""ash"": 0.03384661, ""atung"": 0.03384661, ""awan"": 0.03884345, ""bagian"": 0.02092999, ""bahwa"": 0.01706948, ""bandar"": 0.30923653, ""bandara"": 0.40559678, ""bandung"": 0.02981239, ""berdampak"": 0.03092365, ""berdasarkan"": 0.15267988, ""berhati"": 0.03592049, ""berkala"": 0.03092365, ""beroperasi"": 0.02800069, ""berstatus"": 0.29014193, ""budiarto"": 0.02884978, ""bungsu"": 0.03384661, ""cabe"": 0.02884978, ""closed"": 0.09671398, ""content"": 0.0077673, ""continue"": 0.0077673, ""daftar"": 0.02481556, ""daftarnya"": 0.03384661, ""dahulu"": 0.02981239, ""detail"": 0.07768689, ""detikfinance"": 0.0121611, ""dibuka"": 0.05769956, ""dilakukan"": 0.03486001, ""diminta"": 0.03092365, ""disimpan"": 0.00720891, ""diterbitkan"": 0.03592049, ""ditutup"": 0.13277038, ""enam"": 0.0253498, ""estimasi"": 0.09277096, ""evaluasi"": 0.02884978, ""fir"": 0.03884345, ""gunung"": 0.04600772, ""hal"": 0.01521881, ""halim"": 0.02724116, ""hari"": 0.0163984, ""hasil"": 0.01578451, ""hati"": 0.03384661, ""hatta"": 0.05448232, ""herdi"": 0.0243182, ""hikam"": 0.0243182, ""husein"": 0.05600138, ""ikut"": 0.0243182, ""imbas"": 0.05600138, ""indonesia"": 0.05204076, ""informasi"": 0.04247359, ""inten"": 0.08400208, ""internasional"": 0.0253498, ""isi"": 0.03592049, ""jakarta"": 0.00842541, ""keberangkatan"": 0.03092365, ""kedatangan"": 0.03223799, ""kemarin"": 0.02261409, ""kembali"": 0.13944003, ""keselamatan"": 0.0506996, ""keterangan"": 0.02155724, ""ketiga"": 0.01981873, ""kiemas"": 0.05769956, ""kondisi"": 0.03561902, ""krakatau"": 0.04522819, ""lagi"": 0.01689577, ""lain"": 0.01672614, ""lainnya"": 0.02261409, ""lampung"": 0.08654934, ""lapangan"": 0.02385295, ""lesung"": 0.06447598, ""lokasi"": 0.02800069, ""malam"": 0.02092999, ""masih"": 0.09395568, ""melalui"": 0.01724749, ""memerhatikan"": 0.03884345, ""mengacu"": 0.03384661, ""mengingatkan"": 0.02981239, ""mengumumkan"": 0.03223799, ""menjadi"": 0.02329193, ""menyukai"": 0.00720891, ""minggu"": 0.01800702, ""muhammad"": 0.05185364, ""mulai"": 0.09470705, ""notam"": 0.27831287, ""notamc"": 0.03884345, ""notamr"": 0.16118996, ""open"": 0.18554192, ""operasinya"": 0.03884345, ""operasional"": 0.06371038, ""operations"": 0.03592049, ""pagar"": 0.06769323, ""pagi"": 0.03092365, ""pandeglang"": 0.03384661, ""paper"": 0.03223799, ""pemantauan"": 0.03223799, ""pembaruan"": 0.02981239, ""penerbangan"": 0.07295459, ""penerbitan"": 0.03223799, ""penutupan"": 0.02724116, ""perdanakusuma"": 0.02724116, ""perkembangan"": 0.0253498, ""persisten"": 0.03884345, ""perubahan"": 0.02481556, ""pilot"": 0.03223799, ""pondok"": 0.02884978, ""proses"": 0.0218926, ""pukul"": 0.27297117, ""radin"": 0.08400208, ""resminya"": 0.03223799, ""resumed"": 0.03592049, ""salakanagara"": 0.06447598, ""sastranegara"": 0.02800069, ""scroll"": 0.0077673, ""sebaran"": 0.05310815, ""secara"": 0.01397281, ""sehingga"": 0.01821011, ""sejak"": 0.03561902, ""sejumlah"": 0.01724749, ""selain"": 0.0200809, ""selama"": 0.01761726, ""selasa"": 0.03043763, ""selatan"": 0.02341591, ""sementara"": 0.01420537, ""sempat"": 0.01821011, ""sep"": 0.01042895, ""september"": 0.18856112, ""setelah"": 0.01508406, ""soekarno"": 0.05448232, ""soetta"": 0.02800069, ""status"": 0.05769956, ""tangerang"": 0.06769323, ""tanjung"": 0.06184731, ""taufiq"": 0.06184731, ""tengah"": 0.0218926, ""terbaru"": 0.06447598, ""terdampak"": 0.02481556, ""terhadap"": 0.01689577, ""termasuk"": 0.01863428, ""tersibuk"": 0.03884345, ""test"": 0.03223799, ""tiga"": 0.01706948, ""tulis"": 0.03592049, ""udara"": 0.24815561, ""volcanic"": 0.03384661, ""vulkanik"": 0.09366363, ""wib"": 0.08650689, ""wicc"": 0.03884345, ""wihh"": 0.03884345, ""wihi"": 0.03384661, ""wihp"": 0.03884345, ""wiii"": 0.03884345, ""will"": 0.03592049, ""wilp"": 0.03384661, ""wipy"": 0.03884345, ""wirr"": 0.03884345, ""with"": 0.0077673}",2
FN048,"{""abu"": 0.05224337, ""adanya"": 0.02566202, ""advertisement"": 0.00928159, ""agar"": 0.02155401, ""ahsanurrohim"": 0.04333192, ""air"": 0.09116687, ""airnav"": 0.03449697, ""airports"": 0.08666385, ""alif"": 0.02712824, ""aman"": 0.02768307, ""anak"": 0.02404825, ""anda"": 0.00804192, ""apron"": 0.08014241, ""ara"": 0.02566202, ""area"": 0.03449697, ""arie"": 0.04333192, ""armada"": 0.03775769, ""arus"": 0.11327307, ""aspek"": 0.02962248, ""atfm"": 0.08666385, ""awal"": 0.06026337, ""bagian"": 0.02334851, ""bandara"": 0.59385992, ""berangkat"": 0.03325731, ""berjalan"": 0.02334851, ""berkoordinasi"": 0.02962248, ""beroperasi"": 0.03123626, ""bertahap"": 0.13798789, ""besar"": 0.01625241, ""calon"": 0.03596319, ""content"": 0.00866483, ""continue"": 0.00866483, ""corporate"": 0.03123626, ""daftarnya"": 0.03775769, ""darat"": 0.03775769, ""detikfinance"": 0.01356636, ""diberikan"": 0.09977192, ""dibuka"": 0.09655037, ""digunakan"": 0.02892274, ""diimbau"": 0.03775769, ""dilakukan"": 0.05833228, ""dipastikan"": 0.03775769, ""diperlukan"": 0.04007121, ""dipulihkan"": 0.04333192, ""disimpan"": 0.00804192, ""ditutup"": 0.05924496, ""erupsi"": 0.02768307, ""fase"": 0.11327307, ""fasilitas"": 0.06077791, ""flow"": 0.04333192, ""general"": 0.03596319, ""group"": 0.04007121, ""gunung"": 0.02566202, ""hal"": 0.01697739, ""halim"": 0.09116687, ""hatta"": 0.21272269, ""head"": 0.03775769, ""herdi"": 0.02712824, ""heru"": 0.12999577, ""hikam"": 0.02712824, ""husein"": 0.15618128, ""indonesia"": 0.01451356, ""injourney"": 0.11327307, ""inten"": 0.03123626, ""jadwal"": 0.05224337, ""jakarta"": 0.00939899, ""kanal"": 0.03218346, ""kapasitas"": 0.05784548, ""karyadi"": 0.08666385, ""kata"": 0.01611493, ""keberangkatan"": 0.06899395, ""kebutuhan"": 0.02481472, ""kedatangan"": 0.03596319, ""kekesatan"": 0.04333192, ""kembali"": 0.07777637, ""kemudian"": 0.01965299, ""keselamatan"": 0.02827904, ""kesiapan"": 0.03218346, ""keterangan"": 0.02404825, ""keterangannya"": 0.03325731, ""ketersediaan"": 0.03123626, ""ketiga"": 0.02210884, ""kondisi"": 0.01986745, ""krakatau"": 0.02522722, ""lagi"": 0.05654437, ""lalu"": 0.01944409, ""land"": 0.04333192, ""landas"": 0.04333192, ""landasan"": 0.03775769, ""lanjut"": 0.02404825, ""lapangan"": 0.02660922, ""layanan"": 0.02892274, ""lepas"": 0.03775769, ""lintas"": 0.02892274, ""management"": 0.04007121, ""manager"": 0.03596319, ""masih"": 0.02994644, ""masing"": 0.05224337, ""maskapai"": 0.03218346, ""melalui"": 0.05772147, ""melayani"": 0.07192638, ""memantau"": 0.03449697, ""memastikan"": 0.0397349, ""membersihkan"": 0.04333192, ""memenuhi"": 0.02892274, ""mempercepat"": 0.03218346, ""mempertimbangkan"": 0.03325731, ""memungkinkan"": 0.03596319, ""menambahkan"": 0.02404825, ""mendarat"": 0.04333192, ""mendukung"": 0.02768307, ""mengembalikan"": 0.04333192, ""mengingat"": 0.03038896, ""mengutamakan"": 0.04333192, ""menjamin"": 0.03596319, ""menuju"": 0.02827904, ""menunjukkan"": 0.02442236, ""menyukai"": 0.00804192, ""mobilitas"": 0.04007121, ""mulai"": 0.05282537, ""notam"": 0.03449697, ""operasi"": 0.06247251, ""operasional"": 0.11845384, ""operations"": 0.12021362, ""operator"": 0.08014241, ""paparan"": 0.03596319, ""pembukaan"": 0.03123626, ""pemulihan"": 0.06651461, ""penerapan"": 0.07551538, ""penerbangan"": 0.16276943, ""penerbangannya"": 0.03775769, ""pengaturan"": 0.07551538, ""pengendalian"": 0.07551538, ""penumpang"": 0.03325731, ""penyesuaian"": 0.03449697, ""perdanakusuma"": 0.09116687, ""personel"": 0.04007121, ""persyaratan"": 0.04333192, ""pesawat"": 0.03123626, ""publik"": 0.02962248, ""pukul"": 0.11073229, ""radin"": 0.03123626, ""recovery"": 0.04007121, ""resmi"": 0.02522722, ""resumed"": 0.12021362, ""runway"": 0.08014241, ""sama"": 0.04365328, ""sastranegara"": 0.09370877, ""scroll"": 0.00866483, ""sebelum"": 0.02155401, ""sebelumnya"": 0.01794358, ""secara"": 0.06234962, ""secretary"": 0.03325731, ""sekaligus"": 0.02155401, ""selasa"": 0.03395479, ""seluruh"": 0.06236259, ""senantiasa"": 0.04333192, ""sep"": 0.01163405, ""september"": 0.06310498, ""serta"": 0.05712574, ""sesuai"": 0.02302022, ""siap"": 0.09081924, ""side"": 0.12999577, ""sisi"": 0.07326707, ""soekarno"": 0.21272269, ""soetta"": 0.06247251, ""standar"": 0.03218346, ""status"": 0.12873383, ""strategi"": 0.02768307, ""tangerang"": 0.03775769, ""taxiway"": 0.04007121, ""terdampak"": 0.02768307, ""termasuk"": 0.04157506, ""tertib"": 0.03775769, ""terukur"": 0.03775769, ""tetap"": 0.01794358, ""tiga"": 0.01904191, ""traffic"": 0.04007121, ""transportasi"": 0.03325731, ""tujuan"": 0.03449697, ""udara"": 0.05536615, ""ujar"": 0.03365415, ""uji"": 0.03449697, ""usai"": 0.04962945, ""vulkanik"": 0.05224337, ""wib"": 0.04020959, ""with"": 0.00866483, ""yakni"": 0.02522722}",2
FN049,"{""adanya"": 0.02521377, ""advertisement"": 0.00911946, ""agar"": 0.02117751, ""akhir"": 0.0193097, ""akses"": 0.03389439, ""alif"": 0.02665437, ""alp"": 0.08515004, ""anak"": 0.02362818, ""anda"": 0.00790145, ""angkut"": 0.11811378, ""antara"": 0.02261811, ""antrean"": 0.29802514, ""ara"": 0.02521377, ""arahan"": 0.03389439, ""arus"": 0.03709815, ""asdp"": 0.04257502, ""aspek"": 0.02910505, ""atosim"": 0.04257502, ""bahan"": 0.03267638, ""bahu"": 0.04257502, ""bakauheni"": 0.04257502, ""balai"": 0.04257502, ""banyuwangi"": 0.04257502, ""bathimetri"": 0.04257502, ""belasan"": 0.04257502, ""belum"": 0.02066756, ""berada"": 0.01797375, ""berdasarkan"": 0.02091842, ""berjalan"": 0.04588133, ""berkoordinasi"": 0.02910505, ""berkurang"": 0.03709815, ""berlayar"": 0.04257502, ""bersama"": 0.0189044, ""berupa"": 0.02665437, ""biang"": 0.035335, ""bptd"": 0.04257502, ""bulusan"": 0.08515004, ""bumdes"": 0.04257502, ""cepat"": 0.02910505, ""content"": 0.00851348, ""continue"": 0.00851348, ""darat"": 0.03709815, ""depan"": 0.0193097, ""dermaga"": 0.17030008, ""detikfinance"": 0.01332938, ""dibandingkan"": 0.0256654, ""diharapkan"": 0.03267638, ""dijadwalkan"": 0.03389439, ""dikelola"": 0.035335, ""diklaim"": 0.04257502, ""dilakukan"": 0.05731336, ""dinamika"": 0.035335, ""dipengaruhi"": 0.03389439, ""direncanakan"": 0.04257502, ""diserbu"": 0.04257502, ""disiapkan"": 0.03162129, ""disimpan"": 0.00790145, ""disusul"": 0.02910505, ""docking"": 0.04257502, ""dolphin"": 0.04257502, ""empat"": 0.02327695, ""erupsi"": 0.02719952, ""evaluasi"": 0.03162129, ""faktor"": 0.02985813, ""fasilitas"": 0.02985813, ""ferry"": 0.03709815, ""gilimanuk"": 0.17030008, ""guna"": 0.06778879, ""hal"": 0.01668084, ""hanya"": 0.01610594, ""harus"": 0.01557004, ""hasil"": 0.03460176, ""herdi"": 0.02665437, ""hikam"": 0.02665437, ""iii"": 0.07067, ""indonesia"": 0.01426004, ""insentif"": 0.04257502, ""intensif"": 0.03709815, ""jakarta"": 0.00923481, ""jalan"": 0.03389439, ""jalur"": 0.10168318, ""jasa"": 0.06778879, ""jatra"": 0.04257502, ""jatuh"": 0.03389439, ""kami"": 0.03277632, ""kantong"": 0.04257502, ""kapal"": 0.28267999, ""kapasitas"": 0.14208765, ""keamanan"": 0.03069063, ""kedalaman"": 0.03937126, ""kelaiklautan"": 0.04257502, ""kelancaran"": 0.07067, ""kelas"": 0.06138127, ""kemacetan"": 0.12772506, ""kemarin"": 0.02478656, ""kemenhub"": 0.07067, ""kendala"": 0.06778879, ""kendaraan"": 0.19605829, ""kepadatan"": 0.07874252, ""kepala"": 0.02778508, ""kepelabuhanan"": 0.04257502, ""kepentingan"": 0.06778879, ""kerok"": 0.03709815, ""keselamatan"": 0.11114031, ""ketapang"": 0.25545012, ""ketentuan"": 0.03389439, ""keterbatasan"": 0.03389439, ""ketika"": 0.02399576, ""kilometer"": 0.03389439, ""kmp"": 0.12772506, ""kondisi"": 0.09760207, ""koordinasi"": 0.03162129, ""krakatau"": 0.02478656, ""ksop"": 0.08515004, ""lain"": 0.01833297, ""lampung"": 0.03162129, ""lancar"": 0.03937126, ""langkah"": 0.04523623, ""lapangan"": 0.02614443, ""link"": 0.08515004, ""lintas"": 0.02841753, ""logistik"": 0.0920719, ""lokasi"": 0.03069063, ""malam"": 0.02294067, ""mampu"": 0.02117751, ""masih"": 0.02942335, ""mekanisme"": 0.03162129, ""melakukan"": 0.01683135, ""melalui"": 0.03780881, ""memastikan"": 0.03904083, ""membantu"": 0.02910505, ""memenuhi"": 0.02841753, ""mempengaruhi"": 0.03937126, ""mempercepat"": 0.03162129, ""memperkuat"": 0.02719952, ""menampung"": 0.03709815, ""menangani"": 0.035335, ""mencapai"": 0.02327695, ""mencatat"": 0.02985813, ""mendukung"": 0.05439903, ""mengetahui"": 0.03162129, ""mengikuti"": 0.02910505, ""mengimbau"": 0.03267638, ""mengurai"": 0.04257502, ""meningkatkan"": 0.04799151, ""menjadi"": 0.01276476, ""menjalani"": 0.02614443, ""menuju"": 0.05557015, ""menunjukkan"": 0.02399576, ""menyampaikan"": 0.0256654, ""menyebabkan"": 0.03389439, ""menyerobot"": 0.04257502, ""menyukai"": 0.00790145, ""merak"": 0.04257502, ""meskipun"": 0.03069063, ""minggu"": 0.01973691, ""mulai"": 0.03460176, ""namun"": 0.01833297, ""operasional"": 0.09310779, ""operator"": 0.03937126, ""optimalisasi"": 0.09802914, ""optimalnya"": 0.04257502, ""panjang"": 0.1045777, ""papar"": 0.03937126, ""parkir"": 0.08515004, ""pelabuhan"": 0.2128751, ""pelayanan"": 0.0895744, ""pelayaran"": 0.17030008, ""pemangku"": 0.07419631, ""pemantauan"": 0.07067, ""penambahan"": 0.03389439, ""penanganan"": 0.02841753, ""penerbitan"": 0.035335, ""pengaturan"": 0.03709815, ""pengawasan"": 0.03389439, ""pengelola"": 0.03267638, ""pengemudi"": 0.03937126, ""pengguna"": 0.035335, ""penggunaan"": 0.02985813, ""penguraian"": 0.08515004, ""pengurus"": 0.04257502, ""penurunan"": 0.02985813, ""penyeberangan"": 0.15748504, ""perairan"": 0.04257502, ""perawatan"": 0.035335, ""perbaikan"": 0.06535276, ""persetujuan"": 0.03709815, ""petugas"": 0.03709815, ""pihaknya"": 0.02665437, ""pola"": 0.03162129, ""port"": 0.08515004, ""posisi"": 0.01815132, ""proses"": 0.02399576, ""pukul"": 0.08159855, ""purgana"": 0.17030008, ""rencana"": 0.05683506, ""rtk"": 0.04257502, ""salah"": 0.01952041, ""sandar"": 0.12772506, ""satu"": 0.03306629, ""scroll"": 0.00851348, ""sebagian"": 0.03267638, ""secara"": 0.01531513, ""sejumlah"": 0.0189044, ""sekaligus"": 0.02117751, ""sekitar"": 0.08367369, ""selain"": 0.04402002, ""selasa"": 0.05004252, ""seluruh"": 0.06127326, ""sempat"": 0.03991899, ""senin"": 0.01544156, ""sep"": 0.01143083, ""september"": 0.02066756, ""serta"": 0.07483719, ""sesuai"": 0.04523623, ""signifikan"": 0.03069063, ""sisi"": 0.02399576, ""sore"": 0.02665437, ""spb"": 0.04257502, ""sritanjung"": 0.04257502, ""surat"": 0.035335, ""survei"": 0.07067, ""tambahan"": 0.02719952, ""tanjung"": 0.06778879, ""tembus"": 0.03069063, ""terdampak"": 0.02719952, ""terdapat"": 0.03069063, ""terkait"": 0.02018854, ""terminal"": 0.03937126, ""terpaksa"": 0.03389439, ""terpantau"": 0.04257502, ""tertib"": 0.03709815, ""terurai"": 0.03937126, ""terus"": 0.05792909, ""terutama"": 0.02665437, ""tetap"": 0.03526031, ""tiba"": 0.03162129, ""ticketing"": 0.04257502, ""tingginya"": 0.04257502, ""titik"": 0.02910505, ""transportasi"": 0.03267638, ""truk"": 0.10600499, ""tutup"": 0.02910505, ""ujar"": 0.01653314, ""ungkap"": 0.02665437, ""unit"": 0.03389439, ""volume"": 0.03389439, ""wangi"": 0.08515004, ""wib"": 0.03160578, ""with"": 0.00851348, ""yaitu"": 0.02841753}",2
FN050,"{""access"": 0.03697971, ""adalah"": 0.0151276, ""adanya"": 0.02368219, ""advertisement"": 0.00856551, ""agung"": 0.03318862, ""akhir"": 0.01813675, ""alasan"": 0.02455632, ""alasannya"": 0.03183553, ""alif"": 0.02503529, ""amanda"": 0.03697971, ""and"": 0.03318862, ""anda"": 0.00742148, ""aplikasi"": 0.03318862, ""ara"": 0.02368219, ""armada"": 0.03484468, ""aspek"": 0.0273371, ""assurance"": 0.03998886, ""atas"": 0.03929552, ""awal"": 0.01853801, ""bagi"": 0.03249992, ""bagian"": 0.02154717, ""bahwa"": 0.01757283, ""baik"": 0.01688196, ""baru"": 0.01775608, ""beberapa"": 0.01989111, ""bekerja"": 0.03484468, ""belakangan"": 0.03318862, ""berfungsi"": 0.03484468, ""berkaitan"": 0.0297005, ""berkala"": 0.03183553, ""berkoordinasi"": 0.0273371, ""berlangsung"": 0.02067304, ""beroperasi"": 0.02882637, ""bersama"": 0.03551217, ""bersifat"": 0.03183553, ""besar"": 0.01499853, ""bogie"": 0.07997772, ""bogor"": 0.14791882, ""buatan"": 0.03484468, ""check"": 0.07395941, ""cilebut"": 0.03998886, ""communication"": 0.03998886, ""commuter"": 0.48073618, ""content"": 0.00799634, ""continue"": 0.00799634, ""corporate"": 0.05765275, ""demi"": 0.0297005, ""depok"": 0.03697971, ""desember"": 0.03318862, ""detikfinance"": 0.01251971, ""dia"": 0.01624996, ""dibatalkan"": 0.06637724, ""diketahui"": 0.02882637, ""dikurangi"": 0.03998886, ""dilakukan"": 0.08971989, ""dioperasikan"": 0.03697971, ""diproduksi"": 0.07997772, ""disimpan"": 0.00742148, ""ditimbulkan"": 0.03318862, ""engineering"": 0.03998886, ""general"": 0.06637724, ""hal"": 0.01566758, ""hanya"": 0.0151276, ""hari"": 0.08440979, ""harinya"": 0.03484468, ""herdi"": 0.02503529, ""hikam"": 0.02503529, ""imbas"": 0.02882637, ""informasi"": 0.02186302, ""inka"": 0.23993315, ""intensif"": 0.03484468, ""jabodetabek"": 0.07395941, ""jadwal"": 0.12053197, ""jakarta"": 0.03469542, ""jumlah"": 0.02503529, ""kai"": 0.24391275, ""kami"": 0.06157073, ""kanal"": 0.0297005, ""karina"": 0.08007404, ""kata"": 0.01487166, ""keamanan"": 0.02882637, ""keberangkatan"": 0.03183553, ""kemarin"": 0.02328093, ""kenyamanan"": 0.03697971, ""kereta"": 0.03484468, ""keselamatan"": 0.07829193, ""keterangan"": 0.02219292, ""ketidaknyamanan"": 0.07395941, ""komponen"": 0.09550658, ""kota"": 0.08413333, ""krl"": 0.29583765, ""lain"": 0.01721936, ""lalu"": 0.01794398, ""langsung"": 0.01640299, ""line"": 0.22187823, ""lintas"": 0.05338269, ""maaf"": 0.03484468, ""malam"": 0.02154717, ""manager"": 0.03318862, ""manggarai"": 0.07997772, ""maupun"": 0.02368219, ""media"": 0.0297005, ""melakukan"": 0.04742685, ""melalui"": 0.03551217, ""memahami"": 0.0306915, ""memastikan"": 0.05500402, ""memenuhi"": 0.02669135, ""menegaskan"": 0.02186302, ""menginfokan"": 0.03697971, ""mengoperasikan"": 0.03697971, ""menjadi"": 0.01198938, ""menuju"": 0.07829193, ""menyampaikan"": 0.02410639, ""menyesuaikan"": 0.03183553, ""menyukai"": 0.00742148, ""mohon"": 0.03484468, ""nanang"": 0.03697971, ""office"": 0.03697971, ""operasional"": 0.02186302, ""optimal"": 0.0306915, ""pagi"": 0.09550658, ""pasti"": 0.02804444, ""pembatalan"": 0.03484468, ""pemberangkatan"": 0.03697971, ""pemeriksaan"": 0.03484468, ""pengguna"": 0.06637724, ""pengumuman"": 0.03484468, ""penyesuaian"": 0.1273421, ""perawatan"": 0.19913173, ""perjalanan"": 0.33926504, ""pers"": 0.03183553, ""propulsi"": 0.07997772, ""proses"": 0.09015267, ""quality"": 0.03697971, ""rangkaian"": 0.17295824, ""representative"": 0.03998886, ""resmi"": 0.02328093, ""rohmandiyas"": 0.03998886, ""sarana"": 0.059401, ""scroll"": 0.00799634, ""sebanyak"": 0.0676145, ""sebelumnya"": 0.01655923, ""secara"": 0.02876967, ""secretary"": 0.0306915, ""sehingga"": 0.01874708, ""sejak"": 0.05500402, ""selama"": 0.01813675, ""selasa"": 0.03133517, ""seluruh"": 0.07673507, ""sementara"": 0.01462426, ""senin"": 0.01450358, ""senior"": 0.03697971, ""sep"": 0.01073648, ""seri"": 0.02154717, ""serta"": 0.03514565, ""setiap"": 0.04134608, ""sisi"": 0.02253817, ""sistem"": 0.07829193, ""sore"": 0.07510587, ""sosial"": 0.02882637, ""standar"": 0.0297005, ""stasiun"": 0.03697971, ""terdapat"": 0.02882637, ""terhadap"": 0.01739399, ""terjun"": 0.03998886, ""terkait"": 0.01896221, ""termasuk"": 0.03836753, ""ternyata"": 0.03318862, ""terus"": 0.03627351, ""tim"": 0.04248841, ""tutur"": 0.03484468, ""ujar"": 0.01552886, ""utamanya"": 0.0297005, ""wib"": 0.00742148, ""with"": 0.00799634}",2
FN051,"{""adalah"": 0.00977455, ""advertisement"": 0.00553452, ""akhir"": 0.01171889, ""ambruk"": 0.02389408, ""anda"": 0.00959064, ""angka"": 0.01530202, ""antam"": 0.24766007, ""batangan"": 0.02389408, ""berada"": 0.04363245, ""berdasarkan"": 0.01269521, ""bergerak"": 0.01919069, ""buyback"": 0.10335365, ""content"": 0.00516676, ""continue"": 0.00516676, ""demikian"": 0.01617631, ""detikfinance"": 0.00808949, ""dibanderol"": 0.02583841, ""dijual"": 0.02251455, ""dikenakan"": 0.02583841, ""disimpan"": 0.00479532, ""ditarik"": 0.02389408, ""emas"": 0.67425451, ""fdl"": 0.01686252, ""gambas"": 0.01269521, ""geordi"": 0.01919069, ""gram"": 0.49532013, ""harga"": 0.41585246, ""hari"": 0.08726491, ""harus"": 0.00944932, ""ignacio"": 0.01919069, ""igo"": 0.01983102, ""ingin"": 0.02784499, ""investasi"": 0.01812064, ""jakarta"": 0.00560453, ""jatuh"": 0.02057022, ""jika"": 0.04439035, ""karat"": 0.02251455, ""keluaran"": 0.02583841, ""kemarin"": 0.01504275, ""kembali"": 0.01159433, ""keuangan"": 0.01433974, ""level"": 0.03449271, ""lihat"": 0.01285245, ""logam"": 0.02251455, ""maka"": 0.01617631, ""melanjutkan"": 0.02144451, ""membelinya"": 0.02583841, ""mendapatkan"": 0.01557611, ""mengalami"": 0.01372674, ""menjual"": 0.02389408, ""menteri"": 0.01197816, ""menyertakan"": 0.02583841, ""menyukai"": 0.00479532, ""mulia"": 0.02251455, ""nomor"": 0.01617631, ""npwp"": 0.02583841, ""oswaldo"": 0.01919069, ""pajak"": 0.02144451, ""pekan"": 0.01392249, ""pelemahan"": 0.02144451, ""pembelian"": 0.02057022, ""penurunan"": 0.01812064, ""per"": 0.07521375, ""peraturan"": 0.02057022, ""pmk"": 0.02583841, ""potongan"": 0.02389408, ""pph"": 0.02583841, ""rendah"": 0.02389408, ""rentang"": 0.0450291, ""rincian"": 0.04288901, ""satuan"": 0.02389408, ""scroll"": 0.00516676, ""sebesar"": 0.02959357, ""sebulan"": 0.02251455, ""sejak"": 0.01184677, ""selasa"": 0.03037037, ""sementara"": 0.01889865, ""sep"": 0.00693727, ""sepekan"": 0.02144451, ""sesuai"": 0.01372674, ""situs"": 0.02251455, ""tahun"": 0.0092191, ""terakhir"": 0.02745348, ""terbesar"": 0.01919069, ""terkecil"": 0.02583841, ""transaksinya"": 0.02583841, ""tren"": 0.03966203, ""turun"": 0.02825316, ""ukuran"": 0.04778816, ""video"": 0.01730859, ""wib"": 0.00479532, ""with"": 0.00516676, ""yakni"": 0.01504275}",2
FN052,"{""advertisement"": 0.01273819, ""airlangga"": 0.14806932, ""akhir"": 0.05394413, ""alias"": 0.04416908, ""alif"": 0.03723122, ""aman"": 0.03799268, ""anda"": 0.01103685, ""ara"": 0.03521896, ""arahan"": 0.14203256, ""bakal"": 0.03723122, ""bansos"": 0.16498305, ""bantuan"": 0.42609767, ""bapak"": 0.04286913, ""beber"": 0.04170628, ""begitu"": 0.03251358, ""beras"": 0.37535649, ""bertujuan"": 0.05499435, ""bidang"": 0.07598536, ""bilang"": 0.03969402, ""bulan"": 0.194053, ""content"": 0.01189175, ""continue"": 0.01189175, ""desember"": 0.24678221, ""desil"": 0.23787763, ""detikfinance"": 0.01861868, ""dia"": 0.02416612, ""diberikan"": 0.09128569, ""dikutip"": 0.04170628, ""dilakukan"": 0.05337075, ""dilanjutkan"": 0.08833816, ""dinilai"": 0.03723122, ""diperpanjang"": 0.04416908, ""dirapel"": 0.05946941, ""disalurkan"": 0.04286913, ""disiapkan"": 0.04416908, ""disimpan"": 0.01103685, ""ditambah"": 0.04416908, ""domestik"": 0.04935644, ""gambas"": 0.02921916, ""hadapi"": 0.04734419, ""hal"": 0.02330004, ""harga"": 0.03300419, ""hartarto"": 0.05181924, ""hasan"": 0.04734419, ""herdi"": 0.03723122, ""hikam"": 0.03723122, ""ikut"": 0.03723122, ""imbas"": 0.04286913, ""istana"": 0.04416908, ""jakarta"": 0.03869795, ""jiwa"": 0.05181924, ""jumlahnya"": 0.05946941, ""juta"": 0.10386669, ""kali"": 0.02852913, ""kantornya"": 0.04734419, ""kata"": 0.02211639, ""kelompok"": 0.04564285, ""keluarga"": 0.04286913, ""kemarau"": 0.05181924, ""kemarin"": 0.06924446, ""kenaikan"": 0.03651892, ""kepada"": 0.02439369, ""kepresidenan"": 0.04564285, ""kering"": 0.05181924, ""kilogram"": 0.05181924, ""kita"": 0.04833224, ""kondisi"": 0.0272664, ""konferensi"": 0.04935644, ""koordinator"": 0.08833816, ""kurang"": 0.04170628, ""lalu"": 0.02668538, ""langkah"": 0.03159331, ""langsung"": 0.02439369, ""lanjut"": 0.03300419, ""lihat"": 0.02958105, ""mampu"": 0.02958105, ""manfaat"": 0.09871288, ""masuk"": 0.03204386, ""masyarakat"": 0.0577375, ""melakukan"": 0.02351027, ""membanjiri"": 0.05946941, ""memutuskan"": 0.05181924, ""mencakup"": 0.04286913, ""menekan"": 0.05499435, ""mengatakan"": 0.07921785, ""mentan"": 0.04935644, ""menteri"": 0.05513759, ""menurutnya"": 0.06232087, ""menyasar"": 0.04935644, ""menyukai"": 0.01103685, ""merupakan"": 0.02486342, ""musim"": 0.0307439, ""nino"": 0.09871288, ""november"": 0.1099887, ""oktober"": 0.07938804, ""pangan"": 0.23286361, ""pasar"": 0.03799268, ""pastikan"": 0.04416908, ""pelemahan"": 0.04935644, ""penerima"": 0.10363849, ""penyaluran"": 0.13250724, ""per"": 0.06924446, ""perekonomian"": 0.04065435, ""periode"": 0.07446244, ""permintaan"": 0.04065435, ""pers"": 0.04734419, ""prabowo"": 0.10955675, ""presiden"": 0.06924446, ""produksi"": 0.0776212, ""program"": 0.14607566, ""puluhan"": 0.04935644, ""pusat"": 0.06600838, ""rakyat"": 0.04416908, ""rapat"": 0.06600838, ""rencananya"": 0.05181924, ""sampai"": 0.08005613, ""scroll"": 0.01189175, ""sebelumnya"": 0.02462606, ""secara"": 0.0213924, ""sejumlah"": 0.02640595, ""sekaligus"": 0.05916211, ""sekian"": 0.04935644, ""selanjutnya"": 0.04734419, ""selasa"": 0.04660008, ""seluruh"": 0.02852913, ""senin"": 0.04313799, ""sep"": 0.01596675, ""september"": 0.0577375, ""signifikan"": 0.04286913, ""sore"": 0.03723122, ""sphp"": 0.05181924, ""stok"": 0.04416908, ""subianto"": 0.07938804, ""tahun"": 0.06365576, ""tengah"": 0.03351762, ""terakhir"": 0.03159331, ""terbatas"": 0.04286913, ""terkait"": 0.02819965, ""termasuk"": 0.02852913, ""terus"": 0.02697207, ""tiga"": 0.02613342, ""ton"": 0.04564285, ""turun"": 0.03251358, ""usai"": 0.06811223, ""video"": 0.03983727, ""wib"": 0.01103685, ""with"": 0.01189175, ""yaitu"": 0.03969402, ""zulhas"": 0.09128569, ""zulkifli"": 0.04734419}",2
FN053,"{""adalah"": 0.02318847, ""adapun"": 0.01958021, ""advertisement"": 0.00656486, ""agar"": 0.01524513, ""akselerator"": 0.03064863, ""akses"": 0.02439968, ""akuntansi"": 0.03064863, ""alami"": 0.03064863, ""and"": 0.02543673, ""anda"": 0.00568804, ""anl"": 0.02670598, ""anwar"": 0.06129726, ""arkan"": 0.03064863, ""asta"": 0.03064863, ""awal"": 0.01420807, ""babel"": 0.18389177, ""bagian"": 0.04954313, ""bahwa"": 0.01346833, ""bangka"": 0.24518903, ""bank"": 0.02095195, ""barang"": 0.02000174, ""baru"": 0.02721756, ""basis"": 0.03064863, ""bea"": 0.05087346, ""belitung"": 0.03064863, ""bentuk"": 0.02352286, ""beragam"": 0.05087346, ""berbagai"": 0.01563756, ""berbasis"": 0.02543673, ""berfungsi"": 0.02670598, ""berhadapan"": 0.03064863, ""berikutnya"": 0.01784319, ""berkelanjutan"": 0.07056858, ""bernaung"": 0.02834233, ""berorientasi"": 0.03064863, ""berperan"": 0.02834233, ""bersama"": 0.01360878, ""bersinergi"": 0.03064863, ""berstandar"": 0.03064863, ""bertahan"": 0.04091405, ""bertahap"": 0.02439968, ""bertumpu"": 0.03064863, ""berupa"": 0.01918778, ""besar"": 0.01149531, ""biji"": 0.03064863, ""bubuk"": 0.03064863, ""china"": 0.02209337, ""cita"": 0.03064863, ""community"": 0.03064863, ""content"": 0.00612863, ""continue"": 0.00612863, ""cukai"": 0.04879935, ""daerah"": 0.05445217, ""danai"": 0.03064863, ""datang"": 0.01847584, ""desa"": 0.26512049, ""detikfinance"": 0.00959547, ""development"": 0.05087346, ""devisa"": 0.18389177, ""dibangun"": 0.02352286, ""didukung"": 0.02543673, ""dihasilkan"": 0.03064863, ""diinisiasi"": 0.03064863, ""dikembangkan"": 0.02670598, ""dikenal"": 0.02834233, ""dilakukan"": 0.01375279, ""diolah"": 0.03064863, ""diprediksi"": 0.02352286, ""direktorat"": 0.02670598, ""direktur"": 0.01918778, ""disimpan"": 0.00568804, ""djpb"": 0.12259451, ""dokumen"": 0.02834233, ""dorong"": 0.02834233, ""ega"": 0.01847584, ""ekonomi"": 0.08504651, ""ekosistem"": 0.02149408, ""ekspor"": 0.39039482, ""environmental"": 0.03064863, ""esg"": 0.03064863, ""eximbank"": 0.15324314, ""fasilitasi"": 0.02834233, ""finansial"": 0.03064863, ""fungsi"": 0.02352286, ""geografis"": 0.03064863, ""gerbong"": 0.03064863, ""global"": 0.07056858, ""goals"": 0.03064863, ""governance"": 0.02834233, ""gradasi"": 0.03064863, ""hal"": 0.01200809, ""hana"": 0.03064863, ""hanya"": 0.02318847, ""harsono"": 0.03064863, ""harus"": 0.01120846, ""hasil"": 0.01245444, ""ikm"": 0.03064863, ""indikasi"": 0.02834233, ""indonesia"": 0.0821234, ""industri"": 0.01958021, ""informasi"": 0.01675646, ""inklusif"": 0.03064863, ""inkubator"": 0.03064863, ""instansi"": 0.02352286, ""institusi"": 0.03064863, ""intelligence"": 0.03064863, ""internasional"": 0.02000174, ""jakarta"": 0.0066479, ""jenderal"": 0.02439968, ""juta"": 0.01784319, ""kabupaten"": 0.07319903, ""kandungan"": 0.03064863, ""kanwil"": 0.03064863, ""kapasitas"": 0.08182811, ""karakter"": 0.07631019, ""kecil"": 0.04298816, ""kecokelatan"": 0.03064863, ""keikutsertaan"": 0.02670598, ""kekuatan"": 0.02439968, ""kelembagaan"": 0.02834233, ""kelola"": 0.02352286, ""kemenkeu"": 0.15262037, ""kemenperin"": 0.06129726, ""kementerian"": 0.03302875, ""kepala"": 0.04000348, ""kepulauan"": 0.09194588, ""kerajinan"": 0.08502698, ""kerangka"": 0.03064863, ""kesiapan"": 0.02276333, ""keterangan"": 0.0170093, ""keuangan"": 0.0510279, ""keunikan"": 0.03064863, ""klaster"": 0.08502698, ""komitmen"": 0.06828999, ""komoditas"": 0.07056858, ""konsistensi"": 0.04704572, ""krem"": 0.03064863, ""kualitas"": 0.04704572, ""kucurkan"": 0.03064863, ""kunci"": 0.02149408, ""laboratorium"": 0.03064863, ""lada"": 0.12259451, ""langkah"": 0.03256436, ""laporan"": 0.02149408, ""laut"": 0.02276333, ""lembaga"": 0.02209337, ""lentur"": 0.03064863, ""lidi"": 0.09194588, ""lintas"": 0.02045703, ""lokal"": 0.02209337, ""lpei"": 0.33713491, ""luar"": 0.03837555, ""luas"": 0.02439968, ""mampu"": 0.01524513, ""manajemen"": 0.02543673, ""market"": 0.03064863, ""masing"": 0.07390338, ""masuk"": 0.01651438, ""masyarakat"": 0.02975606, ""melengkapi"": 0.02095195, ""melibatkan"": 0.02352286, ""meliputi"": 0.02543673, ""memainkan"": 0.03064863, ""memastikan"": 0.01405223, ""memasuki"": 0.02149408, ""membangun"": 0.06000522, ""memberikan"": 0.02810446, ""membuat"": 0.01436831, ""memiliki"": 0.04040498, ""memperoleh"": 0.02352286, ""mencakup"": 0.04418675, ""mendampingi"": 0.02834233, ""mendorong"": 0.04000348, ""mendukung"": 0.01958021, ""menembus"": 0.02352286, ""menempatkan"": 0.02670598, ""menengah"": 0.04552666, ""mengatakan"": 0.01360878, ""mengawal"": 0.02834233, ""mengembangkan"": 0.02670598, ""meningkatkan"": 0.01727391, ""menjadi"": 0.02756703, ""menjalankan"": 0.02439968, ""menjangkau"": 0.03064863, ""menyatakan"": 0.02209337, ""menyukai"": 0.00568804, ""meresmikan"": 0.03064863, ""merupakan"": 0.02562762, ""mission"": 0.02834233, ""mudah"": 0.02045703, ""mufti"": 0.02834233, ""muhamad"": 0.02670598, ""mulai"": 0.01245444, ""muntok"": 0.03064863, ""nasional"": 0.04631388, ""negeri"": 0.03916042, ""nipah"": 0.09194588, ""nushratu"": 0.03064863, ""olahan"": 0.06129726, ""operasional"": 0.01675646, ""organik"": 0.02834233, ""pameran"": 0.03064863, ""panjang"": 0.01882068, ""pasar"": 0.11748127, ""pedas"": 0.03064863, ""pelaksana"": 0.03064863, ""pelaku"": 0.15045856, ""pelatihan"": 0.03064863, ""pembangunan"": 0.02095195, ""pembeli"": 0.02352286, ""pembiayaan"": 0.05087346, ""pemda"": 0.05341196, ""pemerintah"": 0.02780108, ""pendampingan"": 0.09194588, ""pengenalan"": 0.03064863, ""penghasil"": 0.02834233, ""pengiriman"": 0.02834233, ""penguatan"": 0.04418675, ""penjagaan"": 0.03064863, ""penyusunan"": 0.02543673, ""pepper"": 0.03064863, ""perajin"": 0.03064863, ""peran"": 0.02670598, ""perbendaharaan"": 0.02439968, ""perikanan"": 0.06129726, ""perindustrian"": 0.03064863, ""perjalanan"": 0.02000174, ""perkuat"": 0.05341196, ""perlindungan"": 0.02439968, ""perluasan"": 0.02834233, ""pertumbuhan"": 0.1000087, ""perwakilan"": 0.04704572, ""petani"": 0.02543673, ""pintu"": 0.02834233, ""piperin"": 0.03064863, ""potensi"": 0.04704572, ""premium"": 0.02543673, ""prinsip"": 0.02439968, ""produk"": 0.15045856, ""produksi"": 0.02000174, ""program"": 0.0941034, ""prosedur"": 0.03064863, ""provinsi"": 0.07056858, ""puluhan"": 0.02543673, ""putih"": 0.02000174, ""resmikan"": 0.03064863, ""salah"": 0.01405223, ""sambungnya"": 0.02209337, ""sampel"": 0.03064863, ""satu"": 0.03570532, ""scroll"": 0.00612863, ""sdgs"": 0.03064863, ""sebelum"": 0.01524513, ""secara"": 0.01102496, ""segar"": 0.02834233, ""sehingga"": 0.01436831, ""sejalan"": 0.02670598, ""sekaligus"": 0.04573538, ""sekitar"": 0.01505862, ""selama"": 0.01390054, ""selandia"": 0.03064863, ""selasa"": 0.02401619, ""selatan"": 0.01847584, ""seluruh"": 0.014703, ""semakin"": 0.0170093, ""sementara"": 0.02241692, ""sentra"": 0.02670598, ""sep"": 0.00822875, ""sepenuhnya"": 0.02149408, ""serat"": 0.03064863, ""serta"": 0.01346833, ""sinergi"": 0.07631019, ""situlah"": 0.02834233, ""smv"": 0.02834233, ""social"": 0.03064863, ""solid"": 0.03064863, ""special"": 0.02834233, ""spesifikasi"": 0.02834233, ""standar"": 0.02276333, ""strategis"": 0.02352286, ""sumber"": 0.04704572, ""sustainable"": 0.03064863, ""tahun"": 0.01093538, ""tajam"": 0.02834233, ""tangkapan"": 0.03064863, ""tata"": 0.02209337, ""tebal"": 0.03064863, ""tekanan"": 0.02543673, ""teknologi"": 0.02209337, ""tekstil"": 0.03064863, ""tengah"": 0.05182173, ""terarah"": 0.03064863, ""tertulis"": 0.02000174, ""terurai"": 0.02834233, ""tetapi"": 0.04215669, ""tiga"": 0.01346833, ""tinggi"": 0.01784319, ""tingkat"": 0.02352286, ""titik"": 0.02095195, ""tujuh"": 0.03764136, ""tumbuh"": 0.04418675, ""ujar"": 0.01190177, ""uji"": 0.02439968, ""umkm"": 0.02352286, ""unggulan"": 0.06448224, ""upaya"": 0.04418675, ""usaha"": 0.1427455, ""vehicle"": 0.02834233, ""video"": 0.02053085, ""vietnam"": 0.02834233, ""warna"": 0.02834233, ""white"": 0.03064863, ""wib"": 0.00568804, ""with"": 0.00612863, ""yaitu"": 0.02045703}",2
FN054,"{""advertisement"": 0.01075331, ""afrika"": 0.05020279, ""agenda"": 0.03996694, ""ahmed"": 0.05020279, ""akses"": 0.07993387, ""aksi"": 0.04374468, ""alice"": 0.05020279, ""ambassador"": 0.10040558, ""amerika"": 0.03728658, ""anda"": 0.00931707, ""apa"": 0.0256145, ""asia"": 0.04166564, ""asuransi"": 0.04642504, ""badan"": 0.02744726, ""bagaimana"": 0.02973108, ""bagi"": 0.04080103, ""bahari"": 0.05020279, ""bahkan"": 0.05122899, ""bahwa"": 0.02206127, ""bangsa"": 0.09285008, ""barat"": 0.06701767, ""baru"": 0.02229133, ""beliau"": 0.04642504, ""benua"": 0.10040558, ""berada"": 0.02119394, ""berdampak"": 0.03996694, ""berfoto"": 0.05020279, ""berkelanjutan"": 0.0385307, ""berkunjung"": 0.10040558, ""besar"": 0.07531778, ""bin"": 0.05020279, ""biru"": 0.09285008, ""bukan"": 0.04874075, ""calon"": 0.04166564, ""carl"": 0.05020279, ""content"": 0.01003876, ""continue"": 0.01003876, ""daerah"": 0.02973108, ""daftar"": 0.0320726, ""datang"": 0.06052727, ""datangi"": 0.05020279, ""dekat"": 0.03142979, ""desiree"": 0.05020279, ""detikfinance"": 0.01571749, ""dibangun"": 0.0385307, ""digunakan"": 0.03350883, ""diikuti"": 0.03728658, ""dikembangkan"": 0.04374468, ""dipilih"": 0.04642504, ""diplomasi"": 0.04642504, ""diplomat"": 0.05020279, ""disimpan"": 0.00931707, ""diterjemahkan"": 0.05020279, ""dosari"": 0.05020279, ""dunia"": 0.02466618, ""duta"": 0.18570016, ""ekonomi"": 0.11144569, ""ekosistem"": 0.03520754, ""eksposur"": 0.05020279, ""empat"": 0.02744726, ""eropa"": 0.04166564, ""fdl"": 0.03276307, ""finlandia"": 0.05020279, ""gambas"": 0.02466618, ""gastrodiplomacy"": 0.05020279, ""gempa"": 0.04374468, ""goodwill"": 0.10040558, ""gubernur"": 0.09285008, ""gustaf"": 0.05020279, ""hal"": 0.01966939, ""hanya"": 0.05697446, ""hari"": 0.02119394, ""harus"": 0.01835958, ""heboh"": 0.04642504, ""heri"": 0.03728658, ""houssaini"": 0.05020279, ""hrp"": 0.03728658, ""hubungan"": 0.09285008, ""igs"": 0.05020279, ""ikan"": 0.05020279, ""indonesia"": 0.01681488, ""inggris"": 0.03728658, ""ingin"": 0.05410146, ""ingrid"": 0.05020279, ""internasional"": 0.13105228, ""investasi"": 0.07041507, ""iqbal"": 0.21872342, ""jakarta"": 0.01088932, ""jejak"": 0.04374468, ""kapasitas"": 0.03350883, ""karang"": 0.05020279, ""kata"": 0.01867018, ""katanya"": 0.0320726, ""kedatangan"": 0.04166564, ""kerajaan"": 0.05020279, ""kerja"": 0.12105454, ""kesehatan"": 0.03431952, ""kesempatan"": 0.02973108, ""keterangan"": 0.02786142, ""ketinggalan"": 0.04374468, ""kiamat"": 0.05020279, ""kita"": 0.04080103, ""korea"": 0.03996694, ""kunjungan"": 0.09285008, ""lain"": 0.02161751, ""lalu"": 0.06758165, ""langsung"": 0.02059263, ""lapangan"": 0.03082848, ""laut"": 0.03728658, ""lihat"": 0.02497169, ""lingkungan"": 0.03618919, ""lombok"": 0.13927512, ""mahkota"": 0.15060836, ""maju"": 0.0385307, ""maroko"": 0.05020279, ""masuknya"": 0.04642504, ""masyarakat"": 0.04874075, ""melihat"": 0.05190667, ""membuka"": 0.07237838, ""memiliki"": 0.02206127, ""memperluas"": 0.04642504, ""memperpanjang"": 0.04374468, ""mengakui"": 0.0320726, ""mengenalkan"": 0.05020279, ""menggelar"": 0.04642504, ""meningkatkan"": 0.02829485, ""menjajaki"": 0.05020279, ""menurutnya"": 0.02630497, ""menyampaikan"": 0.06052727, ""menyukai"": 0.00931707, ""misalnya"": 0.04374468, ""modal"": 0.03728658, ""mohamed"": 0.05020279, ""mubarak"": 0.05020279, ""muhammad"": 0.06701767, ""mulai"": 0.04080103, ""negara"": 0.15368698, ""ntb"": 0.48119153, ""nusa"": 0.08333128, ""nyata"": 0.04166564, ""oarfish"": 0.05020279, ""oman"": 0.05020279, ""palestina"": 0.10040558, ""panjang"": 0.03082848, ""pantai"": 0.05020279, ""pariwisata"": 0.04642504, ""pasar"": 0.0962178, ""pasca"": 0.05020279, ""pelestarian"": 0.05020279, ""peluang"": 0.02874943, ""pembangunan"": 0.06863905, ""pemulihan"": 0.0385307, ""pendidikan"": 0.03996694, ""penerus"": 0.05020279, ""pengelolaan"": 0.0385307, ""pengembangan"": 0.03996694, ""penguatan"": 0.03618919, ""peningkatan"": 0.0320726, ""perlindungan"": 0.03996694, ""perserikatan"": 0.04642504, ""pertemuan"": 0.04642504, ""perwakilan"": 0.0385307, ""pesisir"": 0.04642504, ""pewaris"": 0.05020279, ""pink"": 0.05020279, ""pintu"": 0.04642504, ""produk"": 0.03520754, ""program"": 0.03082848, ""pula"": 0.03728658, ""pulang"": 0.03728658, ""purnomo"": 0.03728658, ""putri"": 0.14914633, ""qatar"": 0.10040558, ""raja"": 0.04374468, ""redouane"": 0.05020279, ""saad"": 0.05020279, ""sahabat"": 0.05020279, ""saleh"": 0.05020279, ""salim"": 0.04642504, ""sama"": 0.0505751, ""scroll"": 0.01003876, ""sebanyak"": 0.02829485, ""sebelumnya"": 0.02078878, ""secara"": 0.018059, ""selama"": 0.02276923, ""selasa"": 0.03933878, ""semakin"": 0.02786142, ""semata"": 0.04642504, ""sementara"": 0.01835958, ""sep"": 0.01347878, ""seperti"": 0.036118, ""september"": 0.02437037, ""series"": 0.05020279, ""serta"": 0.02206127, ""setiap"": 0.02595334, ""shanfari"": 0.05020279, ""shun"": 0.05020279, ""sinergi"": 0.04166564, ""soal"": 0.02528755, ""sultan"": 0.05020279, ""swasta"": 0.04374468, ""swedia"": 0.15060836, ""tahun"": 0.01791227, ""takhta"": 0.04642504, ""tamu"": 0.15060836, ""tapi"": 0.02040052, ""teknologi"": 0.03618919, ""tenaga"": 0.03618919, ""tenggara"": 0.10040558, ""terbukanya"": 0.05020279, ""terdampar"": 0.05020279, ""terhadap"": 0.02183675, ""tertulis"": 0.03276307, ""terumbu"": 0.05020279, ""tetapi"": 0.0230177, ""timur"": 0.03142979, ""tiongkok"": 0.05020279, ""undp"": 0.10040558, ""victoria"": 0.15060836, ""video"": 0.03362976, ""vokasi"": 0.05020279, ""wib"": 0.00931707, ""wisatawan"": 0.04374468, ""with"": 0.01003876, ""xvi"": 0.05020279, ""zuhair"": 0.05020279}",2
FN055,"{""abu"": 0.06102605, ""aceh"": 0.05061649, ""advertisement"": 0.01084192, ""airlangga"": 0.33607194, ""akibat"": 0.03303306, ""aktivitas"": 0.07297482, ""alam"": 0.07099534, ""alif"": 0.03168879, ""amat"": 0.04200899, ""anak"": 0.02809102, ""anda"": 0.00939385, ""apa"": 0.10330231, ""apakah"": 0.0751877, ""apalagi"": 0.03884822, ""ara"": 0.02997609, ""bandang"": 0.10123299, ""bandara"": 0.03303306, ""banjir"": 0.10123299, ""bantu"": 0.04680761, ""barat"": 0.03378497, ""beberapa"": 0.15106481, ""belum"": 0.07371361, ""bencana"": 0.31082526, ""berapa"": 0.0751877, ""berapi"": 0.18723045, ""berbagai"": 0.02582558, ""berkurang"": 0.08821034, ""besar"": 0.03796923, ""bidang"": 0.0323369, ""bikin"": 0.03648741, ""bilang"": 0.03378497, ""bumi"": 0.05061649, ""content"": 0.01012148, ""continue"": 0.01012148, ""cukup"": 0.02517747, ""daerah"": 0.14988045, ""dampak"": 0.15844396, ""dampaknya"": 0.09361523, ""dana"": 0.06756994, ""daripada"": 0.04029629, ""darurat"": 0.04680761, ""debunya"": 0.05061649, ""depan"": 0.02295687, ""deretan"": 0.04680761, ""detikfinance"": 0.01584701, ""dia"": 0.04113726, ""diperbaiki"": 0.04680761, ""disimpan"": 0.00939385, ""ditanya"": 0.07297482, ""ditutup"": 0.06920468, ""ekonomi"": 0.19663713, ""erupsi"": 0.1293476, ""gambas"": 0.02486945, ""gangguan"": 0.04200899, ""gelontorkan"": 0.04410517, ""gempa"": 0.08821034, ""gunung"": 0.17985654, ""hal"": 0.01983148, ""hanya"": 0.03829598, ""hari"": 0.04273718, ""hartarto"": 0.08821034, ""harus"": 0.01851087, ""harusnya"": 0.07769644, ""herdi"": 0.03168879, ""hikam"": 0.03168879, ""hitungan"": 0.04200899, ""hutan"": 0.04029629, ""imbas"": 0.07297482, ""indonesia"": 0.06781378, ""istana"": 0.03759385, ""jakarta"": 0.02195812, ""jamin"": 0.04200899, ""jangan"": 0.03378497, ""kaitannya"": 0.05061649, ""kalau"": 0.07371361, ""kami"": 0.03896704, ""kan"": 0.08302034, ""kargo"": 0.04410517, ""karhutla"": 0.04029629, ""kasar"": 0.05061649, ""katanya"": 0.0323369, ""kebakaran"": 0.04029629, ""kemarin"": 0.05893638, ""kemungkinan"": 0.03648741, ""kepresidenan"": 0.03884822, ""kerugian"": 0.10123299, ""ketika"": 0.05705604, ""keuangan"": 0.02809102, ""khususnya"": 0.03648741, ""kita"": 0.06170589, ""kompleks"": 0.03303306, ""kontraksi"": 0.14042284, ""koordinator"": 0.03759385, ""krakatau"": 0.02946819, ""lagi"": 0.0220167, ""lahan"": 0.03648741, ""lain"": 0.02179566, ""lama"": 0.03378497, ""langsung"": 0.02076232, ""lanjutnya"": 0.04029629, ""lantas"": 0.04410517, ""letusan"": 0.04680761, ""lihat"": 0.05035494, ""logistik"": 0.07297482, ""masih"": 0.06996153, ""maskapai"": 0.03759385, ""masyarakat"": 0.04914241, ""melanda"": 0.05061649, ""memantau"": 0.04029629, ""memicu"": 0.05061649, ""memonitor"": 0.04680761, ""mempercepat"": 0.03759385, ""memperlambat"": 0.10123299, ""mengakui"": 0.0323369, ""mengatakan"": 0.06742508, ""menghitungnya"": 0.05061649, ""menhub"": 0.03549767, ""mensos"": 0.05061649, ""menteri"": 0.04692953, ""menyukai"": 0.00939385, ""mesti"": 0.03884822, ""minta"": 0.0323369, ""monitor"": 0.20246597, ""mulai"": 0.04113726, ""namun"": 0.04359131, ""nasional"": 0.02549594, ""ngaco"": 0.04200899, ""nggak"": 0.09153908, ""nominal"": 0.05061649, ""nominalnya"": 0.04680761, ""ntt"": 0.09361523, ""optimistis"": 0.03549767, ""papar"": 0.04680761, ""pasti"": 0.10649301, ""pemerintah"": 0.0688706, ""pemulihan"": 0.03884822, ""penanganannya"": 0.05061649, ""penerbangan"": 0.06337758, ""perekonomian"": 0.06920468, ""perlambatan"": 0.09361523, ""pertama"": 0.0215797, ""pertumbuhan"": 0.03303306, ""pesawat"": 0.03648741, ""program"": 0.06216505, ""provinsi"": 0.07769644, ""purbaya"": 0.09153908, ""pusat"": 0.02809102, ""refund"": 0.04680761, ""rencana"": 0.03378497, ""sadewa"": 0.03168879, ""saja"": 0.09828481, ""sama"": 0.02549594, ""sangat"": 0.02295687, ""scroll"": 0.01012148, ""sebesar"": 0.0579727, ""sebut"": 0.03378497, ""secara"": 0.03641564, ""sedang"": 0.03303306, ""sederet"": 0.04680761, ""sedikit"": 0.03168879, ""segi"": 0.05061649, ""sejauh"": 0.03648741, ""sekarang"": 0.02582558, ""sektor"": 0.05705604, ""selasa"": 0.03966296, ""selesai"": 0.03648741, ""sep"": 0.01358985, ""sepenuhnya"": 0.03549767, ""seperti"": 0.01820782, ""siap"": 0.02652174, ""signifikan"": 0.03648741, ""sih"": 0.08059258, ""simak"": 0.03051303, ""sisi"": 0.02852802, ""soal"": 0.02549594, ""sumatera"": 0.12602698, ""tapi"": 0.02056863, ""tebel"": 0.10123299, ""tempat"": 0.03759385, ""tentu"": 0.06756994, ""terakhir"": 0.02689017, ""terdampak"": 0.1293476, ""terhadap"": 0.0220167, ""terjadi"": 0.09712856, ""terkena"": 0.14042284, ""terlalu"": 0.03884822, ""terutama"": 0.03168879, ""tiket"": 0.03759385, ""ujar"": 0.05896766, ""urusan"": 0.05061649, ""utara"": 0.03759385, ""video"": 0.03390689, ""vulkanik"": 0.06102605, ""waktu"": 0.02076232, ""warga"": 0.03759385, ""wib"": 0.00939385, ""with"": 0.01012148, ""yudhi"": 0.03051303}",2
FN056,"{""acd"": 0.05409162, ""adapun"": 0.06860526, ""adianto"": 0.05369342, ""adriatik"": 0.05369342, ""advertisement"": 0.01150099, ""amanat"": 0.04965301, ""anda"": 0.0099649, ""angkatan"": 0.04965301, ""asal"": 0.03361512, ""aset"": 0.07167745, ""atas"": 0.02638124, ""awal"": 0.02489117, ""ayuningrum"": 0.032972, ""bakal"": 0.03361512, ""bapak"": 0.03870545, ""barang"": 0.10512333, ""baru"": 0.02384126, ""belakang"": 0.03504111, ""bersama"": 0.02384126, ""berupa"": 0.06723025, ""bmn"": 0.09930601, ""buatan"": 0.04678628, ""canopus"": 0.05369342, ""content"": 0.01073676, ""continue"": 0.01073676, ""dasco"": 0.05369342, ""detikfinance"": 0.01681033, ""dewan"": 0.04274587, ""dewantara"": 0.19861203, ""diajukan"": 0.04456268, ""dibuat"": 0.04274587, ""didasarkan"": 0.04678628, ""dilelang"": 0.09357257, ""dimensi"": 0.05369342, ""disampaikan"": 0.06860526, ""disimpan"": 0.0099649, ""dpr"": 0.20252111, ""eks"": 0.13368805, ""galangan"": 0.10738685, ""gambas"": 0.02638124, ""hajar"": 0.19861203, ""indonesia"": 0.03596806, ""jakarta"": 0.01164647, ""jenis"": 0.04120977, ""jerman"": 0.04678628, ""kapal"": 0.4901895, ""kapalnya"": 0.05369342, ""kementerian"": 0.02893159, ""ketua"": 0.07167745, ""kini"": 0.02893159, ""komisi"": 0.10751618, ""korvet"": 0.05369342, ""kri"": 0.14895902, ""kroasia"": 0.05369342, ""lambung"": 0.10738685, ""langsung"": 0.02202445, ""laporan"": 0.03765554, ""latar"": 0.04965301, ""laut"": 0.07975829, ""lebar"": 0.04678628, ""legendaris"": 0.04965301, ""lelang"": 0.14035885, ""lengkap"": 0.04274587, ""lihat"": 0.02670798, ""masa"": 0.03179831, ""masuk"": 0.02893159, ""mekanisme"": 0.07975829, ""melalui"": 0.07152379, ""melebihi"": 0.05369342, ""membeberkan"": 0.04456268, ""memperoleh"": 0.04120977, ""mencapai"": 0.02935569, ""mendengarkan"": 0.04965301, ""mengetok"": 0.05369342, ""mengintip"": 0.04678628, ""menyatakan"": 0.03870545, ""menyetujui"": 0.09930601, ""menyukai"": 0.0099649, ""merupakan"": 0.02244855, ""meter"": 0.09930601, ""mewajibkan"": 0.05369342, ""miliar"": 0.0774109, ""milik"": 0.11963743, ""negara"": 0.16437295, ""nilai"": 0.03765554, ""nilainya"": 0.09930601, ""nomor"": 0.10084537, ""palu"": 0.05369342, ""panjang"": 0.032972, ""paripurna"": 0.05369342, ""pembahasan"": 0.04120977, ""pembuatan"": 0.05369342, ""pemerintah"": 0.04870479, ""pemindahtanganan"": 0.16108027, ""penjualan"": 0.17825073, ""perang"": 0.14035885, ""perbendaharaan"": 0.04274587, ""permohonan"": 0.16108027, ""perolehan"": 0.04456268, ""persetujuan"": 0.18714514, ""persidangan"": 0.05369342, ""pertahanan"": 0.04965301, ""pertumbuhan"": 0.03504111, ""perwakilan"": 0.04120977, ""peserta"": 0.04678628, ""pihak"": 0.03430263, ""presiden"": 0.03125953, ""proses"": 0.06052443, ""pupuk"": 0.04678628, ""rakyat"": 0.03987914, ""rapat"": 0.02979865, ""regulasi"": 0.03987914, ""retno"": 0.032972, ""satu"": 0.0417015, ""scroll"": 0.01073676, ""sebagaimana"": 0.04456268, ""secara"": 0.03862931, ""selasa"": 0.02103702, ""sep"": 0.01441597, ""serta"": 0.0235952, ""setelah"": 0.06255225, ""setiap"": 0.02775789, ""setuju"": 0.04965301, ""sidang"": 0.09930601, ""spesifikasi"": 0.04965301, ""split"": 0.10738685, ""sufmi"": 0.05369342, ""surat"": 0.04456268, ""tahun"": 0.05747318, ""tambah"": 0.032972, ""teknis"": 0.04120977, ""tentang"": 0.03430263, ""tepi"": 0.05369342, ""tni"": 0.04678628, ""ujar"": 0.02085075, ""undang"": 0.08241954, ""unit"": 0.08549173, ""utut"": 0.16108027, ""video"": 0.03596806, ""wajib"": 0.04678628, ""wakil"": 0.03583873, ""wib"": 0.0099649, ""wilayahnya"": 0.04965301, ""with"": 0.01073676, ""yugoslavia"": 0.10738685}",2
FN057,"{""abu"": 0.15010653, ""acd"": 0.06271266, ""advertisement"": 0.013334, ""airlangga"": 0.05166502, ""akun"": 0.05424301, ""anak"": 0.17273955, ""anda"": 0.01155309, ""bandar"": 0.29735183, ""bandara"": 0.40625909, ""bdo"": 0.05166502, ""bencana"": 0.03822703, ""berangkat"": 0.04777772, ""berdasarkan"": 0.03058584, ""beroperasi"": 0.08974853, ""bikin"": 0.04487427, ""budiarto"": 0.04623502, ""buka"": 0.03897265, ""cabe"": 0.04623502, ""cgk"": 0.05756663, ""content"": 0.01244797, ""continue"": 0.01244797, ""daerah"": 0.03686628, ""delapan"": 0.08731405, ""detikfinance"": 0.01948954, ""dibuka"": 0.09247005, ""diimbau"": 0.05424301, ""dilakukan"": 0.02793355, ""diminta"": 0.04955864, ""disampaikan"": 0.03976973, ""disimpan"": 0.01155309, ""ekonomi"": 0.03454791, ""erupsi"": 0.03976973, ""fadilah"": 0.03822703, ""gambas"": 0.03058584, ""gunung"": 0.1474651, ""halim"": 0.04365703, ""hatta"": 0.08731405, ""hlp"": 0.05166502, ""husein"": 0.04487427, ""ilyas"": 0.03822703, ""informasi"": 0.03403436, ""instagram"": 0.05166502, ""inten"": 0.04487427, ""jadwal"": 0.07505326, ""jakarta"": 0.01350266, ""jasa"": 0.04955864, ""jelas"": 0.03624163, ""kami"": 0.02396192, ""kanal"": 0.09247005, ""kantor"": 0.1276677, ""kelas"": 0.1346228, ""kembali"": 0.16760128, ""kepada"": 0.02553467, ""kiemas"": 0.04623502, ""kontraksi"": 0.05756663, ""krakatau"": 0.18120816, ""lesung"": 0.05166502, ""masing"": 0.07505326, ""maskapai"": 0.09247005, ""masyarakat"": 0.03021904, ""melaksanakan"": 0.05756663, ""melakukan"": 0.02460993, ""melalui"": 0.11056419, ""memeriksa"": 0.124502, ""menggunakan"": 0.03897265, ""mengimbau"": 0.04777772, ""mengonfirmasi"": 0.124502, ""menhub"": 0.04365703, ""menuju"": 0.08125182, ""menyukai"": 0.01155309, ""meski"": 0.03058584, ""operasi"": 0.04487427, ""operasional"": 0.17017178, ""otbansatu"": 0.062251, ""otoritas"": 0.16272904, ""pcb"": 0.05166502, ""pembaruan"": 0.09555545, ""pembukaan"": 0.04487427, ""penerbangan"": 0.27280857, ""penerbangannya"": 0.05424301, ""pengguna"": 0.05166502, ""penumpang"": 0.04777772, ""per"": 0.03624163, ""perdanakusuma"": 0.04365703, ""perjalanan"": 0.08125182, ""pertimbangan"": 0.04777772, ""pesawat"": 0.04487427, ""pondok"": 0.04623502, ""pukul"": 0.03976973, ""radin"": 0.04487427, ""resmi"": 0.07248327, ""resminya"": 0.05166502, ""rto"": 0.05166502, ""salakanagara"": 0.05166502, ""sastranegara"": 0.04487427, ""scroll"": 0.01244797, ""sebelum"": 0.06192933, ""sebelumnya"": 0.05155581, ""sebut"": 0.04155065, ""selasa"": 0.0731696, ""seluruh"": 0.11945415, ""sep"": 0.01671357, ""serta"": 0.02735577, ""setelah"": 0.02417391, ""simak"": 0.03752663, ""soekarno"": 0.08731405, ""status"": 0.09247005, ""tanjung"": 0.04955864, ""taufik"": 0.05424301, ""terdampak"": 0.19884867, ""terdapat"": 0.04487427, ""tetap"": 0.0257779, ""tfy"": 0.05756663, ""tkg"": 0.05166502, ""tulis"": 0.05756663, ""udara"": 0.19884867, ""utama"": 0.08206732, ""video"": 0.04170059, ""vulkanik"": 0.15010653, ""wib"": 0.02310617, ""wilayah"": 0.12465195, ""with"": 0.01244797, ""yakni"": 0.03624163}",2
FN058,"{""acd"": 0.05680909, ""advertisement"": 0.01207878, ""alam"": 0.11864187, ""alokasi"": 0.12194983, ""anda"": 0.01046551, ""anggaran"": 0.38091306, ""apa"": 0.08631538, ""api"": 0.08978669, ""awal"": 0.02614166, ""ayuningrum"": 0.03462846, ""badan"": 0.06166093, ""bagi"": 0.0916605, ""baik"": 0.07141904, ""batasan"": 0.04913674, ""begini"": 0.05214749, ""belum"": 0.02737432, ""bencana"": 0.38091306, ""berada"": 0.04761269, ""berarti"": 0.03530389, ""berbagai"": 0.05754358, ""berencana"": 0.05214749, ""berkomitmen"": 0.04489334, ""bermanfaat"": 0.11278177, ""bilang"": 0.0376392, ""bmkg"": 0.04913674, ""bnpb"": 0.17957337, ""call"": 0.05214749, ""cincin"": 0.05214749, ""content"": 0.01127615, ""continue"": 0.01127615, ""daerah"": 0.0333958, ""dahulu"": 0.04328008, ""dana"": 0.1129176, ""daripada"": 0.04489334, ""detikfinance"": 0.01765486, ""dewan"": 0.04489334, ""dibandingkan"": 0.03399399, ""digabung"": 0.05639089, ""dikelola"": 0.04680143, ""diketahui"": 0.04064994, ""dinilai"": 0.07060778, ""disimpan"": 0.01046551, ""ditambah"": 0.0418826, ""dpr"": 0.06077012, ""dukungan"": 0.0376392, ""fire"": 0.09827349, ""gambas"": 0.02770658, ""gedung"": 0.04064994, ""geologi"": 0.05639089, ""hal"": 0.02209388, ""harus"": 0.14435832, ""hitung"": 0.04913674, ""indonesia"": 0.03777503, ""istana"": 0.0418826, ""jakarta"": 0.0366947, ""jika"": 0.03229315, ""kami"": 0.02170622, ""kan"": 0.06166093, ""kata"": 0.0209715, ""kawasan"": 0.03462846, ""keadaan"": 0.04913674, ""kepala"": 0.03680151, ""kepresidenan"": 0.04328008, ""kesempatan"": 0.0333958, ""ketua"": 0.0376392, ""keuangan"": 0.03129568, ""kita"": 0.16040587, ""kompleks"": 0.03680151, ""kurang"": 0.03954729, ""lanjutnya"": 0.04489334, ""lihat"": 0.02804975, ""lingkaran"": 0.05214749, ""maharani"": 0.10429497, ""maka"": 0.03530389, ""maksimal"": 0.04328008, ""manfaatnya"": 0.10429497, ""masyarakat"": 0.02737432, ""memang"": 0.02770658, ""membawa"": 0.03602593, ""memberikan"": 0.02585491, ""membuatnya"": 0.04680143, ""menambah"": 0.0837652, ""mencukupi"": 0.04913674, ""mengatakan"": 0.07511702, ""menghadapi"": 0.02995784, ""mengingat"": 0.03954729, ""mengingatkan"": 0.04328008, ""meningkatkan"": 0.03178253, ""menteri"": 0.02614166, ""menunggu"": 0.03854982, ""menyebut"": 0.03038506, ""menyiapkan"": 0.03530389, ""menyukai"": 0.01046551, ""mitigasi"": 0.28454959, ""mungkin"": 0.02954737, ""namun"": 0.02428213, ""nanti"": 0.0583048, ""nasional"": 0.02840454, ""negara"": 0.02877179, ""pagu"": 0.04913674, ""pakai"": 0.04680143, ""pasifik"": 0.05214749, ""pelajaran"": 0.05214749, ""pemanfaatannya"": 0.05639089, ""pemerintah"": 0.07672745, ""pemerintahan"": 0.04913674, ""penanganan"": 0.0376392, ""penanggulangan"": 0.09360286, ""penting"": 0.02995784, ""perhitungan"": 0.08656015, ""permintaan"": 0.03854982, ""perwakilan"": 0.04328008, ""pihaknya"": 0.03530389, ""pimpin"": 0.04913674, ""prabowo"": 0.13851384, ""presiden"": 0.06565992, ""puan"": 0.31288491, ""purbaya"": 0.13597597, ""pusat"": 0.06259135, ""rakyat"": 0.0418826, ""rapat"": 0.03129568, ""rentan"": 0.05639089, ""retno"": 0.03462846, ""ring"": 0.09827349, ""sadewa"": 0.03530389, ""scroll"": 0.01127615, ""sebelumnya"": 0.0467025, ""sebesar"": 0.03229315, ""secara"": 0.08113996, ""sekarang"": 0.02877179, ""selama"": 0.05115163, ""selasa"": 0.04418776, ""seluruh"": 0.02705228, ""semuanya"": 0.03602593, ""senin"": 0.04090488, ""sep"": 0.0151402, ""seperti"": 0.06085497, ""sesuai"": 0.02995784, ""setiap"": 0.0291524, ""siap"": 0.05909474, ""signifikan"": 0.12194983, ""simak"": 0.03399399, ""soal"": 0.05680909, ""subianto"": 0.0752784, ""tambah"": 0.06925692, ""tambahan"": 0.07205187, ""tanpa"": 0.03854982, ""terbatas"": 0.04064994, ""terhadap"": 0.02452839, ""terima"": 0.0418826, ""terlebih"": 0.04064994, ""the"": 0.03954729, ""tingkatkan"": 0.04913674, ""triliun"": 0.03462846, ""ujar"": 0.04379651, ""video"": 0.03777503, ""virtual"": 0.04489334, ""wacana"": 0.05214749, ""wib"": 0.01046551, ""with"": 0.01127615, ""yudhi"": 0.03399399}",2
FN059,"{""adanya"": 0.02776292, ""advertisement"": 0.01004145, ""akhir"": 0.06378581, ""akhirnya"": 0.02490484, ""amerika"": 0.06963651, ""anda"": 0.00870029, ""anjlok"": 0.04687942, ""antam"": 0.08169768, ""apa"": 0.04783769, ""assuaibi"": 0.04335176, ""atas"": 0.02303331, ""bagi"": 0.01905003, ""bahkan"": 0.04783769, ""bahwa"": 0.04120167, ""bank"": 0.12819045, ""barel"": 0.08169768, ""belum"": 0.02275708, ""berada"": 0.03958185, ""berarti"": 0.02934917, ""berinvestasi"": 0.04084884, ""berpotensi"": 0.07464234, ""bersifat"": 0.03732117, ""besar"": 0.05274887, ""biang"": 0.03890742, ""brent"": 0.04084884, ""brothers"": 0.04335176, ""bunga"": 0.12254651, ""content"": 0.0093742, ""continue"": 0.0093742, ""data"": 0.02934917, ""detikcom"": 0.02776292, ""detikfinance"": 0.01467701, ""dia"": 0.01905003, ""dihubungi"": 0.03890742, ""dimanfaatkan"": 0.03204761, ""dipengaruhi"": 0.03732117, ""disimpan"": 0.00870029, ""dunia"": 0.04606662, ""emas"": 0.53970024, ""eropa"": 0.03890742, ""fdl"": 0.03059419, ""fed"": 0.04335176, ""federal"": 0.04335176, ""gambas"": 0.02303331, ""geopolitik"": 0.04084884, ""gram"": 0.20424419, ""hampir"": 0.03732117, ""hanya"": 0.01773427, ""harga"": 0.44228948, ""hari"": 0.03958185, ""harus"": 0.01714419, ""harusnya"": 0.03598002, ""heri"": 0.03481825, ""hrp"": 0.03481825, ""ialah"": 0.04335176, ""ibrahim"": 0.08670351, ""inflasi"": 0.11672227, ""intermediate"": 0.04335176, ""investasi"": 0.03287684, ""investor"": 0.08169768, ""jakarta"": 0.01016846, ""jangka"": 0.03598002, ""juta"": 0.05458504, ""kabar"": 0.03204761, ""karat"": 0.04084884, ""kedua"": 0.01998644, ""kemarin"": 0.02729252, ""kembali"": 0.10517971, ""kemudian"": 0.04252387, ""kemungkinan"": 0.10138052, ""kenaikan"": 0.02878767, ""kerja"": 0.05652043, ""keroknya"": 0.04687942, ""komoditas"": 0.03598002, ""kondisi"": 0.04298792, ""koreksi"": 0.04335176, ""lalu"": 0.02103594, ""lehman"": 0.04335176, ""level"": 0.09387176, ""lihat"": 0.02331859, ""logam"": 0.16339535, ""lonjakan"": 0.06963651, ""masih"": 0.01619905, ""masyarakat"": 0.02275708, ""mata"": 0.03481825, ""melakukan"": 0.01853302, ""membaiknya"": 0.04335176, ""membuat"": 0.04395487, ""memperkirakan"": 0.03598002, ""mempertahankan"": 0.06575368, ""mendekati"": 0.03287684, ""mendorong"": 0.03059419, ""menengah"": 0.03481825, ""mengalami"": 0.02490484, ""mengatakan"": 0.02081567, ""mengoleksi"": 0.03598002, ""menguat"": 0.08670351, ""menilai"": 0.02601703, ""meningkatkan"": 0.02642177, ""menjadi"": 0.01405529, ""mentah"": 0.08169768, ""menunjukkan"": 0.05284353, ""menurutnya"": 0.04912722, ""menyampaikan"": 0.02826022, ""menyukai"": 0.00870029, ""merupakan"": 0.0195997, ""minyak"": 0.07781485, ""morgan"": 0.04084884, ""mulai"": 0.01905003, ""mulia"": 0.16339535, ""naik"": 0.04912722, ""optimistis"": 0.03287684, ""panjang"": 0.02878767, ""pekan"": 0.02526, ""pelemahan"": 0.11672227, ""peluang"": 0.02684625, ""pembelian"": 0.03732117, ""pengamat"": 0.04084884, ""penurunan"": 0.06575368, ""per"": 0.19104765, ""perbaikan"": 0.03598002, ""permasalahan"": 0.04335176, ""pertama"": 0.01998644, ""positif"": 0.02684625, ""prospek"": 0.04335176, ""pun"": 0.04551417, ""purnomo"": 0.03481825, ""reserve"": 0.04335176, ""scroll"": 0.0093742, ""sebenarnya"": 0.03204761, ""sejak"": 0.02149396, ""sejumlah"": 0.02081567, ""selasa"": 0.0551019, ""sementara"": 0.05143258, ""sempat"": 0.02197743, ""semua"": 0.02331859, ""sentimen"": 0.04335176, ""sentral"": 0.08670351, ""sep"": 0.0125865, ""serikat"": 0.03598002, ""suku"": 0.13005527, ""tadinya"": 0.03890742, ""tahun"": 0.033453, ""tenaga"": 0.06758701, ""tengah"": 0.02642177, ""tepat"": 0.03059419, ""terangnya"": 0.03890742, ""terbuka"": 0.03129059, ""terhadap"": 0.02039118, ""terjadi"": 0.06746809, ""terpengaruh"": 0.04335176, ""terus"": 0.06378581, ""texas"": 0.04335176, ""the"": 0.03287684, ""timur"": 0.05869835, ""tinggi"": 0.08187756, ""tren"": 0.07196003, ""turun"": 0.07689085, ""turunnya"": 0.04335176, ""uang"": 0.03481825, ""ujarnya"": 0.05052001, ""video"": 0.03140351, ""waktu"": 0.01922942, ""west"": 0.04335176, ""wib"": 0.00870029, ""with"": 0.0093742, ""wti"": 0.04335176}",2
FN060,"{""abu"": 0.04884237, ""advertisement"": 0.00867736, ""anak"": 0.06744817, ""anda"": 0.00751839, ""area"": 0.06450249, ""ataupun"": 0.03362201, ""awal"": 0.01878009, ""bagus"": 0.02182854, ""bahkan"": 0.04133914, ""banyak"": 0.13001865, ""baru"": 0.03597589, ""beberapa"": 0.02015085, ""beragam"": 0.03362201, ""berbagai"": 0.04133914, ""berbincang"": 0.04051105, ""berburu"": 0.0374626, ""berdasarkan"": 0.01990433, ""berdesakan"": 0.04051105, ""berganti"": 0.03529969, ""berpusat"": 0.04051105, ""bertanya"": 0.07059938, ""besar"": 0.01519439, ""biasa"": 0.07764277, ""biasanya"": 0.03109228, ""borong"": 0.0749252, ""box"": 0.14119877, ""cari"": 0.03529969, ""content"": 0.00810076, ""continue"": 0.00810076, ""cukup"": 0.02015085, ""cuma"": 0.01899189, ""datang"": 0.12210592, ""deh"": 0.0374626, ""demam"": 0.08102209, ""detikcom"": 0.07197433, ""detikfinance"": 0.0126832, ""didominasi"": 0.04051105, ""diimbau"": 0.03529969, ""dijajakan"": 0.04051105, ""dijualnya"": 0.0374626, ""dikunjungi"": 0.04051105, ""dilalui"": 0.04051105, ""disampaikan"": 0.02588092, ""disimpan"": 0.00751839, ""ditemui"": 0.02703989, ""doang"": 0.03529969, ""erupsi"": 0.05176185, ""etalase"": 0.0374626, ""fdl"": 0.0264381, ""fenomena"": 0.03529969, ""foto"": 0.02703989, ""gambas"": 0.01990433, ""geordi"": 0.03008834, ""geordy"": 0.04051105, ""gitu"": 0.09327684, ""gunung"": 0.07197433, ""hal"": 0.03174435, ""harga"": 0.06744817, ""hari"": 0.05130722, ""ignacio"": 0.06017667, ""igo"": 0.03109228, ""jakarta"": 0.03514848, ""jarang"": 0.0374626, ""jelas"": 0.02358494, ""kalau"": 0.11799377, ""kan"": 0.02214852, ""kata"": 0.01506586, ""kawasan"": 0.02487698, ""kayak"": 0.06724402, ""kedatangan"": 0.03362201, ""keliling"": 0.04051105, ""keluar"": 0.02841066, ""kemarin"": 0.14150967, ""kemudian"": 0.01837359, ""kenaikan"": 0.04975397, ""kepadatan"": 0.0374626, ""keramaian"": 0.0374626, ""kesehatan"": 0.02769408, ""kini"": 0.02182854, ""kios"": 0.08102209, ""kita"": 0.01646216, ""kondisi"": 0.01857409, ""krakatau"": 0.07075483, ""kualitas"": 0.03109228, ""kualitasnya"": 0.04051105, ""lagi"": 0.01762112, ""lah"": 0.03109228, ""lain"": 0.03488842, ""laku"": 0.03529969, ""langganan"": 0.0749252, ""langsung"": 0.04985155, ""lihat"": 0.04030171, ""lonjakan"": 0.03008834, ""lorong"": 0.04051105, ""macam"": 0.03225124, ""macamnya"": 0.04051105, ""mah"": 0.03529969, ""mahal"": 0.03225124, ""masker"": 0.53795216, ""masuk"": 0.02182854, ""melalui"": 0.01798795, ""melihat"": 0.020943, ""memborong"": 0.0374626, ""membuat"": 0.01899189, ""menaruh"": 0.04051105, ""mencari"": 0.11681119, ""mendadak"": 0.03529969, ""mendatangi"": 0.0374626, ""mengatakan"": 0.01798795, ""mengeluarkan"": 0.03529969, ""mengungkapkan"": 0.02841066, ""menimbulkan"": 0.03529969, ""meningkat"": 0.03008834, ""menjadi"": 0.01214594, ""menurutnya"": 0.02122674, ""menyukai"": 0.00751839, ""merasakan"": 0.03362201, ""meski"": 0.03980866, ""minggu"": 0.05634027, ""mulai"": 0.06584863, ""namun"": 0.01744421, ""nanya"": 0.0374626, ""nggak"": 0.09768473, ""opsi"": 0.03529969, ""orang"": 0.06744817, ""oswaldo"": 0.06017667, ""pabrik"": 0.0374626, ""pagi"": 0.03225124, ""pakai"": 0.03362201, ""pantauan"": 0.0374626, ""pasar"": 0.28469017, ""pasti"": 0.02841066, ""pedagang"": 0.14119877, ""pelanggan"": 0.03362201, ""pelindung"": 0.03529969, ""pembeli"": 0.21764595, ""pengunjung"": 0.1123878, ""perbedaannya"": 0.0374626, ""pergi"": 0.0374626, ""permintaan"": 0.11077631, ""pernapasan"": 0.04051105, ""perputaran"": 0.0374626, ""pramuka"": 0.24709784, ""produk"": 0.05682131, ""puncak"": 0.02841066, ""ramai"": 0.12900498, ""saja"": 0.01966563, ""salah"": 0.01857409, ""sampai"": 0.05453489, ""sana"": 0.02536221, ""sangat"": 0.03674718, ""satu"": 0.01573164, ""scroll"": 0.00810076, ""sebelumnya"": 0.01677547, ""sedang"": 0.0264381, ""sedari"": 0.0374626, ""sedikit"": 0.02536221, ""sehari"": 0.02841066, ""sejak"": 0.07429637, ""sejumlah"": 0.01798795, ""sekali"": 0.02769408, ""sekaligus"": 0.02015085, ""sekarang"": 0.02066957, ""selasa"": 0.03174435, ""selly"": 0.0749252, ""semakin"": 0.04496544, ""sempit"": 0.04051105, ""senada"": 0.0374626, ""sengaja"": 0.03362201, ""senin"": 0.04407892, ""seorang"": 0.03225124, ""sep"": 0.01087668, ""serius"": 0.03529969, ""setelah"": 0.01573164, ""sibuk"": 0.04051105, ""sih"": 0.03225124, ""silih"": 0.04051105, ""sini"": 0.07075483, ""sulit"": 0.0264381, ""tahu"": 0.0463986, ""tampak"": 0.0749252, ""tanya"": 0.0374626, ""tentang"": 0.02588092, ""terasa"": 0.03529969, ""terbawa"": 0.04051105, ""tergantung"": 0.04051105, ""terjadi"": 0.05830283, ""terlihat"": 0.06450249, ""terus"": 0.01837359, ""timur"": 0.02536221, ""toko"": 0.1498504, ""tokonya"": 0.0749252, ""tuh"": 0.06450249, ""tutup"": 0.05538815, ""tuturnya"": 0.03109228, ""ujar"": 0.01573164, ""video"": 0.02713747, ""vulkanik"": 0.04884237, ""wajah"": 0.0374626, ""warga"": 0.06017667, ""whatsapp"": 0.0374626, ""wib"": 0.01503679, ""wilayah"": 0.02703989, ""with"": 0.00810076, ""yana"": 0.14119877}",2
FN061,"{""acd"": 0.04818651, ""adalah"": 0.01809454, ""advertisement"": 0.01024544, ""agar"": 0.02379231, ""agraria"": 0.04423245, ""alih"": 0.03192626, ""anak"": 0.10618227, ""anda"": 0.00887704, ""anggaran"": 0.02937249, ""antoni"": 0.04783178, ""apabila"": 0.03269866, ""api"": 0.03807936, ""apl"": 0.04783178, ""area"": 0.03807936, ""atr"": 0.08335737, ""ayuningrum"": 0.02937249, ""badan"": 0.02615097, ""bagaimana"": 0.02832693, ""baik"": 0.02019298, ""bebernya"": 0.04423245, ""bekas"": 0.19132713, ""bencana"": 0.11748997, ""berbagai"": 0.02440476, ""berkaitan"": 0.03552559, ""berkoordinasi"": 0.06539733, ""bersama"": 0.04247709, ""berubah"": 0.07939566, ""biasanya"": 0.03671095, ""boleh"": 0.10344007, ""bpn"": 0.0884649, ""buka"": 0.05989081, ""cincin"": 0.04423245, ""content"": 0.00956464, ""continue"": 0.00956464, ""dampak"": 0.0299454, ""depannya"": 0.08335737, ""detikfinance"": 0.01497517, ""dewan"": 0.03807936, ""digunakan"": 0.03192626, ""dikoordinasi"": 0.04783178, ""dilakukan"": 0.04292658, ""dilakukannya"": 0.04783178, ""diselidiki"": 0.09566356, ""disimpan"": 0.00887704, ""ditambah"": 0.03552559, ""ditanami"": 0.04783178, ""diusut"": 0.04783178, ""dpr"": 0.07731949, ""dugaan"": 0.03807936, ""fire"": 0.04167869, ""fokus"": 0.0299454, ""fungsi"": 0.03671095, ""gambas"": 0.02350123, ""gedung"": 0.03448002, ""guna"": 0.03807936, ""hak"": 0.04167869, ""hal"": 0.09370216, ""hanya"": 0.01809454, ""harus"": 0.12244737, ""hgu"": 0.04423245, ""hukum"": 0.03671095, ""hutan"": 0.26655549, ""ilegal"": 0.0884649, ""imbuh"": 0.03969783, ""indonesia"": 0.01602074, ""ispa"": 0.09566356, ""jakarta"": 0.03112511, ""jalur"": 0.03807936, ""jangka"": 0.03671095, ""juli"": 0.03969783, ""kabar"": 0.03269866, ""kalau"": 0.04643879, ""kami"": 0.03682323, ""kan"": 0.02615097, ""karenanya"": 0.03969783, ""karhutla"": 0.22847613, ""kebakaran"": 0.22847613, ""kebun"": 0.0884649, ""kegiatan"": 0.09566356, ""kehutanan"": 0.0884649, ""kementerian"": 0.12886581, ""kemudian"": 0.06508163, ""kesehatan"": 0.03269866, ""ketua"": 0.03192626, ""kompleks"": 0.03121572, ""kondisi"": 0.02193061, ""konsekuensi"": 0.04423245, ""koordinasi"": 0.03552559, ""lahan"": 0.24136017, ""lain"": 0.02059655, ""lembaga"": 0.06896005, ""lintas"": 0.03192626, ""lokasi"": 0.06896005, ""maharani"": 0.0884649, ""manfaatnya"": 0.04423245, ""masalah"": 0.06385252, ""masuk"": 0.02577316, ""melakukan"": 0.03781905, ""melibatkan"": 0.03671095, ""memang"": 0.02350123, ""membakar"": 0.13269735, ""memiliki"": 0.02101935, ""meminta"": 0.02883433, ""menanam"": 0.04783178, ""mencegah"": 0.04423245, ""mendapatkan"": 0.02883433, ""mendirikan"": 0.04423245, ""menekankan"": 0.07105118, ""mengantisipasi"": 0.08335737, ""mengharapkan"": 0.04783178, ""mengingatkan"": 0.03671095, ""menhut"": 0.04783178, ""menjadi"": 0.01434083, ""menko"": 0.03969783, ""menteri"": 0.04434766, ""menurut"": 0.04880952, ""menyebut"": 0.02577316, ""menyelidiki"": 0.04783178, ""menyukai"": 0.00887704, ""merespons"": 0.03969783, ""mitigasi"": 0.1379201, ""modus"": 0.04783178, ""namanya"": 0.04423245, ""nanti"": 0.0247276, ""nasional"": 0.02409325, ""nggak"": 0.02883433, ""nusron"": 0.04423245, ""panjang"": 0.02937249, ""pascabencana"": 0.04783178, ""pasifik"": 0.04423245, ""pastikan"": 0.03552559, ""pemerintah"": 0.04338775, ""penanganan"": 0.06385252, ""pendidikan"": 0.03807936, ""pendidikannya"": 0.04783178, ""penggunaan"": 0.03354474, ""pentingnya"": 0.04167869, ""peristiwa"": 0.04423245, ""perkebunan"": 0.04783178, ""pertanahan"": 0.04423245, ""pertanian"": 0.03671095, ""perwakilan"": 0.03671095, ""pihak"": 0.03055786, ""pihaknya"": 0.0299454, ""polisi"": 0.04423245, ""puan"": 0.35385961, ""pun"": 0.04643879, ""pusat"": 0.02654557, ""raja"": 0.12503606, ""rakyat"": 0.03552559, ""retno"": 0.02937249, ""ring"": 0.04167869, ""ruang"": 0.0299454, ""sama"": 0.04818651, ""sawit"": 0.30962716, ""scroll"": 0.00956464, ""sebelumnya"": 0.01980696, ""secara"": 0.0516183, ""segera"": 0.1596313, ""seharusnya"": 0.04167869, ""sekarang"": 0.02440476, ""selasa"": 0.0562213, ""semacam"": 0.04423245, ""semua"": 0.02379231, ""sep"": 0.0128422, ""seperti"": 0.0344122, ""serta"": 0.02101935, ""simak"": 0.02883433, ""singkat"": 0.04423245, ""soal"": 0.04818651, ""solusinya"": 0.04783178, ""soroti"": 0.04423245, ""sosial"": 0.03448002, ""suara"": 0.03552559, ""tahun"": 0.0341326, ""tanam"": 0.04783178, ""tata"": 0.03448002, ""tegas"": 0.03121572, ""teratasi"": 0.04783178, ""terganggu"": 0.0884649, ""terjadi"": 0.09178494, ""terkait"": 0.02268123, ""termasuk"": 0.04589247, ""terpadu"": 0.03969783, ""tindakan"": 0.04167869, ""ujar"": 0.037149, ""ungkap"": 0.0299454, ""usaha"": 0.05569394, ""video"": 0.03204147, ""wahid"": 0.04423245, ""waktu"": 0.01962007, ""wib"": 0.00887704, ""with"": 0.00956464}",2
FN062,"{""adanya"": 0.02447395, ""adapun"": 0.02640143, ""advertisement"": 0.00885188, ""akhir"": 0.03748622, ""akhirnya"": 0.02195445, ""ambruk"": 0.03821603, ""amerika"": 0.06138692, ""anda"": 0.0076696, ""antam"": 0.18004812, ""apa"": 0.02108527, ""aset"": 0.0275837, ""assuaibi"": 0.03821603, ""atas"": 0.02030463, ""bagi"": 0.01679324, ""bahkan"": 0.02108527, ""bahwa"": 0.03632066, ""bakal"": 0.02587228, ""bank"": 0.11300419, ""barel"": 0.07201925, ""beberapa"": 0.02055612, ""belum"": 0.04012227, ""berada"": 0.03489273, ""berakhir"": 0.02979011, ""berarti"": 0.02587228, ""berinvestasi"": 0.03600962, ""berpotensi"": 0.03289987, ""bersifat"": 0.03289987, ""besar"": 0.04649991, ""brent"": 0.03600962, ""brothers"": 0.03821603, ""bunga"": 0.10802887, ""content"": 0.00826367, ""continue"": 0.00826367, ""data"": 0.02587228, ""depan"": 0.01874311, ""detikcom"": 0.02447395, ""detikfinance"": 0.01293827, ""dihubungi"": 0.0342982, ""dimanfaatkan"": 0.02825105, ""dipengaruhi"": 0.03289987, ""diprediksi"": 0.03171759, ""diramal"": 0.04132579, ""disimpan"": 0.0076696, ""dua"": 0.01779504, ""dunia"": 0.04060927, ""emas"": 0.60263427, ""eropa"": 0.0685964, ""fdl"": 0.02696981, ""fed"": 0.03821603, ""federal"": 0.03821603, ""gambas"": 0.02030463, ""geopolitik"": 0.03600962, ""gram"": 0.18004812, ""gramnya"": 0.04132579, ""hampir"": 0.03289987, ""hanya"": 0.01563336, ""harga"": 0.41282792, ""hari"": 0.06978546, ""harusnya"": 0.03171759, ""heri"": 0.03069346, ""hrp"": 0.03069346, ""ialah"": 0.03821603, ""ibrahim"": 0.11464809, ""inflasi"": 0.0685964, ""intermediate"": 0.03821603, ""investasi"": 0.02898204, ""investor"": 0.07201925, ""jakarta"": 0.00896384, ""jangka"": 0.03171759, ""juta"": 0.07217782, ""karat"": 0.03600962, ""kedua"": 0.01761872, ""kembali"": 0.05563167, ""kemudian"": 0.01874311, ""kemungkinan"": 0.08937033, ""kenaikan"": 0.0507546, ""kerja"": 0.04982466, ""komoditas"": 0.03171759, ""kondisi"": 0.03789529, ""konflik"": 0.08265157, ""koreksi"": 0.03821603, ""lagi"": 0.01797551, ""lalu"": 0.01854389, ""lehman"": 0.03821603, ""level"": 0.05516741, ""lihat"": 0.02055612, ""lindung"": 0.04132579, ""logam"": 0.14403849, ""lonjakan"": 0.06138692, ""mana"": 0.02259396, ""masih"": 0.01428001, ""masyarakat"": 0.02006114, ""mata"": 0.03069346, ""melakukan"": 0.01633748, ""membaiknya"": 0.03821603, ""membuat"": 0.03874769, ""mempertahankan"": 0.05796408, ""memprediksi"": 0.03289987, ""mendekati"": 0.02898204, ""mendorong"": 0.02696981, ""menengah"": 0.03069346, ""mengalami"": 0.04390891, ""mengatakan"": 0.01834971, ""mengoleksi"": 0.03171759, ""menguat"": 0.03821603, ""menilai"": 0.04586977, ""meningkatkan"": 0.04658335, ""menjadi"": 0.02478043, ""mentah"": 0.07201925, ""menunjukkan"": 0.04658335, ""menurutnya"": 0.04330729, ""menyampaikan"": 0.02491233, ""menyukai"": 0.0076696, ""merupakan"": 0.01727779, ""meskipun"": 0.02979011, ""minyak"": 0.0685964, ""morgan"": 0.03600962, ""mulai"": 0.01679324, ""mulia"": 0.14403849, ""naik"": 0.08661459, ""nilai"": 0.02898204, ""panjang"": 0.0253773, ""pekan"": 0.02226754, ""pelemahan"": 0.1028946, ""peluang"": 0.02366588, ""pembelian"": 0.03289987, ""pengamat"": 0.03600962, ""penurunan"": 0.02898204, ""per"": 0.1924742, ""perbaikan"": 0.03171759, ""perkiraan"": 0.03289987, ""permasalahan"": 0.03821603, ""permintaan"": 0.02825105, ""pertama"": 0.01761872, ""positif"": 0.02366588, ""prediksi"": 0.05796408, ""prospek"": 0.03821603, ""pun"": 0.04012227, ""purnomo"": 0.03069346, ""reserve"": 0.03821603, ""scroll"": 0.00826367, ""sebenarnya"": 0.02825105, ""seiring"": 0.0342982, ""sejak"": 0.01894765, ""sejumlah"": 0.01834971, ""sekitar"": 0.02030463, ""selasa"": 0.04857417, ""sementara"": 0.04533955, ""sempat"": 0.01937385, ""semua"": 0.02055612, ""sentimen"": 0.03821603, ""sentral"": 0.07643206, ""sep"": 0.01109542, ""serikat"": 0.03171759, ""suku"": 0.11464809, ""tadinya"": 0.0342982, ""tahun"": 0.01474497, ""tenaga"": 0.05958022, ""tengah"": 0.04658335, ""tepat"": 0.02696981, ""terangnya"": 0.0342982, ""terbuka"": 0.0275837, ""terhadap"": 0.03595102, ""terjadi"": 0.05947539, ""terkait"": 0.01959617, ""terpengaruh"": 0.03821603, ""terus"": 0.03748622, ""texas"": 0.03821603, ""the"": 0.02898204, ""timur"": 0.10348913, ""tinggi"": 0.07217782, ""tren"": 0.06343519, ""turun"": 0.06778187, ""turunnya"": 0.03821603, ""uang"": 0.03069346, ""ujarnya"": 0.04453508, ""video"": 0.02768325, ""waktu"": 0.03390276, ""waktunya"": 0.0342982, ""west"": 0.03821603, ""wib"": 0.0076696, ""with"": 0.00826367, ""wti"": 0.03821603}",2
FN063,"{""abu"": 0.03867237, ""adalah"": 0.01213413, ""advertisement"": 0.00687055, ""agak"": 0.02966211, ""agar"": 0.01595503, ""alhasil"": 0.02794956, ""alih"": 0.04281925, ""ambil"": 0.02553587, ""anak"": 0.05340406, ""anda"": 0.00595291, ""apakah"": 0.02382332, ""aplikasi"": 0.02662121, ""area"": 0.02553587, ""atas"": 0.01575983, ""ataupun"": 0.02662121, ""awal"": 0.01486968, ""awalnya"": 0.02966211, ""bagi"": 0.01303439, ""bahkan"": 0.01636574, ""baik"": 0.01354133, ""banyak"": 0.11765265, ""barang"": 0.02093314, ""baru"": 0.0854549, ""beda"": 0.02461822, ""belum"": 0.03114167, ""berbagi"": 0.02966211, ""berbeda"": 0.02140962, ""berdasarkan"": 0.01575983, ""berkah"": 0.02966211, ""biasa"": 0.12295187, ""biasanya"": 0.02461822, ""boleh"": 0.02312217, ""box"": 0.11179825, ""cari"": 0.02794956, ""cepat"": 0.02192759, ""content"": 0.00641401, ""continue"": 0.00641401, ""covid"": 0.11179825, ""cuma"": 0.06014953, ""dagangannya"": 0.02966211, ""datang"": 0.09668093, ""detikcom"": 0.01899593, ""detikfinance"": 0.01004229, ""dibasahi"": 0.0320758, ""diburu"": 0.02966211, ""dijualnya"": 0.02966211, ""dilakukan"": 0.0143932, ""dimilikinya"": 0.0320758, ""dipadati"": 0.02966211, ""disimpan"": 0.00595291, ""distributor"": 0.14831054, ""distributornya"": 0.0320758, ""doang"": 0.05589913, ""dokter"": 0.02662121, ""drastis"": 0.0320758, ""dua"": 0.01381196, ""eceran"": 0.02794956, ""erupsi"": 0.06147594, ""etalase"": 0.02966211, ""fdl"": 0.02093314, ""gambas"": 0.01575983, ""geordi"": 0.02382332, ""giliran"": 0.0320758, ""gitu"": 0.07385466, ""gunung"": 0.05698778, ""habis"": 0.10648484, ""hal"": 0.02513452, ""hanya"": 0.03640239, ""harga"": 0.21361623, ""harganya"": 0.02794956, ""hari"": 0.10833065, ""harian"": 0.0320758, ""ignacio"": 0.02382332, ""igo"": 0.02461822, ""ikut"": 0.02008127, ""jakarta"": 0.02087238, ""jarang"": 0.02966211, ""jika"": 0.01836873, ""jual"": 0.13310605, ""kabar"": 0.02192759, ""kalau"": 0.09342502, ""kali"": 0.03077531, ""kan"": 0.03507347, ""kapan"": 0.02192759, ""kata"": 0.03578651, ""kayak"": 0.05324242, ""kayaknya"": 0.0320758, ""kehabisan"": 0.0320758, ""kemarin"": 0.09337035, ""kenaikan"": 0.09848539, ""kenaikannya"": 0.02662121, ""kepada"": 0.01315714, ""keramaian"": 0.02966211, ""ketersediaan"": 0.04624434, ""ketinggalan"": 0.02794956, ""keuntungan"": 0.02662121, ""kini"": 0.05185014, ""kita"": 0.05213758, ""kondisi"": 0.05882632, ""kosong"": 0.02966211, ""kotak"": 0.05932422, ""krakatau"": 0.05602221, ""kurangi"": 0.02966211, ""lagi"": 0.02790408, ""lah"": 0.04923644, ""lain"": 0.01381196, ""lainnya"": 0.01867407, ""laku"": 0.02794956, ""lama"": 0.02140962, ""langganan"": 0.08898632, ""langganannya"": 0.0320758, ""langsung"": 0.0657857, ""lipat"": 0.02662121, ""lonjakan"": 0.07146996, ""ludes"": 0.05932422, ""lumayan"": 0.02794956, ""lumrah"": 0.02966211, ""mah"": 0.02794956, ""mana"": 0.01753674, ""masalahnya"": 0.02461822, ""masker"": 0.47918177, ""mau"": 0.03867237, ""mayoritas"": 0.02966211, ""medis"": 0.05589913, ""melakukan"": 0.01268065, ""melalui"": 0.01424248, ""memang"": 0.01575983, ""memborong"": 0.02966211, ""membuat"": 0.04511215, ""mencari"": 0.02312217, ""mendadak"": 0.08384869, ""mengajukan"": 0.02553587, ""mengaku"": 0.04016254, ""mengalami"": 0.03408074, ""mengambil"": 0.02008127, ""mengatakan"": 0.04272745, ""mengetahui"": 0.02382332, ""menghabiskan"": 0.0320758, ""menghubungi"": 0.02966211, ""mengikuti"": 0.04385519, ""mengurangi"": 0.02794956, ""meningkat"": 0.02382332, ""meningkatkan"": 0.01807828, ""menipisnya"": 0.02966211, ""menjadi"": 0.0096169, ""menurut"": 0.01636574, ""menurutnya"": 0.01680689, ""menyebut"": 0.01728338, ""menyesuaikan"": 0.02553587, ""menyukai"": 0.00595291, ""minggu"": 0.01486968, ""modal"": 0.04764664, ""mulai"": 0.05213758, ""mungkin"": 0.03361379, ""nah"": 0.02461822, ""naik"": 0.06722758, ""naikkan"": 0.02794956, ""naiknya"": 0.0320758, ""namun"": 0.06905982, ""nanti"": 0.03316446, ""nanya"": 0.02966211, ""nggak"": 0.1353533, ""orang"": 0.05340406, ""oswaldo"": 0.02382332, ""paling"": 0.03734814, ""pandemi"": 0.02662121, ""paru"": 0.0320758, ""pasar"": 0.22541177, ""pedagang"": 0.11179825, ""pembeli"": 0.04923644, ""pembelian"": 0.02553587, ""pemesanan"": 0.09622741, ""pengalaman"": 0.02249497, ""pengunjung"": 0.11864843, ""peningkatan"": 0.02049198, ""penjualan"": 0.02662121, ""per"": 0.03734814, ""perbedaannya"": 0.02966211, ""perlu"": 0.01867407, ""permintaan"": 0.15349316, ""perputaran"": 0.02966211, ""persediaan"": 0.0320758, ""pertama"": 0.01367511, ""pesan"": 0.11179825, ""pesanan"": 0.06415161, ""pramuka"": 0.16769738, ""produk"": 0.17995974, ""pula"": 0.02382332, ""puncak"": 0.02249497, ""ramai"": 0.02553587, ""saja"": 0.03114167, ""salah"": 0.02941316, ""sampai"": 0.08635919, ""sangat"": 0.04364348, ""satu"": 0.03736796, ""scroll"": 0.00641401, ""sebab"": 0.06578278, ""sebanyak"": 0.01807828, ""sebaran"": 0.02192759, ""sebelumnya"": 0.03984741, ""sebenarnya"": 0.02192759, ""sedikit"": 0.02008127, ""segera"": 0.02140962, ""sehari"": 0.04498993, ""sehingga"": 0.01503738, ""sejak"": 0.01470658, ""sejumlah"": 0.01424248, ""sekali"": 0.02192759, ""sekarang"": 0.08182868, ""selama"": 0.01454783, ""selasa"": 0.02513452, ""selly"": 0.11864843, ""semahal"": 0.0320758, ""sementara"": 0.03519117, ""semua"": 0.01595503, ""semuanya"": 0.02049198, ""senin"": 0.03490077, ""sentra"": 0.02794956, ""seorang"": 0.05107173, ""sep"": 0.00861193, ""seperti"": 0.03461503, ""setelah"": 0.01245599, ""sih"": 0.05107173, ""simak"": 0.01933619, ""sini"": 0.05602221, ""stok"": 0.23823321, ""suasana"": 0.0320758, ""tahu"": 0.01836873, ""tambah"": 0.01969708, ""tapi"": 0.01303439, ""tengah"": 0.01807828, ""terangnya"": 0.02662121, ""terbatas"": 0.02312217, ""terjadi"": 0.07693828, ""terkait"": 0.01520994, ""terlalu"": 0.02461822, ""termasuk"": 0.01538766, ""terpaksa"": 0.02553587, ""tersebar"": 0.02553587, ""tersendiri"": 0.02662121, ""tersimpan"": 0.02966211, ""tetap"": 0.01328247, ""timur"": 0.02008127, ""tinggi"": 0.03734814, ""toko"": 0.02966211, ""tokonya"": 0.11864843, ""tuh"": 0.05107173, ""tuturnya"": 0.02461822, ""ujar"": 0.01245599, ""ujarnya"": 0.01728338, ""ulang"": 0.02662121, ""untung"": 0.0320758, ""via"": 0.0320758, ""video"": 0.02148689, ""vulkanik"": 0.03867237, ""whatsapp"": 0.05932422, ""wib"": 0.00595291, ""wilayah"": 0.02140962, ""with"": 0.00641401, ""yana"": 0.08384869}",2
FN064,"{""adopsi"": 0.03961279, ""advertisement"": 0.00848496, ""ajang"": 0.05884237, ""aman"": 0.02530706, ""anda"": 0.00735169, ""anl"": 0.03451699, ""apresiasi"": 0.07326387, ""aspek"": 0.02708001, ""assistance"": 0.03961279, ""asuransi"": 0.14652774, ""atas"": 0.03892597, ""award"": 0.27728951, ""awards"": 0.03961279, ""azzahra"": 0.03961279, ""bagi"": 0.03219428, ""bagian"": 0.02134453, ""bahwa"": 0.01740757, ""berada"": 0.01672319, ""berbasis"": 0.0328765, ""berhasil"": 0.03990656, ""berinteraksi"": 0.07326387, ""berjalan"": 0.02134453, ""berkat"": 0.03153613, ""bersih"": 0.06903397, ""bidang"": 0.02530706, ""business"": 0.0328765, ""call"": 0.03663193, ""carre"": 0.03961279, ""ccsea"": 0.03961279, ""center"": 0.03153613, ""cerminan"": 0.03961279, ""cjx"": 0.03961279, ""contact"": 0.03961279, ""content"": 0.00792114, ""continue"": 0.00792114, ""customer"": 0.18315967, ""detikfinance"": 0.01240197, ""detiktimur"": 0.03961279, ""development"": 0.0328765, ""diamond"": 0.03961279, ""diberikan"": 0.03040286, ""didorong"": 0.03040286, ""digital"": 0.03040286, ""dikembangkan"": 0.03451699, ""diselenggarakan"": 0.03451699, ""disimpan"": 0.00735169, ""diterima"": 0.03451699, ""dua"": 0.01705742, ""dudi"": 0.03961279, ""ega"": 0.02387969, ""excellence"": 0.03663193, ""exceptional"": 0.03961279, ""experience"": 0.19806394, ""ferraro"": 0.03961279, ""gambas"": 0.01946299, ""group"": 0.03663193, ""hanya"": 0.01498534, ""harus"": 0.01448673, ""hasil"": 0.01609714, ""head"": 0.03451699, ""indeks"": 0.03451699, ""index"": 0.03961279, ""indonesia"": 0.02653575, ""industri"": 0.02530706, ""informasi"": 0.02165741, ""ingin"": 0.02134453, ""inovasi"": 0.03961279, ""insurance"": 0.39612787, ""interaksi"": 0.03961279, ""jakarta"": 0.00859228, ""jasa"": 0.0946084, ""journey"": 0.11883836, ""kami"": 0.03049585, ""keamanan"": 0.02855528, ""keberhasilan"": 0.03451699, ""kedua"": 0.01688841, ""kemudahan"": 0.03451699, ""kepada"": 0.03249745, ""kepercayaan"": 0.0328765, ""keterangan"": 0.02198421, ""keuangan"": 0.02198421, ""kinerja"": 0.03153613, ""konsistensi"": 0.03040286, ""konvensional"": 0.03961279, ""kualitas"": 0.03040286, ""kuartal"": 0.03663193, ""laba"": 0.07326387, ""layanan"": 0.13220165, ""lini"": 0.03961279, ""malam"": 0.02134453, ""maupun"": 0.02345948, ""melanjutkan"": 0.0328765, ""melihat"": 0.02047862, ""memberikan"": 0.03632449, ""membukukan"": 0.03040286, ""memiliki"": 0.01740757, ""memperkuat"": 0.02530706, ""memuaskan"": 0.03961279, ""menambahkan"": 0.02198421, ""mencakup"": 0.02855528, ""mencatat"": 0.0277807, ""mencatatkan"": 0.02855528, ""menegaskan"": 0.02165741, ""menghadirkan"": 0.02942118, ""meningkat"": 0.02942118, ""menjadi"": 0.0475065, ""menjelaskan"": 0.02855528, ""menyeluruh"": 0.0328765, ""menyukai"": 0.00735169, ""meraih"": 0.07037843, ""merek"": 0.03663193, ""merupakan"": 0.01656161, ""miliar"": 0.08566584, ""monitoring"": 0.03961279, ""mutu"": 0.03451699, ""nasabah"": 0.07326387, ""nasional"": 0.05985984, ""nasywa"": 0.03961279, ""nilai"": 0.0277807, ""pelanggan"": 0.19725902, ""pelayanan"": 0.0555614, ""pencapaian"": 0.06575301, ""pendapatan"": 0.05288066, ""pengakuan"": 0.02855528, ""pengalaman"": 0.11112281, ""penghargaan"": 0.3169023, ""pengingat"": 0.03961279, ""penguatan"": 0.02855528, ""penilaian"": 0.03663193, ""peningkatan"": 0.02530706, ""perjalanan"": 0.02585188, ""perkuat"": 0.03451699, ""persepsi"": 0.03663193, ""pertumbuhan"": 0.02585188, ""perusahaan"": 0.16668421, ""positif"": 0.0453698, ""pratama"": 0.02387969, ""predikat"": 0.07922557, ""proses"": 0.02232621, ""quality"": 0.14652774, ""raih"": 0.03040286, ""rangkaian"": 0.02855528, ""rasa"": 0.0277807, ""rata"": 0.05288066, ""scroll"": 0.00792114, ""sebanyak"": 0.02232621, ""sebelumnya"": 0.03280701, ""sebesar"": 0.0226849, ""sebuah"": 0.02855528, ""secara"": 0.02849911, ""sekaligus"": 0.05911214, ""selain"": 0.02047862, ""selaras"": 0.03961279, ""selasa"": 0.03104048, ""seluruh"": 0.01900336, ""sementara"": 0.01448673, ""semester"": 0.03451699, ""sep"": 0.01063551, ""sepanjang"": 0.04865076, ""service"": 0.16438252, ""setiap"": 0.02047862, ""sukses"": 0.03040286, ""tahunan"": 0.03451699, ""tbk"": 0.03663193, ""teknologi"": 0.02855528, ""tembus"": 0.02855528, ""terbaik"": 0.02432538, ""terhadap"": 0.01723041, ""tertulis"": 0.02585188, ""terus"": 0.03593238, ""tetapi"": 0.01816225, ""tia"": 0.03961279, ""tonton"": 0.02708001, ""transaksi"": 0.03663193, ""transformasi"": 0.0328765, ""triliun"": 0.04865076, ""tugu"": 0.43574066, ""tumbuh"": 0.05711056, ""turut"": 0.02855528, ""ujar"": 0.01538282, ""video"": 0.02653575, ""wib"": 0.00735169, ""with"": 0.00792114, ""yudhi"": 0.04775938}",2
FN065,"{""acd"": 0.04040443, ""advertisement"": 0.00859081, ""agar"": 0.01994987, ""ahmad"": 0.02978824, ""airlangga"": 0.09986001, ""akhir"": 0.03638067, ""akuntabel"": 0.040107, ""alokasi"": 0.05782307, ""aman"": 0.02562279, ""amanah"": 0.040107, ""anda"": 0.00744341, ""arahan"": 0.12771831, ""ayuningrum"": 0.02462886, ""bagian"": 0.02161082, ""bahwa"": 0.01762474, ""bakal"": 0.02510925, ""bantuan"": 0.44701407, ""bapak"": 0.05782307, ""beber"": 0.02812729, ""beli"": 0.03708895, ""beras"": 0.30940022, ""berbagai"": 0.04092683, ""berhak"": 0.03192958, ""berharap"": 0.02891153, ""berkomitmen"": 0.03192958, ""berlanjut"": 0.03494762, ""besar"": 0.01504284, ""bidang"": 0.02562279, ""bilang"": 0.0267702, ""bulan"": 0.07852323, ""bulog"": 0.23300669, ""content"": 0.00801996, ""continue"": 0.00801996, ""cukup"": 0.01994987, ""daya"": 0.06156434, ""desember"": 0.26629336, ""detikfinance"": 0.0125567, ""diberikan"": 0.03078217, ""dikutip"": 0.02812729, ""dilanjutkan"": 0.05957648, ""dimiliki"": 0.06657334, ""diperpanjang"": 0.02978824, ""dipersiapkan"": 0.040107, ""direktur"": 0.02510925, ""disalurkan"": 0.05782307, ""disiapkan"": 0.02978824, ""disimpan"": 0.00744341, ""efektif"": 0.03494762, ""gambas"": 0.01970581, ""hadapi"": 0.03192958, ""hadir"": 0.02978824, ""hari"": 0.01693183, ""hartarto"": 0.03494762, ""indonesia"": 0.0134334, ""istana"": 0.02978824, ""jakarta"": 0.01739896, ""jamin"": 0.03328667, ""jaringan"": 0.06657334, ""keberpihakan"": 0.040107, ""kebutuhan"": 0.09187166, ""kekuatan"": 0.06385915, ""kelancaran"": 0.03328667, ""kelanjutan"": 0.040107, ""keluarga"": 0.05782307, ""kemarin"": 0.02334971, ""kembali"": 0.03599398, ""kepada"": 0.06580578, ""kepresidenan"": 0.03078217, ""keputusan"": 0.02741786, ""kesiapan"": 0.02978824, ""ketahanan"": 0.09234651, ""keterangannya"": 0.03078217, ""kilogram"": 0.03494762, ""koordinator"": 0.02978824, ""kualitas"": 0.03078217, ""kuatnya"": 0.040107, ""lalu"": 0.01799699, ""langsung"": 0.03290289, ""lanjut"": 0.04451697, ""lihat"": 0.01994987, ""manfaat"": 0.03328667, ""masyarakat"": 0.13628641, ""melakukan"": 0.01585565, ""melindungi"": 0.03708895, ""memastikan"": 0.09194419, ""memberikan"": 0.05516651, ""membutuhkan"": 0.02617441, ""meminta"": 0.02417761, ""memperkuat"": 0.02562279, ""memperlihatkan"": 0.040107, ""mendukung"": 0.02562279, ""menerima"": 0.02978824, ""mengatakan"": 0.01780854, ""mengoptimalkan"": 0.02978824, ""menjadi"": 0.0120248, ""menjaga"": 0.04322164, ""menjalankan"": 0.09578873, ""menteri"": 0.01859278, ""menunjukkan"": 0.02260475, ""menyalurkan"": 0.03192958, ""menyampaikan"": 0.02417761, ""menyatakan"": 0.02891153, ""menyukai"": 0.00744341, ""meringankan"": 0.040107, ""merupakan"": 0.01676823, ""nasional"": 0.02020222, ""negara"": 0.04092683, ""nino"": 0.03328667, ""november"": 0.07417791, ""nyata"": 0.03328667, ""oktober"": 0.0803106, ""operasional"": 0.02192761, ""pangan"": 0.44496495, ""pasokan"": 0.02891153, ""pemenuhan"": 0.03494762, ""pemerintah"": 0.12733235, ""penerima"": 0.03494762, ""pengalaman"": 0.02812729, ""penugasan"": 0.03708895, ""penyaluran"": 0.05957648, ""per"": 0.02334971, ""perekonomian"": 0.02741786, ""pergudangan"": 0.03708895, ""perhatian"": 0.05957648, ""perlindungan"": 0.03192958, ""perum"": 0.10484286, ""perusahaan"": 0.02812729, ""prabowo"": 0.09851546, ""presiden"": 0.11674856, ""profesional"": 0.03328667, ""program"": 0.12314432, ""pusat"": 0.02225848, ""ramdhani"": 0.03708895, ""rapat"": 0.02225848, ""rasa"": 0.02812729, ""retno"": 0.02462886, ""rizal"": 0.13979047, ""sampai"": 0.05399097, ""sangat"": 0.01819034, ""sasaran"": 0.03708895, ""scroll"": 0.00801996, ""sebelumnya"": 0.01660815, ""secara"": 0.04328199, ""sehari"": 0.02812729, ""sehingga"": 0.01880247, ""sekaligus"": 0.03989975, ""selanjutnya"": 0.03192958, ""selasa"": 0.04714161, ""seluruh"": 0.01924044, ""semakin"": 0.02225848, ""senin"": 0.01454643, ""sep"": 0.01076819, ""september"": 0.03893897, ""serta"": 0.03524948, ""setiap"": 0.02073411, ""siap"": 0.04203006, ""sinergi"": 0.03328667, ""sisi"": 0.02260475, ""sore"": 0.02510925, ""stok"": 0.08936472, ""subianto"": 0.0803106, ""sumber"": 0.03078217, ""tahun"": 0.02862022, ""tambah"": 0.02462886, ""tepat"": 0.02617441, ""terakhir"": 0.02130697, ""terbatas"": 0.02891153, ""terjaga"": 0.11126686, ""terkait"": 0.01901823, ""termasuk"": 0.01924044, ""terpenuhi"": 0.03708895, ""tersebar"": 0.03192958, ""terus"": 0.01819034, ""tetap"": 0.04982446, ""ujar"": 0.01557474, ""upaya"": 0.02891153, ""usai"": 0.02296792, ""utama"": 0.01762474, ""video"": 0.02686681, ""wib"": 0.00744341, ""wilayah"": 0.0267702, ""with"": 0.00801996, ""yaitu"": 0.0267702}",2
FN066,"{""adalah"": 0.01873013, ""adanya"": 0.14660964, ""adapun"": 0.03163122, ""advertisement"": 0.01060532, ""agar"": 0.02462803, ""anda"": 0.00918885, ""antara"": 0.02630335, ""ataupun"": 0.04109224, ""audiensi"": 0.04578614, ""bagi"": 0.04023953, ""bahwa"": 0.02175766, ""baik"": 0.02090227, ""banyaknya"": 0.04109224, ""barang"": 0.03231219, ""bbm"": 0.4745694, ""beberapa"": 0.02462803, ""bentuk"": 0.03800045, ""berada"": 0.02090227, ""beralih"": 0.04578614, ""berbagai"": 0.05052398, ""beredar"": 0.03941691, ""bersama"": 0.02198456, ""celah"": 0.04578614, ""content"": 0.0099006, ""continue"": 0.0099006, ""daerah"": 0.02932193, ""dendam"": 0.0495119, ""desa"": 0.07138231, ""detikfinance"": 0.01550118, ""dewan"": 0.03941691, ""dianiaya"": 0.0495119, ""dibukakan"": 0.0495119, ""diduga"": 0.04109224, ""diizinkan"": 0.0495119, ""dilakukan"": 0.0222172, ""dimanfaatkan"": 0.06769444, ""disimpan"": 0.00918885, ""dpr"": 0.05335692, ""eceran"": 0.12942802, ""fdl"": 0.03231219, ""gambas"": 0.02432673, ""hal"": 0.0387974, ""hanya"": 0.01873013, ""harap"": 0.04578614, ""harapkan"": 0.04578614, ""harga"": 0.05495599, ""heboh"": 0.04578614, ""heri"": 0.03677345, ""himpunan"": 0.0495119, ""hpmpi"": 0.1485357, ""hrp"": 0.03677345, ""ikut"": 0.03099725, ""indonesia"": 0.06633389, ""jakarta"": 0.01073947, ""jaringan"": 0.08218448, ""jual"": 0.04109224, ""kalau"": 0.02403499, ""kami"": 0.09529167, ""kata"": 0.01841324, ""katanya"": 0.06326244, ""keberlanjutan"": 0.04314267, ""kehadiran"": 0.04109224, ""kementerian"": 0.08003538, ""kenapa"": 0.03304769, ""kepada"": 0.02030923, ""kesempatan"": 0.05864385, ""ketua"": 0.03304769, ""kita"": 0.04023953, ""kolaborasi"": 0.04314267, ""kombinasi"": 0.04314267, ""komisi"": 0.03304769, ""kompak"": 0.0990238, ""kondisi"": 0.02270094, ""konsumen"": 0.03941691, ""koperasi"": 0.07883383, ""kriteria"": 0.0495119, ""lain"": 0.02132001, ""lalu"": 0.0222172, ""lembaga"": 0.03569115, ""lihat"": 0.02462803, ""lintas"": 0.09914306, ""mana"": 0.02706953, ""masukan"": 0.0495119, ""membahas"": 0.04314267, ""membantu"": 0.03384722, ""membawa"": 0.03163122, ""memberikan"": 0.04540187, ""memenuhi"": 0.03304769, ""memiliki"": 0.02175766, ""meminta"": 0.08954144, ""memungkinkan"": 0.04109224, ""mendapat"": 0.03040422, ""mendengar"": 0.04314267, ""menertibkan"": 0.0495119, ""mengakibatkan"": 0.0495119, ""mengatakan"": 0.02198456, ""menghindari"": 0.04109224, ""meningkatnya"": 0.0495119, ""menjadi"": 0.07422278, ""menurutnya"": 0.02594296, ""menyalurkan"": 0.15766765, ""menyampaikan"": 0.02984715, ""menyukai"": 0.00918885, ""merah"": 0.09693656, ""minta"": 0.03163122, ""mohon"": 0.04314267, ""nonsubsidi"": 0.1485357, ""outlet"": 0.0990238, ""palembang"": 0.0495119, ""pelaku"": 0.03472301, ""pelosok"": 0.09157228, ""peluang"": 0.02835379, ""pembahasan"": 0.03800045, ""pemerintah"": 0.06736765, ""penertiban"": 0.04578614, ""pengusaha"": 0.03800045, ""penjual"": 0.04314267, ""penjualan"": 0.04109224, ""penyalur"": 0.0495119, ""penyaluran"": 0.03677345, ""perbedaan"": 0.04314267, ""pertalite"": 0.0495119, ""pertashop"": 0.4456071, ""pertimbangan"": 0.03800045, ""petugas"": 0.04314267, ""pimpinan"": 0.12942802, ""positif"": 0.02835379, ""purnomo"": 0.03677345, ""pusat"": 0.02747799, ""putih"": 0.09693656, ""rapat"": 0.02747799, ""rekan"": 0.06944602, ""rencana"": 0.03304769, ""rumor"": 0.0495119, ""sama"": 0.02493954, ""sasaran"": 0.04578614, ""scroll"": 0.0099006, ""sebab"": 0.03384722, ""secara"": 0.03562095, ""sekiranya"": 0.04578614, ""sekitar"": 0.02432673, ""sektor"": 0.05581092, ""selasa"": 0.0387974, ""seluruh"": 0.02375224, ""sempat"": 0.02321156, ""sep"": 0.01329329, ""setelah"": 0.01922694, ""spbu"": 0.1485357, ""steven"": 0.1980476, ""subisidi"": 0.0495119, ""subsidi"": 0.24655344, ""tengah"": 0.02790546, ""tentunya"": 0.04314267, ""tepat"": 0.03231219, ""tercatat"": 0.03569115, ""terdapat"": 0.03569115, ""tersebar"": 0.07883383, ""timbulnya"": 0.0495119, ""tindih"": 0.04578614, ""tinggi"": 0.02882511, ""tumpang"": 0.04578614, ""ujarnya"": 0.02667846, ""umum"": 0.03472301, ""usaha"": 0.05765022, ""usulan"": 0.03800045, ""video"": 0.03316695, ""waktu"": 0.02030923, ""wib"": 0.00918885, ""wilayah"": 0.09914306, ""with"": 0.0099006, ""xii"": 0.0495119}",2
FN067,"{""adalah"": 0.0486269, ""advertisement"": 0.01376669, ""agak"": 0.05943468, ""ahi"": 0.05334156, ""anda"": 0.01192799, ""andi"": 0.04507371, ""apa"": 0.06558484, ""ara"": 0.0380626, ""arah"": 0.04932812, ""badan"": 0.14055511, ""banggar"": 0.05334156, ""banyak"": 0.02946793, ""begitu"": 0.03513878, ""belum"": 0.03119966, ""bendahara"": 0.05943468, ""berarti"": 0.04023733, ""berat"": 0.25583415, ""berbagai"": 0.03279242, ""berhasil"": 0.0647477, ""besarnya"": 0.05600321, ""buat"": 0.03741768, ""content"": 0.01285191, ""continue"": 0.01285191, ""detikfinance"": 0.02012198, ""dilantik"": 0.06427106, ""disebut"": 0.05334156, ""disimpan"": 0.01192799, ""ditargetkan"": 0.05600321, ""dpr"": 0.03463113, ""ekonom"": 0.05600321, ""ekonomi"": 0.17834499, ""gambas"": 0.03157836, ""gampang"": 0.06427106, ""gangguan"": 0.10668312, ""genap"": 0.06427106, ""gerakkan"": 0.06427106, ""global"": 0.09865624, ""hal"": 0.05036264, ""hasilnya"": 0.04932812, ""hidayat"": 0.04932812, ""ilmuwan"": 0.12854213, ""indonesia"": 0.04305379, ""jakarta"": 0.02788166, ""jelasnya"": 0.04393685, ""kalau"": 0.09359898, ""kan"": 0.10541634, ""kapan"": 0.04393685, ""kawasan"": 0.03946751, ""keluar"": 0.13522112, ""kementerian"": 0.03463113, ""kemudian"": 0.05829966, ""kencang"": 0.05600321, ""kerja"": 0.03874438, ""kerjanya"": 0.06427106, ""kesan"": 0.19281319, ""ketika"": 0.03622389, ""keuangan"": 0.14267599, ""kita"": 0.10446932, ""kuartal"": 0.23773872, ""kutukan"": 0.16800964, ""lagi"": 0.02795604, ""lalu"": 0.02884, ""langsung"": 0.02636328, ""lantaran"": 0.05943468, ""lapangan"": 0.03946751, ""liat"": 0.06427106, ""lihat"": 0.03196947, ""mandat"": 0.06427106, ""mau"": 0.07748876, ""memang"": 0.03157836, ""membeberkan"": 0.05334156, ""menandakan"": 0.06427106, ""menarik"": 0.05116683, ""mendapat"": 0.03946751, ""mendekati"": 0.04507371, ""mengaku"": 0.04023733, ""mengatakan"": 0.02853801, ""menguji"": 0.10233366, ""menjabat"": 0.11886936, ""menjadi"": 0.01926962, ""menkeu"": 0.09547072, ""menteri"": 0.14897373, ""menurunkan"": 0.05943468, ""menurutnya"": 0.03367638, ""menyenangkan"": 0.06427106, ""menyukai"": 0.01192799, ""meski"": 0.03157836, ""meyakini"": 0.06427106, ""minta"": 0.04106027, ""mungkin"": 0.03367638, ""namun"": 0.02767537, ""negara"": 0.03279242, ""obligasi"": 0.05943468, ""paling"": 0.07483537, ""pas"": 0.06427106, ""pastikan"": 0.04773536, ""pemerintah"": 0.02914983, ""penurunan"": 0.04507371, ""perlambatan"": 0.05943468, ""pertama"": 0.0548023, ""pertumbuhan"": 0.20972115, ""prabowo"": 0.03946751, ""pramono"": 0.05943468, ""prediksi"": 0.04507371, ""presiden"": 0.03741768, ""profil"": 0.05600321, ""pun"": 0.03119966, ""pungkasnya"": 0.04773536, ""purbaya"": 0.30995505, ""recover"": 0.06427106, ""rencanakan"": 0.06427106, ""sadewa"": 0.08047465, ""salah"": 0.02946793, ""samping"": 0.05600321, ""satu"": 0.02495836, ""scroll"": 0.01285191, ""sebesar"": 0.03680586, ""sebut"": 0.08579796, ""sedikit"": 0.04023733, ""sejak"": 0.02946793, ""sekarang"": 0.06558484, ""selama"": 0.02914983, ""selasa"": 0.05036264, ""senang"": 0.09547072, ""seorang"": 0.05116683, ""sep"": 0.01725593, ""sepanjang"": 0.03946751, ""seperti"": 0.02311966, ""sesuai"": 0.0341442, ""setahun"": 0.10668312, ""siap"": 0.03367638, ""simak"": 0.03874438, ""subianto"": 0.04289898, ""sunter"": 0.05116683, ""tagih"": 0.05600321, ""tahun"": 0.04586362, ""tapi"": 0.07835199, ""teori"": 0.17830404, ""terbitkan"": 0.05943468, ""tercapai"": 0.06427106, ""tercatat"": 0.04633045, ""terjadi"": 0.03083262, ""triwulan"": 0.25708425, ""tumbuh"": 0.18532179, ""turun"": 0.10541634, ""uangnya"": 0.04932812, ""ungkap"": 0.04023733, ""utang"": 0.09266089, ""utara"": 0.04773536, ""video"": 0.04305379, ""wib"": 0.01192799, ""with"": 0.01285191, ""yudhi"": 0.07748876}",2
FN068,"{""adalah"": 0.04915938, ""administratif"": 0.04331657, ""advertisement"": 0.0092783, ""akbar"": 0.04331657, ""akses"": 0.03448475, ""anda"": 0.00803907, ""andi"": 0.03037819, ""anggota"": 0.03595044, ""antara"": 0.04602412, ""ara"": 0.05130586, ""arbitrase"": 0.04331657, ""badan"": 0.02368237, ""bagi"": 0.01760222, ""baginya"": 0.03774431, ""baru"": 0.07693468, ""batuk"": 0.04331657, ""beban"": 0.04331657, ""benar"": 0.05222486, ""berarti"": 0.02711862, ""berbagai"": 0.022101, ""berbenturan"": 0.04331657, ""berkaitan"": 0.03217205, ""berpandangan"": 0.04331657, ""berpotensi"": 0.03448475, ""berusaha"": 0.03122519, ""biaya"": 0.02961198, ""bidang"": 0.02767326, ""bisnis"": 0.02767326, ""bpkn"": 0.040057, ""bukan"": 0.04205507, ""cetusnya"": 0.040057, ""content"": 0.00866176, ""continue"": 0.00866176, ""cuma"": 0.02030714, ""daerah"": 0.02565293, ""dagang"": 0.04331657, ""daripada"": 0.03448475, ""dasar"": 0.03448475, ""data"": 0.05423725, ""detikfinance"": 0.01356155, ""diarahkan"": 0.03448475, ""diberikan"": 0.03324552, ""didalami"": 0.04331657, ""didorong"": 0.03324552, ""dijawab"": 0.04331657, ""dilakukan"": 0.0194372, ""diminta"": 0.03448475, ""dinilai"": 0.02711862, ""diperbaiki"": 0.040057, ""diperkuat"": 0.03324552, ""disimpan"": 0.00803907, ""doni"": 0.08663313, ""dpr"": 0.02334023, ""dukungan"": 0.02891249, ""dunia"": 0.10641383, ""efektif"": 0.03774431, ""efektivitas"": 0.08663313, ""ekonomi"": 0.07211917, ""ekosistem"": 0.03037819, ""evaluasi"": 0.03217205, ""fasilitasi"": 0.08011401, ""fraksi"": 0.04331657, ""fungsi"": 0.1662276, ""gagasan"": 0.040057, ""gambas"": 0.02128277, ""golkar"": 0.04331657, ""hadir"": 0.03217205, ""hambatan"": 0.04331657, ""harus"": 0.03168246, ""hidayat"": 0.03324552, ""hukum"": 0.06649104, ""implementasi"": 0.03774431, ""indonesia"": 0.02901683, ""industri"": 0.05534652, ""informasi"": 0.04736474, ""investasi"": 0.09113456, ""jakarta"": 0.00939566, ""jangan"": 0.08673747, ""jasa"": 0.03448475, ""jauh"": 0.02826902, ""jembatan"": 0.040057, ""justru"": 0.02565293, ""kadin"": 0.51979879, ""kajian"": 0.040057, ""kalau"": 0.02102754, ""kamar"": 0.04331657, ""kapasitas"": 0.08673747, ""keberlanjutan"": 0.07548862, ""kebijakan"": 0.11307608, ""kebutuhan"": 0.02480593, ""kelembagaan"": 0.12017101, ""kementerian"": 0.02334023, ""kemudahan"": 0.03774431, ""kepada"": 0.01776798, ""kepala"": 0.02826902, ""kepastian"": 0.03324552, ""kepentingan"": 0.03448475, ""ketidakpastian"": 0.04331657, ""kewenangan"": 0.11323293, ""khususnya"": 0.06245037, ""kilasan"": 0.04331657, ""klausul"": 0.04331657, ""komprehensif"": 0.03774431, ""konsultasi"": 0.04331657, ""konsumen"": 0.03448475, ""koordinasi"": 0.03217205, ""kppu"": 0.040057, ""lain"": 0.01865228, ""lemahnya"": 0.04331657, ""lembaga"": 0.2185763, ""lihat"": 0.02154637, ""lokal"": 0.03122519, ""maka"": 0.02711862, ""makin"": 0.02961198, ""mampu"": 0.02154637, ""masuk"": 0.02334023, ""mekanisme"": 0.09651615, ""melainkan"": 0.03448475, ""melibatkan"": 0.03324552, ""memastikan"": 0.01986041, ""memasukkan"": 0.04331657, ""membangun"": 0.02826902, ""membentuk"": 0.03774431, ""memberikan"": 0.03972082, ""memiliki"": 0.03807033, ""memperbesar"": 0.04331657, ""memperjelas"": 0.04331657, ""memperkuat"": 0.05534652, ""menambah"": 0.09651615, ""menangani"": 0.03595044, ""menciptakan"": 0.03217205, ""mendalam"": 0.03448475, ""mendorong"": 0.02826902, ""mengatakan"": 0.01923367, ""menilai"": 0.02403972, ""menjadi"": 0.05194834, ""menjawab"": 0.03774431, ""menurut"": 0.022101, ""menyukai"": 0.00803907, ""mitra"": 0.06896949, ""momen"": 0.03122519, ""nasional"": 0.15273232, ""nomor"": 0.02711862, ""norma"": 0.04331657, ""nyata"": 0.03595044, ""obat"": 0.04331657, ""orang"": 0.02403972, ""organisasi"": 0.04331657, ""outlook"": 0.040057, ""panjang"": 0.02659979, ""partai"": 0.04331657, ""pelaku"": 0.06075637, ""pelayanan"": 0.03037819, ""pembentukan"": 0.08663313, ""pemerintah"": 0.0982301, ""penetapan"": 0.07190088, ""penggerak"": 0.04331657, ""penguatan"": 0.09367556, ""pengusaha"": 0.09973656, ""penonton"": 0.04331657, ""penyediaan"": 0.03774431, ""penyelesaian"": 0.24034203, ""penyusunan"": 0.07190088, ""peran"": 0.15097723, ""perdagangan"": 0.03448475, ""perekonomian"": 0.08883594, ""perlindungan"": 0.06896949, ""perlu"": 0.07565483, ""persoalan"": 0.06896949, ""persoalannya"": 0.04331657, ""pilihan"": 0.03122519, ""proses"": 0.0244137, ""rantai"": 0.040057, ""regulasi"": 0.03217205, ""representasi"": 0.04331657, ""revisi"": 0.1299497, ""sakit"": 0.08011401, ""sampai"": 0.0194372, ""scroll"": 0.00866176, ""secara"": 0.01558188, ""seharusnya"": 0.03774431, ""sekadar"": 0.03217205, ""sekaligus"": 0.02154637, ""selasa"": 0.03394275, ""sengketa"": 0.17326626, ""sengketanya"": 0.04331657, ""sep"": 0.01162992, ""serta"": 0.03807033, ""setiap"": 0.02239337, ""strategis"": 0.06649104, ""tahun"": 0.01545528, ""tentang"": 0.08301979, ""tepat"": 0.02826902, ""terhadap"": 0.03768289, ""terkait"": 0.06162051, ""terus"": 0.01964602, ""tetap"": 0.03587445, ""tetapi"": 0.01986041, ""tindih"": 0.040057, ""tumpang"": 0.040057, ""ujar"": 0.01682111, ""ujarnya"": 0.02334023, ""umkm"": 0.03324552, ""undang"": 0.06649104, ""urainya"": 0.04331657, ""usaha"": 0.25218278, ""video"": 0.02901683, ""wewenang"": 0.04331657, ""wib"": 0.00803907, ""with"": 0.00866176}",2
FN069,"{""acd"": 0.04705608, ""adapun"": 0.05968198, ""advertisement"": 0.01000509, ""agung"": 0.07753309, ""anda"": 0.00866879, ""aset"": 0.49883663, ""badan"": 0.10214993, ""bahkan"": 0.04766448, ""bakal"": 0.0292429, ""barang"": 0.09145025, ""bentuk"": 0.03584974, ""berasal"": 0.06734229, ""berhak"": 0.07437208, ""berhasil"": 0.09411217, ""bersama"": 0.0207403, ""bodong"": 0.09341936, ""bpa"": 0.30236351, ""capaian"": 0.03584974, ""content"": 0.00934026, ""continue"": 0.00934026, ""dana"": 0.06235458, ""detikfinance"": 0.01462386, ""dewantara"": 0.04319479, ""dibentuk"": 0.04319479, ""dihadapi"": 0.04670968, ""dikumpulkan"": 0.04319479, ""dilakukan"": 0.02095977, ""dilelang"": 0.04070093, ""dirampas"": 0.14012904, ""diselesaikan"": 0.08638957, ""disetorkan"": 0.04670968, ""disimpan"": 0.00866879, ""dpr"": 0.02516854, ""eks"": 0.03876655, ""eksekusi"": 0.04319479, ""eksekusinya"": 0.04670968, ""fadilah"": 0.02868343, ""gambas"": 0.02294991, ""hajar"": 0.04319479, ""hari"": 0.01971926, ""hasil"": 0.07592419, ""iii"": 0.03876655, ""ilyas"": 0.02868343, ""investasi"": 0.06551559, ""jakarta"": 0.01013165, ""jaya"": 0.04319479, ""kantongi"": 0.04319479, ""kapal"": 0.03876655, ""kas"": 0.28025808, ""kasus"": 0.07753309, ""katanya"": 0.02984099, ""kejaksaan"": 0.08638957, ""kemudian"": 0.02118495, ""kendala"": 0.07437208, ""kepada"": 0.03831959, ""kepala"": 0.03048342, ""kinerja"": 0.03718604, ""komisi"": 0.03117729, ""kompleks"": 0.03048342, ""kri"": 0.04319479, ""kurun"": 0.04319479, ""lapangan"": 0.02868343, ""lelang"": 0.04070093, ""masih"": 0.03228079, ""mekanisme"": 0.03469218, ""melakukan"": 0.01846592, ""melalui"": 0.0207403, ""melelang"": 0.04319479, ""memusnahkan"": 0.04670968, ""menambahkan"": 0.02592282, ""mencapai"": 0.07661244, ""mengenai"": 0.05631578, ""menghadapi"": 0.02481466, ""menjalankan"": 0.03718604, ""menurut"": 0.02383224, ""menyebabkan"": 0.03718604, ""menyelesaikan"": 0.07169948, ""menyerahkan"": 0.04670968, ""menyetor"": 0.09341936, ""menyetorkan"": 0.09341936, ""menyukai"": 0.00866879, ""mulai"": 0.01898105, ""negara"": 0.23832241, ""nilai"": 0.06551559, ""parlemen"": 0.03876655, ""patris"": 0.08638957, ""pelelangan"": 0.2335484, ""pemulihan"": 0.21509843, ""pemusnahan"": 0.04670968, ""penetapan"": 0.07753309, ""pengadilan"": 0.04319479, ""penyelesaian"": 0.04319479, ""penyelesaiannya"": 0.04670968, ""penyerahan"": 0.04670968, ""perbedaan"": 0.08140186, ""periode"": 0.0292429, ""persepsi"": 0.08638957, ""pertama"": 0.01991408, ""pihak"": 0.05968198, ""prabowo"": 0.02868343, ""proses"": 0.0263261, ""rampasan"": 0.08638957, ""rapat"": 0.02592282, ""renovasi"": 0.04670968, ""ribu"": 0.03193157, ""rincian"": 0.03876655, ""salah"": 0.02141613, ""sama"": 0.02352804, ""sampai"": 0.02095977, ""satunya"": 0.02984099, ""scroll"": 0.00934026, ""sebanyak"": 0.05265219, ""sebesar"": 0.02674905, ""sebut"": 0.03117729, ""sedangkan"": 0.02984099, ""sehingga"": 0.02189786, ""sejumlah"": 0.0414806, ""sekali"": 0.03193157, ""sekitar"": 0.02294991, ""sekolah"": 0.04670968, ""selama"": 0.02118495, ""selasa"": 0.03660159, ""semenjak"": 0.04670968, ""sementara"": 0.01708212, ""sep"": 0.01254093, ""sepanjang"": 0.02868343, ""seperti"": 0.03360491, ""setoran"": 0.09341936, ""simak"": 0.02815789, ""status"": 0.10407655, ""tahun"": 0.08332968, ""teman"": 0.07753309, ""temuan"": 0.14012904, ""tentang"": 0.02984099, ""terakhir"": 0.04962933, ""terbesar"": 0.03469218, ""tercatat"": 0.03367115, ""terjadi"": 0.02240793, ""terkait"": 0.02214914, ""terlambat"": 0.08140186, ""termasuk"": 0.02240793, ""tiga"": 0.04105249, ""triliun"": 0.22946747, ""tutupnya"": 0.04319479, ""ujarnya"": 0.02516854, ""video"": 0.0312898, ""waktu"": 0.01915979, ""wib"": 0.00866879, ""with"": 0.00934026, ""yusrian"": 0.04319479}",2
FN070,"{""adalah"": 0.01483369, ""adanya"": 0.02322207, ""advertisement"": 0.00839909, ""agus"": 0.18130611, ""alasannya"": 0.03121699, ""anda"": 0.00727729, ""aplikasinya"": 0.03921191, ""aptrindo"": 0.07842382, ""asosiasi"": 0.07252244, ""aturan"": 0.08479891, ""awal"": 0.03635567, ""bagaimana"": 0.02322207, ""bagi"": 0.01593424, ""bahas"": 0.03626122, ""baik"": 0.01655396, ""banyak"": 0.01797845, ""baru"": 0.0174111, ""belum"": 0.13324484, ""berbagai"": 0.02000672, ""berdasarkan"": 0.01926602, ""bergantung"": 0.03416768, ""beruntung"": 0.03626122, ""cabin"": 0.03921191, ""capture"": 0.07842382, ""comply"": 0.03921191, ""content"": 0.00784097, ""continue"": 0.00784097, ""daerah"": 0.02322207, ""darat"": 0.03416768, ""data"": 0.12274438, ""database"": 0.23527146, ""databasenya"": 0.03921191, ""datanya"": 0.03626122, ""detikfinance"": 0.01227646, ""dia"": 0.04780271, ""dikuasai"": 0.03921191, ""dimension"": 0.03921191, ""dinas"": 0.07252244, ""dinilai"": 0.02454888, ""dipaksakan"": 0.03921191, ""direktur"": 0.02454888, ""disimpan"": 0.00727729, ""diterapkan"": 0.03416768, ""ditetapkan"": 0.03416768, ""dokumen"": 0.03626122, ""dpr"": 0.02112852, ""dulu"": 0.02407921, ""dump"": 0.07842382, ""electronic"": 0.03921191, ""enforcement"": 0.03626122, ""etle"": 0.15684764, ""fdl"": 0.02559026, ""fisik"": 0.02749956, ""fungsional"": 0.03921191, ""gambas"": 0.01926602, ""geordi"": 0.02912344, ""hal"": 0.01536318, ""hanya"": 0.02966737, ""harus"": 0.01434012, ""hasilnya"": 0.03009519, ""ignacio"": 0.02912344, ""igo"": 0.03009519, ""ijin"": 0.03921191, ""indonesia"": 0.0131336, ""integrasi"": 0.03416768, ""izin"": 0.0325438, ""jakarta"": 0.00850533, ""jenderal"": 0.03121699, ""jika"": 0.06736599, ""justru"": 0.02322207, ""kabupaten"": 0.06243398, ""kalau"": 0.01903498, ""kan"": 0.06431473, ""karenanya"": 0.0325438, ""katanya"": 0.05010191, ""keberhasilan"": 0.03416768, ""kecemburuan"": 0.03921191, ""kemenhub"": 0.06508759, ""kementerian"": 0.06338557, ""kendala"": 0.06243398, ""kendaraan"": 0.33104709, ""kendaraannya"": 0.03921191, ""kepada"": 0.03216858, ""keributannya"": 0.03921191, ""keterangan"": 0.02176173, ""ketimbang"": 0.03626122, ""kir"": 0.27448337, ""kondisi"": 0.01797845, ""kota"": 0.05499913, ""kuat"": 0.04727606, ""lapangan"": 0.02407921, ""law"": 0.03921191, ""lengkap"": 0.03121699, ""lihat"": 0.01950464, ""maka"": 0.02454888, ""mampu"": 0.01950464, ""mana"": 0.02143824, ""masalah"": 0.02617276, ""masalahnya"": 0.03009519, ""maupun"": 0.02322207, ""mayoritas"": 0.03626122, ""melakukan"": 0.0155018, ""melalui"": 0.0174111, ""membaca"": 0.03626122, ""membantu"": 0.02680596, ""memiliki"": 0.10338841, ""mencontohkan"": 0.03416768, ""mendatang"": 0.06243398, ""mendukung"": 0.02505096, ""menerapkan"": 0.06833535, ""meng"": 0.03921191, ""menganggap"": 0.03921191, ""mengatakan"": 0.0174111, ""menghadapi"": 0.0416629, ""menginduk"": 0.03921191, ""menhub"": 0.02749956, ""menilai"": 0.02176173, ""menurut"": 0.02000672, ""menurutnya"": 0.04109206, ""menyoroti"": 0.03121699, ""menyukai"": 0.00727729, ""meski"": 0.01926602, ""meskipun"": 0.0282663, ""mewujudkan"": 0.0325438, ""motion"": 0.03921191, ""muncul"": 0.02912344, ""mungkin"": 0.02054603, ""nah"": 0.03009519, ""namun"": 0.0168848, ""odol"": 0.35290718, ""oswaldo"": 0.02912344, ""over"": 0.03921191, ""overloading"": 0.03921191, ""pasti"": 0.08249869, ""patuh"": 0.07842382, ""pelaksanaan"": 0.09763139, ""pemerintah"": 0.10670624, ""pemilik"": 0.03626122, ""pengemudi"": 0.03626122, ""pengurangan"": 0.03626122, ""pengusaha"": 0.09028557, ""penindakan"": 0.03416768, ""perhubungan"": 0.16499738, ""petugas"": 0.03416768, ""pilih"": 0.03121699, ""pratiknyo"": 0.03921191, ""provinsi"": 0.06019038, ""pungli"": 0.03921191, ""rapat"": 0.02176173, ""saja"": 0.05710493, ""sama"": 0.01975135, ""sambung"": 0.0325438, ""sampai"": 0.03519068, ""sangat"": 0.01778437, ""scroll"": 0.00784097, ""sebab"": 0.02680596, ""sebut"": 0.02617276, ""secara"": 0.0282107, ""sekali"": 0.02680596, ""sekarang"": 0.02000672, ""sekjen"": 0.03921191, ""selasa"": 0.03072635, ""sementara"": 0.01434012, ""semua"": 0.01950464, ""sep"": 0.01052788, ""setempat"": 0.03626122, ""setiap"": 0.02027138, ""siap"": 0.04109206, ""srut"": 0.23527146, ""struktural"": 0.03626122, ""tanpa"": 0.02680596, ""tapi"": 0.03186848, ""tebang"": 0.03921191, ""teknologi"": 0.0282663, ""terang"": 0.03009519, ""terciptanya"": 0.03921191, ""terhadap"": 0.01705604, ""terintegrasi"": 0.22780657, ""terjadi"": 0.01881104, ""terjadinya"": 0.03921191, ""terkait"": 0.01859379, ""terlihat"": 0.03121699, ""tertulis"": 0.02559026, ""terutama"": 0.02454888, ""traffic"": 0.03626122, ""truck"": 0.03921191, ""truk"": 0.09763139, ""tukasnya"": 0.03921191, ""tunduk"": 0.03921191, ""tuturnya"": 0.03009519, ""ujar"": 0.01522715, ""uji"": 0.03121699, ""video"": 0.02626721, ""wajib"": 0.03416768, ""weigh"": 0.03921191, ""wib"": 0.00727729, ""wim"": 0.15684764, ""with"": 0.00784097, ""yakin"": 0.02559026, ""zero"": 0.31369527}",2
FN071,"{""adanya"": 0.03477731, ""advertisement"": 0.01257845, ""ahi"": 0.0487375, ""aksi"": 0.05116942, ""anda"": 0.01089845, ""andi"": 0.04118327, ""anggaran"": 0.03606096, ""apa"": 0.02996201, ""ara"": 0.03477731, ""arah"": 0.09014094, ""badan"": 0.03210585, ""bagaimana"": 0.03477731, ""baik"": 0.02479116, ""banget"": 0.05116942, ""banggar"": 0.0487375, ""bank"": 0.04014454, ""banyak"": 0.02692447, ""baru"": 0.05214962, ""begitu"": 0.03210585, ""belajar"": 0.04361519, ""belanja"": 0.08723037, ""bendahara"": 0.0543047, ""bentuk"": 0.04507047, ""beraktivitas"": 0.0543047, ""berat"": 0.04675048, ""bergerak"": 0.04361519, ""berjalan"": 0.03164202, ""berpeluang"": 0.0487375, ""berpikir"": 0.0543047, ""berupaya"": 0.05116942, ""besar"": 0.04405069, ""besaran"": 0.04507047, ""betul"": 0.08466307, ""biasanya"": 0.04507047, ""bicara"": 0.0487375, ""buat"": 0.03418806, ""bukan"": 0.02850673, ""caranya"": 0.05872365, ""cepatnya"": 0.05872365, ""cerita"": 0.05116942, ""confidence"": 0.05872365, ""content"": 0.01174262, ""continue"": 0.01174262, ""dekat"": 0.03676433, ""demo"": 0.05872365, ""demonstrasi"": 0.05872365, ""depan"": 0.05326766, ""desain"": 0.05116942, ""detikfinance"": 0.0183852, ""dibilang"": 0.0543047, ""dicap"": 0.11744729, ""dinilai"": 0.03676433, ""diri"": 0.0383239, ""disebut"": 0.0487375, ""disimpan"": 0.01089845, ""ditempuh"": 0.05872365, ""diterapkan"": 0.05116942, ""dpr"": 0.03164202, ""ekonomi"": 0.19554184, ""ekspansi"": 0.11744729, ""ekspektasi"": 0.28050285, ""enak"": 0.0543047, ""fitch"": 0.05872365, ""fulfilling"": 0.05872365, ""gambas"": 0.02885274, ""gede"": 0.11744729, ""hal"": 0.02300785, ""hidayat"": 0.04507047, ""indonesia"": 0.03933769, ""investasi"": 0.04118327, ""investor"": 0.15350825, ""jakarta"": 0.02547511, ""jelasnya"": 0.04014454, ""jika"": 0.03362904, ""justru"": 0.03477731, ""kalau"": 0.02850673, ""kan"": 0.09631755, ""kapan"": 0.04014454, ""karenanya"": 0.0487375, ""kawasan"": 0.03606096, ""kebijakan"": 0.0383239, ""keluar"": 0.04118327, ""kembali"": 0.05270147, ""kembalikan"": 0.05872365, ""kenapa"": 0.03919625, ""kepercayaan"": 0.14621249, ""keputusan"": 0.04014454, ""kerek"": 0.05872365, ""kesombongan"": 0.05872365, ""keuangan"": 0.09777092, ""kita"": 0.04772614, ""klaim"": 0.05116942, ""kurang"": 0.04118327, ""kutukan"": 0.05116942, ""lalu"": 0.02635074, ""macroeconomics"": 0.05872365, ""makroekonomi"": 0.11744729, ""masyarakat"": 0.11402692, ""mau"": 0.03540024, ""membaik"": 0.04675048, ""membangun"": 0.11497171, ""membeberkan"": 0.0487375, ""membentuk"": 0.10233883, ""memiliki"": 0.0258057, ""memindahkan"": 0.0543047, ""mengaku"": 0.11029298, ""mengalami"": 0.03119712, ""mengambil"": 0.03676433, ""mengatakan"": 0.02607481, ""mengemban"": 0.05872365, ""menghadapi"": 0.06239424, ""menjabat"": 0.10860941, ""menjadi"": 0.0176064, ""menkeu"": 0.13084556, ""menteri"": 0.08166923, ""menyukai"": 0.01089845, ""merah"": 0.0383239, ""meresesi"": 0.05872365, ""meski"": 0.02885274, ""mesti"": 0.04507047, ""minta"": 0.03751624, ""moody"": 0.05872365, ""msci"": 0.05872365, ""mudah"": 0.03919625, ""namun"": 0.02528663, ""nanti"": 0.03035836, ""nasional"": 0.02957957, ""negara"": 0.02996201, ""omong"": 0.11744729, ""orang"": 0.03259031, ""pasar"": 0.18758121, ""pelat"": 0.05872365, ""pemerintah"": 0.02663383, ""pengetahuan"": 0.0543047, ""pengumuman"": 0.05116942, ""percaya"": 0.0383239, ""perekonomian"": 0.04014454, ""pernah"": 0.03919625, ""pertama"": 0.02503608, ""perusahaan"": 0.04118327, ""pihak"": 0.03751624, ""pikir"": 0.04118327, ""positif"": 0.06725808, ""praktiknya"": 0.05872365, ""profil"": 0.05116942, ""prophecies"": 0.05872365, ""publik"": 0.08028907, ""pun"": 0.02850673, ""pungkasnya"": 0.04361519, ""purbaya"": 0.31860219, ""ratings"": 0.05872365, ""resesi"": 0.05872365, ""sadewa"": 0.07352866, ""saja"": 0.02850673, ""sal"": 0.05116942, ""salah"": 0.05384894, ""saldo"": 0.05116942, ""sana"": 0.03676433, ""satunya"": 0.07503249, ""scroll"": 0.01174262, ""sebab"": 0.04014454, ""sebagian"": 0.04507047, ""sebut"": 0.03919625, ""secepat"": 0.0543047, ""sejumlah"": 0.02607481, ""selama"": 0.02663383, ""selasa"": 0.0460157, ""self"": 0.05872365, ""sempat"": 0.0275301, ""semua"": 0.0292101, ""sep"": 0.01576652, ""september"": 0.02850673, ""setahun"": 0.0487375, ""setelah"": 0.02280414, ""sikap"": 0.05872365, ""sombong"": 0.29361823, ""sunter"": 0.04675048, ""susah"": 0.0487375, ""tagih"": 0.05116942, ""tahun"": 0.0209525, ""takut"": 0.27152352, ""tantangan"": 0.04361519, ""tapi"": 0.04772614, ""teori"": 0.0543047, ""terapkan"": 0.0543047, ""terhadap"": 0.02554307, ""terpaksa"": 0.09350095, ""tonton"": 0.04014454, ""tugas"": 0.05872365, ""turun"": 0.03210585, ""ungkap"": 0.03676433, ""utang"": 0.04233153, ""utara"": 0.04361519, ""video"": 0.03933769, ""waktu"": 0.04817558, ""wib"": 0.01089845, ""with"": 0.01174262, ""yudhi"": 0.07080049}",2
FN072,"{""acd"": 0.04302168, ""adalah"": 0.04846529, ""adanya"": 0.02529073, ""advertisement"": 0.0091473, ""agung"": 0.03544286, ""akhirnya"": 0.02268715, ""akibatnya"": 0.03949144, ""anda"": 0.00792556, ""antara"": 0.02268715, ""aset"": 0.19952991, ""aturan"": 0.09235295, ""awal"": 0.01979715, ""badan"": 0.046696, ""bagi"": 0.01735369, ""bahkan"": 0.02178896, ""barang"": 0.44591824, ""baru"": 0.05688633, ""bebernya"": 0.03949144, ""belum"": 0.10365324, ""berasal"": 0.03078432, ""berdasarkan"": 0.02098227, ""berikutnya"": 0.02486222, ""bermotor"": 0.08540996, ""biaya"": 0.08758166, ""bola"": 0.03949144, ""bpa"": 0.15796575, ""bulan"": 0.05573978, ""content"": 0.00853946, ""continue"": 0.00853946, ""daya"": 0.03277612, ""detikfinance"": 0.01337007, ""diharapkan"": 0.03277612, ""dijual"": 0.0372114, ""dilakukan"": 0.0574883, ""dilelang"": 0.22326837, ""dimiliki"": 0.03544286, ""dinilai"": 0.0802072, ""diselesaikan"": 0.03949144, ""disimpan"": 0.00792556, ""diturunkan"": 0.07898288, ""dpr"": 0.02301069, ""eksekusi"": 0.03949144, ""fadilah"": 0.02622423, ""gambas"": 0.02098227, ""gol"": 0.04270498, ""hanya"": 0.04846529, ""harga"": 0.18960244, ""harganya"": 0.0372114, ""harus"": 0.01561757, ""iii"": 0.03544286, ""ilyas"": 0.02622423, ""jakarta"": 0.018526, ""jaminan"": 0.04270498, ""jaya"": 0.03949144, ""jika"": 0.02445569, ""kadang"": 0.07898288, ""kami"": 0.01643818, ""kantongi"": 0.03949144, ""katanya"": 0.02728254, ""kedua"": 0.01820672, ""kejaksaan"": 0.07898288, ""kementerian"": 0.04602138, ""kemudian"": 0.03873728, ""kendala"": 0.03399786, ""kendaraan"": 0.1311045, ""kepada"": 0.01751711, ""kepala"": 0.02786989, ""kepolisian"": 0.08540996, ""kesinkronan"": 0.04270498, ""kesulitan"": 0.02622423, ""keuangan"": 0.07110092, ""kewajiban"": 0.09832837, ""kita"": 0.01735369, ""komisi"": 0.02850427, ""kompleks"": 0.02786989, ""kondisi"": 0.01958, ""laku"": 0.07442279, ""lelang"": 0.26047977, ""limit"": 0.21352489, ""maka"": 0.02673573, ""maradona"": 0.04270498, ""masih"": 0.01475658, ""mekanisme"": 0.03171781, ""melakukan"": 0.01688272, ""melalui"": 0.03792422, ""melelang"": 0.03949144, ""membayar"": 0.07088571, ""membeli"": 0.03949144, ""memberikan"": 0.01958, ""menambahkan"": 0.02370031, ""menanggung"": 0.04270498, ""mendapatkan"": 0.05148749, ""menentukan"": 0.03078432, ""menerbitkan"": 0.03544286, ""mengalami"": 0.02268715, ""mengatur"": 0.06799571, ""mengeluarkan"": 0.0372114, ""menghadapi"": 0.02268715, ""mengungkap"": 0.0372114, ""mensyaratkan"": 0.04270498, ""menunggu"": 0.02919389, ""menurut"": 0.04357792, ""menyebabkan"": 0.06799571, ""menyelesaikan"": 0.03277612, ""menyukai"": 0.00792556, ""murah"": 0.07898288, ""nanti"": 0.02207719, ""negara"": 0.13073376, ""nggak"": 0.02574375, ""nilai"": 0.02994927, ""padahal"": 0.04270498, ""parlemen"": 0.03544286, ""pasar"": 0.02728254, ""pasarnya"": 0.04270498, ""patris"": 0.07898288, ""pegang"": 0.04270498, ""pembeli"": 0.03277612, ""pemeliharaan"": 0.08540996, ""pemulihan"": 0.06555225, ""penawar"": 0.08540996, ""penawaran"": 0.04270498, ""penentuan"": 0.03949144, ""penerbitan"": 0.03544286, ""pengadilan"": 0.11847432, ""pengelolaan"": 0.06555225, ""pengganti"": 0.07088571, ""penilaian"": 0.11847432, ""penumpukan"": 0.08540996, ""penyebabnya"": 0.08540996, ""penyitaan"": 0.08540996, ""perkara"": 0.04270498, ""persen"": 0.03078432, ""persoalan"": 0.03399786, ""proses"": 0.024069, ""putusan"": 0.12811493, ""rampasan"": 0.31593151, ""rapat"": 0.02370031, ""rata"": 0.05700855, ""salah"": 0.07832, ""satu"": 0.03316722, ""satunya"": 0.05456508, ""scroll"": 0.00853946, ""secara"": 0.03072376, ""sehingga"": 0.02002042, ""sejumlah"": 0.01896211, ""sekian"": 0.03544286, ""sekitar"": 0.02098227, ""selain"": 0.02207719, ""selama"": 0.01936864, ""selasa"": 0.03346351, ""sementara"": 0.03123513, ""sep"": 0.01146572, ""seperti"": 0.03072376, ""setelah"": 0.03316722, ""sini"": 0.04972444, ""sita"": 0.04270498, ""surat"": 0.07088571, ""tangan"": 0.03277612, ""tarik"": 0.03277612, ""tentu"": 0.02850427, ""terhadap"": 0.01857542, ""terjual"": 0.04270498, ""terkait"": 0.02025016, ""terlalu"": 0.06555225, ""terpidana"": 0.08540996, ""tiga"": 0.01876641, ""tinggi"": 0.04972444, ""tonton"": 0.02919389, ""triliun"": 0.02622423, ""tuhan"": 0.04270498, ""tutupnya"": 0.03949144, ""uang"": 0.06343563, ""ulang"": 0.10632857, ""umum"": 0.05989855, ""umumnya"": 0.08540996, ""video"": 0.02860714, ""waktu"": 0.03503422, ""wib"": 0.00792556, ""with"": 0.00853946, ""yusrian"": 0.03949144}",2
FN073,"{""adanya"": 0.02667627, ""adapun"": 0.0287772, ""advertisement"": 0.00964843, ""advokat"": 0.04504455, ""agar"": 0.04481179, ""ahi"": 0.03738458, ""amat"": 0.03738458, ""anda"": 0.00835976, ""andi"": 0.03159003, ""anggota"": 0.03738458, ""antaranya"": 0.03586041, ""ara"": 0.02667627, ""asas"": 0.13513365, ""aset"": 0.33072453, ""aturan"": 0.03247082, ""bahas"": 0.04165496, ""bank"": 0.03079326, ""batasan"": 0.03925, ""begitu"": 0.02462711, ""belum"": 0.0655991, ""berkali"": 0.04504455, ""betul"": 0.03247082, ""biasa"": 0.0287772, ""bilang"": 0.03006587, ""boleh"": 0.03247082, ""buka"": 0.02820044, ""bukaan"": 0.03738458, ""cicilan"": 0.03925, ""content"": 0.00900729, ""continue"": 0.00900729, ""detikfinance"": 0.01410254, ""detiknews"": 0.04504455, ""diambil"": 0.03247082, ""didorong"": 0.03457175, ""dijerat"": 0.04504455, ""dikedepankan"": 0.04504455, ""dikutip"": 0.03159003, ""disimpan"": 0.00835976, ""disita"": 0.04504455, ""diterapkan"": 0.07850001, ""dpr"": 0.1213566, ""enak"": 0.04165496, ""gambas"": 0.02213178, ""gelapin"": 0.04504455, ""gini"": 0.08330992, ""gitu"": 0.03457175, ""hal"": 0.0176484, ""hanya"": 0.0340803, ""harris"": 0.0900891, ""harus"": 0.03294633, ""hidayat"": 0.03457175, ""informasi"": 0.02462711, ""jakarta"": 0.01954094, ""jangan"": 0.06013173, ""jawab"": 0.04165496, ""jelas"": 0.02622429, ""jelasnya"": 0.03079326, ""kadang"": 0.12496488, ""kala"": 0.04504455, ""kalau"": 0.04373273, ""kali"": 0.02160912, ""kawasan"": 0.02766091, ""kayak"": 0.03738458, ""keadilan"": 0.15700002, ""kejahatan"": 0.0900891, ""kemungkinan"": 0.03247082, ""keterangannya"": 0.03457175, ""keuangan"": 0.02499872, ""kita"": 0.03660881, ""klaim"": 0.03925, ""komisi"": 0.0901976, ""korupsi"": 0.0900891, ""lah"": 0.03457175, ""lalai"": 0.04504455, ""landasan"": 0.03925, ""langsung"": 0.01847678, ""lingkup"": 0.04504455, ""lupa"": 0.07476916, ""masih"": 0.01556501, ""masyarakat"": 0.02186637, ""mekanisme"": 0.03345546, ""melakukan"": 0.01780764, ""melanggar"": 0.04504455, ""membahas"": 0.03925, ""membayar"": 0.03738458, ""membebani"": 0.04504455, ""menanggapi"": 0.03457175, ""mendorong"": 0.05879346, ""menegaskan"": 0.04925422, ""menekankan"": 0.03345546, ""mengaku"": 0.02820044, ""mengelabui"": 0.04504455, ""mengetahui"": 0.03345546, ""menjaga"": 0.02427132, ""menkeu"": 0.03345546, ""menteri"": 0.02088173, ""menurutnya"": 0.02360218, ""menutup"": 0.03079326, ""menyasar"": 0.03738458, ""menyukai"": 0.00835976, ""menyulitkan"": 0.04504455, ""meski"": 0.02213178, ""mungkin"": 0.04720437, ""namun"": 0.01939636, ""nanti"": 0.02328668, ""narkotika"": 0.08330992, ""nggak"": 0.05430821, ""nunggak"": 0.04165496, ""orang"": 0.07499615, ""organ"": 0.0900891, ""pajak"": 0.18692289, ""pasalnya"": 0.03586041, ""penerapan"": 0.03925, ""penindakan"": 0.07850001, ""penyusunan"": 0.03738458, ""perampasan"": 0.45820454, ""perbankan"": 0.11215373, ""perdagangan"": 0.21516248, ""perlu"": 0.07867286, ""perluasan"": 0.08330992, ""perpajakan"": 0.15700002, ""pesan"": 0.03925, ""pidana"": 0.19625002, ""pindahkan"": 0.04504455, ""pinteran"": 0.04504455, ""prinsip"": 0.07172083, ""pun"": 0.02186637, ""pungkasnya"": 0.03345546, ""purbaya"": 0.19007874, ""rakyat"": 0.06691092, ""rambu"": 0.0900891, ""rancangan"": 0.0900891, ""ruu"": 0.29158471, ""sabtu"": 0.02622429, ""sadewa"": 0.05640088, ""saja"": 0.02186637, ""sal"": 0.03925, ""sampai"": 0.02021259, ""sanksi"": 0.04165496, ""scroll"": 0.00900729, ""sedikit"": 0.02820044, ""sejumlah"": 0.02000094, ""sekali"": 0.03079326, ""sektor"": 0.07616284, ""selasa"": 0.0352968, ""seluruh"": 0.02160912, ""semua"": 0.02240589, ""sengaja"": 0.03738458, ""senjata"": 0.0900891, ""sep"": 0.01209386, ""soal"": 0.0226893, ""sunter"": 0.03586041, ""tahap"": 0.03586041, ""tahun"": 0.01607182, ""tapi"": 0.0183044, ""tau"": 0.03925, ""tenor"": 0.04504455, ""terapkan"": 0.04165496, ""terdapat"": 0.03247082, ""terhadap"": 0.01959307, ""terkait"": 0.02135956, ""termasuk"": 0.04321825, ""tetap"": 0.01865278, ""tetapi"": 0.02065268, ""tindak"": 0.13382184, ""tiru"": 0.04165496, ""tonton"": 0.03079326, ""turino"": 0.04504455, ""ujar"": 0.01749214, ""undang"": 0.0691435, ""ungkap"": 0.02820044, ""usulan"": 0.0691435, ""utang"": 0.03247082, ""utara"": 0.03345546, ""video"": 0.03017437, ""whoosh"": 0.04504455, ""wib"": 0.00835976, ""with"": 0.00900729, ""yudhi"": 0.05430821}",2
FN074,"{""acd"": 0.06378714, ""advertisement"": 0.01356246, ""anda"": 0.01175103, ""andi"": 0.04440502, ""anggaran"": 0.23329195, ""anggarannya"": 0.12663514, ""apalagi"": 0.04859632, ""aset"": 0.04226255, ""badan"": 0.03461748, ""bagus"": 0.06823472, ""bahwa"": 0.02782447, ""baik"": 0.02673056, ""banyak"": 0.02903076, ""baru"": 0.02811463, ""bawah"": 0.08881004, ""bayar"": 0.05517238, ""begitu"": 0.03461748, ""bergizi"": 0.12663514, ""berkala"": 0.05040775, ""berpeluang"": 0.05255021, ""besar"": 0.02374838, ""bgn"": 0.33103427, ""bilang"": 0.04226255, ""content"": 0.01266124, ""continue"": 0.01266124, ""cukup"": 0.03149519, ""cuma"": 0.02968376, ""daerah"": 0.03749792, ""detikfinance"": 0.01982346, ""didenger"": 0.06331757, ""diharapkan"": 0.04859632, ""dipangkas"": 0.06331757, ""dipimpin"": 0.06331757, ""dirjen"": 0.06331757, ""disimpan"": 0.01175103, ""dugaan"": 0.05040775, ""efisiensi"": 0.15122324, ""gini"": 0.05855294, ""gizi"": 0.11034476, ""gratis"": 0.12663514, ""hanya"": 0.02395275, ""hidayat"": 0.04859632, ""ikut"": 0.03964039, ""implementasi"": 0.16551713, ""implementasinya"": 0.06331757, ""indonesia"": 0.04241507, ""jakarta"": 0.02746802, ""jelasnya"": 0.04328503, ""jika"": 0.03625982, ""kalau"": 0.09221039, ""kan"": 0.06923496, ""kasih"": 0.04440502, ""kawasan"": 0.03888199, ""kebocoran"": 0.12663514, ""kepada"": 0.02597217, ""kepala"": 0.04132197, ""kerahkan"": 0.06331757, ""kesalahan"": 0.04226255, ""keuangan"": 0.03513983, ""khususnya"": 0.04564311, ""kita"": 0.05145974, ""konsekuensi"": 0.05855294, ""konsekuensinya"": 0.05855294, ""kurangin"": 0.06331757, ""landasan"": 0.05517238, ""macam"": 0.05040775, ""mah"": 0.05517238, ""makan"": 0.11710588, ""malah"": 0.05040775, ""masih"": 0.0218792, ""masukkan"": 0.06331757, ""mbg"": 0.18995271, ""melakukan"": 0.10012633, ""memiliki"": 0.02782447, ""memonitor"": 0.05855294, ""menambahkan"": 0.03513983, ""mengaku"": 0.07928077, ""mengatakan"": 0.02811463, ""mengawasi"": 0.06331757, ""mengelola"": 0.05255021, ""menilai"": 0.07027966, ""menjadi"": 0.03796749, ""menkeu"": 0.04702718, ""menteri"": 0.02935273, ""menyebut"": 0.03411736, ""menyukai"": 0.01175103, ""meski"": 0.03110988, ""mungkin"": 0.03317677, ""nanti"": 0.03273329, ""nasional"": 0.03189357, ""neraca"": 0.06331757, ""ngaco"": 0.10510042, ""ngaku"": 0.05517238, ""nggak"": 0.07633918, ""nunggak"": 0.05855294, ""operasional"": 0.03461748, ""orang"": 0.03513983, ""orangnya"": 0.06331757, ""pajak"": 0.05255021, ""pasalnya"": 0.05040775, ""pelaksanaan"": 0.10510042, ""pelayanan"": 0.04440502, ""pemenuhan"": 0.05517238, ""pemerintah"": 0.02871738, ""penambahan"": 0.05040775, ""penghematan"": 0.05855294, ""penyelenggaraan"": 0.05517238, ""perampasan"": 0.05855294, ""perbendaharaan"": 0.05040775, ""pikir"": 0.04440502, ""prabowo"": 0.03888199, ""presiden"": 0.03686257, ""prioritas"": 0.04859632, ""program"": 0.27217394, ""pungkasnya"": 0.04702718, ""purbaya"": 0.30535672, ""pusing"": 0.12663514, ""pusingkan"": 0.06331757, ""sadewa"": 0.07928077, ""saja"": 0.0307368, ""salah"": 0.02903076, ""sampai"": 0.02841214, ""sana"": 0.03964039, ""satu"": 0.02458809, ""satuan"": 0.05855294, ""satunya"": 0.04045112, ""scroll"": 0.01266124, ""secara"": 0.02277666, ""segala"": 0.05855294, ""sejumlah"": 0.02811463, ""selasa"": 0.04961549, ""seluruh"": 0.0303752, ""semakin"": 0.03513983, ""sep"": 0.01699993, ""setiap"": 0.03273329, ""sini"": 0.03686257, ""soal"": 0.03189357, ""sosok"": 0.05255021, ""sppg"": 0.25327028, ""subianto"": 0.04226255, ""sunter"": 0.05040775, ""tadinya"": 0.05255021, ""tahun"": 0.09036642, ""tempat"": 0.04702718, ""tentang"": 0.04045112, ""tepat"": 0.04132197, ""terhadap"": 0.05508259, ""terjadi"": 0.0303752, ""terkendali"": 0.05855294, ""tertentu"": 0.05040775, ""tinggal"": 0.04328503, ""triliun"": 0.23329195, ""turun"": 0.03461748, ""ungkap"": 0.03964039, ""usulan"": 0.04859632, ""utang"": 0.09128623, ""utara"": 0.04702718, ""wartawan"": 0.05517238, ""wib"": 0.01175103, ""with"": 0.01266124, ""yudhi"": 0.07633918}",2
FN075,"{""acd"": 0.0446831, ""adalah"": 0.05033694, ""adanya"": 0.02626742, ""adil"": 0.08870834, ""aduan"": 0.08203306, ""advertisement"": 0.00950055, ""agar"": 0.02206249, ""agreement"": 0.04435417, ""akun"": 0.15459374, ""alasan"": 0.02723696, ""aman"": 0.02833615, ""anda"": 0.00823164, ""angka"": 0.02626742, ""apabila"": 0.0303213, ""aturan"": 0.03197315, ""audiensi"": 0.04101653, ""ayuningrum"": 0.02723696, ""bagi"": 0.07209543, ""banding"": 0.04435417, ""beber"": 0.03110586, ""bekasi"": 0.0736232, ""berdasarkan"": 0.04358515, ""beredar"": 0.03531079, ""berkoordinasi"": 0.0303213, ""berlangsung"": 0.02292978, ""bersama"": 0.01969439, ""bersifat"": 0.07062159, ""blokir"": 0.04435417, ""borong"": 0.04101653, ""buka"": 0.05553644, ""bukan"": 0.02153123, ""commerce"": 0.12304958, ""content"": 0.00886924, ""continue"": 0.00886924, ""dana"": 0.14802529, ""data"": 0.02776822, ""datang"": 0.02673792, ""demi"": 0.0329427, ""dengar"": 0.0368116, ""detikfinance"": 0.0138864, ""diadukan"": 0.04435417, ""diambil"": 0.03197315, ""dibandingkan"": 0.02673792, ""digital"": 0.10212564, ""diketahui"": 0.03197315, ""dilakukan"": 0.0398056, ""dilaporkan"": 0.04435417, ""diproyeksikan"": 0.04435417, ""director"": 0.04435417, ""dirilis"": 0.03864843, ""disampaikan"": 0.08500844, ""disimpan"": 0.00823164, ""ditanggapi"": 0.04435417, ""ditindak"": 0.04435417, ""dpc"": 0.08870834, ""dpr"": 0.16729526, ""dugaan"": 0.07062159, ""ekonomi"": 0.02461557, ""ekosistem"": 0.06221173, ""elektronik"": 0.04101653, ""estimasi"": 0.03531079, ""evita"": 0.04435417, ""executive"": 0.04435417, ""fraud"": 0.08870834, ""gekrafs"": 0.04435417, ""gerakan"": 0.04435417, ""goto"": 0.04435417, ""guna"": 0.03531079, ""hal"": 0.01737791, ""hanya"": 0.05033694, ""hari"": 0.03744969, ""hasil"": 0.01802386, ""indonesia"": 0.02971189, ""instagram"": 0.0368116, ""investigasi"": 0.13306251, ""jakarta"": 0.01924144, ""jangka"": 0.03404188, ""jauh"": 0.02894618, ""jelas"": 0.02582236, ""kabar"": 0.0303213, ""kami"": 0.11951099, ""kasus"": 0.0368116, ""kecil"": 0.06221173, ""keluhan"": 0.04435417, ""kementerian"": 0.02389932, ""kepada"": 0.01819359, ""kesempatan"": 0.02626742, ""ketua"": 0.02960506, ""komdigi"": 0.04101653, ""komisi"": 0.17763035, ""komprehensif"": 0.03864843, ""komunikasi"": 0.0368116, ""kota"": 0.03110586, ""kppu"": 0.04101653, ""kreatif"": 0.03864843, ""lagi"": 0.01929277, ""lakukan"": 0.02626742, ""langkah"": 0.02356329, ""lanjuti"": 0.08870834, ""laporan"": 0.09331759, ""level"": 0.02960506, ""mana"": 0.04849932, ""maupun"": 0.02626742, ""media"": 0.0658854, ""melakukan"": 0.03506941, ""melansir"": 0.04435417, ""melindungi"": 0.08203306, ""memang"": 0.02179257, ""memanggil"": 0.04435417, ""memastikan"": 0.04067229, ""memberikan"": 0.02033614, ""meminta"": 0.02673792, ""memperoleh"": 0.03404188, ""mencapai"": 0.02424966, ""mendengar"": 0.03864843, ""menekankan"": 0.0329427, ""menelusuri"": 0.04435417, ""menengah"": 0.0658854, ""menerima"": 0.0658854, ""mengajukan"": 0.03531079, ""mengatakan"": 0.01969439, ""mengenai"": 0.02673792, ""mengevaluasi"": 0.04435417, ""menghadirkan"": 0.0329427, ""mengklarifikasi"": 0.04435417, ""menindaklanjuti"": 0.04101653, ""menjadi"": 0.01329818, ""menjelaskan"": 0.0639463, ""menyeluruh"": 0.0368116, ""menyukai"": 0.00823164, ""merupakan"": 0.01854392, ""mikro"": 0.08203306, ""miliar"": 0.09591946, ""mitra"": 0.03531079, ""morgan"": 0.03864843, ""nasional"": 0.02234155, ""nursanty"": 0.04435417, ""pastinya"": 0.03864843, ""pelaku"": 0.09331759, ""pembekuan"": 0.04101653, ""pembeli"": 0.13616752, ""pemblokiran"": 0.08870834, ""penahanan"": 0.08203306, ""penangguhan"": 0.13306251, ""pendapat"": 0.0368116, ""pengaduan"": 0.08870834, ""pengawas"": 0.04435417, ""pengelola"": 0.03404188, ""penjelasan"": 0.04435417, ""penjual"": 0.15459374, ""penting"": 0.04712658, ""peradi"": 0.04435417, ""perdagangan"": 0.03531079, ""persaingan"": 0.02723696, ""persoalan"": 0.03531079, ""perwakilan"": 0.03404188, ""pihak"": 0.05667229, ""pihaknya"": 0.05553644, ""platform"": 0.19324217, ""plus"": 0.04101653, ""punya"": 0.02389932, ""pusat"": 0.02461557, ""rapat"": 0.02461557, ""raya"": 0.03404188, ""regulasi"": 0.0329427, ""retno"": 0.02723696, ""saham"": 0.04435417, ""saldo"": 0.15459374, ""sangat"": 0.02011662, ""satu"": 0.01722404, ""scroll"": 0.00886924, ""sebelumnya"": 0.01836689, ""sebesar"": 0.05080026, ""sebetulnya"": 0.04435417, ""secara"": 0.06382052, ""sejumlah"": 0.01969439, ""sekitar"": 0.02179257, ""selasa"": 0.03475582, ""seller"": 0.24609917, ""seluruh"": 0.04255586, ""sementara"": 0.03244138, ""sep"": 0.0119085, ""seperti"": 0.03191026, ""sepihak"": 0.08870834, ""serius"": 0.07729687, ""serta"": 0.03898226, ""service"": 0.0368116, ""sesuai"": 0.02356329, ""shop"": 0.12304958, ""shopee"": 0.04435417, ""sisi"": 0.02499851, ""soal"": 0.02234155, ""solusi"": 0.03864843, ""sosial"": 0.03197315, ""stanley"": 0.04435417, ""stephanie"": 0.13306251, ""suara"": 0.0658854, ""susilo"": 0.04435417, ""tahan"": 0.04435417, ""tambahnya"": 0.04101653, ""telusuri"": 0.08870834, ""teman"": 0.0736232, ""tentu"": 0.02960506, ""terdampak"": 0.02833615, ""terdapat"": 0.03197315, ""terhadap"": 0.01929277, ""terkait"": 0.06309657, ""tertahan"": 0.0368116, ""tiktok"": 0.23189061, ""tindak"": 0.0658854, ""tokopedia"": 0.26612501, ""total"": 0.08683853, ""transaksi"": 0.04101653, ""triliun"": 0.05447393, ""ujar"": 0.03444808, ""umkm"": 0.17020941, ""umum"": 0.03110586, ""unggahan"": 0.04101653, ""usaha"": 0.10328942, ""usai"": 0.02540013, ""vii"": 0.22177085, ""wakil"": 0.02960506, ""waktu"": 0.01819359, ""wib"": 0.00823164, ""with"": 0.00886924}",2
FN076,"{""abu"": 0.09247746, ""acd"": 0.05151459, ""advertisement"": 0.01095306, ""agar"": 0.02543557, ""akhirnya"": 0.02716583, ""akibat"": 0.03337169, ""alhasil"": 0.0445573, ""alias"": 0.03797923, ""anak"": 0.11351593, ""anda"": 0.00949015, ""artinya"": 0.03924646, ""atas"": 0.02512439, ""ayuningrum"": 0.03140116, ""badan"": 0.02795713, ""bagaimana"": 0.03028338, ""bagi"": 0.02077948, ""barang"": 0.03337169, ""beber"": 0.03586156, ""beda"": 0.03924646, ""begitu"": 0.02795713, ""belum"": 0.02482309, ""berangsur"": 0.05113537, ""berburu"": 0.04728744, ""berkah"": 0.04728744, ""berlangsung"": 0.02643545, ""biasa"": 0.03266839, ""biasanya"": 0.07849292, ""bpkn"": 0.04728744, ""buying"": 0.25567684, ""cek"": 0.10227074, ""commerce"": 0.04728744, ""content"": 0.01022524, ""continue"": 0.01022524, ""cuma"": 0.02397265, ""dagangannya"": 0.04728744, ""datang"": 0.03082582, ""detikcom"": 0.03028338, ""detikfinance"": 0.01600946, ""diburu"": 0.04728744, ""diperketat"": 0.05113537, ""disimpan"": 0.00949015, ""distributor"": 0.09457489, ""ditemui"": 0.0341313, ""doang"": 0.0445573, ""dpr"": 0.02755323, ""dua"": 0.02201909, ""eceran"": 0.0445573, ""elektronik"": 0.04728744, ""erupsi"": 0.03266839, ""fenomena"": 0.0891146, ""gedung"": 0.03686145, ""gitu"": 0.03924646, ""gudang"": 0.09457489, ""gunung"": 0.09085013, ""habis"": 0.08487926, ""hanya"": 0.01934428, ""harga"": 0.28378983, ""hari"": 0.10793821, ""harus"": 0.03740126, ""imbas"": 0.0737229, ""jakarta"": 0.04436643, ""jika"": 0.02928349, ""jual"": 0.1273189, ""kali"": 0.02453106, ""kan"": 0.02795713, ""kata"": 0.019017, ""keempat"": 0.0341313, ""kelima"": 0.03266839, ""kemudian"": 0.0463844, ""kenaikan"": 0.09420347, ""kenaikannya"": 0.04243963, ""kendati"": 0.0445573, ""kepada"": 0.02097516, ""kepanikan"": 0.04728744, ""ketersediaan"": 0.03686145, ""ketua"": 0.0341313, ""kini"": 0.02755323, ""kita"": 0.02077948, ""konsumen"": 0.08141875, ""kotak"": 0.04728744, ""krakatau"": 0.11908109, ""lama"": 0.0341313, ""lipat"": 0.04243963, ""logistik"": 0.0737229, ""lonjakan"": 0.11393768, ""ludes"": 0.04728744, ""lumayan"": 0.0445573, ""lumrah"": 0.04728744, ""mahal"": 0.04070937, ""masalahnya"": 0.03924646, ""masker"": 0.46683596, ""masyarakat"": 0.02482309, ""medis"": 0.0891146, ""melakukan"": 0.02021554, ""memanfaatkan"": 0.03924646, ""memang"": 0.07537316, ""membuat"": 0.04794531, ""memperketat"": 0.05113537, ""menaikkan"": 0.04728744, ""mendadak"": 0.13367189, ""menegaskan"": 0.02795713, ""mengalami"": 0.02716583, ""mengambil"": 0.03201364, ""mengatakan"": 0.02270542, ""mengikuti"": 0.03495705, ""menipisnya"": 0.04728744, ""menjadi"": 0.0153313, ""menjual"": 0.04728744, ""menurut"": 0.02609032, ""menurutnya"": 0.05358723, ""menyebut"": 0.02755323, ""menyesuaikan"": 0.04070937, ""menyukai"": 0.00949015, ""mesti"": 0.03924646, ""modal"": 0.07595845, ""mubarok"": 0.05113537, ""mufti"": 0.18914978, ""muhammad"": 0.0341313, ""mulai"": 0.02077948, ""mungkin"": 0.02679361, ""naik"": 0.10717446, ""nanti"": 0.02643545, ""nasional"": 0.0257573, ""normal"": 0.08487926, ""online"": 0.04728744, ""panic"": 0.25567684, ""pasar"": 0.13067356, ""pedagang"": 0.13367189, ""pembeli"": 0.03924646, ""pemerintah"": 0.0463844, ""pengawasan"": 0.08141875, ""peningkatan"": 0.03266839, ""penjual"": 0.0445573, ""penjualan"": 0.04243963, ""perdagangan"": 0.04070937, ""perlindungan"": 0.04070937, ""permintaan"": 0.10487116, ""pramuka"": 0.13367189, ""produk"": 0.10758468, ""ramai"": 0.08141875, ""retno"": 0.03140116, ""salah"": 0.02344529, ""satu"": 0.05957215, ""scroll"": 0.01022524, ""sebab"": 0.03495705, ""sebaran"": 0.06991411, ""sebelum"": 0.02543557, ""sebelumnya"": 0.04234992, ""secara"": 0.01839447, ""sekarang"": 0.05218064, ""sekitar"": 0.02512439, ""selasa"": 0.06010432, ""semua"": 0.02543557, ""semuanya"": 0.03266839, ""sentra"": 0.0445573, ""seorang"": 0.04070937, ""sep"": 0.01372917, ""seperti"": 0.03678894, ""sih"": 0.04070937, ""singkat"": 0.04728744, ""situasi"": 0.03337169, ""stok"": 0.15191691, ""tapi"": 0.02077948, ""tegas"": 0.06674337, ""tengah"": 0.05764093, ""terjadi"": 0.04906212, ""termasuk"": 0.02453106, ""terpaksa"": 0.04070937, ""tersendiri"": 0.04243963, ""tersimpan"": 0.04728744, ""tiga"": 0.04494217, ""timur"": 0.03201364, ""tindak"": 0.03797923, ""ujar"": 0.01985738, ""vulkanik"": 0.06165164, ""wib"": 0.00949015, ""wilayah"": 0.0341313, ""with"": 0.01022524, ""yakni"": 0.02977027, ""yana"": 0.0891146}",2
FN077,"{""advertisement"": 0.01141709, ""anak"": 0.0591625, ""anda"": 0.0098922, ""aset"": 0.24904086, ""asset"": 0.14787229, ""badan"": 0.02914153, ""bagian"": 0.02872052, ""bakal"": 0.06673977, ""benarkan"": 0.09858153, ""berada"": 0.0225022, ""berbagai"": 0.05439126, ""berhasil"": 0.0268485, ""berjalan"": 0.02872052, ""berkomitmen"": 0.04243401, ""berlaku"": 0.036438, ""bertujuan"": 0.04929076, ""berupaya"": 0.04644496, ""bgn"": 0.23222478, ""bisnis"": 0.06810475, ""business"": 0.08847515, ""calon"": 0.04423758, ""chayyara"": 0.0533017, ""content"": 0.01065843, ""continue"": 0.01065843, ""detikfinance"": 0.01668769, ""didit"": 0.0533017, ""dikelola"": 0.04423758, ""dikoordinasikan"": 0.0533017, ""dilakukan"": 0.04783556, ""dimiliki"": 0.04423758, ""dioptimalisasi"": 0.0533017, ""direktur"": 0.06673977, ""disimpan"": 0.0098922, ""duta"": 0.04929076, ""efisiensi"": 0.04243401, ""ega"": 0.03213175, ""eksternal"": 0.15990511, ""entitas"": 0.0533017, ""gedung"": 0.11526922, ""gizi"": 0.04644496, ""gmp"": 0.04929076, ""graha"": 0.34503534, ""jakarta"": 0.0115615, ""kami"": 0.04103424, ""keberlangsungan"": 0.0533017, ""kebutuhan"": 0.03052408, ""kelola"": 0.04090913, ""kepastian"": 0.04090913, ""kontribusi"": 0.04090913, ""lainnya"": 0.03103148, ""landmark"": 0.0533017, ""langkah"": 0.11326679, ""lanjut"": 0.02958125, ""leveraging"": 0.19716305, ""lingkungan"": 0.03842307, ""lokasi"": 0.03842307, ""maksimal"": 0.04090913, ""markas"": 0.09858153, ""masih"": 0.0368365, ""maupun"": 0.03156632, ""mekanisme"": 0.03958821, ""melakukan"": 0.04214394, ""melalui"": 0.02366733, ""melayani"": 0.04423758, ""memastikan"": 0.02443854, ""membuka"": 0.03842307, ""menciptakan"": 0.03958821, ""mendorong"": 0.03478547, ""mendukung"": 0.03405238, ""mengatakan"": 0.04733466, ""mengedepankan"": 0.04644496, ""meningkatkan"": 0.03004144, ""menjaga"": 0.02872052, ""menyewa"": 0.0533017, ""menyukai"": 0.0098922, ""merah"": 0.2087128, ""merupakan"": 0.02228478, ""mitra"": 0.12730204, ""nasional"": 0.0268485, ""negosiasi"": 0.09858153, ""operasional"": 0.05828305, ""optimal"": 0.04090913, ""optimalisasi"": 0.08181825, ""pelaksanaannya"": 0.04929076, ""peluang"": 0.06104816, ""pemanfaatan"": 0.13271273, ""pembahasan"": 0.04090913, ""pengelola"": 0.12272738, ""penyewaan"": 0.04929076, ""peraturan"": 0.04243401, ""perusahaan"": 0.03738083, ""perusahaannya"": 0.0533017, ""pihak"": 0.06810475, ""prf"": 0.04243401, ""prinsip"": 0.04243401, ""produktivitas"": 0.08847515, ""properti"": 0.04929076, ""proporsional"": 0.04929076, ""proses"": 0.09012431, ""pungkas"": 0.04243401, ""putih"": 0.2087128, ""rencana"": 0.03557727, ""ruang"": 0.03336989, ""salah"": 0.02443854, ""sarana"": 0.03958821, ""satu"": 0.02069864, ""scroll"": 0.01065843, ""secara"": 0.03834749, ""sejalan"": 0.04644496, ""sekitar"": 0.02618877, ""selaku"": 0.04929076, ""selalu"": 0.03478547, ""selasa"": 0.02088354, ""sep"": 0.0143108, ""serta"": 0.04684613, ""setiap"": 0.05511077, ""sudaryono"": 0.09858153, ""sulistyo"": 0.0533017, ""suratman"": 0.10660341, ""tata"": 0.03842307, ""telkom"": 0.19716305, ""telkomgroup"": 0.19716305, ""telkomproperty"": 0.37311193, ""tenan"": 0.0533017, ""tenant"": 0.0533017, ""tengah"": 0.03004144, ""tentunya"": 0.04644496, ""terbuka"": 0.03557727, ""terhadap"": 0.04636937, ""terkait"": 0.025275, ""termasuk"": 0.02557031, ""tertib"": 0.04644496, ""terukur"": 0.04644496, ""terus"": 0.04834946, ""tetap"": 0.02207203, ""tlt"": 0.10660341, ""tower"": 0.0533017, ""transformasi"": 0.04423758, ""ujarnya"": 0.02872052, ""ungkap"": 0.03336989, ""upaya"": 0.03842307, ""usaha"": 0.03103148, ""utama"": 0.04684613, ""video"": 0.03570565, ""wajar"": 0.0533017, ""wib"": 0.0098922, ""with"": 0.01065843, ""zulghifary"": 0.0533017}",2
FN078,"{""advertisement"": 0.00910717, ""agar"": 0.02114898, ""akhirnya"": 0.02258764, ""anda"": 0.0078908, ""antar"": 0.03931822, ""aset"": 0.02837925, ""asset"": 0.07863645, ""badan"": 0.02324559, ""bagi"": 0.01727757, ""bagian"": 0.02290976, ""bahwa"": 0.01868409, ""baik"": 0.01794954, ""bakal"": 0.05323694, ""baru"": 0.05663682, ""beberapa"": 0.04229796, ""benarkan"": 0.07863645, ""bentuk"": 0.03263236, ""berbagai"": 0.02169339, ""berdasarkan"": 0.04178049, ""berkaitan"": 0.03157869, ""berlangsung"": 0.02198036, ""bersama"": 0.03775788, ""bersamaan"": 0.0352874, ""bertahap"": 0.03384874, ""bgn"": 0.29638544, ""bisnis"": 0.10865151, ""bos"": 0.03157869, ""buatan"": 0.03704818, ""business"": 0.0705748, ""center"": 0.03384874, ""cepat"": 0.02906584, ""content"": 0.00850201, ""continue"": 0.00850201, ""corporate"": 0.03064929, ""demikian"": 0.02661847, ""detikfinance"": 0.01331143, ""dian"": 0.17007067, ""diarahkan"": 0.03384874, ""digital"": 0.06526473, ""diharapkan"": 0.03263236, ""dijalankan"": 0.0352874, ""dilakukan"": 0.03815743, ""dimanfaatkan"": 0.02906584, ""direktur"": 0.02661847, ""disepakati"": 0.04251767, ""disewa"": 0.04251767, ""disimpan"": 0.0078908, ""diskusi"": 0.03931822, ""ditujukan"": 0.03704818, ""efektif"": 0.07409636, ""ega"": 0.02563083, ""existing"": 0.04251767, ""fasilitas"": 0.02981791, ""gedung"": 0.06129858, ""gizi"": 0.03704818, ""gmp"": 0.19659111, ""good"": 0.04251767, ""governance"": 0.03931822, ""graha"": 0.19659111, ""hadirkan"": 0.04251767, ""harapannya"": 0.0352874, ""hasil"": 0.01727757, ""herwando"": 0.04251767, ""indonesia"": 0.01424083, ""ingin"": 0.02290976, ""integrated"": 0.03931822, ""internal"": 0.03931822, ""jakarta"": 0.02766711, ""jelas"": 0.02475317, ""kami"": 0.03273217, ""karakteristik"": 0.0352874, ""kartika"": 0.04251767, ""karyawan"": 0.07863645, ""keamanan"": 0.03064929, ""kecerdasan"": 0.03931822, ""kelola"": 0.03263236, ""kenyamanan"": 0.03931822, ""kerja"": 0.23067747, ""keselamatan"": 0.02774765, ""keseluruhan"": 0.03157869, ""keterangannya"": 0.03263236, ""klasterisasi"": 0.04251767, ""kolaborasi"": 0.11114454, ""konektivitas"": 0.07863645, ""koordinasi"": 0.06315739, ""langkah"": 0.04517529, ""lanjut"": 0.02359635, ""layanan"": 0.02837925, ""leveraging"": 0.07863645, ""lingkungan"": 0.03064929, ""lokasi"": 0.12259717, ""markas"": 0.07863645, ""masih"": 0.02938371, ""masing"": 0.05126166, ""melalui"": 0.03775788, ""melanjutkan"": 0.0352874, ""memastikan"": 0.01949412, ""membuat"": 0.01993261, ""membuka"": 0.03064929, ""mempercepat"": 0.03157869, ""menata"": 0.04251767, ""menciptakan"": 0.03157869, ""menempati"": 0.02981791, ""mengedepankan"": 0.03704818, ""menggunakan"": 0.02661847, ""menghadirkan"": 0.03157869, ""mengoptimalkan"": 0.03157869, ""meningkat"": 0.03157869, ""meningkatkan"": 0.02396343, ""menjadi"": 0.05099024, ""menyambut"": 0.03384874, ""menyampaikan"": 0.05126166, ""menyukai"": 0.0078908, ""merah"": 0.13873824, ""merupakan"": 0.01777611, ""miliki"": 0.03931822, ""mudah"": 0.02837925, ""nada"": 0.04251767, ""nasional"": 0.02141649, ""negosiasi"": 0.03931822, ""operasional"": 0.04649118, ""operation"": 0.04251767, ""optimalisasi"": 0.03263236, ""otomasi"": 0.04251767, ""peluang"": 0.07304528, ""pemanfaatan"": 0.1058622, ""pembahasan"": 0.03263236, ""pemindahan"": 0.04251767, ""penataan"": 0.19659111, ""pendapatan"": 0.02837925, ""penempatan"": 0.04251767, ""pengelompokan"": 0.04251767, ""penyediaan"": 0.03704818, ""penyewaan"": 0.07863645, ""peralatan"": 0.04251767, ""peremajaan"": 0.03931822, ""persero"": 0.0352874, ""perusahaan"": 0.08945374, ""positif"": 0.02434843, ""prf"": 0.03384874, ""prioritas"": 0.03263236, ""produktivitas"": 0.0705748, ""properti"": 0.03931822, ""proporsional"": 0.03931822, ""proses"": 0.0718903, ""pungkasnya"": 0.03157869, ""putih"": 0.13873824, ""rampung"": 0.0352874, ""rencana"": 0.08513775, ""ruang"": 0.10647387, ""scroll"": 0.00850201, ""sebelumnya"": 0.0176064, ""secara"": 0.061178, ""sehingga"": 0.01993261, ""sejumlah"": 0.01887894, ""sekaligus"": 0.02114898, ""selasa"": 0.03331674, ""seluruh"": 0.02039691, ""semakin"": 0.0471927, ""sep"": 0.01141543, ""serta"": 0.03736819, ""sesuai"": 0.02258764, ""setelah"": 0.03302175, ""setiap"": 0.02198036, ""siswarini"": 0.04251767, ""skema"": 0.05963582, ""solusi"": 0.03704818, ""standar"": 0.03157869, ""strategi"": 0.02716288, ""stream"": 0.04251767, ""sudaryono"": 0.07863645, ""survei"": 0.0352874, ""tata"": 0.03064929, ""tbk"": 0.03931822, ""teknologi"": 0.03064929, ""telkom"": 0.5111369, ""telkomgroup"": 0.03931822, ""terintegrasi"": 0.1058622, ""termasuk"": 0.02039691, ""tersebar"": 0.06769747, ""tetap"": 0.03521281, ""tioc"": 0.04251767, ""transisi"": 0.03931822, ""ujar"": 0.01651087, ""ulang"": 0.0352874, ""unggul"": 0.02837925, ""unit"": 0.23694115, ""utama"": 0.03736819, ""video"": 0.02848166, ""wib"": 0.0078908, ""with"": 0.00850201, ""workstation"": 0.04251767}",2
FN079,"{""adalah"": 0.01556226, ""advertisement"": 0.00440581, ""air"": 0.02885023, ""alibaba"": 0.06170675, ""aliexpress"": 0.04113784, ""all"": 0.02056892, ""alternatif"": 0.08187559, ""anda"": 0.01145208, ""anugerah"": 0.03804222, ""apresiasi"": 0.03804222, ""bagi"": 0.06686745, ""baik"": 0.00868351, ""banyak"": 0.00943074, ""banyaknya"": 0.01707111, ""barang"": 0.1610829, ""baru"": 0.04566564, ""beberapa"": 0.04092526, ""berbagai"": 0.03148406, ""berbeda"": 0.05491651, ""berdasarkan"": 0.02021229, ""berikut"": 0.01372913, ""berperan"": 0.01902111, ""besar"": 0.03857369, ""bidang"": 0.02628136, ""bintang"": 0.01902111, ""bisnis"": 0.02628136, ""bulan"": 0.01342357, ""cakupan"": 0.02056892, ""calon"": 0.03414221, ""cara"": 0.01342357, ""cargo"": 0.19021111, ""cargopro"": 0.06170675, ""china"": 0.37068282, ""clearance"": 0.04113784, ""cocok"": 0.02056892, ""com"": 0.01578667, ""container"": 0.02056892, ""content"": 0.00411305, ""continue"": 0.00411305, ""customer"": 0.01902111, ""customs"": 0.03804222, ""dahulu"": 0.03157334, ""detikfinance"": 0.00643972, ""dibandingkan"": 0.01239951, ""digunakan"": 0.02745825, ""dikirim"": 0.02056892, ""dilakukan"": 0.00922978, ""diperhatikan"": 0.01902111, ""dipertimbangkan"": 0.03804222, ""disimpan"": 0.00381736, ""door"": 0.04113784, ""ducking"": 0.06170675, ""ega"": 0.01239951, ""ekonomi"": 0.02283058, ""express"": 0.06170675, ""faktor"": 0.01442511, ""fasilitas"": 0.01442511, ""fastindo"": 0.06170675, ""fcl"": 0.14398242, ""feet"": 0.03804222, ""fleksibilitas"": 0.04113784, ""fokus"": 0.01287731, ""forwarder"": 0.16455134, ""forwarding"": 0.04113784, ""full"": 0.01902111, ""google"": 0.02056892, ""guangzhou"": 0.02056892, ""hal"": 0.00805888, ""hanya"": 0.02334338, ""harga"": 0.02283058, ""harus"": 0.00752222, ""hijau"": 0.03584585, ""import"": 0.4730851, ""importir"": 0.20568918, ""indikator"": 0.02056892, ""indonesia"": 0.10334003, ""industri"": 0.01314068, ""ingin"": 0.02216627, ""jakarta"": 0.00446154, ""jalur"": 0.04912536, ""jasa"": 0.18012631, ""jumlah"": 0.06438654, ""kapasitas"": 0.02745825, ""karakteristik"": 0.03414221, ""karakteristiknya"": 0.02056892, ""kargo"": 0.03584585, ""keberadaan"": 0.01902111, ""kebutuhan"": 0.1649077, ""kecil"": 0.07212557, ""kembali"": 0.01845955, ""kemudahan"": 0.03584585, ""ketersediaan"": 0.01482731, ""khairurizqi"": 0.01707111, ""kompetitif"": 0.03275024, ""komprehensif"": 0.01792293, ""komunikasi"": 0.01707111, ""konsep"": 0.02056892, ""konsolidasi"": 0.04113784, ""kontainer"": 0.04113784, ""lagi"": 0.00894688, ""lain"": 0.00885705, ""lainnya"": 0.01197493, ""lanjut"": 0.01141529, ""laut"": 0.01527693, ""layanan"": 0.16474952, ""layanannya"": 0.04113784, ""lcl"": 0.12341351, ""lie"": 0.03804222, ""lintas"": 0.01372913, ""lokasi"": 0.02965463, ""malam"": 0.02216627, ""maps"": 0.02056892, ""marketplace"": 0.10284459, ""masing"": 0.07439709, ""maupun"": 0.02436264, ""melakukan"": 0.01626318, ""melalui"": 0.00913313, ""melayani"": 0.01707111, ""melihat"": 0.01063351, ""memahami"": 0.03157334, ""membandingkan"": 0.01902111, ""membantu"": 0.04218384, ""membeli"": 0.01902111, ""memberikan"": 0.00943074, ""membuat"": 0.00964287, ""membuatnya"": 0.01707111, ""membutuhkan"": 0.0536943, ""memerlukan"": 0.01902111, ""memilih"": 0.07212557, ""memiliki"": 0.02711661, ""mempelajari"": 0.01792293, ""menangani"": 0.03414221, ""menawarkan"": 0.06170675, ""mencakup"": 0.01482731, ""mencapai"": 0.0112456, ""mencari"": 0.01482731, ""mendatangkan"": 0.02056892, ""mendukung"": 0.01314068, ""mengandalkan"": 0.01902111, ""mengenai"": 0.01239951, ""menggunakan"": 0.03863192, ""mengimpor"": 0.01792293, ""mengurus"": 0.02056892, ""menjadi"": 0.04933545, ""menonjol"": 0.02056892, ""menyediakan"": 0.03584585, ""menyesuaikan"": 0.01637512, ""menyukai"": 0.00381736, ""menyusun"": 0.02056892, ""merupakan"": 0.01719921, ""metode"": 0.02056892, ""minimum"": 0.01707111, ""modern"": 0.01637512, ""mulai"": 0.03343372, ""natindo"": 0.12341351, ""negara"": 0.01049469, ""online"": 0.01902111, ""paling"": 0.01197493, ""panduan"": 0.02056892, ""pelaku"": 0.01442511, ""pelanggan"": 0.05121332, ""pelayanan"": 0.01442511, ""pemain"": 0.02885023, ""pembelian"": 0.09825071, ""pendekatan"": 0.03414221, ""pendukung"": 0.01902111, ""penerimaan"": 0.01578667, ""pengadaan"": 0.01792293, ""pengalaman"": 0.04327534, ""pengantaran"": 0.02056892, ""pengiriman"": 0.26629556, ""perhatikan"": 0.02056892, ""pertimbangan"": 0.01578667, ""perusahaan"": 0.07212557, ""pilihan"": 0.14827313, ""platform"": 0.01792293, ""pola"": 0.03055387, ""prf"": 0.01637512, ""prosedural"": 0.02056892, ""proses"": 0.0811501, ""prosesnya"": 0.01707111, ""rahmat"": 0.01707111, ""rating"": 0.01902111, ""referensi"": 0.04113784, ""rekomendasi"": 0.01902111, ""relatif"": 0.03804222, ""relevan"": 0.04113784, ""reseller"": 0.06170675, ""review"": 0.02056892, ""salah"": 0.06601515, ""satu"": 0.07188769, ""scroll"": 0.00411305, ""sea"": 0.04113784, ""sebelum"": 0.02046263, ""sehingga"": 0.00964287, ""sejumlah"": 0.00913313, ""sekaligus"": 0.01023131, ""sekitar"": 0.01010614, ""selain"": 0.01063351, ""selama"": 0.00932893, ""selasa"": 0.00805888, ""seller"": 0.01902111, ""seluruh"": 0.00986748, ""semakin"": 0.01141529, ""sementara"": 0.00752222, ""semua"": 0.01023131, ""sendiri"": 0.01218132, ""sep"": 0.00552248, ""seperti"": 0.04439444, ""serta"": 0.02711661, ""service"": 0.01707111, ""sesuai"": 0.04370921, ""setiap"": 0.01063351, ""simak"": 0.02479903, ""sisi"": 0.01159287, ""skala"": 0.10284459, ""sourcing"": 0.02056892, ""strategi"": 0.01314068, ""supplier"": 0.06170675, ""tahun"": 0.00733896, ""tambahan"": 0.01314068, ""tanpa"": 0.01406128, ""taobao"": 0.10284459, ""tentu"": 0.01372913, ""terlebih"": 0.02965463, ""termasuk"": 0.00986748, ""tersedia"": 0.04448194, ""tetapi"": 0.01886147, ""tinggi"": 0.01197493, ""tmall"": 0.02056892, ""trans"": 0.06170675, ""turut"": 0.01482731, ""udara"": 0.01314068, ""ulasan"": 0.05376878, ""umkm"": 0.03157334, ""usaha"": 0.01197493, ""utama"": 0.00903887, ""volume"": 0.09825071, ""waktu"": 0.00843714, ""warehouse"": 0.02056892, ""wib"": 0.00381736, ""wilopo"": 0.06170675, ""with"": 0.00411305, ""xing"": 0.04113784, ""yiwu"": 0.02056892}",2
FN080,"{""advertisement"": 0.01379281, ""ahi"": 0.05344275, ""anda"": 0.01195061, ""andi"": 0.04515921, ""anggaran"": 0.15816953, ""bagi"": 0.02616688, ""bagian"": 0.03469682, ""barang"": 0.0420238, ""barangnya"": 0.06439299, ""baru"": 0.05718429, ""bayarnya"": 0.06439299, ""begitu"": 0.03520544, ""betul"": 0.27851002, ""bikin"": 0.04641834, ""content"": 0.01287629, ""continue"": 0.01287629, ""daerah"": 0.15253921, ""daerahnya"": 0.06439299, ""dana"": 0.08596072, ""darurat"": 0.05954743, ""dbh"": 0.23818972, ""detikfinance"": 0.02016015, ""diajukan"": 0.05344275, ""dibangun"": 0.0494217, ""dibayar"": 0.05954743, ""dibentuk"": 0.05954743, ""dibuat"": 0.05126389, ""dijalankan"": 0.05344275, ""dimanfaatkan"": 0.0440202, ""disalurkan"": 0.04641834, ""disimpan"": 0.01195061, ""emang"": 0.05954743, ""enggak"": 0.05126389, ""hal"": 0.02522909, ""hasil"": 0.02616688, ""hidayat"": 0.0494217, ""hns"": 0.04782592, ""infrastruktur"": 0.20505558, ""jakarta"": 0.02793455, ""jelasnya"": 0.0440202, ""jembatan"": 0.29773715, ""kalau"": 0.03125885, ""kawasan"": 0.03954238, ""kebijakan"": 0.1680952, ""kebutuhan"": 0.07375136, ""kementerian"": 0.03469682, ""kepada"": 0.02641329, ""keuangan"": 0.07147333, ""kewajiban"": 0.0494217, ""macam"": 0.05126389, ""makanya"": 0.06439299, ""masuk"": 0.03469682, ""melalui"": 0.05718429, ""melibatkan"": 0.0494217, ""memastikan"": 0.02952383, ""membentuk"": 0.05610945, ""memenuhi"": 0.08596072, ""menambahkan"": 0.03573666, ""mendorong"": 0.0420238, ""menekankan"": 0.04782592, ""mengatakan"": 0.05718429, ""menteri"": 0.02985127, ""menyiapkan"": 0.04031366, ""menyukai"": 0.01195061, ""merupakan"": 0.05384381, ""misalnya"": 0.05610945, ""mission"": 0.05954743, ""multi"": 0.11909486, ""namun"": 0.02772787, ""nanti"": 0.06657849, ""nantinya"": 0.05610945, ""pakai"": 0.1068855, ""pembangunan"": 0.22010099, ""pemda"": 0.28054726, ""pemerintah"": 0.08761539, ""pendanaan"": 0.06439299, ""perlu"": 0.03748867, ""persero"": 0.05344275, ""pinjam"": 0.06439299, ""pinjaman"": 0.17864229, ""program"": 0.15816953, ""pungkasnya"": 0.04782592, ""purbaya"": 0.23290728, ""pusat"": 0.07147333, ""sadewa"": 0.04031366, ""salah"": 0.02952383, ""sarana"": 0.09565183, ""satunya"": 0.04113816, ""scroll"": 0.01287629, ""sebagian"": 0.0494217, ""segala"": 0.05954743, ""sejumlah"": 0.02859214, ""selanjutnya"": 0.05126389, ""selasa"": 0.05045818, ""sep"": 0.01728866, ""skema"": 0.04515921, ""smi"": 0.38635792, ""smv"": 0.05954743, ""sosialisasi"": 0.06439299, ""special"": 0.05954743, ""sunter"": 0.05126389, ""tahap"": 0.05126389, ""tentara"": 0.06439299, ""tkd"": 0.06439299, ""transfer"": 0.06439299, ""ungkap"": 0.04031366, ""utara"": 0.04782592, ""vehicle"": 0.05954743, ""wartawan"": 0.05610945, ""wib"": 0.01195061, ""with"": 0.01287629, ""yudhi"": 0.03881788}",2
FN081,"{""advertisement"": 0.01243809, ""anak"": 0.03222664, ""anda"": 0.01077684, ""andi"": 0.04072371, ""anggaran"": 0.2852685, ""anggarannya"": 0.11613673, ""apabila"": 0.03969657, ""badan"": 0.06349518, ""bagus"": 0.06257786, ""bahwa"": 0.02551774, ""baru"": 0.02578385, ""bawah"": 0.12217114, ""bergizi"": 0.11613673, ""berkala"": 0.0462288, ""berpeluang"": 0.04819365, ""besar"": 0.02177957, ""bgn"": 0.25299215, ""bkn"": 0.05806836, ""buka"": 0.03635408, ""content"": 0.01161159, ""continue"": 0.01161159, ""cukup"": 0.02888415, ""daerah"": 0.03438923, ""detikfinance"": 0.01818004, ""diambil"": 0.04185917, ""dikurangi"": 0.05806836, ""dilaporkan"": 0.11613673, ""dipangkas"": 0.11613673, ""direktorat"": 0.05059843, ""dirjen"": 0.05806836, ""disimpan"": 0.01077684, ""dugaan"": 0.0462288, ""efisiensi"": 0.1386864, ""gizi"": 0.25299215, ""gratis"": 0.11613673, ""hanya"": 0.021967, ""hidayat"": 0.04456754, ""hns"": 0.08625699, ""implementasi"": 0.05059843, ""implementasinya"": 0.05806836, ""indonesia"": 0.0583481, ""jakarta"": 0.02519084, ""jelas"": 0.06761312, ""jenderal"": 0.0462288, ""jika"": 0.03325378, ""kalau"": 0.05637726, ""kan"": 0.03174759, ""kasih"": 0.04072371, ""kawasan"": 0.03565856, ""kembali"": 0.02605669, ""kementerian"": 0.06257786, ""kepala"": 0.03789626, ""kerahkan"": 0.05806836, ""kesalahan"": 0.03875887, ""ketat"": 0.03969657, ""keuangan"": 0.09667992, ""kita"": 0.04719358, ""kurangin"": 0.05806836, ""lain"": 0.02500446, ""langkah"": 0.030849, ""langsung"": 0.023819, ""maka"": 0.07270817, ""makan"": 0.10739746, ""malah"": 0.0462288, ""masih"": 0.02006535, ""masukkan"": 0.05806836, ""mbg"": 0.40647854, ""melakukan"": 0.06886917, ""memonitor"": 0.10739746, ""menambahkan"": 0.03222664, ""menegaskan"": 0.03174759, ""mengaku"": 0.03635408, ""mengawasi"": 0.05806836, ""menjadi"": 0.03481988, ""menteri"": 0.0269193, ""menurut"": 0.02962768, ""menyukai"": 0.01077684, ""monitoring"": 0.05806836, ""mungkin"": 0.03042632, ""nanti"": 0.0300196, ""nasional"": 0.058499, ""ngaco"": 0.0963873, ""nggak"": 0.03500522, ""orang"": 0.03222664, ""orangnya"": 0.05806836, ""pelaksanaan"": 0.04819365, ""pelayanan"": 0.08144743, ""pemenuhan"": 0.10119686, ""penambahan"": 0.0462288, ""pengawasan"": 0.0462288, ""penggunaan"": 0.04072371, ""penghematan"": 0.05369873, ""perbendaharaan"": 0.0924576, ""perkiraan"": 0.0462288, ""perubahan"": 0.03709761, ""pikir"": 0.04072371, ""program"": 0.17829281, ""purbaya"": 0.31504699, ""rangka"": 0.05369873, ""sadewa"": 0.07270817, ""satu"": 0.02254967, ""satuan"": 0.10739746, ""scroll"": 0.01161159, ""secara"": 0.02088841, ""selasa"": 0.04550222, ""seluruh"": 0.05571402, ""sep"": 0.01559058, ""setelah"": 0.02254967, ""setiap"": 0.06003921, ""sisi"": 0.03272798, ""soal"": 0.0292495, ""sppg"": 0.23227345, ""suara"": 0.0431285, ""sunter"": 0.0462288, ""tadinya"": 0.04819365, ""tahun"": 0.06215609, ""tempat"": 0.0431285, ""tentang"": 0.03709761, ""tertentu"": 0.0462288, ""tetap"": 0.02404589, ""tim"": 0.030849, ""total"": 0.03789626, ""triliun"": 0.24960994, ""turun"": 0.03174759, ""utara"": 0.0431285, ""wib"": 0.01077684, ""with"": 0.01161159, ""yudhi"": 0.07001044}",2
FN082,"{""administrasi"": 0.05463232, ""advertisement"": 0.0117021, ""akibatnya"": 0.05052125, ""akses"": 0.04349333, ""anda"": 0.01013914, ""asosiasi"": 0.05052125, ""aspek"": 0.03734763, ""aturan"": 0.03938226, ""bagi"": 0.02220051, ""banyak"": 0.02504862, ""batas"": 0.04349333, ""belajar"": 0.04057648, ""belum"": 0.02652064, ""benar"": 0.06586775, ""berbeda"": 0.07293082, ""berhak"": 0.04349333, ""berlangsung"": 0.02824327, ""beroperasi"": 0.03938226, ""bersama"": 0.02425815, ""biasa"": 0.03490245, ""bisnis"": 0.03490245, ""butuh"": 0.0476044, ""center"": 0.04349333, ""cocok"": 0.05463232, ""content"": 0.0109245, ""continue"": 0.0109245, ""dasar"": 0.08698665, ""detikfinance"": 0.01710428, ""dibuka"": 0.04057648, ""digelar"": 0.03420292, ""dikuasai"": 0.05463232, ""dimulai"": 0.03831399, ""disimpan"": 0.01013914, ""ditambah"": 0.04057648, ""diterbitkan"": 0.05052125, ""domestik"": 0.09068382, ""ekspor"": 0.04349333, ""enam"": 0.03565384, ""ganda"": 0.03831399, ""gelar"": 0.03565384, ""hanya"": 0.02066716, ""hns"": 0.08115295, ""impor"": 0.03938226, ""indonesia"": 0.0182985, ""internasional"": 0.14261537, ""izin"": 0.04534191, ""jadwal"": 0.03293388, ""jakarta"": 0.01185012, ""jarang"": 0.05052125, ""jauh"": 0.03565384, ""kali"": 0.02620864, ""kasus"": 0.04534191, ""kebijakan"": 0.03565384, ""kebutuhan"": 0.03128607, ""kepatuhan"": 0.10926463, ""kesulitan"": 0.03354856, ""keuangan"": 0.03031971, ""khusus"": 0.03734763, ""kompleks"": 0.03565384, ""konsultasi"": 0.05463232, ""kredit"": 0.05052125, ""latihan"": 0.04057648, ""level"": 0.03646541, ""lintas"": 0.10939622, ""luar"": 0.06840585, ""lulus"": 0.05463232, ""melalui"": 0.04851631, ""melengkapi"": 0.03734763, ""melibatkan"": 0.04193037, ""membahas"": 0.0476044, ""memperoleh"": 0.04193037, ""menangani"": 0.09068382, ""mencari"": 0.03938226, ""mendalami"": 0.05463232, ""mendapat"": 0.06709712, ""mengambil"": 0.03420292, ""menjadi"": 0.01637975, ""menyukai"": 0.01013914, ""mulai"": 0.02220051, ""negara"": 0.0836236, ""negeri"": 0.0698049, ""non"": 0.0476044, ""online"": 0.05052125, ""pajak"": 0.72547059, ""paket"": 0.05052125, ""pasca"": 0.05463232, ""pelaku"": 0.03831399, ""pelatihan"": 0.27316158, ""pendidikan"": 0.04349333, ""perjanjian"": 0.05463232, ""perpajakan"": 0.23802198, ""persiapan"": 0.03938226, ""pertemuan"": 0.05052125, ""perusahaan"": 0.15325597, ""peserta"": 0.09520879, ""pilihan"": 0.03938226, ""program"": 0.06709712, ""pukul"": 0.03490245, ""punya"": 0.02943749, ""rangkaian"": 0.03938226, ""resmi"": 0.03180614, ""sampai"": 0.04902971, ""satu"": 0.0424307, ""scroll"": 0.0109245, ""sekarang"": 0.02787453, ""selama"": 0.02477822, ""selasa"": 0.06421462, ""senin"": 0.03962925, ""sep"": 0.01466805, ""september"": 0.05304128, ""sering"": 0.05463232, ""serta"": 0.02400779, ""setiap"": 0.02824327, ""siap"": 0.02862592, ""sini"": 0.03180614, ""smart"": 0.05463232, ""soal"": 0.02751874, ""tantangan"": 0.04057648, ""tenaga"": 0.03938226, ""tentu"": 0.03646541, ""teori"": 0.05052125, ""tingkat"": 0.04193037, ""total"": 0.03565384, ""transfer"": 0.16389695, ""ujian"": 0.10926463, ""usaha"": 0.03180614, ""video"": 0.0182985, ""wib"": 0.02027829, ""with"": 0.0109245}",2
FN083,"{""advertisement"": 0.01291558, ""akhir"": 0.02734766, ""anda"": 0.01119055, ""bagi"": 0.02450264, ""belum"": 0.05854152, ""berbagai"": 0.03076505, ""berhadapan"": 0.06029754, ""berkesempatan"": 0.06029754, ""berlangsung"": 0.03117202, ""bersaing"": 0.04122048, ""bersama"": 0.02677366, ""bidang"": 0.03852175, ""bukan"": 0.02927076, ""center"": 0.09600694, ""content"": 0.01205734, ""continue"": 0.01205734, ""cukup"": 0.05998596, ""detikfinance"": 0.01887795, ""dimiliki"": 0.05004375, ""dirancang"": 0.1000875, ""disampaikan"": 0.03852175, ""disimpan"": 0.01119055, ""diskusi"": 0.05576017, ""domestik"": 0.05004375, ""dunia"": 0.02962605, ""ekspor"": 0.04800347, ""enam"": 0.03935105, ""fokus"": 0.03774968, ""gelar"": 0.03935105, ""hadir"": 0.04478415, ""hari"": 0.05091121, ""hns"": 0.0895683, ""impor"": 0.0434661, ""internasional"": 0.07870211, ""jakarta"": 0.01307895, ""jawab"": 0.05576017, ""kali"": 0.02892641, ""kasus"": 0.1000875, ""kebutuhan"": 0.03453036, ""kelas"": 0.0434661, ""kerja"": 0.03634903, ""ketika"": 0.03398437, ""keuangan"": 0.03346378, ""khusus"": 0.04122048, ""konsep"": 0.06029754, ""kredit"": 0.05576017, ""kuat"": 0.03634903, ""langsung"": 0.02473338, ""lanjut"": 0.03346378, ""lanjutan"": 0.06029754, ""latihan"": 0.04478415, ""lewat"": 0.04478415, ""lintas"": 0.04024678, ""luar"": 0.07549935, ""lulus"": 0.06029754, ""mekanisme"": 0.04478415, ""melalui"": 0.02677366, ""memahami"": 0.04627844, ""memang"": 0.02962605, ""membahas"": 0.05254085, ""memperkuat"": 0.03852175, ""menangani"": 0.05004375, ""mencakup"": 0.0434661, ""menerapkan"": 0.05254085, ""mengambil"": 0.03774968, ""mengikuti"": 0.04122048, ""menjawab"": 0.05254085, ""menyukai"": 0.01119055, ""meraih"": 0.0357094, ""mulai"": 0.02450264, ""negara"": 0.03076505, ""negeri"": 0.07704349, ""nilai"": 0.04228705, ""non"": 0.05254085, ""online"": 0.05576017, ""pajak"": 0.75065624, ""paket"": 0.05576017, ""pekerjaan"": 0.11152033, ""pelaku"": 0.04228705, ""pelatihan"": 0.06029754, ""pendekatan"": 0.05004375, ""pendidikan"": 0.04800347, ""perhitungan"": 0.04627844, ""perpajakan"": 0.21016339, ""persoalannya"": 0.06029754, ""pertemuan"": 0.05576017, ""perusahaan"": 0.04228705, ""peserta"": 0.15762254, ""plus"": 0.05576017, ""portofolio"": 0.06029754, ""posisi"": 0.02570709, ""profesional"": 0.05004375, ""program"": 0.11108237, ""pukul"": 0.03852175, ""punya"": 0.03249008, ""relevan"": 0.06029754, ""ruang"": 0.03774968, ""rutin"": 0.06029754, ""saatnya"": 0.04800347, ""sampai"": 0.02705698, ""satu"": 0.02341533, ""scroll"": 0.01205734, ""sebagian"": 0.04627844, ""secara"": 0.0216903, ""sehari"": 0.08457411, ""sekadar"": 0.04478415, ""sekarang"": 0.03076505, ""selain"": 0.03117202, ""selasa"": 0.07087351, ""senin"": 0.0437387, ""sep"": 0.01618909, ""seperti"": 0.0216903, ""september"": 0.05854152, ""sering"": 0.06029754, ""sesi"": 0.07269807, ""setiap"": 0.03117202, ""smart"": 0.12059509, ""soal"": 0.03037236, ""supaya"": 0.06029754, ""tambah"": 0.03702746, ""tanya"": 0.05576017, ""teori"": 0.11152033, ""terasa"": 0.05254085, ""terbuka"": 0.04024678, ""tingkat"": 0.04627844, ""transfer"": 0.18089263, ""ujian"": 0.06029754, ""umumnya"": 0.06029754, ""usaha"": 0.03510436, ""via"": 0.06029754, ""wib"": 0.02238109, ""with"": 0.01205734}",2
FN084,"{""administrasi"": 0.17387343, ""advertisement"": 0.01241441, ""akuntansi"": 0.34774686, ""ambil"": 0.04614079, ""anda"": 0.01075632, ""apa"": 0.02957127, ""arus"": 0.0505021, ""bank"": 0.039621, ""baru"": 0.05146952, ""belajar"": 0.04304639, ""belum"": 0.02813496, ""berbasis"": 0.0481019, ""berlangsung"": 0.02996245, ""besar"": 0.04347621, ""biasanya"": 0.04448269, ""bisnis"": 0.07405396, ""buat"": 0.1012266, ""bukan"": 0.02813496, ""bulan"": 0.07564822, ""butuh"": 0.0505021, ""cara"": 0.03782411, ""center"": 0.04614079, ""coba"": 0.05795781, ""cocok"": 0.05795781, ""content"": 0.01158948, ""continue"": 0.01158948, ""cuma"": 0.02717107, ""daftar"": 0.03702698, ""detikfinance"": 0.01814543, ""dicek"": 0.05795781, ""dijawab"": 0.05795781, ""dipelajari"": 0.05795781, ""dipercaya"": 0.0535965, ""disimpan"": 0.01075632, ""ditambah"": 0.04304639, ""dunia"": 0.02847646, ""gampang"": 0.11591562, ""hari"": 0.0489357, ""harus"": 0.02119565, ""hns"": 0.08609277, ""ikut"": 0.03628487, ""jakarta"": 0.01257144, ""jasa"": 0.50754866, ""jawab"": 0.0535965, ""jumat"": 0.0337422, ""kalau"": 0.02813496, ""kali"": 0.02780397, ""kamu"": 0.107193, ""kas"": 0.11591562, ""kasus"": 0.0481019, ""kelola"": 0.04448269, ""kenapa"": 0.03868508, ""keputusan"": 0.039621, ""kerja"": 0.10481573, ""keuangan"": 0.225157, ""kondisi"": 0.02657334, ""langsung"": 0.02377365, ""laporan"": 0.20323092, ""lewat"": 0.12913916, ""live"": 0.0505021, ""masih"": 0.02002715, ""masuk"": 0.06245873, ""mau"": 0.06987715, ""mencakup"": 0.04177948, ""menyukai"": 0.01075632, ""mulai"": 0.02355186, ""nilai"": 0.04064618, ""online"": 0.0535965, ""pakai"": 0.09620379, ""pegang"": 0.05795781, ""pelaku"": 0.08129237, ""pelatihan"": 0.34774686, ""pendidikan"": 0.04614079, ""pengelolaan"": 0.04448269, ""penjualan"": 0.0481019, ""penuh"": 0.04064618, ""penyusunan"": 0.0481019, ""pertama"": 0.02470957, ""peserta"": 0.0505021, ""program"": 0.03559068, ""pukul"": 0.03702698, ""pun"": 0.02813496, ""punya"": 0.03122936, ""rabu"": 0.039621, ""relevan"": 0.05795781, ""revisi"": 0.05795781, ""sama"": 0.02919382, ""sampai"": 0.07802126, ""scroll"": 0.01158948, ""sebelum"": 0.05765832, ""secara"": 0.02084865, ""sehari"": 0.04064618, ""sekarang"": 0.02957127, ""selama"": 0.02628649, ""selasa"": 0.0227078, ""sep"": 0.0155609, ""seperti"": 0.02084865, ""september"": 0.05626993, ""sering"": 0.05795781, ""serta"": 0.02546916, ""service"": 0.0481019, ""siap"": 0.0303684, ""siapa"": 0.04448269, ""smart"": 0.05795781, ""solusinya"": 0.05795781, ""tambah"": 0.03559068, ""tantangan"": 0.04304639, ""telat"": 0.05795781, ""teori"": 0.0535965, ""tertib"": 0.0505021, ""transaksi"": 0.1607895, ""urusan"": 0.05795781, ""usaha"": 0.26993759, ""wib"": 0.02151264, ""with"": 0.01158948}",2
FN085,"{""adanya"": 0.03690796, ""advertisement"": 0.01334908, ""alasan"": 0.03827025, ""anda"": 0.01156615, ""andi"": 0.04370639, ""anggaran"": 0.03827025, ""apa"": 0.03179765, ""arah"": 0.09566348, ""awal"": 0.02889091, ""bagaimana"": 0.03690796, ""baik"": 0.02631, ""banget"": 0.05430434, ""bank"": 0.04260401, ""banyak"": 0.02857401, ""barat"": 0.04159763, ""baru"": 0.0553446, ""begitu"": 0.03407283, ""belajar"": 0.0462873, ""belanja"": 0.09257459, ""bentuk"": 0.04783174, ""beraktivitas"": 0.05763171, ""bergerak"": 0.0462873, ""berjalan"": 0.03358058, ""berpeluang"": 0.05172343, ""berpikir"": 0.05763171, ""berupaya"": 0.05430434, ""besar"": 0.04674948, ""besaran"": 0.04783174, ""betul"": 0.08985, ""biasanya"": 0.04783174, ""bicara"": 0.05172343, ""bukan"": 0.03025321, ""caranya"": 0.06232138, ""cepatnya"": 0.06232138, ""confidence"": 0.06232138, ""content"": 0.01246204, ""continue"": 0.01246204, ""dekat"": 0.03901672, ""demo"": 0.06232138, ""demonstrasi"": 0.06232138, ""depan"": 0.05653113, ""desain"": 0.05430434, ""detikfinance"": 0.01951157, ""dibilang"": 0.05763171, ""dicap"": 0.12464277, ""dinilai"": 0.03901672, ""diri"": 0.04067184, ""disebut"": 0.05172343, ""disimpan"": 0.01156615, ""ditempuh"": 0.06232138, ""diterapkan"": 0.05430434, ""ekonomi"": 0.17293485, ""ekspansi"": 0.12464277, ""ekspektasi"": 0.19845868, ""fitch"": 0.06232138, ""fulfilling"": 0.06232138, ""gede"": 0.12464277, ""gelombang"": 0.06232138, ""hidayat"": 0.04783174, ""hns"": 0.09257459, ""indonesia"": 0.08349548, ""investasi"": 0.04370639, ""investor"": 0.16291302, ""jakarta"": 0.02703586, ""jika"": 0.03568934, ""justru"": 0.03690796, ""kalau"": 0.03025321, ""kan"": 0.1022185, ""kawasan"": 0.03827025, ""kebijakan"": 0.04067184, ""kembali"": 0.05593026, ""kembalikan"": 0.06232138, ""kenapa"": 0.04159763, ""kepala"": 0.04067184, ""kepercayaan"": 0.20689372, ""keputusan"": 0.04260401, ""kerap"": 0.06232138, ""kesombongan"": 0.06232138, ""keuangan"": 0.10376091, ""kita"": 0.05065011, ""kondisi"": 0.05714803, ""lalu"": 0.02796513, ""lembaga"": 0.044925, ""macroeconomics"": 0.06232138, ""makroekonomi"": 0.12464277, ""mantan"": 0.04783174, ""masyarakat"": 0.12101284, ""membaik"": 0.04961467, ""membangun"": 0.08134368, ""membentuk"": 0.10860868, ""memiliki"": 0.0273867, ""memindahkan"": 0.05763171, ""memulihkan"": 0.05763171, ""mendapat"": 0.03827025, ""mengaku"": 0.07803343, ""mengambil"": 0.03901672, ""mengatakan"": 0.0276723, ""menghadapi"": 0.09932529, ""menjabat"": 0.05763171, ""menjadi"": 0.01868507, ""menkeu"": 0.09257459, ""menteri"": 0.08667274, ""menyukai"": 0.01156615, ""merah"": 0.04067184, ""meski"": 0.03062042, ""mesti"": 0.04783174, ""moody"": 0.06232138, ""msci"": 0.06232138, ""mudah"": 0.04159763, ""mulai"": 0.02532505, ""namun"": 0.05367165, ""nanti"": 0.03221829, ""nasional"": 0.03139178, ""omong"": 0.12464277, ""orang"": 0.03458697, ""pasar"": 0.19907349, ""pelat"": 0.06232138, ""pengetahuan"": 0.05763171, ""pengumuman"": 0.05430434, ""penjamin"": 0.05763171, ""percaya"": 0.04067184, ""perekonomian"": 0.04260401, ""pernah"": 0.04159763, ""pertama"": 0.02656993, ""perusahaan"": 0.04370639, ""pihak"": 0.0398147, ""pikir"": 0.04370639, ""positif"": 0.07137868, ""praktiknya"": 0.06232138, ""prophecies"": 0.06232138, ""publik"": 0.04260401, ""pun"": 0.06050642, ""purbaya"": 0.30055248, ""rabu"": 0.04260401, ""ratings"": 0.06232138, ""resesi"": 0.12464277, ""sadewa"": 0.07803343, ""saja"": 0.03025321, ""sal"": 0.05430434, ""salah"": 0.02857401, ""saldo"": 0.05430434, ""sana"": 0.03901672, ""satunya"": 0.0398147, ""scroll"": 0.01246204, ""sebab"": 0.04260401, ""sebagian"": 0.04783174, ""secepat"": 0.05763171, ""sejumlah"": 0.0276723, ""selasa"": 0.02441744, ""self"": 0.06232138, ""sempat"": 0.02921674, ""semua"": 0.03099967, ""sep"": 0.01673246, ""september"": 0.03025321, ""setelah"": 0.02420124, ""sikap"": 0.06232138, ""simpanan"": 0.05763171, ""sombong"": 0.31160692, ""sunter"": 0.04961467, ""susah"": 0.05172343, ""tahun"": 0.02223617, ""takut"": 0.28815857, ""tantangan"": 0.0462873, ""tapi"": 0.05065011, ""tengah"": 0.03512503, ""teori"": 0.05763171, ""terangnya"": 0.05172343, ""terapkan"": 0.05763171, ""terhadap"": 0.02710798, ""terpaksa"": 0.09922934, ""tugas"": 0.06232138, ""tutur"": 0.05430434, ""ungkap"": 0.03901672, ""waktu"": 0.05112708, ""wib"": 0.01156615, ""with"": 0.01246204, ""yudhi"": 0.07513812}",2
FN086,"{""acd"": 0.01749712, ""adalah"": 0.02628142, ""adanya"": 0.02057172, ""adapun"": 0.02219188, ""advertisement"": 0.0074405, ""agung"": 0.02882956, ""akhirnya"": 0.01845395, ""akibatnya"": 0.03212271, ""anda"": 0.00644673, ""antara"": 0.03690789, ""aset"": 0.51008425, ""atas"": 0.01706718, ""aturan"": 0.05008051, ""badan"": 0.07596594, ""bagi"": 0.01411566, ""bahkan"": 0.03544669, ""barang"": 0.31737487, ""baru"": 0.04627188, ""bawah"": 0.02436103, ""begitu"": 0.01899149, ""belum"": 0.05058752, ""bentuk"": 0.02666041, ""berasal"": 0.05008051, ""berdasarkan"": 0.01706718, ""berhak"": 0.05530836, ""berhasil"": 0.03499425, ""berikutnya"": 0.02022317, ""bermotor"": 0.06947327, ""bersama"": 0.01542396, ""biang"": 0.02882956, ""biaya"": 0.02374659, ""bilang"": 0.02318565, ""bodong"": 0.06947327, ""bpa"": 0.22485898, ""bulan"": 0.02266963, ""capaian"": 0.02666041, ""cenderung"": 0.03212271, ""content"": 0.00694608, ""continue"": 0.00694608, ""dana"": 0.02318565, ""detikfinance"": 0.01087534, ""dibentuk"": 0.03212271, ""dihadapi"": 0.03473664, ""diharapkan"": 0.02666041, ""dijual"": 0.0302681, ""dilakukan"": 0.04676153, ""dilelang"": 0.0302681, ""dimiliki"": 0.02882956, ""dinilai"": 0.0434942, ""dirampas"": 0.03473664, ""diselesaikan"": 0.06424542, ""disimpan"": 0.00644673, ""ditemukan"": 0.03473664, ""diturunkan"": 0.03212271, ""dpr"": 0.01871712, ""eksekusi"": 0.09636814, ""eksekusinya"": 0.03473664, ""fadilah"": 0.02133104, ""gini"": 0.03212271, ""hanya"": 0.02628142, ""harapan"": 0.02882956, ""harga"": 0.07711222, ""harganya"": 0.0302681, ""harus"": 0.01270348, ""hasil"": 0.01411566, ""iii"": 0.02882956, ""ily"": 0.03473664, ""ilyas"": 0.02133104, ""investasi"": 0.04872205, ""jakarta"": 0.00753461, ""jaminan"": 0.03473664, ""jaya"": 0.03212271, ""jika"": 0.01989249, ""kadang"": 0.06424542, ""kami"": 0.01337098, ""kas"": 0.06947327, ""kasus"": 0.05765912, ""kata"": 0.01291839, ""kejaksaan"": 0.06424542, ""kembalikan"": 0.03473664, ""kementerian"": 0.01871712, ""kemudian"": 0.03150927, ""kendala"": 0.08296254, ""kendaraan"": 0.10664165, ""kepada"": 0.04274575, ""kepala"": 0.02266963, ""kepolisian"": 0.06947327, ""kerok"": 0.0302681, ""kesinkronan"": 0.03473664, ""kesulitan"": 0.02133104, ""ketika"": 0.01957796, ""keuangan"": 0.03855611, ""kewajiban"": 0.07998124, ""kinerja"": 0.02765418, ""kita"": 0.01411566, ""komisi"": 0.02318565, ""kompleks"": 0.02266963, ""kondisi"": 0.01592656, ""kurun"": 0.03212271, ""laku"": 0.0302681, ""lambat"": 0.0302681, ""landasan"": 0.0302681, ""lapangan"": 0.02133104, ""lelang"": 0.24214483, ""limit"": 0.10420991, ""maka"": 0.0217471, ""masih"": 0.03600943, ""masuk"": 0.01871712, ""mekanisme"": 0.05159914, ""melakukan"": 0.02746514, ""melalui"": 0.03084792, ""melelang"": 0.06424542, ""membayar"": 0.05765912, ""memberikan"": 0.01592656, ""membuat"": 0.0162848, ""memusnahkan"": 0.03473664, ""menambahkan"": 0.01927805, ""menanggung"": 0.03473664, ""mendapatkan"": 0.04188042, ""mendapatkannya"": 0.03473664, ""menerbitkan"": 0.02882956, ""mengalami"": 0.01845395, ""mengatakan"": 0.01542396, ""mengatur"": 0.05530836, ""mengenai"": 0.02094021, ""menghadapi"": 0.01845395, ""mengungkap"": 0.06053621, ""menjadi"": 0.02082933, ""mensyaratkan"": 0.03473664, ""menunggu"": 0.02374659, ""menyebabkan"": 0.02765418, ""menyebut"": 0.01871712, ""menyelesaikan"": 0.07998124, ""menyerahkan"": 0.03473664, ""menyetor"": 0.03473664, ""menyetorkan"": 0.03473664, ""menyukai"": 0.00644673, ""meski"": 0.01706718, ""mulai"": 0.01411566, ""muncul"": 0.02579957, ""murah"": 0.03212271, ""namun"": 0.01495773, ""negara"": 0.12406343, ""nilai"": 0.04872205, ""nunggak"": 0.03212271, ""pajak"": 0.02882956, ""parlemen"": 0.02882956, ""pasar"": 0.04438376, ""pasarnya"": 0.03473664, ""patris"": 0.16061356, ""pegang"": 0.03473664, ""pelelangan"": 0.06947327, ""pembeli"": 0.02666041, ""pemeliharaan"": 0.03473664, ""pemulihan"": 0.15996247, ""pemusnahan"": 0.03473664, ""penawar"": 0.06947327, ""penentuan"": 0.03212271, ""penerbitan"": 0.02882956, ""penetapan"": 0.08648867, ""pengadilan"": 0.16061356, ""pengelolaan"": 0.02666041, ""pengganti"": 0.05765912, ""penilaian"": 0.06424542, ""penumpukan"": 0.03473664, ""penyelesaian"": 0.03212271, ""penyelesaiannya"": 0.03473664, ""penyerahan"": 0.03473664, ""penyitaan"": 0.06947327, ""perampasan"": 0.03212271, ""perbedaan"": 0.09080431, ""perkara"": 0.03473664, ""persen"": 0.02504026, ""persepsi"": 0.06424542, ""persoalan"": 0.02765418, ""pertama"": 0.01480952, ""peserta"": 0.0302681, ""pihak"": 0.04438376, ""pihaknya"": 0.0217471, ""proses"": 0.07831182, ""purbaya"": 0.02094021, ""putusan"": 0.10420991, ""rabu"": 0.02374659, ""rampasan"": 0.19273627, ""rapat"": 0.01927805, ""rata"": 0.0463713, ""salah"": 0.06370623, ""sama"": 0.01749712, ""satu"": 0.01348927, ""satunya"": 0.06657564, ""scroll"": 0.00694608, ""sebanyak"": 0.03915591, ""sebelum"": 0.01727857, ""sebut"": 0.02318565, ""secara"": 0.024991, ""sehingga"": 0.0162848, ""sejumlah"": 0.04627188, ""sekali"": 0.02374659, ""sekian"": 0.02882956, ""sekitar"": 0.01706718, ""selama"": 0.03150927, ""selasa"": 0.01360977, ""semenjak"": 0.03473664, ""sementara"": 0.02540695, ""sep"": 0.00932632, ""seperti"": 0.049982, ""setelah"": 0.02697854, ""sini"": 0.02022317, ""sita"": 0.03473664, ""soal"": 0.01749712, ""status"": 0.10319829, ""sulit"": 0.02266963, ""sulitnya"": 0.03473664, ""surat"": 0.05765912, ""tahun"": 0.02478795, ""teman"": 0.05765912, ""temuan"": 0.13894654, ""tentang"": 0.02219188, ""terakhir"": 0.03690789, ""tercatat"": 0.05008051, ""terhadap"": 0.01510942, ""terjual"": 0.06947327, ""terkait"": 0.03294335, ""terlalu"": 0.02666041, ""terlambat"": 0.0302681, ""termasuk"": 0.01666413, ""terpidana"": 0.06947327, ""tiga"": 0.04579432, ""tinggi"": 0.02022317, ""tingginya"": 0.03473664, ""triliun"": 0.02133104, ""tutupnya"": 0.03212271, ""uang"": 0.05159914, ""ulang"": 0.05765912, ""umum"": 0.04872205, ""umumnya"": 0.06947327, ""ungkapnya"": 0.03473664, ""usulan"": 0.02666041, ""waktu"": 0.02849717, ""wib"": 0.00644673, ""with"": 0.00694608, ""yusrian"": 0.03212271}",2
FN087,"{""acd"": 0.04724494, ""adalah"": 0.01774098, ""advertisement"": 0.01004525, ""agar"": 0.04665481, ""agraria"": 0.04336814, ""alih"": 0.03130242, ""anak"": 0.10410745, ""anda"": 0.00870358, ""antoni"": 0.04689714, ""apabila"": 0.03205973, ""api"": 0.03733528, ""apl"": 0.04689714, ""area"": 0.03733528, ""atr"": 0.08172856, ""ayuningrum"": 0.02879855, ""badan"": 0.02563997, ""bagaimana"": 0.02777342, ""bebernya"": 0.04336814, ""bekas"": 0.28138286, ""bencana"": 0.08639565, ""berbagai"": 0.02392789, ""berkaitan"": 0.03483142, ""berkoordinasi"": 0.06411945, ""bersama"": 0.04164708, ""berubah"": 0.07784426, ""biasanya"": 0.03599362, ""boleh"": 0.10141884, ""bpn"": 0.08673629, ""buka"": 0.02936027, ""cincin"": 0.04336814, ""content"": 0.00937775, ""continue"": 0.00937775, ""dampak"": 0.02936027, ""depannya"": 0.08172856, ""detikfinance"": 0.01468255, ""dewan"": 0.03733528, ""digunakan"": 0.03130242, ""dikoordinasi"": 0.04689714, ""dilakukan"": 0.04208779, ""dilakukannya"": 0.04689714, ""diselidiki"": 0.14069143, ""disimpan"": 0.00870358, ""ditanami"": 0.04689714, ""diusut"": 0.04689714, ""dpr"": 0.07580866, ""dugaan"": 0.03733528, ""fire"": 0.04086428, ""fokus"": 0.02936027, ""fungsi"": 0.03599362, ""gedung"": 0.03380628, ""guna"": 0.03733528, ""hak"": 0.04086428, ""hal"": 0.09187121, ""hanya"": 0.01774098, ""harus"": 0.08575338, ""hgu"": 0.04336814, ""hukum"": 0.03599362, ""hutan"": 0.22401168, ""ilegal"": 0.08673629, ""imbuh"": 0.03892213, ""indonesia"": 0.01570769, ""ispa"": 0.09379429, ""jakarta"": 0.03051692, ""jalur"": 0.03733528, ""jangka"": 0.03599362, ""juli"": 0.03892213, ""kabar"": 0.03205973, ""kalau"": 0.04553138, ""kami"": 0.0361037, ""kan"": 0.02563997, ""karenanya"": 0.03892213, ""karhutla"": 0.22401168, ""kebakaran"": 0.22401168, ""kebun"": 0.13010443, ""kegiatan"": 0.09379429, ""kehutanan"": 0.08673629, ""kementerian"": 0.12634776, ""kemudian"": 0.06380992, ""kesehatan"": 0.06411945, ""ketua"": 0.03130242, ""kompleks"": 0.03060576, ""kondisi"": 0.02150208, ""konsekuensi"": 0.04336814, ""koordinasi"": 0.03483142, ""lahan"": 0.27045025, ""lain"": 0.02019409, ""lembaga"": 0.06761256, ""lingkungan"": 0.03380628, ""lintas"": 0.03130242, ""lokasi"": 0.06761256, ""maharani"": 0.08673629, ""masalah"": 0.06260483, ""masuk"": 0.02526955, ""melakukan"": 0.03708006, ""melibatkan"": 0.03599362, ""memang"": 0.02304201, ""membakar"": 0.13010443, ""memiliki"": 0.02060862, ""meminta"": 0.0565418, ""menanam"": 0.04689714, ""mencegah"": 0.04336814, ""mendapatkan"": 0.0282709, ""mendirikan"": 0.04336814, ""menekankan"": 0.06966283, ""mengantisipasi"": 0.08172856, ""mengharapkan"": 0.04689714, ""mengingatkan"": 0.03599362, ""menhut"": 0.04689714, ""menjadi"": 0.01406061, ""menko"": 0.03892213, ""menteri"": 0.04348111, ""menurut"": 0.04785578, ""menyebut"": 0.02526955, ""menyelidiki"": 0.04689714, ""menyukai"": 0.00870358, ""minta"": 0.02996075, ""mitigasi"": 0.10141884, ""namanya"": 0.04336814, ""nanti"": 0.02424442, ""nasional"": 0.02362247, ""nggak"": 0.0282709, ""nusron"": 0.04336814, ""panjang"": 0.02879855, ""pascabencana"": 0.04689714, ""pasifik"": 0.04336814, ""pastikan"": 0.03483142, ""pemerintah"": 0.04253995, ""penanganan"": 0.06260483, ""pendidikan"": 0.03733528, ""pendidikannya"": 0.04689714, ""penggunaan"": 0.03288927, ""pentingnya"": 0.04086428, ""peristiwa"": 0.04336814, ""perkebunan"": 0.04689714, ""pertanahan"": 0.04336814, ""pertanian"": 0.03599362, ""perwakilan"": 0.03599362, ""pihak"": 0.02996075, ""pihaknya"": 0.02936027, ""puan"": 0.34694515, ""pun"": 0.04553138, ""pusat"": 0.02602686, ""rabu"": 0.03205973, ""raja"": 0.12259284, ""rakyat"": 0.03483142, ""retno"": 0.02879855, ""ring"": 0.04086428, ""ruang"": 0.02936027, ""sama"": 0.04724494, ""sawit"": 0.30357701, ""scroll"": 0.00937775, ""sebelumnya"": 0.01941993, ""secara"": 0.05060967, ""segera"": 0.15651208, ""seharusnya"": 0.08172856, ""sekarang"": 0.02392789, ""selasa"": 0.03674848, ""semacam"": 0.04336814, ""semua"": 0.0233274, ""sep"": 0.01259126, ""seperti"": 0.03373978, ""serta"": 0.02060862, ""singkat"": 0.04336814, ""soal"": 0.02362247, ""solusinya"": 0.04689714, ""soroti"": 0.04336814, ""sosial"": 0.03380628, ""suara"": 0.03483142, ""tahun"": 0.03346565, ""tanam"": 0.04689714, ""tata"": 0.03380628, ""tegas"": 0.03060576, ""teratasi"": 0.04689714, ""terganggu"": 0.08673629, ""terjadi"": 0.08999146, ""terkait"": 0.02223804, ""termasuk"": 0.04499573, ""terpadu"": 0.03892213, ""tindakan"": 0.04086428, ""ujar"": 0.03642311, ""usaha"": 0.05460568, ""wahid"": 0.04336814, ""waktu"": 0.01923669, ""wib"": 0.00870358, ""with"": 0.00937775}",2
FN088,"{""adalah"": 0.02829826, ""advertisement"": 0.00801148, ""agar"": 0.01860453, ""alif"": 0.02341597, ""amanah"": 0.07480465, ""anda"": 0.00694145, ""antara"": 0.0198701, ""apabila"": 0.0255689, ""aplikasinya"": 0.03740232, ""ara"": 0.0221504, ""artinya"": 0.02870633, ""ataupun"": 0.06208387, ""badan"": 0.04089778, ""bagian"": 0.02015347, ""bahwa"": 0.03287238, ""baik"": 0.03158002, ""balik"": 0.02870633, ""bansos"": 0.13835123, ""bantuan"": 0.41686905, ""basis"": 0.03740232, ""begini"": 0.03458781, ""belum"": 0.07262614, ""berada"": 0.03158002, ""berarti"": 0.02341597, ""beras"": 0.02623049, ""berbagai"": 0.01908344, ""berbasis"": 0.03104194, ""berhasil"": 0.01883985, ""berjuang"": 0.03104194, ""berkala"": 0.02977636, ""berkelanjutan"": 0.02870633, ""berperan"": 0.03458781, ""bersama"": 0.03321519, ""bersifat"": 0.02977636, ""berubah"": 0.03104194, ""biang"": 0.03104194, ""bilang"": 0.02496491, ""bos"": 0.02777943, ""bps"": 0.12416775, ""bukan"": 0.07262614, ""bulog"": 0.03104194, ""cek"": 0.07480465, ""content"": 0.00747912, ""continue"": 0.00747912, ""daerah"": 0.0221504, ""daftar"": 0.11947442, ""dasar"": 0.02977636, ""data"": 0.37465557, ""database"": 0.03740232, ""datanya"": 0.03458781, ""desa"": 0.02696184, ""desil"": 0.22441394, ""detikfinance"": 0.01170992, ""dia"": 0.03039778, ""dibentuk"": 0.03458781, ""didalami"": 0.03740232, ""digunakan"": 0.02496491, ""dikoreksi"": 0.03740232, ""dilakukan"": 0.03356667, ""dinamis"": 0.03740232, ""dipastikan"": 0.03259088, ""diperbaiki"": 0.06917562, ""diperbarui"": 0.06917562, ""diri"": 0.0244093, ""disampaikan"": 0.02389488, ""disimpan"": 0.00694145, ""ditemukan"": 0.03740232, ""ditentukan"": 0.03740232, ""ditetapkan"": 0.03259088, ""ekonomi"": 0.06227235, ""hak"": 0.03259088, ""hal"": 0.01465418, ""halaman"": 0.03458781, ""hanya"": 0.01414913, ""harapan"": 0.03104194, ""harus"": 0.01367834, ""hasil"": 0.01519889, ""herdi"": 0.02341597, ""hikam"": 0.02341597, ""indonesia"": 0.05011001, ""informasi"": 0.04089778, ""intervensi"": 0.03740232, ""isinya"": 0.03740232, ""jadikan"": 0.03740232, ""jaga"": 0.03458781, ""jakarta"": 0.00811282, ""jalur"": 0.02977636, ""jelas"": 0.06532528, ""juta"": 0.02177509, ""kalau"": 0.01815653, ""kami"": 0.01439706, ""kanal"": 0.02777943, ""keadaan"": 0.03259088, ""keberadaan"": 0.03458781, ""kebijakan"": 0.0244093, ""kebutuhan"": 0.02141904, ""kedua"": 0.015946, ""kelompok"": 0.02870633, ""keluarga"": 0.08088553, ""kelurahan"": 0.03259088, ""kementerian"": 0.0604604, ""kemudian"": 0.01696364, ""kepala"": 0.0244093, ""kerok"": 0.03259088, ""keterangannya"": 0.02870633, ""kini"": 0.04030693, ""kita"": 0.04559667, ""kondisi"": 0.08574381, ""konsolidasi"": 0.03740232, ""koreksi"": 0.03458781, ""kriteria"": 0.03740232, ""lain"": 0.03221117, ""lembaga"": 0.05392369, ""manfaat"": 0.03104194, ""masih"": 0.05169706, ""masing"": 0.13528296, ""masyarakat"": 0.18156535, ""maupun"": 0.0221504, ""mekanisme"": 0.02777943, ""melakukan"": 0.02957281, ""melalui"": 0.04982278, ""melanjutkan"": 0.03104194, ""memanfaatkan"": 0.02870633, ""memang"": 0.01837692, ""memastikan"": 0.03429752, ""membantu"": 0.0511378, ""membutuhkan"": 0.0244093, ""memiliki"": 0.01643619, ""memperbaiki"": 0.02870633, ""mencerminkan"": 0.03458781, ""mencontohkan"": 0.03259088, ""mendapatkan"": 0.02254716, ""menegaskan"": 0.04089778, ""menemukan"": 0.08932908, ""menentukan"": 0.02696184, ""menerima"": 0.08333829, ""mengajak"": 0.03740232, ""mengenai"": 0.04509432, ""menjadi"": 0.07849722, ""menjaga"": 0.02015347, ""menteri"": 0.0346779, ""menunjukkan"": 0.02108037, ""menurut"": 0.01908344, ""menyampaikan"": 0.02254716, ""menyatakan"": 0.02696184, ""menyukai"": 0.00694145, ""merupakan"": 0.06254978, ""milik"": 0.08333829, ""mudah"": 0.04992983, ""mungkin"": 0.01959785, ""nama"": 0.02341597, ""namun"": 0.01610558, ""nanti"": 0.01933588, ""nasional"": 0.01883985, ""nomor"": 0.02341597, ""non"": 0.03259088, ""operator"": 0.03458781, ""orang"": 0.06227235, ""padahal"": 0.03740232, ""pangan"": 0.0244093, ""pemanfaatan"": 0.03104194, ""pembaruan"": 0.02870633, ""pemerintah"": 0.1526728, ""penduduk"": 0.03740232, ""penentuan"": 0.03458781, ""penerima"": 0.22813614, ""pengambilan"": 0.03458781, ""pengelola"": 0.02870633, ""penting"": 0.0198701, ""penyaluran"": 0.02777943, ""per"": 0.02177509, ""perbaikan"": 0.02870633, ""perlu"": 0.06532528, ""pernah"": 0.02496491, ""pertama"": 0.015946, ""pihaknya"": 0.02341597, ""pkh"": 0.03740232, ""program"": 0.20671184, ""proses"": 0.02108037, ""punya"": 0.02015347, ""pusat"": 0.0415149, ""rabu"": 0.0511378, ""rakyat"": 0.02777943, ""red"": 0.03104194, ""resmi"": 0.02177509, ""salah"": 0.01714876, ""sama"": 0.01883985, ""sasaran"": 0.06917562, ""satu"": 0.07262217, ""scroll"": 0.00747912, ""sebanyak"": 0.02108037, ""sebelumnya"": 0.06195264, ""sebenarnya"": 0.0767067, ""secara"": 0.09418083, ""segera"": 0.02496491, ""sehingga"": 0.05260349, ""sekarang"": 0.01908344, ""sekolah"": 0.03740232, ""selanjutnya"": 0.02977636, ""semakin"": 0.02075745, ""sementara"": 0.02735668, ""sempurna"": 0.03458781, ""semua"": 0.05581358, ""sep"": 0.01004203, ""serta"": 0.01643619, ""seseorang"": 0.03740232, ""sesuai"": 0.13909071, ""setelah"": 0.02904887, ""setiap"": 0.05800764, ""sisi"": 0.02108037, ""social"": 0.1496093, ""sosial"": 0.16177107, ""statistik"": 0.05955272, ""suara"": 0.02777943, ""tadinya"": 0.06208387, ""tahun"": 0.01334509, ""tambahan"": 0.02389488, ""tegas"": 0.0244093, ""tentang"": 0.02389488, ""tentu"": 0.02496491, ""tepat"": 0.0244093, ""terdapat"": 0.05392369, ""terkait"": 0.03547142, ""terlihat"": 0.05955272, ""termasuk"": 0.01794293, ""terpadu"": 0.03104194, ""tersebar"": 0.02977636, ""tersedia"": 0.02696184, ""tertentu"": 0.02977636, ""terus"": 0.06785458, ""tetapi"": 0.01714876, ""tunai"": 0.03740232, ""tunggal"": 0.06518175, ""turut"": 0.05392369, ""ungkap"": 0.09366389, ""usul"": 0.03458781, ""utama"": 0.01643619, ""verifikasi"": 0.07480465, ""warga"": 0.08333829, ""wib"": 0.00694145, ""with"": 0.00747912, ""yusuf"": 0.03740232}",2
FN089,"{""advertisement"": 0.01158121, ""air"": 0.03791818, ""alif"": 0.03384958, ""anda"": 0.0100344, ""apa"": 0.02758657, ""ara"": 0.0320201, ""bahwa"": 0.02375978, ""bandara"": 0.59985376, ""batal"": 0.05406793, ""bekerja"": 0.09422522, ""belum"": 0.02624666, ""berada"": 0.02282567, ""berangkat"": 0.0829944, ""besar"": 0.02027913, ""content"": 0.01081164, ""continue"": 0.01081164, ""data"": 0.03384958, ""detikfinance"": 0.01692758, ""dibatalkan"": 0.089747, ""dikutip"": 0.03791818, ""disimpan"": 0.0100344, ""empat"": 0.02956044, ""eropa"": 0.0448735, ""gangguan"": 0.089747, ""hal"": 0.02118375, ""herdi"": 0.03384958, ""hikam"": 0.03384958, ""inggris"": 0.20078647, ""jakarta"": 0.0117277, ""jam"": 0.0360887, ""juli"": 0.0448735, ""kami"": 0.06243618, ""kata"": 0.0201076, ""kendali"": 0.09999866, ""kereta"": 0.04711261, ""komentar"": 0.04999933, ""lain"": 0.06984557, ""lainnya"": 0.03147756, ""lalu"": 0.0970464, ""lintas"": 0.07217739, ""lokasi"": 0.03897541, ""luar"": 0.03384958, ""masalah"": 0.25262087, ""masalahnya"": 0.0414972, ""masih"": 0.01868302, ""maskapai"": 0.08031459, ""melanjutkan"": 0.0448735, ""melaporkan"": 0.05406793, ""memberikan"": 0.02478985, ""membutuhkan"": 0.03528552, ""mempengaruhi"": 0.04999933, ""mengalami"": 0.08617127, ""mengatakan"": 0.12003776, ""mengganggu"": 0.04304401, ""menjadi"": 0.01621054, ""menurut"": 0.02758657, ""menyatakan"": 0.03897541, ""menyebabkan"": 0.04304401, ""menyelesaikan"": 0.0414972, ""menyukai"": 0.0100344, ""mungkin"": 0.0566604, ""normal"": 0.0448735, ""operasi"": 0.03897541, ""operasionalnya"": 0.05406793, ""otoritas"": 0.09422522, ""pembatalan"": 0.09422522, ""pemulihan"": 0.0414972, ""penerbangan"": 0.50774376, ""penumpang"": 0.0414972, ""penundaan"": 0.09999866, ""pernyataan"": 0.0448735, ""perusahaan"": 0.03791818, ""pihak"": 0.03454189, ""pihaknya"": 0.03384958, ""platform"": 0.04711261, ""proyek"": 0.0448735, ""pusat"": 0.03000649, ""rabu"": 0.07392361, ""ratusan"": 0.089747, ""sama"": 0.02723445, ""sana"": 0.03384958, ""scroll"": 0.01081164, ""sebuah"": 0.03897541, ""secepat"": 0.04999933, ""sedang"": 0.03528552, ""segera"": 0.0360887, ""sejauh"": 0.03897541, ""sekitar"": 0.05313048, ""selama"": 0.02452225, ""seluruh"": 0.02593789, ""sementara"": 0.03954618, ""sempat"": 0.02534746, ""senada"": 0.04999933, ""sep"": 0.01451652, ""sepenuhnya"": 0.03791818, ""sisi"": 0.03047329, ""sistem"": 0.07057103, ""tahun"": 0.01929135, ""teknis"": 0.0829944, ""tempat"": 0.04015729, ""terbesar"": 0.04015729, ""terbuka"": 0.0360887, ""terdampak"": 0.03454189, ""terganggunya"": 0.05406793, ""terjadi"": 0.07781366, ""terkait"": 0.02563833, ""termasuk"": 0.05187578, ""terus"": 0.02452225, ""tetapi"": 0.02478985, ""tiba"": 0.04015729, ""total"": 0.03528552, ""udara"": 0.10362566, ""utama"": 0.02375978, ""waktu"": 0.02217806, ""wib"": 0.0100344, ""wilayah"": 0.0360887, ""with"": 0.01081164}",2
FN090,"{""abadi"": 0.02980004, ""advertisement"": 0.00638309, ""agar"": 0.01482303, ""ahmad"": 0.08853227, ""akses"": 0.11862054, ""alokasi"": 0.04296332, ""anda"": 0.00553055, ""anl"": 0.02596655, ""antara"": 0.01583137, ""bagian"": 0.0481714, ""bakal"": 0.01865651, ""bandung"": 0.02287157, ""bantuan"": 0.02372411, ""batal"": 0.02980004, ""beragam"": 0.02473245, ""beras"": 0.45977712, ""berbagai"": 0.09122757, ""berdasarkan"": 0.01464168, ""berharap"": 0.02148166, ""besar"": 0.0335311, ""bulan"": 0.01944794, ""bulog"": 0.51938139, ""content"": 0.00595894, ""continue"": 0.00595894, ""cukup"": 0.01482303, ""data"": 0.01865651, ""daya"": 0.02287157, ""dekat"": 0.01865651, ""desember"": 0.02473245, ""detikfinance"": 0.0093298, ""diarahkan"": 0.02372411, ""dilelang"": 0.02596655, ""diperkuat"": 0.02287157, ""direktur"": 0.01865651, ""disimpan"": 0.00553055, ""distribusi"": 0.16606876, ""ega"": 0.01796429, ""ekspor"": 0.02372411, ""gambas"": 0.01464168, ""gelontorkan"": 0.02596655, ""hadirkan"": 0.02980004, ""hana"": 0.02980004, ""indonesia"": 0.0199624, ""ingin"": 0.01605713, ""inti"": 0.02980004, ""jakarta"": 0.01292766, ""jamin"": 0.02473245, ""jaringan"": 0.09892979, ""jenderal"": 0.02372411, ""kami"": 0.04588304, ""kanal"": 0.0663992, ""kata"": 0.01108249, ""kebutuhan"": 0.06826189, ""kehadiran"": 0.02473245, ""kepada"": 0.02444729, ""keseimbangan"": 0.02980004, ""kesiapan"": 0.02213307, ""keterangan"": 0.01653835, ""ketersediaan"": 0.08592665, ""khususnya"": 0.02148166, ""komitmen"": 0.02213307, ""konsumen"": 0.07117232, ""konsumsi"": 0.02980004, ""kota"": 0.12539376, ""lain"": 0.01283201, ""lanjut"": 0.01653835, ""lihat"": 0.01482303, ""lion"": 0.02980004, ""luas"": 0.04744822, ""makassar"": 0.02980004, ""masyarakat"": 0.11572874, ""matahari"": 0.02980004, ""megah"": 0.02980004, ""melalui"": 0.07939191, ""memastikan"": 0.06831578, ""memberikan"": 0.01366316, ""memiliki"": 0.01309542, ""memonitor"": 0.0275576, ""memperkuat"": 0.03807616, ""memperluas"": 0.08267279, ""memperoleh"": 0.04574314, ""mengatakan"": 0.01323199, ""menggelontorkan"": 0.02980004, ""menjadi"": 0.02680376, ""menjaga"": 0.01605713, ""menjangkau"": 0.02980004, ""menjawab"": 0.02596655, ""menunjukkan"": 0.01679564, ""menurut"": 0.0152046, ""menyiapkan"": 0.01865651, ""menyukai"": 0.00553055, ""merespons"": 0.02473245, ""merupakan"": 0.02491805, ""modern"": 0.21351697, ""mudah"": 0.05967186, ""mutu"": 0.02596655, ""nusantara"": 0.02473245, ""nushratu"": 0.02980004, ""pangan"": 0.07779176, ""pasar"": 0.03807616, ""pasokan"": 0.15037163, ""penguatan"": 0.04296332, ""penting"": 0.01583137, ""penyaluran"": 0.0663992, ""per"": 0.01734915, ""perdagangan"": 0.02372411, ""perkembangan"": 0.01944794, ""perluasan"": 0.0275576, ""perum"": 0.05193311, ""pilihan"": 0.02148166, ""premium"": 0.34625426, ""prima"": 0.0275576, ""produk"": 0.06269688, ""pungkasnya"": 0.02213307, ""putra"": 0.01865651, ""rabu"": 0.04074368, ""ramdhani"": 0.0275576, ""ribu"": 0.06111553, ""ritel"": 0.26820037, ""rizal"": 0.02596655, ""salah"": 0.01366316, ""satu"": 0.01157224, ""scroll"": 0.00595894, ""sejumlah"": 0.02646397, ""sekaligus"": 0.01482303, ""selain"": 0.01540573, ""selanjutnya"": 0.02372411, ""seluruh"": 0.01429591, ""semakin"": 0.06615342, ""semarang"": 0.02596655, ""sep"": 0.00800091, ""seperti"": 0.0107197, ""solo"": 0.02980004, ""stok"": 0.02213307, ""strategi"": 0.01903808, ""sukses"": 0.02287157, ""sumber"": 0.02287157, ""super"": 0.02473245, ""surabaya"": 0.02372411, ""terhadap"": 0.0259243, ""terjaga"": 0.0275576, ""tersebar"": 0.02372411, ""tersedia"": 0.04296332, ""tertulis"": 0.01944794, ""terus"": 0.08109399, ""terutama"": 0.01865651, ""tetap"": 0.01234008, ""tinggi"": 0.01734915, ""tingkat"": 0.02287157, ""tni"": 0.02596655, ""ton"": 0.06861471, ""top"": 0.02980004, ""turun"": 0.01629251, ""ujar"": 0.01157224, ""upaya"": 0.04296332, ""utama"": 0.02619084, ""video"": 0.0199624, ""wib"": 0.00553055, ""wilayah"": 0.07956248, ""with"": 0.00595894}",2
FN091,"{""adalah"": 0.01024687, ""advertisement"": 0.00580195, ""akhir"": 0.01228515, ""ambruk"": 0.02504866, ""anda"": 0.01005407, ""angka"": 0.01604143, ""antam"": 0.2596272, ""batangan"": 0.02504866, ""berada"": 0.04574081, ""berdasarkan"": 0.01330865, ""bergerak"": 0.020118, ""buyback"": 0.10834779, ""content"": 0.00541642, ""continue"": 0.00541642, ""demikian"": 0.01695796, ""detikfinance"": 0.00848038, ""dibanderol"": 0.02708695, ""dijual"": 0.02360247, ""dikenakan"": 0.02708695, ""disimpan"": 0.00502703, ""ditarik"": 0.02504866, ""emas"": 0.64446724, ""fdl"": 0.01767734, ""gambas"": 0.01330865, ""geordi"": 0.020118, ""gram"": 0.5192544, ""harga"": 0.42091414, ""hari"": 0.06861121, ""harus"": 0.00990592, ""ignacio"": 0.020118, ""igo"": 0.02078927, ""ingin"": 0.02919048, ""jakarta"": 0.00587534, ""jatuh"": 0.02156419, ""jika"": 0.04653533, ""karat"": 0.02360247, ""keluaran"": 0.02708695, ""kemarin"": 0.01576963, ""keuangan"": 0.01503265, ""level"": 0.03615943, ""lihat"": 0.01347349, ""logam"": 0.02360247, ""maka"": 0.01695796, ""makin"": 0.01851712, ""melanjutkan"": 0.02248072, ""membelinya"": 0.02708695, ""mendapatkan"": 0.01632876, ""mengalami"": 0.01439003, ""menjual"": 0.02504866, ""menteri"": 0.01255695, ""menyertakan"": 0.02708695, ""menyukai"": 0.00502703, ""mulia"": 0.02360247, ""nomor"": 0.01695796, ""npwp"": 0.02708695, ""oswaldo"": 0.020118, ""pajak"": 0.02248072, ""pekan"": 0.01459524, ""pelemahan"": 0.02248072, ""pembelian"": 0.02156419, ""penurunan"": 0.0379925, ""per"": 0.07884814, ""peraturan"": 0.02156419, ""pmk"": 0.02708695, ""potongan"": 0.02504866, ""pph"": 0.02708695, ""rabu"": 0.05555136, ""rendah"": 0.02504866, ""rentang"": 0.04720495, ""rincian"": 0.04496145, ""satuan"": 0.02504866, ""scroll"": 0.00541642, ""sebesar"": 0.03102355, ""sebulan"": 0.02360247, ""sejak"": 0.01241922, ""sementara"": 0.01981184, ""sep"": 0.00727248, ""sepekan"": 0.02248072, ""sesuai"": 0.01439003, ""situs"": 0.02360247, ""tahun"": 0.00966458, ""terakhir"": 0.02878005, ""terbesar"": 0.020118, ""terkecil"": 0.02708695, ""terus"": 0.01228515, ""transaksinya"": 0.02708695, ""tren"": 0.02078927, ""turun"": 0.02961837, ""ukuran"": 0.05009732, ""video"": 0.01814496, ""wib"": 0.00502703, ""with"": 0.00541642, ""yakni"": 0.01576963}",2
FN092,"{""adalah"": 0.00614103, ""advertisement"": 0.00347716, ""agar"": 0.00807477, ""agenda"": 0.01292358, ""akhirnya"": 0.03449622, ""akses"": 0.02584717, ""aktivitas"": 0.01170202, ""alokasi"": 0.01170202, ""anda"": 0.00301274, ""angka"": 0.00961375, ""anl"": 0.01414515, ""antara"": 0.00862405, ""artinya"": 0.01245917, ""aset"": 0.02167063, ""bagi"": 0.04617653, ""bahan"": 0.01245917, ""baku"": 0.01501186, ""balik"": 0.01245917, ""banyak"": 0.00744293, ""bawa"": 0.01623342, ""begini"": 0.01501186, ""berakhir"": 0.01170202, ""berbicara"": 0.01501186, ""berhasil"": 0.0081769, ""berhenti"": 0.02829029, ""berkaitan"": 0.01205687, ""berkat"": 0.01292358, ""berkelanjutan"": 0.02491834, ""berlanjut"": 0.01414515, ""bermuara"": 0.01623342, ""berpotensi"": 0.01292358, ""bersama"": 0.00720806, ""bersih"": 0.01414515, ""bersubsidi"": 0.06493367, ""berupa"": 0.01016304, ""besar"": 0.01826589, ""besarnya"": 0.02829029, ""biaya"": 0.05548728, ""bisnis"": 0.03111269, ""budidaya"": 0.01623342, ""bukan"": 0.01576066, ""bumn"": 0.01292358, ""capaian"": 0.01245917, ""cepat"": 0.02219491, ""content"": 0.0032461, ""continue"": 0.0032461, ""cost"": 0.03002371, ""cukup"": 0.00807477, ""dampak"": 0.01016304, ""dampaknya"": 0.01501186, ""danantara"": 0.04503557, ""daya"": 0.01245917, ""depan"": 0.00736259, ""detikfinance"": 0.00508236, ""diarahkan"": 0.02584717, ""dibandingkan"": 0.01957191, ""dicapai"": 0.01623342, ""didorong"": 0.02491834, ""didukung"": 0.01347287, ""digitalisasi"": 0.01623342, ""digunakan"": 0.01083531, ""diharapkan"": 0.03737751, ""dihasilkan"": 0.01623342, ""diikuti"": 0.01205687, ""dikelola"": 0.01347287, ""dilakukan"": 0.00728433, ""dilihat"": 0.03002371, ""dimiliki"": 0.01347287, ""diperkuat"": 0.01245917, ""diproduksi"": 0.03246684, ""direktur"": 0.01016304, ""disimpan"": 0.00301274, ""disiplin"": 0.01623342, ""distribusi"": 0.06461792, ""ditetapkan"": 0.01414515, ""ditopang"": 0.01623342, ""ditujukan"": 0.01414515, ""diversifikasi"": 0.03246684, ""domestik"": 0.01347287, ""dpd"": 0.01623342, ""dpr"": 0.00874704, ""dukungan"": 0.01083531, ""ebitda"": 0.01623342, ""efisien"": 0.01623342, ""efisiensi"": 0.06461792, ""ega"": 0.00978596, ""ekosistem"": 0.0113846, ""excellence"": 0.01501186, ""faktor"": 0.0227692, ""fasilitas"": 0.0341538, ""finansial"": 0.01623342, ""fondasi"": 0.02829029, ""gambas"": 0.00797598, ""global"": 0.02491834, ""hal"": 0.00636023, ""hanya"": 0.03684617, ""harga"": 0.11711938, ""harus"": 0.01187339, ""hasil"": 0.01978994, ""hubungan"": 0.01501186, ""implementasi"": 0.01414515, ""indonesia"": 0.09243252, ""industri"": 0.05185448, ""investasi"": 0.0227692, ""jaga"": 0.01501186, ""jakarta"": 0.00352114, ""januari"": 0.01414515, ""jauh"": 0.01059416, ""jumat"": 0.00945086, ""jumlah"": 0.01016304, ""juni"": 0.01414515, ""juta"": 0.02835258, ""kalah"": 0.01170202, ""kali"": 0.01557524, ""kami"": 0.00624864, ""kapasitas"": 0.09751781, ""kata"": 0.00603713, ""keberhasilan"": 0.04243544, ""keberlangsungan"": 0.01623342, ""keberlanjutan"": 0.01414515, ""kebutuhan"": 0.05577797, ""kelancaran"": 0.01347287, ""kelola"": 0.01245917, ""kemampuan"": 0.04438982, ""kemudian"": 0.00736259, ""kepada"": 0.0199763, ""kepentingan"": 0.02584717, ""ketahanan"": 0.1619692, ""ketersediaan"": 0.08191417, ""ketika"": 0.02744801, ""keuangan"": 0.0540551, ""kinerja"": 0.10338868, ""kita"": 0.01978994, ""komoditas"": 0.01245917, ""komponen"": 0.01292358, ""kondisi"": 0.01488587, ""kontrak"": 0.01347287, ""kontribusi"": 0.02491834, ""kuat"": 0.03914382, ""laba"": 0.04503557, ""lahan"": 0.0468081, ""langkah"": 0.00862405, ""langsung"": 0.00665877, ""lapangan"": 0.0099686, ""leadership"": 0.01623342, ""lembata"": 0.01623342, ""lihat"": 0.00807477, ""lima"": 0.00887526, ""mandiri"": 0.01623342, ""masyarakat"": 0.01576066, ""mega"": 0.01623342, ""melakukan"": 0.01925286, ""melalui"": 0.01441611, ""memastikan"": 0.05210053, ""membanggakan"": 0.01623342, ""membantu"": 0.02219491, ""memberikan"": 0.03721467, ""membuahkan"": 0.01623342, ""membukukan"": 0.01245917, ""membutuhkan"": 0.01059416, ""memenuhi"": 0.03250594, ""memiliki"": 0.03566832, ""mempercepat"": 0.01205687, ""memperkuat"": 0.03111269, ""memperluas"": 0.01501186, ""mempermudah"": 0.01623342, ""menariknya"": 0.01501186, ""mencapai"": 0.00887526, ""mencatat"": 0.0113846, ""mencatatkan"": 0.01170202, ""mendapatkan"": 0.00978596, ""mendorong"": 0.01059416, ""mendukung"": 0.03111269, ""menentukan"": 0.01170202, ""menerapkan"": 0.01414515, ""mengatakan"": 0.02162417, ""mengelola"": 0.01347287, ""mengenai"": 0.00978596, ""menggambarkan"": 0.01501186, ""mengganggu"": 0.01292358, ""menghasilkan"": 0.01347287, ""meningkat"": 0.06028437, ""meningkatkan"": 0.02744801, ""menjadi"": 0.03406949, ""menjaga"": 0.0874704, ""menuju"": 0.02118833, ""menurunkan"": 0.03002371, ""menurut"": 0.00828262, ""menurutnya"": 0.01701178, ""menyalurkan"": 0.02584717, ""menyederhanakan"": 0.01623342, ""menyediakan"": 0.01414515, ""menyeluruh"": 0.01347287, ""menyiapkan"": 0.01016304, ""menyukai"": 0.00301274, ""meredam"": 0.01623342, ""merespons"": 0.01347287, ""merupakan"": 0.01357398, ""modernisasi"": 0.01623342, ""mpr"": 0.01623342, ""mudah"": 0.05417656, ""mulai"": 0.0131933, ""nasional"": 0.05723832, ""negara"": 0.00828262, ""negeri"": 0.02074179, ""nilai"": 0.0113846, ""nomor"": 0.01016304, ""non"": 0.02829029, ""operasional"": 0.01775052, ""operational"": 0.01623342, ""optimal"": 0.01245917, ""optimalisasi"": 0.01245917, ""optimistis"": 0.0113846, ""pabrik"": 0.06004743, ""panen"": 0.08487088, ""pangan"": 0.20128913, ""panjang"": 0.0099686, ""pasar"": 0.0103709, ""pasokan"": 0.08191417, ""peluang"": 0.00929633, ""pemerintah"": 0.05153812, ""pendapatan"": 0.02167063, ""penebusan"": 0.01623342, ""penerapan"": 0.01414515, ""penguatan"": 0.01170202, ""peningkatan"": 0.03111269, ""penting"": 0.06036838, ""penurunan"": 0.0113846, ""penyaluran"": 0.02411375, ""per"": 0.00945086, ""peran"": 0.05658058, ""perannya"": 0.01623342, ""peraturan"": 0.01292358, ""peremajaan"": 0.01501186, ""periode"": 0.01016304, ""perjalanan"": 0.03178249, ""perlu"": 0.00945086, ""persero"": 0.01347287, ""persoalan"": 0.01292358, ""pertama"": 0.01384182, ""pertanian"": 0.07475501, ""pertumbuhan"": 0.02118833, ""perubahan"": 0.02074179, ""perusahaan"": 0.1821536, ""petani"": 0.2425117, ""pidato"": 0.01623342, ""posisi"": 0.00692091, ""positif"": 0.00929633, ""prabowo"": 0.0299058, ""presiden"": 0.01890172, ""pribadi"": 0.01414515, ""produk"": 0.0113846, ""produksi"": 0.16950664, ""produktif"": 0.03246684, ""produktivitas"": 0.04041862, ""program"": 0.0299058, ""proses"": 0.02744801, ""pubers"": 0.01623342, ""pulau"": 0.01501186, ""pupuk"": 0.73554758, ""putra"": 0.01016304, ""rabu"": 0.01109746, ""rahmad"": 0.06004743, ""rakyat"": 0.03617062, ""rantai"": 0.06004743, ""ratya"": 0.01623342, ""revitalisasi"": 0.03246684, ""ruang"": 0.03048912, ""saing"": 0.01501186, ""salah"": 0.03721467, ""sama"": 0.02453071, ""sampai"": 0.02185299, ""sasaran"": 0.01501186, ""satu"": 0.03782351, ""satunya"": 0.0103709, ""scroll"": 0.0032461, ""sebab"": 0.01109746, ""sebanyak"": 0.00914934, ""sebelumnya"": 0.01344439, ""seberapa"": 0.02694574, ""secara"": 0.01751851, ""sedangkan"": 0.0103709, ""sederhana"": 0.01623342, ""segmen"": 0.01623342, ""sehat"": 0.03877075, ""sehingga"": 0.03805175, ""sejalan"": 0.01414515, ""sejarah"": 0.0113846, ""sekadar"": 0.01205687, ""sekaligus"": 0.03229907, ""sekarang"": 0.00828262, ""sekitar"": 0.00797598, ""selain"": 0.02517657, ""seluruh"": 0.00778762, ""semakin"": 0.0540551, ""semua"": 0.00807477, ""sep"": 0.00435846, ""sepanjang"": 0.0199372, ""september"": 0.00788033, ""serta"": 0.00713366, ""setiap"": 0.00839219, ""sidang"": 0.03002371, ""sisi"": 0.00914934, ""sistem"": 0.01059416, ""skala"": 0.01623342, ""skema"": 0.0113846, ""strategi"": 0.0103709, ""strategis"": 0.02491834, ""struktural"": 0.01501186, ""subianto"": 0.01083531, ""subsidi"": 0.01347287, ""sumber"": 0.02491834, ""swasembada"": 0.03002371, ""tahun"": 0.02896028, ""tahunan"": 0.01414515, ""tambah"": 0.0199372, ""tanaman"": 0.03246684, ""tanpa"": 0.01109746, ""tapi"": 0.0131933, ""tata"": 0.01170202, ""tengah"": 0.01829867, ""tepat"": 0.02118833, ""terdapat"": 0.02340405, ""terhadap"": 0.02118319, ""terjadi"": 0.01557524, ""terjangkau"": 0.09007114, ""terlepas"": 0.01623342, ""terpenuhi"": 0.03002371, ""tersedia"": 0.03510607, ""tetap"": 0.01344439, ""tetapi"": 0.01488587, ""tingkat"": 0.01245917, ""ton"": 0.04983668, ""transformasi"": 0.08083723, ""triliun"": 0.0299058, ""tujuan"": 0.01292358, ""tujuh"": 0.0099686, ""tumbuh"": 0.02340405, ""turun"": 0.01775052, ""turunkan"": 0.01623342, ""turut"": 0.02340405, ""ujar"": 0.00630392, ""ujarnya"": 0.00874704, ""ukuran"": 0.01501186, ""ungkap"": 0.01016304, ""utama"": 0.00713366, ""video"": 0.01087441, ""volatilitas"": 0.01623342, ""volume"": 0.03877075, ""waktu"": 0.00665877, ""wib"": 0.00301274, ""with"": 0.0032461}",2
FN093,"{""adalah"": 0.02732184, ""advertisement"": 0.01547009, ""ahi"": 0.05994169, ""anda"": 0.01340388, ""andi"": 0.05065083, ""ara"": 0.04277221, ""atas"": 0.03548566, ""bagaimana"": 0.04277221, ""bagian"": 0.03891616, ""bahwa"": 0.03173813, ""baik"": 0.03049036, ""batas"": 0.05749788, ""bekerja"": 0.06293268, ""bentuk"": 0.05543166, ""berencana"": 0.06678874, ""berikutnya"": 0.0420475, ""cara"": 0.04713413, ""content"": 0.01444212, ""continue"": 0.01444212, ""demi"": 0.10728364, ""depan"": 0.06551328, ""detikfinance"": 0.02261174, ""diakumulasi"": 0.07222354, ""dikutip"": 0.05065083, ""dirinya"": 0.04937331, ""disimpan"": 0.01340388, ""ditetapkan"": 0.12586536, ""dolar"": 0.06293268, ""dua"": 0.03109973, ""dunia"": 0.03548566, ""gagasan"": 0.06678874, ""gambas"": 0.03548566, ""hal"": 0.05659419, ""hanya"": 0.02732184, ""harus"": 0.02641275, ""hidayat"": 0.05543166, ""ingin"": 0.15566462, ""jabatan"": 0.14444708, ""jakarta"": 0.01566578, ""jawab"": 0.06678874, ""jika"": 0.04135997, ""justru"": 0.04277221, ""juta"": 0.2102375, ""kabinet"": 0.07222354, ""kali"": 0.03464764, ""kata"": 0.02685959, ""katanya"": 0.0461408, ""kembali"": 0.03240847, ""kemudian"": 0.03275664, ""kenaikan"": 0.2217548, ""kenali"": 0.07222354, ""kepentingan"": 0.11499575, ""keputusan"": 0.09874661, ""kerangka"": 0.14444708, ""kerja"": 0.04353836, ""kinerja"": 0.05749788, ""kita"": 0.02934892, ""komitmen"": 0.10728364, ""kondisi"": 0.0331141, ""kurs"": 0.05994169, ""lainnya"": 0.0420475, ""lakukan"": 0.04277221, ""langkah"": 0.03836898, ""lima"": 0.07897324, ""lipat"": 0.05994169, ""lokal"": 0.05206307, ""mata"": 0.05364182, ""membayar"": 0.05994169, ""membuat"": 0.03385895, ""mempertimbangkan"": 0.05543166, ""menaikkan"": 0.06678874, ""menangani"": 0.05994169, ""mendapatkan"": 0.04353836, ""mendorong"": 0.04713413, ""mendukung"": 0.0461408, ""menerima"": 0.05364182, ""mengaku"": 0.04521603, ""mengambil"": 0.04521603, ""mengapa"": 0.06678874, ""mengatakan"": 0.06413822, ""mengevaluasi"": 0.07222354, ""mengikuti"": 0.09874661, ""menimbulkan"": 0.06293268, ""menjadi"": 0.06496174, ""menjelaskan"": 0.05206307, ""menteri"": 0.16740676, ""menurutnya"": 0.03784327, ""menyukai"": 0.01340388, ""merupakan"": 0.03019576, ""meski"": 0.03548566, ""meskipun"": 0.05206307, ""miliar"": 0.10412614, ""naik"": 0.03784327, ""namun"": 0.06219947, ""nasional"": 0.03637958, ""negara"": 0.07369988, ""pakai"": 0.05994169, ""pejabat"": 0.06678874, ""pemerintah"": 0.03275664, ""per"": 0.0420475, ""percaya"": 0.09426827, ""perdana"": 0.17982508, ""perkuat"": 0.06293268, ""perubahan"": 0.0461408, ""pilihannya"": 0.07222354, ""posisinya"": 0.05994169, ""pribadi"": 0.06293268, ""publik"": 0.04937331, ""rabu"": 0.09874661, ""revisi"": 0.07222354, ""scroll"": 0.01444212, ""sebelumnya"": 0.02990749, ""secara"": 0.02598033, ""sekitar"": 0.14194262, ""selama"": 0.06551328, ""seluruh"": 0.03464764, ""semua"": 0.03592517, ""sep"": 0.01939106, ""sesuai"": 0.03836898, ""setelah"": 0.02804655, ""simak"": 0.04353836, ""singapura"": 0.56639413, ""sistem"": 0.04713413, ""tahun"": 0.10307696, ""tahunan"": 0.06293268, ""tanpa"": 0.04937331, ""tentang"": 0.0461408, ""terhadap"": 0.03141513, ""termasuk"": 0.06929528, ""terus"": 0.06551328, ""the"": 0.05065083, ""tingkat"": 0.05543166, ""transaksi"": 0.06678874, ""tujuan"": 0.17249363, ""uang"": 0.05364182, ""umum"": 0.05065083, ""umumnya"": 0.07222354, ""usulan"": 0.05543166, ""utama"": 0.03173813, ""video"": 0.04838098, ""waktu"": 0.0296253, ""wib"": 0.01340388, ""with"": 0.01444212}",2
FN094,"{""advertisement"": 0.01175372, ""agar"": 0.02729488, ""akibatnya"": 0.05074411, ""alias"": 0.04075547, ""anda"": 0.01018387, ""area"": 0.04368519, ""awal"": 0.02543814, ""bagian"": 0.02956735, ""bahkan"": 0.0279975, ""bahwa"": 0.0241137, ""balik"": 0.04211534, ""bantu"": 0.05074411, ""banyak"": 0.02515911, ""baru"": 0.04873033, ""basis"": 0.05487331, ""batas"": 0.04368519, ""beberapa"": 0.02729488, ""belum"": 0.02663763, ""benar"": 0.06615831, ""berbeda"": 0.03662627, ""berbentuk"": 0.05487331, ""berencana"": 0.05074411, ""berharap"": 0.03955598, ""berhasil"": 0.05528026, ""berkat"": 0.04368519, ""bermodalkan"": 0.05074411, ""berselang"": 0.05074411, ""bertujuan"": 0.05074411, ""besar"": 0.04116242, ""bisnis"": 0.10516925, ""break"": 0.05074411, ""budidaya"": 0.05487331, ""bukanlah"": 0.05074411, ""bulan"": 0.10743337, ""cabang"": 0.04781439, ""china"": 0.11866795, ""commerce"": 0.05074411, ""content"": 0.01097269, ""continue"": 0.01097269, ""cuan"": 0.22770964, ""cuma"": 0.02572503, ""dampak"": 0.0343538, ""detikfinance"": 0.01717973, ""dibandingkan"": 0.03307916, ""dikenal"": 0.05074411, ""dirancang"": 0.04554193, ""dirinya"": 0.03751238, ""disimpan"": 0.01018387, ""dua"": 0.04725732, ""efektif"": 0.04781439, ""fdl"": 0.03581112, ""gagal"": 0.03369655, ""gambas"": 0.02696095, ""geordi"": 0.04075547, ""gerai"": 0.10974663, ""gerainya"": 0.05487331, ""hal"": 0.04299859, ""hanya"": 0.02075832, ""harus"": 0.02006763, ""ide"": 0.05074411, ""ignacio"": 0.04075547, ""igo"": 0.04211534, ""industri"": 0.03505642, ""itulah"": 0.04075547, ""jakarta"": 0.01190239, ""jam"": 0.03662627, ""jaringan"": 0.04554193, ""jasa"": 0.26211113, ""jenis"": 0.04211534, ""juta"": 0.1277858, ""kali"": 0.02632425, ""kami"": 0.08448829, ""kecil"": 0.03848301, ""kedua"": 0.02339454, ""keduanya"": 0.03848301, ""kembali"": 0.024623, ""kemudian"": 0.02488753, ""kenangan"": 0.05487331, ""kesuksesan"": 0.05074411, ""kesulitan"": 0.03369655, ""keuntungan"": 0.04554193, ""kini"": 0.02956735, ""konten"": 0.04781439, ""kota"": 0.07696601, ""kotor"": 0.05487331, ""kualitas"": 0.04211534, ""kurang"": 0.03848301, ""kurs"": 0.04554193, ""lalu"": 0.04924599, ""layanan"": 0.18313134, ""lihat"": 0.05458976, ""lintas"": 0.03662627, ""luar"": 0.0343538, ""luas"": 0.04368519, ""lulus"": 0.05487331, ""mandiri"": 0.05487331, ""manis"": 0.05074411, ""masa"": 0.03249706, ""maupun"": 0.03249706, ""media"": 0.04075547, ""mei"": 0.05074411, ""melakukan"": 0.04338656, ""melansir"": 0.05487331, ""melayani"": 0.04554193, ""melihat"": 0.05673572, ""membangun"": 0.03581112, ""membantu"": 0.03751238, ""membayar"": 0.04554193, ""memberikan"": 0.05031823, ""membuka"": 0.15822394, ""memiliki"": 0.0241137, ""menampilkan"": 0.05487331, ""mencakup"": 0.03955598, ""mencapai"": 0.03000077, ""mencetak"": 0.10974663, ""mencoba"": 0.03307916, ""mendirikan"": 0.05074411, ""menemukan"": 0.04368519, ""mengalami"": 0.02915162, ""mengatakan"": 0.02436516, ""mengembangkan"": 0.04781439, ""menggunakan"": 0.0343538, ""meningkatkan"": 0.03092721, ""menjadi"": 0.016452, ""menjajaki"": 0.05487331, ""menyukai"": 0.01018387, ""meraih"": 0.03249706, ""meraup"": 0.04781439, ""merek"": 0.05074411, ""meskipun"": 0.03955598, ""mirip"": 0.05487331, ""modal"": 0.04075547, ""mulai"": 0.02229844, ""namun"": 0.04725732, ""negeri"": 0.03505642, ""orang"": 0.09136038, ""oswaldo"": 0.04075547, ""pasalnya"": 0.04368519, ""pekerjaan"": 0.05074411, ""pelanggan"": 0.27325157, ""pendapatan"": 0.03662627, ""pendek"": 0.04781439, ""pengusaha"": 0.04211534, ""penonton"": 0.05487331, ""per"": 0.0638929, ""pertama"": 0.02339454, ""perusahaan"": 0.03848301, ""point"": 0.05487331, ""pria"": 0.21949326, ""profesi"": 0.05487331, ""punggung"": 0.43898651, ""rabu"": 0.07502476, ""ratusan"": 0.04554193, ""rupiah"": 0.04554193, ""sama"": 0.02764013, ""sambungnya"": 0.03955598, ""sampai"": 0.024623, ""sangat"": 0.02488753, ""sangka"": 0.05074411, ""satu"": 0.04261788, ""scroll"": 0.01097269, ""sebelum"": 0.02729488, ""sebesar"": 0.03142409, ""sebuah"": 0.03955598, ""sebulan"": 0.04781439, ""secara"": 0.09869544, ""sedang"": 0.07162225, ""sederhana"": 0.05487331, ""sehingga"": 0.02572503, ""sekitar"": 0.05392191, ""sektor"": 0.03092721, ""selatan"": 0.03307916, ""seluruh"": 0.02632425, ""sempat"": 0.05145006, ""sengaja"": 0.04554193, ""seorang"": 0.08737038, ""sep"": 0.01473275, ""seperti"": 0.01973909, ""sering"": 0.05487331, ""seseorang"": 0.05487331, ""sesuatu"": 0.03955598, ""setelah"": 0.02130894, ""setia"": 0.05487331, ""setiap"": 0.05673572, ""shenzhen"": 0.04554193, ""siapa"": 0.04211534, ""signifikan"": 0.03955598, ""singkat"": 0.05074411, ""sosial"": 0.03955598, ""suasana"": 0.05487331, ""sukses"": 0.04211534, ""tahun"": 0.09789354, ""tempat"": 0.04075547, ""terasa"": 0.04781439, ""tertentu"": 0.04368519, ""tinggi"": 0.03194645, ""tingkat"": 0.04211534, ""titik"": 0.03751238, ""total"": 0.03581112, ""tubuh"": 0.10974663, ""tujuh"": 0.03369655, ""uang"": 0.04075547, ""ujar"": 0.02130894, ""umumnya"": 0.10974663, ""ungkap"": 0.0343538, ""unik"": 0.10974663, ""universitas"": 0.05487331, ""usaha"": 0.09583935, ""usahanya"": 0.05487331, ""usia"": 0.05074411, ""video"": 0.05513766, ""waktu"": 0.02250842, ""wib"": 0.01018387, ""with"": 0.01097269}",2
FN095,"{""advertisement"": 0.00668772, ""agar"": 0.01553045, ""ahi"": 0.02591279, ""anda"": 0.0057945, ""andi"": 0.02189635, ""anggota"": 0.02591279, ""antara"": 0.01658691, ""apa"": 0.01593023, ""ara"": 0.01849042, ""bagi"": 0.01268753, ""banyak"": 0.01431522, ""barang"": 0.08150433, ""barat"": 0.12503933, ""baru"": 0.02772695, ""batal"": 0.03122223, ""berasal"": 0.04501372, ""berbagai"": 0.01593023, ""berkontribusi"": 0.02887276, ""bersama"": 0.01386347, ""bidang"": 0.01994666, ""bisnis"": 0.01994666, ""china"": 0.02250686, ""content"": 0.00624333, ""continue"": 0.00624333, ""cuma"": 0.01463722, ""dagang"": 0.03122223, ""denmark"": 0.03122223, ""detikfinance"": 0.00977505, ""diambil"": 0.02250686, ""diberikan"": 0.0239631, ""digital"": 0.0239631, ""digunakan"": 0.02083989, ""diimpor"": 0.03122223, ""dikutip"": 0.02189635, ""diperkirakan"": 0.02591279, ""disimpan"": 0.0057945, ""diusulkan"": 0.02887276, ""drone"": 0.03122223, ""dua"": 0.01344441, ""ekspor"": 0.09942531, ""empat"": 0.01707006, ""eropa"": 0.02591279, ""finlandia"": 0.03122223, ""gambas"": 0.01534045, ""helikopter"": 0.03122223, ""hidayat"": 0.0239631, ""hukum"": 0.0239631, ""ilegal"": 0.23098212, ""impor"": 0.11253431, ""infrastruktur"": 0.02485633, ""inggris"": 0.48697644, ""israel"": 0.6244446, ""izin"": 0.05182558, ""jakarta"": 0.00677231, ""juta"": 0.01817713, ""kebijakan"": 0.02037608, ""kedaulatan"": 0.02887276, ""kedua"": 0.0133112, ""kemudian"": 0.01416069, ""ketat"": 0.02134408, ""komponen"": 0.04971265, ""komunitas"": 0.02591279, ""kurs"": 0.02591279, ""lain"": 0.02688882, ""lainnya"": 0.03635426, ""lalu"": 0.01401018, ""langkah"": 0.01658691, ""langsung"": 0.01280701, ""logam"": 0.02720579, ""luar"": 0.01954688, ""material"": 0.03122223, ""medis"": 0.02720579, ""mei"": 0.02887276, ""melakukan"": 0.01234321, ""melalui"": 0.01386347, ""melanggar"": 0.03122223, ""memandang"": 0.03122223, ""memastikan"": 0.01431522, ""memasuki"": 0.02189635, ""memicu"": 0.03122223, ""mempertimbangkan"": 0.0239631, ""mencakup"": 0.04501372, ""mencapai"": 0.01707006, ""mendukung"": 0.03989333, ""menegaskan"": 0.01707006, ""mengakui"": 0.01994666, ""mengekspor"": 0.03122223, ""mengeluarkan"": 0.02720579, ""mengenai"": 0.01882163, ""menghentikan"": 0.02720579, ""mengimpor"": 0.02720579, ""mengumumkan"": 0.07773836, ""meningkatnya"": 0.03122223, ""menjadi"": 0.00936099, ""menteri"": 0.01447399, ""menutup"": 0.02134408, ""menyatakan"": 0.02250686, ""menyediakan"": 0.02720579, ""menyukai"": 0.0057945, ""merupakan"": 0.01305362, ""mesin"": 0.02720579, ""meski"": 0.01534045, ""miliar"": 0.02250686, ""mineral"": 0.02720579, ""mitra"": 0.04971265, ""mulia"": 0.02720579, ""namun"": 0.02688882, ""negara"": 0.0637209, ""negeri"": 0.01994666, ""negosiasi"": 0.02887276, ""nilai"": 0.0437927, ""organisasi"": 0.03122223, ""palestina"": 0.15611115, ""paling"": 0.01817713, ""parlemen"": 0.05182558, ""pembersihan"": 0.02887276, ""pembiayaan"": 0.02591279, ""pemerintah"": 0.02832139, ""penerbangan"": 0.01954688, ""penjualan"": 0.05182558, ""penting"": 0.01658691, ""peralatan"": 0.06244446, ""perdagangan"": 0.17399429, ""perjanjian"": 0.03122223, ""perluasan"": 0.11549106, ""pernyataan"": 0.02591279, ""pertahanan"": 0.02887276, ""pertanian"": 0.0239631, ""pesawat"": 0.04501372, ""pidato"": 0.03122223, ""prabowo"": 0.01917292, ""prancis"": 0.02485633, ""produk"": 0.10948175, ""properti"": 0.05774553, ""puluhan"": 0.02591279, ""rabu"": 0.02134408, ""ratusan"": 0.02591279, ""salah"": 0.02863044, ""sanksi"": 0.05774553, ""satu"": 0.03637356, ""scroll"": 0.00624333, ""secara"": 0.01123129, ""sejak"": 0.01431522, ""sejumlah"": 0.01386347, ""sekitar"": 0.03068089, ""selain"": 0.01614096, ""seluruh"": 0.01497817, ""sempat"": 0.01463722, ""semua"": 0.04659134, ""senilai"": 0.02720579, ""senjata"": 0.12488892, ""sep"": 0.00838275, ""sepanjang"": 0.01917292, ""seperti"": 0.03369388, ""serta"": 0.01372039, ""setelah"": 0.01212452, ""simak"": 0.01882163, ""solusi"": 0.02720579, ""spanyol"": 0.01954688, ""sulit"": 0.02037608, ""swedia"": 0.03122223, ""tahun"": 0.02228008, ""tegas"": 0.02037608, ""teknis"": 0.0239631, ""tengah"": 0.0175972, ""tentara"": 0.03122223, ""tepi"": 0.18733338, ""terhadap"": 0.12222684, ""termasuk"": 0.02995634, ""tindakan"": 0.05441158, ""tiru"": 0.02887276, ""total"": 0.04075216, ""triliun"": 0.01917292, ""ungkap"": 0.01954688, ""video"": 0.02091509, ""warga"": 0.04637871, ""wib"": 0.0057945, ""wilayah"": 0.04167978, ""with"": 0.00624333}",2
FN096,"{""abdul"": 0.09418098, ""advertisement"": 0.00545372, ""ahi"": 0.02113144, ""akses"": 0.06080973, ""akuntabel"": 0.05092239, ""aman"": 0.01626616, ""anda"": 0.00472531, ""andi"": 0.0178561, ""antara"": 0.04057902, ""aplikasi"": 0.02113144, ""ara"": 0.01507862, ""arti"": 0.02354525, ""atas"": 0.01250987, ""bagi"": 0.08277174, ""bahwa"": 0.02237749, ""banyak"": 0.01167382, ""barang"": 0.19939615, ""berharap"": 0.03670792, ""berjalan"": 0.01371924, ""berkala"": 0.02026991, ""berkembang"": 0.03782104, ""berkompetisi"": 0.02546119, ""berpartisipasi"": 0.02546119, ""berperan"": 0.02354525, ""bersama"": 0.01130543, ""berusaha"": 0.01835396, ""besar"": 0.04774836, ""besarnya"": 0.02218586, ""buat"": 0.01482314, ""cepat"": 0.01740573, ""cetak"": 0.04709049, ""content"": 0.00509133, ""continue"": 0.00509133, ""dampaknya"": 0.02354525, ""dasar"": 0.02026991, ""daya"": 0.0586245, ""depan"": 0.0115478, ""detikfinance"": 0.00797139, ""digital"": 0.0195415, ""diharapkan"": 0.039083, ""dikelola"": 0.04226287, ""direktur"": 0.01594015, ""disimpan"": 0.00472531, ""diterjemahkan"": 0.02546119, ""dpr"": 0.01371924, ""dua"": 0.01096369, ""efektif"": 0.02218586, ""effect"": 0.02546119, ""efisien"": 0.05092239, ""ekonomi"": 0.05652157, ""ekosistem"": 0.10713659, ""elektronik"": 0.02354525, ""evaluasi"": 0.01891052, ""finansial"": 0.02546119, ""guna"": 0.02026991, ""hal"": 0.02992699, ""hanya"": 0.00963185, ""harus"": 0.01862274, ""hidayat"": 0.0195415, ""hubungan"": 0.02354525, ""implementasi"": 0.02218586, ""indonesia"": 0.0170559, ""informasi"": 0.01392034, ""inklusif"": 0.02546119, ""instrumen"": 0.07063574, ""jakarta"": 0.00552271, ""jaminan"": 0.07638358, ""jasa"": 0.24323891, ""juta"": 0.01482314, ""kami"": 0.00980063, ""kapasitas"": 0.03398914, ""kebijakan"": 0.03323269, ""kecil"": 0.0357122, ""kedua"": 0.01085506, ""kegiatan"": 0.02546119, ""kelancaran"": 0.02113144, ""kelola"": 0.039083, ""kepala"": 0.01661635, ""kepastian"": 0.09770749, ""kepentingan"": 0.02026991, ""kepercayaan"": 0.06339431, ""kerja"": 0.107441, ""keterangan"": 0.01413039, ""ketua"": 0.01699457, ""keuangan"": 0.01413039, ""kewajiban"": 0.0195415, ""khususnya"": 0.03670792, ""kolaborasi"": 0.17748686, ""komisi"": 0.01699457, ""koperasi"": 0.06080973, ""kredibel"": 0.02546119, ""kredit"": 0.02354525, ""kualitas"": 0.039083, ""kuat"": 0.01534871, ""laba"": 0.04709049, ""langkah"": 0.04057902, ""lapangan"": 0.01563518, ""layanan"": 0.13595658, ""lebar"": 0.02218586, ""lembaga"": 0.03670792, ""lingkup"": 0.02546119, ""luas"": 0.06080973, ""mampu"": 0.01266481, ""mandat"": 0.05092239, ""manfaat"": 0.04226287, ""masyarakat"": 0.01235985, ""maupun"": 0.01507862, ""melakukan"": 0.01006567, ""melalui"": 0.07913798, ""memastikan"": 0.01167382, ""membangun"": 0.01661635, ""memberikan"": 0.05836909, ""membuka"": 0.03670792, ""membutuhkan"": 0.03323269, ""memenuhi"": 0.03398914, ""memerlukan"": 0.02354525, ""memiliki"": 0.04475498, ""memperkuat"": 0.08133081, ""memperluas"": 0.04709049, ""mempertemukan"": 0.02546119, ""mencakup"": 0.01835396, ""mencapai"": 0.02784069, ""menciptakan"": 0.01891052, ""mendapatkan"": 0.01534871, ""mendorong"": 0.03323269, ""mendukung"": 0.04879849, ""menengah"": 0.01891052, ""mengatakan"": 0.03391628, ""mengatur"": 0.02026991, ""mengelola"": 0.02113144, ""menghadirkan"": 0.01891052, ""menghasilkan"": 0.02113144, ""meningkatkan"": 0.02870043, ""menjadi"": 0.05343606, ""menteri"": 0.01180329, ""menurutnya"": 0.01334101, ""menyampaikan"": 0.01534871, ""menyukai"": 0.00472531, ""merupakan"": 0.02129001, ""mewujudkannya"": 0.02546119, ""mikro"": 0.02354525, ""misbakhun"": 0.02546119, ""mudah"": 0.01699457, ""multiplier"": 0.02546119, ""naik"": 0.01334101, ""nantinya"": 0.02218586, ""nasional"": 0.07695005, ""nilai"": 0.0535683, ""nomor"": 0.0318803, ""nyata"": 0.02113144, ""pasok"": 0.02546119, ""pelaksanaan"": 0.04226287, ""pelaku"": 0.10713659, ""pelatihan"": 0.02546119, ""peluang"": 0.04374229, ""pemanfaatan"": 0.08452574, ""pemangku"": 0.02218586, ""pemantauan"": 0.02113144, ""pembangunan"": 0.01740573, ""pembiayaan"": 0.02113144, ""pemenuhan"": 0.02218586, ""pemerintah"": 0.27714726, ""penerbitan"": 0.02113144, ""pengadaan"": 0.5768323, ""penggunaan"": 0.0178561, ""penguatan"": 0.05506188, ""penjaminan"": 0.28007314, ""penyempurnaan"": 0.02546119, ""peraturan"": 0.04053982, ""perekonomian"": 0.05221718, ""perjanjian"": 0.02546119, ""perluasan"": 0.02354525, ""persero"": 0.02113144, ""persyaratan"": 0.02546119, ""pertumbuhan"": 0.04984904, ""perusahaan"": 0.0178561, ""pmk"": 0.02546119, ""produk"": 0.0178561, ""program"": 0.01563518, ""proses"": 0.01435021, ""proyek"": 0.02113144, ""pula"": 0.01891052, ""pungkas"": 0.02026991, ""rabu"": 0.03481146, ""rantai"": 0.02354525, ""rasa"": 0.0178561, ""rata"": 0.06797829, ""republik"": 0.02546119, ""risiko"": 0.02113144, ""ruang"": 0.04782045, ""rupiah"": 0.02113144, ""salah"": 0.02334764, ""sama"": 0.07695005, ""sangat"": 0.02309561, ""satu"": 0.01977468, ""scroll"": 0.00509133, ""sebuah"": 0.01835396, ""secara"": 0.04579464, ""sehat"": 0.02026991, ""sehingga"": 0.0119364, ""sejalan"": 0.02218586, ""sekaligus"": 0.03799444, ""selanjutnya"": 0.02026991, ""seluruh"": 0.01221444, ""semakin"": 0.05652157, ""sementara"": 0.01862274, ""sep"": 0.00683599, ""serta"": 0.08950996, ""sesuai"": 0.01352634, ""setiap"": 0.03948802, ""sinergi"": 0.02113144, ""sistem"": 0.01661635, ""skala"": 0.02546119, ""sosialisasi"": 0.02546119, ""strategis"": 0.0586245, ""surat"": 0.04226287, ""tahan"": 0.02546119, ""tahun"": 0.02725354, ""tata"": 0.03670792, ""tentang"": 0.01626616, ""tepat"": 0.01661635, ""terbaik"": 0.01563518, ""terhadap"": 0.03322463, ""terintegrasi"": 0.02113144, ""terkait"": 0.01207338, ""terlibat"": 0.10184478, ""termasuk"": 0.01221444, ""tertulis"": 0.01661635, ""tetapi"": 0.01167382, ""tiga"": 0.01118875, ""transformasi"": 0.02113144, ""triliun"": 0.03127037, ""tujuan"": 0.02026991, ""turut"": 0.01835396, ""ujar"": 0.00988734, ""ujarnya"": 0.02743847, ""umkm"": 0.21495649, ""upaya"": 0.01835396, ""usaha"": 0.13340825, ""utama"": 0.02237749, ""wib"": 0.00472531, ""with"": 0.00509133, ""yaitu"": 0.01699457}",2
FN097,"{""advertisement"": 0.01436069, ""akhir"": 0.03040757, ""alasan"": 0.04117042, ""amerika"": 0.04979501, ""anda"": 0.01244265, ""anjlok"": 0.06704418, ""apa"": 0.03420732, ""asal"": 0.04197345, ""atas"": 0.03294088, ""aturan"": 0.04832948, ""awalnya"": 0.06199912, ""bagi"": 0.02724422, ""bahwa"": 0.0294621, ""bakal"": 0.04197345, ""balik"": 0.05145649, ""banyak"": 0.03073939, ""bbc"": 0.06704418, ""beberapa"": 0.03334887, ""belum"": 0.03254584, ""berbagai"": 0.03420732, ""berharap"": 0.04832948, ""berkelanjutan"": 0.05145649, ""berkomitmen"": 0.05337454, ""bertahap"": 0.05337454, ""besar"": 0.05029222, ""besaran"": 0.05145649, ""biaya"": 0.0458326, ""ceo"": 0.06199912, ""china"": 0.14498843, ""content"": 0.01340643, ""continue"": 0.01340643, ""daripada"": 0.05337454, ""depan"": 0.06081513, ""detikfinance"": 0.02099019, ""dialami"": 0.06704418, ""diambil"": 0.04832948, ""dikatakan"": 0.06704418, ""diketahui"": 0.04832948, ""dilakukan"": 0.03008436, ""dilihat"": 0.06199912, ""disimpan"": 0.01244265, ""dua"": 0.08660844, ""dunia"": 0.03294088, ""fdl"": 0.04375401, ""gambas"": 0.03294088, ""geopolitik"": 0.05841959, ""geordi"": 0.04979501, ""hal"": 0.02626783, ""hambatan"": 0.06704418, ""hari"": 0.02830381, ""hubungan"": 0.12399824, ""ignacio"": 0.04979501, ""igo"": 0.05145649, ""imbas"": 0.09665895, ""industri"": 0.04283191, ""inggris"": 0.14938503, ""jakarta"": 0.01454234, ""jangka"": 0.10291299, ""kalah"": 0.04832948, ""kantor"": 0.0458326, ""karyawan"": 0.24799648, ""kata"": 0.02493341, ""keadilan"": 0.05841959, ""kebijakan"": 0.04375401, ""keputusan"": 0.0458326, ""kerja"": 0.08083219, ""ketat"": 0.0458326, ""ketidakpastian"": 0.06704418, ""keuangan"": 0.03720802, ""kini"": 0.03612536, ""kurang"": 0.04701851, ""kurs"": 0.0556431, ""lagi"": 0.02916226, ""lalu"": 0.03008436, ""land"": 0.40226508, ""laporan"": 0.04701851, ""lihat"": 0.03334887, ""lini"": 0.06704418, ""listrik"": 0.06704418, ""luar"": 0.04197345, ""maret"": 0.05337454, ""masalah"": 0.0894999, ""melakukan"": 0.05300967, ""melalui"": 0.08930803, ""melansir"": 0.06704418, ""memiliki"": 0.0294621, ""mempekerjakan"": 0.06704418, ""menargetkan"": 0.06704418, ""mencapai"": 0.03665492, ""mendatang"": 0.05337454, ""mendukung"": 0.04283191, ""menerima"": 0.04979501, ""mengalami"": 0.07123486, ""mengapa"": 0.06199912, ""menghadapi"": 0.03561743, ""menghentikan"": 0.05841959, ""menguntungkan"": 0.06704418, ""menjadi"": 0.02010105, ""menyasar"": 0.0556431, ""menyatakan"": 0.09665895, ""menyebabkan"": 0.05337454, ""menyukai"": 0.01244265, ""merupakan"": 0.02803033, ""meski"": 0.03294088, ""miliar"": 0.14498843, ""mobil"": 0.24799648, ""mulai"": 0.02724422, ""murah"": 0.06199912, ""namun"": 0.02886948, ""negara"": 0.03420732, ""oktober"": 0.04474995, ""orang"": 0.07441603, ""oswaldo"": 0.04979501, ""otomotif"": 0.1112862, ""pabrik"": 0.12399824, ""panjang"": 0.04117042, ""pasar"": 0.04283191, ""penghematan"": 0.06199912, ""pengurangan"": 0.06199912, ""penjualan"": 0.0556431, ""penuh"": 0.04701851, ""penurunan"": 0.04701851, ""perhatian"": 0.04979501, ""persaingan"": 0.16468169, ""persyaratan"": 0.06704418, ""pertumbuhan"": 0.04375401, ""perubahan"": 0.04283191, ""perusahaan"": 0.32912959, ""presiden"": 0.0780643, ""produksi"": 0.04375401, ""program"": 0.04117042, ""proses"": 0.03778685, ""pusat"": 0.03720802, ""rabu"": 0.0916652, ""rasa"": 0.04701851, ""rencananya"": 0.05841959, ""respons"": 0.06199912, ""saing"": 0.06199912, ""scroll"": 0.01340643, ""sebagian"": 0.05145649, ""sebelumnya"": 0.02776274, ""sebuah"": 0.04832948, ""sebulan"": 0.05841959, ""sedang"": 0.04375401, ""sederet"": 0.06199912, ""sekitar"": 0.03294088, ""selama"": 0.06081513, ""seluruh"": 0.03216296, ""semakin"": 0.03720802, ""sempat"": 0.03143083, ""semua"": 0.03334887, ""sep"": 0.01800047, ""seperti"": 0.0241172, ""serangan"": 0.18599736, ""serikat"": 0.05145649, ""serta"": 0.0294621, ""setelah"": 0.02603525, ""signifikan"": 0.04832948, ""sinyal"": 0.06199912, ""sumber"": 0.05145649, ""tahun"": 0.09568501, ""tahunan"": 0.05841959, ""tambahnya"": 0.06199912, ""tantangan"": 0.04979501, ""teknologi"": 0.04832948, ""tengah"": 0.03778685, ""terhadap"": 0.02916226, ""terkena"": 0.06199912, ""tokopedia"": 0.06704418, ""triliun"": 0.12351127, ""usaha"": 0.03903215, ""utama"": 0.0294621, ""video"": 0.04491144, ""wajib"": 0.05841959, ""waktu"": 0.02750078, ""wib"": 0.01244265, ""with"": 0.01340643}",2
FN098,"{""adapun"": 0.03580976, ""advertisement"": 0.0120063, ""akun"": 0.04884189, ""anda"": 0.01040272, ""asosiasi"": 0.05183457, ""atas"": 0.02754033, ""badan"": 0.06129093, ""bagi"": 0.04555524, ""bergizi"": 0.11210501, ""berisiko"": 0.04884189, ""bersama"": 0.02488876, ""berusia"": 0.04163128, ""bgn"": 0.48841893, ""content"": 0.01120849, ""continue"": 0.01120849, ""detikfinance"": 0.01754892, ""digunakan"": 0.03741334, ""diharapkan"": 0.04302037, ""dihasilkan"": 0.05605251, ""dikutip"": 0.03930998, ""dilarang"": 0.05605251, ""dingin"": 0.05605251, ""diperbolehkan"": 0.05605251, ""disimpan"": 0.01040272, ""ditambah"": 0.04163128, ""dua"": 0.02413642, ""fdl"": 0.03658068, ""formula"": 0.04462396, ""full"": 0.05183457, ""gambas"": 0.02754033, ""gizi"": 0.14652568, ""gratis"": 0.11210501, ""gula"": 0.05605251, ""hanya"": 0.02120441, ""harga"": 0.03110788, ""hari"": 0.02366349, ""heri"": 0.04163128, ""hrp"": 0.04163128, ""ibu"": 0.09768379, ""indonesia"": 0.01877418, ""instagram"": 0.04652059, ""izin"": 0.04652059, ""jakarta"": 0.01215817, ""kandungan"": 0.05605251, ""kebijakan"": 0.03658068, ""kementerian"": 0.03020273, ""kemudian"": 0.02542235, ""kental"": 0.16815752, ""keputusan"": 0.07663699, ""kesehatan"": 0.0383185, ""kesejahteraan"": 0.05183457, ""keterangan"": 0.09332365, ""khusus"": 0.0383185, ""konsumsi"": 0.05605251, ""koordinasi"": 0.04163128, ""lembaga"": 0.04040602, ""lokal"": 0.04040602, ""makan"": 0.10366914, ""manfaat"": 0.13956178, ""manis"": 0.1555037, ""maupun"": 0.0331954, ""mbg"": 0.33631504, ""melalui"": 0.02488876, ""meliputi"": 0.04652059, ""membahas"": 0.04884189, ""memenuhi"": 0.03741334, ""mencakup"": 0.08081203, ""menetapkan"": 0.04302037, ""mengandung"": 0.10366914, ""mengantongi"": 0.05183457, ""menggunakan"": 0.03509204, ""menyukai"": 0.01040272, ""minimal"": 0.10366914, ""minuman"": 0.36284198, ""nasional"": 0.0564682, ""pelaksana"": 0.05605251, ""pemanfaatan"": 0.09304119, ""penanganannya"": 0.05605251, ""penerima"": 0.14652568, ""penggunaan"": 0.07861996, ""peserta"": 0.04884189, ""peternak"": 0.05605251, ""produk"": 0.31447985, ""produksi"": 0.03658068, ""produktivitas"": 0.04652059, ""program"": 0.06884134, ""purnomo"": 0.04163128, ""rabu"": 0.07663699, ""rantai"": 0.05183457, ""rapat"": 0.06221577, ""rasa"": 0.11792995, ""resmi"": 0.06526592, ""sampai"": 0.05030426, ""sarana"": 0.04163128, ""satuan"": 0.05183457, ""scroll"": 0.01120849, ""secara"": 0.02016327, ""segar"": 0.05183457, ""sejumlah"": 0.04977751, ""selasa"": 0.0219613, ""seluruh"": 0.05377989, ""sep"": 0.01504935, ""serta"": 0.07389566, ""simak"": 0.03379001, ""sistem"": 0.03658068, ""tahun"": 0.01999944, ""tangan"": 0.04302037, ""tegas"": 0.03658068, ""tetapi"": 0.02569977, ""tulis"": 0.10366914, ""tutup"": 0.0383185, ""video"": 0.03754836, ""volume"": 0.08924791, ""wajib"": 0.04884189, ""wib"": 0.01040272, ""with"": 0.01120849}",2
FN099,"{""abu"": 0.09396632, ""adapun"": 0.03319434, ""advertisement"": 0.0111294, ""agar"": 0.05169014, ""air"": 0.07287784, ""akibat"": 0.03390896, ""anak"": 0.02883588, ""anda"": 0.00964294, ""anl"": 0.04527466, ""atas"": 0.02552888, ""awal"": 0.02408696, ""bagi"": 0.06334207, ""bagian"": 0.02799683, ""bagus"": 0.02799683, ""bahwa"": 0.02283286, ""bantuan"": 0.4550126, ""bbm"": 0.04527466, ""beban"": 0.05195863, ""begini"": 0.04804876, ""bencana"": 0.06381341, ""berada"": 0.08774078, ""berangsur"": 0.05195863, ""beras"": 0.03643892, ""berharap"": 0.07490981, ""bersama"": 0.09228388, ""berupaya"": 0.04527466, ""bisnis"": 0.03319434, ""caranya"": 0.05195863, ""communication"": 0.05195863, ""content"": 0.01038986, ""continue"": 0.01038986, ""corporate"": 0.03745491, ""darurat"": 0.14414627, ""dasar"": 0.04136478, ""demi"": 0.03859068, ""desa"": 0.18727453, ""detikfinance"": 0.01626721, ""diberikan"": 0.11963495, ""dikelola"": 0.0431229, ""dilakukan"": 0.02331511, ""dimanfaatkan"": 0.03551985, ""dipastikan"": 0.04527466, ""dirasakan"": 0.04527466, ""diserahkan"": 0.05195863, ""disesuaikan"": 0.04136478, ""disimpan"": 0.00964294, ""distribusi"": 0.04136478, ""dukungan"": 0.10404242, ""ega"": 0.03132211, ""empat"": 0.02840723, ""erupsi"": 0.19916604, ""gambas"": 0.02552888, ""guna"": 0.04136478, ""gunung"": 0.15385466, ""hadir"": 0.03859068, ""integrated"": 0.04804876, ""jakarta"": 0.01127018, ""kabupaten"": 0.04136478, ""kami"": 0.12000084, ""kasih"": 0.03643892, ""kebutuhan"": 0.20828462, ""kecamatan"": 0.04527466, ""kehadiran"": 0.0431229, ""kepada"": 0.08525142, ""kepala"": 0.03390896, ""keselamatan"": 0.03390896, ""ketahanan"": 0.03987832, ""keterangan"": 0.02883588, ""ketersediaan"": 0.03745491, ""khususnya"": 0.03745491, ""kilogram"": 0.04527466, ""komitmen"": 0.03859068, ""kondisi"": 0.095291, ""koordinasi"": 0.03859068, ""lain"": 0.02237359, ""langsung"": 0.04262571, ""lihat"": 0.02584507, ""logistik"": 0.07490981, ""lokasi"": 0.03745491, ""manager"": 0.0431229, ""manfaat"": 0.0431229, ""manfaatnya"": 0.04804876, ""masa"": 0.03077093, ""masker"": 0.08624579, ""masyarakat"": 0.22700457, ""medis"": 0.04527466, ""melalui"": 0.04614194, ""melewati"": 0.04136478, ""melindungi"": 0.09609751, ""meliputi"": 0.0431229, ""memastikan"": 0.02382275, ""membantu"": 0.14207941, ""memberikan"": 0.02382275, ""memperkuat"": 0.06638868, ""mendorong"": 0.03390896, ""mendukung"": 0.03319434, ""mengakibatkan"": 0.05195863, ""mengatakan"": 0.02307097, ""meninggalkan"": 0.04136478, ""menjadi"": 0.01557813, ""menjaga"": 0.02799683, ""menjangkau"": 0.05195863, ""menurut"": 0.02651037, ""menyalurkan"": 0.08272956, ""menyukai"": 0.00964294, ""meringankan"": 0.10391727, ""merupakan"": 0.04344651, ""migas"": 0.05195863, ""mineral"": 0.04527466, ""ntt"": 0.04804876, ""nyata"": 0.0431229, ""operasional"": 0.02840723, ""pakai"": 0.0431229, ""pangan"": 0.03390896, ""paparan"": 0.08624579, ""pasca"": 0.05195863, ""pemerintah"": 0.02356559, ""penting"": 0.02760319, ""percepat"": 0.05195863, ""perlu"": 0.03024956, ""persediaan"": 0.05195863, ""pertamina"": 0.15951327, ""perusahaan"": 0.07287784, ""posko"": 0.09609751, ""produksi"": 0.03390896, ""pulih"": 0.05195863, ""pun"": 0.02522273, ""rabu"": 0.0710397, ""relations"": 0.05195863, ""relevan"": 0.05195863, ""respons"": 0.09609751, ""ribuan"": 0.04527466, ""sasaran"": 0.04804876, ""scroll"": 0.01038986, ""secara"": 0.03738123, ""sejumlah"": 0.02307097, ""sekaligus"": 0.02584507, ""sekitar"": 0.07658664, ""sekitarnya"": 0.04804876, ""selama"": 0.07069677, ""selanjutnya"": 0.04136478, ""seluruh"": 0.024926, ""sementara"": 0.0190017, ""sep"": 0.0139502, ""september"": 0.02522273, ""serta"": 0.04566572, ""sesuai"": 0.02760319, ""sisi"": 0.02928447, ""situasi"": 0.03390896, ""sosial"": 0.03745491, ""sumatera"": 0.0431229, ""tambahnya"": 0.04804876, ""tbk"": 0.04804876, ""teknologi"": 0.03745491, ""tempat"": 0.03859068, ""tepat"": 0.03390896, ""terdampak"": 0.09958302, ""terhadap"": 0.04520098, ""terima"": 0.03859068, ""terjadi"": 0.024926, ""terminal"": 0.04804876, ""terpenuhi"": 0.04804876, ""tertulis"": 0.03390896, ""tetap"": 0.02151587, ""tinggal"": 0.03551985, ""transportasi"": 0.03987832, ""ujar"": 0.04035416, ""unit"": 0.04136478, ""usaha"": 0.03024956, ""utara"": 0.03859068, ""video"": 0.03480596, ""vulkanik"": 0.09396632, ""waktu"": 0.02131285, ""warga"": 0.34731613, ""wib"": 0.00964294, ""wibowo"": 0.05195863, ""wilayah"": 0.06936161, ""with"": 0.01038986}",2
FN100,"{""abu"": 0.16774971, ""acuan"": 0.03478392, ""adalah"": 0.0131586, ""advertisement"": 0.00745063, ""agar"": 0.01730209, ""aktivitas"": 0.02507434, ""alif"": 0.0217767, ""aman"": 0.04444418, ""anak"": 0.03860859, ""anda"": 0.0064555, ""antara"": 0.01847907, ""apabila"": 0.02377891, ""ara"": 0.02059973, ""area"": 0.13845912, ""armada"": 0.09092792, ""atas"": 0.01709041, ""awal"": 0.01612511, ""badan"": 0.01901734, ""bagi"": 0.01413487, ""bagian"": 0.13119816, ""bahwa"": 0.03057111, ""ban"": 0.02439419, ""bandara"": 0.11350246, ""baru"": 0.01544496, ""beberapa"": 0.01730209, ""berada"": 0.01468461, ""berbeda"": 0.02321721, ""berdasarkan"": 0.03418083, ""berharga"": 0.03478392, ""berikutnya"": 0.0202507, ""berkoordinasi"": 0.04755782, ""berlaku"": 0.02377891, ""berlanjut"": 0.03030931, ""berpotensi"": 0.08307547, ""bersamaan"": 0.0288688, ""bertahap"": 0.02769182, ""cara"": 0.02270049, ""cek"": 0.03478392, ""content"": 0.00695554, ""continue"": 0.00695554, ""dasar"": 0.02769182, ""demikian"": 0.0217767, ""depan"": 0.01577608, ""detikfinance"": 0.01089015, ""dibatalkan"": 0.0288688, ""diberikan"": 0.05339341, ""dibuka"": 0.02583469, ""dilakukan"": 0.06243358, ""dimulai"": 0.02439419, ""dinyatakan"": 0.03030931, ""dioperasikan"": 0.03216644, ""diperiksa"": 0.03030931, ""diperlukan"": 0.03216644, ""direktur"": 0.0217767, ""diselesaikan"": 0.03216644, ""disimpan"": 0.0064555, ""erupsi"": 0.04444418, ""gambas"": 0.01709041, ""garuda"": 0.27278375, ""gunung"": 0.02059973, ""hal"": 0.0136283, ""halaman"": 0.03216644, ""hanya"": 0.0263172, ""hari"": 0.01468461, ""hasil"": 0.04240461, ""hasilnya"": 0.0266967, ""herdi"": 0.0217767, ""hikam"": 0.0217767, ""imbas"": 0.12537171, ""indonesia"": 0.06990298, ""informasi"": 0.01901734, ""instruksi"": 0.03478392, ""jakarta"": 0.00754487, ""jam"": 0.02321721, ""jamin"": 0.0288688, ""jauh"": 0.02270049, ""jawab"": 0.03216644, ""jika"": 0.01991957, ""kami"": 0.05355671, ""kebutuhan"": 0.03983914, ""kemarin"": 0.04050139, ""kembali"": 0.09365037, ""kemudian"": 0.01577608, ""kepercayaan"": 0.0288688, ""keputusan"": 0.02377891, ""kertajati"": 0.03030931, ""keselamatan"": 0.06810148, ""kesiapan"": 0.05166938, ""ketentuan"": 0.08307547, ""keterangannya"": 0.0266967, ""khusus"": 0.02377891, ""komponen"": 0.13845912, ""kondisi"": 0.06379295, ""krakatau"": 0.04050139, ""lagi"": 0.01512999, ""lain"": 0.02995618, ""lainnya"": 0.0202507, ""landasan"": 0.03030931, ""langkah"": 0.01847907, ""lanjut"": 0.0193043, ""layanan"": 0.02321721, ""lihat"": 0.01730209, ""luar"": 0.0217767, ""makassar"": 0.03478392, ""masing"": 0.08387485, ""maskapai"": 0.07750407, ""masuk"": 0.09371297, ""material"": 0.03478392, ""maupun"": 0.04119945, ""melakukan"": 0.01375126, ""melalui"": 0.03088991, ""melanjutkan"": 0.0288688, ""melayani"": 0.08660641, ""melengkapi"": 0.02377891, ""memahami"": 0.0266967, ""memantau"": 0.02769182, ""memastikan"": 0.06379295, ""memenuhi"": 0.04643442, ""memerlukan"": 0.06433288, ""mencakup"": 0.05014868, ""mencegah"": 0.03216644, ""mendarat"": 0.03478392, ""mendukung"": 0.02222209, ""menempel"": 0.03216644, ""menentukan"": 0.05014868, ""mengalami"": 0.01847907, ""menggunakan"": 0.0217767, ""mengikuti"": 0.02377891, ""menhub"": 0.02439419, ""menjadi"": 0.07300191, ""menjaga"": 0.03748519, ""menjalani"": 0.02136008, ""menjelaskan"": 0.02507434, ""menunjukkan"": 0.01960461, ""menyiapkan"": 0.0217767, ""menyukai"": 0.0064555, ""merah"": 0.02270049, ""mesin"": 0.09092792, ""metode"": 0.03478392, ""minggu"": 0.01612511, ""mulai"": 0.01413487, ""namun"": 0.01497809, ""nyaman"": 0.03030931, ""operasional"": 0.03803468, ""otoritas"": 0.03030931, ""pabrikan"": 0.16018022, ""panduan"": 0.03478392, ""paparan"": 0.0288688, ""parkir"": 0.03478392, ""pecah"": 0.03478392, ""pekerjaan"": 0.03216644, ""pelat"": 0.03478392, ""pemasangan"": 0.03478392, ""pembersihan"": 0.1608322, ""pemeriksaan"": 0.36371167, ""pemulihan"": 0.05339341, ""penanganan"": 0.11608604, ""penanganannya"": 0.03478392, ""pendaratan"": 0.03478392, ""penerbangan"": 0.19599034, ""pengelola"": 0.05339341, ""penting"": 0.03695813, ""penumpang"": 0.10678681, ""penyesuaian"": 0.02769182, ""perawatan"": 0.11547521, ""perhatian"": 0.02583469, ""perjalanan"": 0.02270049, ""perlindungan"": 0.05538365, ""perlu"": 0.0202507, ""permukaan"": 0.03216644, ""persyaratan"": 0.03478392, ""pesawat"": 0.45133816, ""pihak"": 0.02222209, ""prioritas"": 0.0266967, ""proses"": 0.05881382, ""rabu"": 0.04755782, ""ratusan"": 0.0288688, ""refund"": 0.03216644, ""rencana"": 0.02321721, ""saling"": 0.03216644, ""saluran"": 0.10435176, ""scroll"": 0.00695554, ""sebaran"": 0.02377891, ""sebelum"": 0.05190627, ""secara"": 0.01251251, ""sejak"": 0.03189648, ""sekaligus"": 0.01730209, ""selalu"": 0.02270049, ""selasa"": 0.0136283, ""selesai"": 0.02507434, ""seluruh"": 0.03337363, ""semua"": 0.01730209, ""sep"": 0.00933902, ""seperti"": 0.01251251, ""serta"": 0.06114221, ""sesuai"": 0.12935347, ""setelah"": 0.04052289, ""setiap"": 0.08991122, ""sistem"": 0.04540099, ""status"": 0.02583469, ""tahap"": 0.02769182, ""tambahan"": 0.02222209, ""teknis"": 0.08009011, ""tempat"": 0.02583469, ""terbang"": 0.09092792, ""terbuka"": 0.02321721, ""terdampak"": 0.11111044, ""terkait"": 0.0164941, ""terlihat"": 0.02769182, ""terus"": 0.01577608, ""tetapi"": 0.01594824, ""tiket"": 0.02583469, ""tindakan"": 0.09092792, ""turut"": 0.05014868, ""tutup"": 0.02377891, ""udara"": 0.06666627, ""ujar"": 0.01350763, ""upaya"": 0.02507434, ""utama"": 0.01528555, ""verifikasi"": 0.03478392, ""video"": 0.02330099, ""vulkanik"": 0.12581228, ""waktu"": 0.01426798, ""wib"": 0.0064555, ""with"": 0.00695554, ""yaitu"": 0.02321721}",2
